data,hora,natureza_acidente,situacao,bairro,endereco,numero,detalhe_endereco_acidente,complemento,endereco_cruzamento,numero_cruzamento,referencia_cruzamento,bairro_cruzamento,num_semaforo,sentido_via,tipo,descricao,auto,moto,ciclom,ciclista,pedestre,onibus,caminhao,viatura,outros,vitimas,vitimasfatais,acidente_verificado,tempo_clima,situacao_semaforo,sinalizacao,condicao_via,conservacao_via,ponto_controle,situacao_placa,velocidade_max_via,mao_direcao,divisao_via1,divisao_via2,divisao_via3,,,,,,
2019-01-15,16:50:00,SEM VÍTIMA,FINALIZADA,CASA AMARELA,AV NORTE,5407,,O CHALÉ BAR E PETISCARIA,AV NORTE,5407,O CHALÉ BAR E PETISCARIA,CASA AMARELA,,CIDADE,COLISÃO TRASEIRA,ENTRE TRES AUTOS S/V,3,,,,,,,,,0,,Longo da via,Bom,Não existe,Perfeito estado,Seca,Perfeito estado,Não existe,Outras,,Dupla,Canteiro central,,,,,,,,
2019-01-15,16:57:00,SEM VÍTIMA,FINALIZADA,BOA VIAGEM,AV DOM JOAO VI,,,EM FRENTE AO POSTE B012536,AV DOM JOAO VI,,EM FRENTE AO POSTE B012536,BOA VIAGEM,,SUBURBIO,CHOQUE OBJETO FIXO,,1,,,,,,,,,0,,Longo da via,Bom,Não existe,Perfeito estado,Seca,Perfeito estado,Não existe,Não há placas,,Única,Faixa seccionada,,,,,,,,
2019-01-15,17:06:00,SEM VÍTIMA,FINALIZADA,IPUTINGA,RUA SAO MATEUS,223,,PROX A PADARIA MASSA PURA DELICATESSEN,RUA SAO MATEUS,223,PROX A PADARIA MASSA PURA DELICATESSEN,IPUTINGA,,CIDADE,ABALROAMENTO LONGITUDINAL,COLISAO ENTRE DOIS AUTOS S/V,2,,,,,,,,,0,,Longo da via,Bom,Não existe,Perfeito estado,Seca,Perfeito estado,Agente,,40 km/h,,Não existe,,,,,,,,
2019-01-15,18:51:00,SEM VÍTIMA,FINALIZADA,ENCRUZILHADA,RUA FERNANDO CESAR,255,RUA AMARO COUTINHO,,RUA FERNANDO CESAR,255,,ENCRUZILHADA,,SUBURBIO,ABALROAMENTO TRANSVERSAL,COLISÃO S/V,2,,,,,,,,,0,,Longo da via,Bom,Não existe,Incompleta,Seca,Perfeito estado,Não existe,Placas Pare,30 km/h,Única,Não existe,,,,,,,,
2019-01-15,22:43:00,SEM VÍTIMA,FINALIZADA,TEJIPIÓ,AV PADRE IBIAPINA,,,CONDOMINIO MONTE VILLE,AV PADRE IBIAPINA,,CONDOMINIO MONTE VILLE,TEJIPIÓ,,CIDADE,COLISÃO FRONTAL,COLISÃO S/V,2,,,,,,,,,0,,Longo da via,Bom,Não existe,Não existente,Seca,Mal iluminada,,Não há placas,40 km/h,Dupla,Não existe,,,,,,,,
2019-01-16,07:16:00,SEM VÍTIMA,FINALIZADA,ENCRUZILHADA,AV JOAO DE BARROS,1890,,LADO OPOSTO AO BRADESCO,AV JOAO DE BARROS,1890,LADO OPOSTO AO BRADESCO,ENCRUZILHADA,43,SUBURBIO,COLISÃO TRASEIRA,DOIS AUTOS S/V,2,,,,,,,,,0,,Longo da via,Bom,Sem defeito,Perfeito estado,Seca,Perfeito estado,Agente,Não há placas,40 km/h,Única,Não existe,,,,,,,,
2019-01-16,08:18:00,SEM VÍTIMA,FINALIZADA,AREIAS,,,RUA DOS PRAZERES,PRÓX AO IGNEZ ANDREAZZA,,,PRÓX AO IGNEZ ANDREAZZA,AREIAS,,SUBURBIO,ABALROAMENTO LONGITUDINAL,AUTO X CAMINHÃO S/V.,1,,,,,,1,,,0,,Longo da via,Bom,Não existe,Incompleta,Seca,Mal conservada,Não existe,Não há placas,,Dupla,Não existe,,,,,,,,
2019-01-16,08:25:00,SEM VÍTIMA,FINALIZADA,TORRE,RUA VITORIANO PALHARES,194,,E/F AO EDF. ITAMARACÁ COLONIAL,RUA VITORIANO PALHARES,194,E/F AO EDF. ITAMARACÁ COLONIAL,TORRE,,,CHOQUE VEÍCULO PARADO,SEM VÍTIMAS,2,,,,,,,,,0,,Longo da via,Bom,Não existe,Não existente,Seca,Perfeito estado,Não existe,Não há placas,,Dupla,Não existe,,,,,,,,
2019-01-16,08:58:00,COM VÍTIMA,FINALIZADA,ROSARINHO,AV NORTE,3388,RUA TREZE DE JUNHO,LADO OPOSTO AO POSTO BR,AV NORTE,3388,LADO OPOSTO AO POSTO BR,ROSARINHO,453,CIDADE,ABALROAMENTO LONGITUDINAL,COM UMA VITIMA AGUARDANDO SOCORRO,1,1,,,,,,,,1,,Longo da via,Bom,Sem defeito,Perfeito estado,Seca,Perfeito estado,Faixa de pedestre,Outras,,Dupla,Canteiro central,,,,,,,,
2019-01-16,09:07:00,SEM VÍTIMA,FINALIZADA,TORRE,RUA JOSE BONIFACIO,,,AO LADO DO CARREFOUR,RUA JOSE BONIFACIO,,AO LADO DO CARREFOUR,TORRE,,SUBURBIO,ABALROAMENTO LONGITUDINAL,SEM VÍTIMAS.,1,,,,,,1,,,0,,Longo da via,Bom,Sem defeito,Perfeito estado,Seca,,Agente,R-5a,60 km/h,Dupla,Canteiro central,,,,,,,,
2019-01-16,09:54:00,SEM VÍTIMA,FINALIZADA,TORRE,RUA DOM MANOEL DA COSTA,,,ESCOLA PAROQUIAL CRISTO REI,RUA DOM MANOEL DA COSTA,,ESCOLA PAROQUIAL CRISTO REI,TORRE,,CIDADE,ABALROAMENTO TRANSVERSAL,SEM VÍTIMAS,1,,,,,,1,,,0,,Longo da via,Bom,Não existe,Perfeito estado,Seca,Perfeito estado,Outros,Outras,,Única,Faixa seccionada,,,,,,,,
2019-01-16,11:18:00,SEM VÍTIMA,FINALIZADA,PARNAMIRIM,RUA TITO ROSAS,,,AO LADO DO BREMEN,RUA TITO ROSAS,,AO LADO DO BREMEN,PARNAMIRIM,,SUBURBIO,COLISÃO TRASEIRA,SEM VÍTIMAS,2,,,,,,,,,0,,Longo da via,Bom,Não existe,Perfeito estado,Seca,Perfeito estado,Não existe,R-6a,,Única,Faixa seccionada,,,,,,,,
2019-01-16,11:46:00,SEM VÍTIMA,FINALIZADA,BOA VIAGEM,AV BOA VIAGEM,3672,,EM FRENTE AO EDF PENÍNSULA IBÉRICA,AV BOA VIAGEM,3672,EM FRENTE AO EDF PENÍNSULA IBÉRICA,BOA VIAGEM,,CIDADE,COLISÃO TRASEIRA,SEM VITIMAS,2,,,,,,,,,0,,Longo da via,Bom,Sem defeito,Perfeito estado,Seca,Perfeito estado,Não existe,Não há placas,60 km/h,Única,Faixa seccionada,,,,,,,,
2019-01-16,12:11:00,SEM VÍTIMA,FINALIZADA,BOA VIAGEM,RUA ERNESTO DE PAULA SANTOS,275,,,RUA ERNESTO DE PAULA SANTOS,275,,BOA VIAGEM,,CIDADE,ABALROAMENTO LONGITUDINAL,COLISAO ENTRE ONIBUS E AUTO S/V,1,,,,,1,,,,0,,Longo da via,Bom,Sem defeito,Perfeito estado,Seca,Perfeito estado,Faixa de pedestre,Outras,,Única,Faixa contínua,Faixa seccionada,,,,,,,
2019-01-16,14:05:00,SEM VÍTIMA,FINALIZADA,BOA VIAGEM,AV BOA VIAGEM,2454,,,AV BOA VIAGEM,2454,,BOA VIAGEM,,CIDADE,ABALROAMENTO LONGITUDINAL,COLISAO ENTRE CAMINHAO DO LIXO E AUTO S/V,1,,,,,,1,,,0,,Longo da via,Bom,Sem defeito,Perfeito estado,Seca,Perfeito estado,,,,Única,Faixa seccionada,,,,,,,,
2019-01-16,14:49:00,SEM VÍTIMA,FINALIZADA,BOMBA DO HEMETÉRIO,RUA BOMBA DO HEMETERIO,,,EM FRENTE A PARADA DE ÔNIBUS N 120016,RUA BOMBA DO HEMETERIO,,EM FRENTE A PARADA DE ÔNIBUS N 120016,BOMBA DO HEMETÉRIO,,CIDADE,ABALROAMENTO LONGITUDINAL,COLISAO ENTRE MICRO ONIBUS COMPLEMENTAR E AUTO S/V,1,,,,,1,,,,0,,Longo da via,Bom,Não existe,Perfeito estado,Seca,Perfeito estado,Não existe,R-6c,,Dupla,Faixa seccionada,,,,,,,,
2019-01-16,14:59:00,SEM VÍTIMA,FINALIZADA,PINA,AV CONSUL JOSEPH NOUJAIM,146,,PROX AO RIOMAR RUA QUE DA ACESSO A RIOMAR EDF VILA CAPIBARIBE,AV CONSUL JOSEPH NOUJAIM,146,PROX AO RIOMAR RUA QUE DA ACESSO A RIOMAR EDF VILA CAPIBARIBE,PINA,,,COLISÃO,COLISAO ENTRE ONIBUS E AUTOS S/V,1,,,,,,1,,,0,,,,,,,,,,,,,,,,,,,,
2019-01-16,15:43:00,COM VÍTIMA,FINALIZADA,CASA AMARELA,RUA PADRE LEMOS,767,AV NORTE,AO LADO DO POSTO BR.,RUA PADRE LEMOS,767,AO LADO DO POSTO BR.,CASA AMARELA,,SUBURBIO,COLISÃO FRONTAL,COLISAO ENTRE AUTO E MOTO COM UMA VITIMA,1,1,,,,,,,,1,,Longo da via,Bom,Não existe,Perfeito estado,Seca,Perfeito estado,Outros,R-6a,,Dupla,Faixa seccionada,,,,,,,,
2019-01-16,16:11:00,SEM VÍTIMA,FINALIZADA,BOA VIAGEM,RUA DES JOAO PAES,655,,EDF VILAS BOAS,RUA DES JOAO PAES,655,EDF VILAS BOAS,BOA VIAGEM,,SUBURBIO,ABALROAMENTO LONGITUDINAL,DOIS AUTOS S/V,2,,,,,,,,,0,,Longo da via,Bom,Não existe,Perfeito estado,Seca,Perfeito estado,Faixa de pedestre,R-6a,,Única,Faixa seccionada,,,,,,,,
2019-01-16,16:15:00,SEM VÍTIMA,FINALIZADA,IPSEP,AV RECIFE,2273 B,,LADO OPOSTO A PIZZARIA ATLÂNTICA,AV RECIFE,2273 B,LADO OPOSTO A PIZZARIA ATLÂNTICA,IPSEP,,,COLISÃO TRASEIRA,COLISÃO SEM VÍTIMA,2,,,,,,,,,0,,Longo da via,Bom,Não existe,Perfeito estado,Seca,Perfeito estado,Outros,Outras,60 km/h,Dupla,Canteiro central,,,,,,,,
2019-01-16,17:52:00,SEM VÍTIMA,FINALIZADA,TORREÃO,AV GOVERNADOR AGAMENON MAGALHAES,,,POSTO DISLUB,AV GOVERNADOR AGAMENON MAGALHAES,,POSTO DISLUB,TORREÃO,378,SUBURBIO,ABALROAMENTO LONGITUDINAL,ENTRE 2 AUTOS. S/V,2,,,,,,,,,0,,Longo da via,Bom,Sem defeito,Perfeito estado,Seca,Perfeito estado,Não existe,Outras,60 km/h,Única,Faixa seccionada,,,,,,,,
2019-01-16,19:20:00,SEM VÍTIMA,FINALIZADA,PASSARINHO,EST DE PASSARINHO,,,POSTE Nº A049197,EST DE PASSARINHO,,POSTE Nº A049197,PASSARINHO,,CIDADE,COLISÃO TRASEIRA,COLISÃO S/V,2,,,,,,,,,0,,Longo da via,Bom,Não existe,,Seca,Perfeito estado,Não existe,Não há placas,,Dupla,Não existe,,,,,,,,
2019-01-16,21:04:00,SEM VÍTIMA,FINALIZADA,ARRUDA,AV PROFESSOR JOSE DOS ANJOS,,AV ENGENHEIRO AGAMENON DE MAGALHAES MELO,AO LADO DO POSTE DE ILUMINAÇÃO PÚBLICA Nº B013510,AV PROFESSOR JOSE DOS ANJOS,,AO LADO DO POSTE DE ILUMINAÇÃO PÚBLICA Nº B013510,ARRUDA,,SUBURBIO,COLISÃO TRASEIRA,ENTRE 2 AUTOS. S/V,2,,,,,,,,,0,,Longo da via,Bom,Não existe,Perfeito estado,Seca,Perfeito estado,Não existe,Placas Pare,,Única,Faixa seccionada,,,,,,,,
2019-01-16,22:20:00,COM VÍTIMA,CANCELADA,ESTÂNCIA,AV RECIFE,1040,,E/F AO IGNEZ ANDREAZZA E HN VEÍCULOS / PRÓX AO WALLMART / SNT AEROPORTO,AV RECIFE,1040,E/F AO IGNEZ ANDREAZZA E HN VEÍCULOS / PRÓX AO WALLMART / SNT AEROPORTO,ESTÂNCIA,,,ACID. DE PERCURSO,CONDUTOR PERDEU O CONTROLE DA MOTO, CAUSANDO A QUEDA DO MESMO. C/V,,1,,,,,,,,2,,,,,,,,,,,,,,,,,,,
2019-01-16,22:42:00,SEM VÍTIMA,FINALIZADA,CAMPO GRANDE,RUA LUIZ CORREA,,,EM FRENTE AO Nº 997-C,RUA LUIZ CORREA,,EM FRENTE AO Nº 997-C,CAMPO GRANDE,,CIDADE,ABALROAMENTO LONGITUDINAL,COLISÃO S/V,1,,,,,1,,,,0,,Longo da via,Bom,Não existe,Perfeito estado,Seca,Perfeito estado,,,,Dupla,Não existe,,,,,,,,
2019-01-16,22:53:00,COM VÍTIMA,FINALIZADA,ENCRUZILHADA,RUA INACIO GALVAO DOS SANTOS,290,RUA FERNANDO CESAR,NA RUA DO BANCO DO BRASIL,RUA INACIO GALVAO DOS SANTOS,290,NA RUA DO BANCO DO BRASIL,ENCRUZILHADA,,SUBURBIO,ABALROAMENTO TRANSVERSAL,COLISÃO COM VÍTIMA,1,1,,,,,,,,1,,Cruzamento,Bom,Não existe,Ilegível,Seca,Mal iluminada,Não existe,Placas Pare,30 km/h,,Não existe,,,,,,,,
2019-01-16,23:01:00,SEM VÍTIMA,FINALIZADA,IMBIRIBEIRA,AV MARECHAL MASCARENHAS DE MORAES,,RUA JOAQUIM BANDEIRA,CRUZAMENTO COM A MITSUBISHI,AV MARECHAL MASCARENHAS DE MORAES,,CRUZAMENTO COM A MITSUBISHI,IMBIRIBEIRA,534,CIDADE,ABALROAMENTO LONGITUDINAL,COLISÃO /S/V,,,,,,2,,,,0,,Longo da via,Bom,Sem defeito,Perfeito estado,Seca,Perfeito estado,Faixa de pedestre,Placas Pare,,Dupla,Canteiro central,,,,,,,,
2019-01-17,07:46:00,COM VÍTIMA,FINALIZADA,PAISSANDU,RUA PAISSANDU,550,,,RUA PAISSANDU,550,,PAISSANDU,69,SUBURBIO,ATROPELAMENTO,UMA VITIMA ,VT15 CTTU NO LOCAL,1,,,,1,,,,,1,,Longo da via,Bom,Sem defeito,Perfeito estado,Seca,Perfeito estado,Faixa de pedestre,R-6a,,Dupla,Faixa seccionada,Canteiro central,,,,,,
2019-01-17,08:42:00,COM VÍTIMA,FINALIZADA,CASA FORTE,AV DEZESSETE DE AGOSTO,117,,LADO OPOSTO AO 117,AV DEZESSETE DE AGOSTO,117,LADO OPOSTO AO 117,CASA FORTE,,SUBURBIO,COLISÃO FRONTAL,COM UMA VITIMA,,1,,,,1,,,,1,,Longo da via,Bom,Sem defeito,Perfeito estado,Seca,Perfeito estado,Não existe,,,,,,,,,,,,
2019-01-17,09:10:00,SEM VÍTIMA,FINALIZADA,IMBIRIBEIRA,AV MARECHAL MASCARENHAS DE MORAES,4773,,EM FRENTE AO RESTAURANTE TEMPERO ARRETADO,AV MARECHAL MASCARENHAS DE MORAES,4773,EM FRENTE AO RESTAURANTE TEMPERO ARRETADO,IMBIRIBEIRA,,CIDADE,COLISÃO TRASEIRA,SEM VITIMAS,1,,,,,,1,,,0,,Longo da via,Bom,Não existe,Não existente,Seca,Perfeito estado,Não existe,Não há placas,60 km/h,Dupla,Faixa seccionada,Canteiro central,,,,,,,
2019-01-17,09:13:00,SEM VÍTIMA,FINALIZADA,BAIRRO DO RECIFE,CAIS DO APOLO,,PTE BUARQUE DE MACEDO,,CAIS DO APOLO,,,BAIRRO DO RECIFE,19,SUBURBIO,ABALROAMENTO LONGITUDINAL,ENTRE CAMINHÕES S/V.,,,,,,,2,,,0,,Cruzamento,Bom,Sem defeito,Perfeito estado,Seca,Perfeito estado,Faixa de retenção,Outras,30 km/h,Dupla,Não existe,,,,,,,,
2019-01-17,09:37:00,SEM VÍTIMA,FINALIZADA,BOA VIAGEM,RUA CAPITAO ZUZINHA,170,,EM FRENTE A POUSADA BANDEIRANTE,RUA CAPITAO ZUZINHA,170,EM FRENTE A POUSADA BANDEIRANTE,BOA VIAGEM,,SUBURBIO,ABALROAMENTO LONGITUDINAL,DOIS AUTOS,1,1,,,,,,,,0,,Longo da via,Bom,Não existe,Perfeito estado,Seca,Perfeito estado,Outros,Outras,,,,,,,,,,,
2019-01-17,09:37:00,SEM VÍTIMA,FINALIZADA,PARNAMIRIM,RUA LEONARDO BEZERRA CAVALCANTE,240,,EM FRENTE AO Nº 240,RUA LEONARDO BEZERRA CAVALCANTE,240,EM FRENTE AO Nº 240,PARNAMIRIM,,CIDADE,COLISÃO TRASEIRA,ENTRE AUTOS S/V.,2,,,,,,,,,0,,Longo da via,Bom,Não existe,Perfeito estado,Seca,Perfeito estado,Não existe,Não há placas,,Dupla,Faixa contínua,,,,,,,,
2019-01-17,09:48:00,SEM VÍTIMA,FINALIZADA,ENCRUZILHADA,RUA QUARENTA E OITO,,RUA SAMUEL CAMPELO,NO CRUZAMENTO DAS RUAS,RUA QUARENTA E OITO,,NO CRUZAMENTO DAS RUAS,ENCRUZILHADA,,CIDADE,ABALROAMENTO LONGITUDINAL,SEM VÍTIMAS,2,,,,,,,,,0,,Cruzamento,Bom,Não existe,Incompleta,Seca,Perfeito estado,Não existe,,,Única,Não existe,,,,,,,,
2019-01-17,09:59:00,SEM VÍTIMA,FINALIZADA,PINA,AVENIDA CELSO FURTADO (VIA MANGUE),,,POR TRÁS DO SUPERMERCADO EXTRA,AVENIDA CELSO FURTADO (VIA MANGUE),,POR TRÁS DO SUPERMERCADO EXTRA,PINA,,SUBURBIO,COLISÃO TRASEIRA,SEM VÍTIMAS,2,,,,,,,,,0,,Longo da via,Bom,Não existe,Perfeito estado,Seca,Perfeito estado,Não existe,Placas Pare,60 km/h,Dupla,Canteiro central,,,,,,,,
2019-01-17,10:56:00,SEM VÍTIMA,FINALIZADA,MADALENA,RUA JOSE HIGINO,77,,,RUA JOSE HIGINO,77,,MADALENA,,SUBURBIO,COLISÃO TRASEIRA,AUTO X MOTO S/V,1,1,,,,,,,,0,,Longo da via,Bom,Não existe,Perfeito estado,Seca,Perfeito estado,Não existe,Placas Pare,,Única,Não existe,,,,,,,,
2019-01-17,11:42:00,SEM VÍTIMA,FINALIZADA,IMBIRIBEIRA,AV MARECHAL MASCARENHAS DE MORAES,4631,,EM FRENTE A JUSTIÇA DO TRABALHO,AV MARECHAL MASCARENHAS DE MORAES,4631,EM FRENTE A JUSTIÇA DO TRABALHO,IMBIRIBEIRA,,SUBURBIO,COLISÃO TRASEIRA,AUTOS S/V.,3,,,,,,,,,0,,Longo da via,Bom,Sem defeito,Perfeito estado,Seca,Perfeito estado,Outros,Outras,60 km/h,Dupla,Canteiro central,,,,,,,,
2019-01-17,12:32:00,SEM VÍTIMA,CANCELADA,SANTO AMARO,AV GOVERNADOR AGAMENON MAGALHAES,3621,,E/F AO ANTIGO HOSPITAL DA UNICORDIS S/T BOA VIAGEM,AV GOVERNADOR AGAMENON MAGALHAES,3621,E/F AO ANTIGO HOSPITAL DA UNICORDIS S/T BOA VIAGEM,SANTO AMARO,,,COLISÃO,COLISAO ENTRE DOIS AUTOS S/V,2,,,,,,,,,0,,,,,,,,,,,,,,,,,,,,
2019-01-17,12:49:00,SEM VÍTIMA,FINALIZADA,ENCRUZILHADA,AV BEBERIBE,,RUA DA CORAGEM,EM FRENTE A DROGASIL, ESQUINA COM O POSTO SHELL,AV BEBERIBE,,EM FRENTE A DROGASIL, ESQUINA COM O POSTO SHELL,ENCRUZILHADA,186,SUBURBIO,COLISÃO TRASEIRA,ENTRE TRES AUTOS S/V,3,,,,,,,,,0,,Cruzamento,Bom,Sem defeito,Perfeito estado,Seca,Perfeito estado,,Outras,,Dupla,Faixa contínua,,,,,,
2019-01-17,14:01:00,SEM VÍTIMA,FINALIZADA,CASA FORTE,AV DEZESSETE DE AGOSTO,99,RUA JOAO DA SILVA TELES,AO LADO DO Nº 99,AV DEZESSETE DE AGOSTO,99,AO LADO DO Nº 99,CASA FORTE,,CIDADE,ABALROAMENTO LONGITUDINAL,COLISÃO SEM VITIMAS,1,1,,,,,,,,0,,,Bom,Sem defeito,Perfeito estado,Seca,Perfeito estado,Não existe,R-6a,60 km/h,Dupla,Faixa contínua,Faixa seccionada,,,,,,,
2019-01-17,14:03:00,SEM VÍTIMA,FINALIZADA,BOA VIAGEM,AV ENGENHEIRO DOMINGOS FERREIRA,,,EM FRENTE AO SPETTUS,AV ENGENHEIRO DOMINGOS FERREIRA,,EM FRENTE AO SPETTUS,BOA VIAGEM,,,COLISÃO TRASEIRA,COLISAO ENTRE DOIS AUTOS S/V,2,,,,,,,,,0,,Longo da via,Bom,Sem defeito,Perfeito estado,Seca,Perfeito estado,Não existe,Não há placas,,Única,Faixa seccionada,,,,,,,,
2019-01-17,15:05:00,SEM VÍTIMA,FINALIZADA,IMBIRIBEIRA,AV MARECHAL MASCARENHAS DE MORAES,4930,,,AV MARECHAL MASCARENHAS DE MORAES,4930,,IMBIRIBEIRA,,SUBURBIO,COLISÃO TRASEIRA,AUTO E MOTO S/V,1,1,,,,,,,,0,,Longo da via,Bom,Não existe,Perfeito estado,Seca,Perfeito estado,Não existe,Não há placas,,Dupla,Canteiro central,,,,,,,,
2019-01-17,15:06:00,SEM VÍTIMA,FINALIZADA,SANTO ANTÔNIO,RUA PRINCESA IZABEL,,RUA AURORA,,RUA PRINCESA IZABEL,,,SANTO ANTÔNIO,,SUBURBIO,COLISÃO TRASEIRA,COLISÃO SEM VITIMAS,4,,,,,,,,,0,,Ponte,Bom,Sem defeito,Perfeito estado,Seca,Perfeito estado,Não existe,Não há placas,,Dupla,Faixa contínua,,,,,,,,
2019-01-17,15:14:00,SEM VÍTIMA,FINALIZADA,ARRUDA,AV PROFESSOR JOSE DOS ANJOS,,EST VELHA DE AGUA FRIA,,AV PROFESSOR JOSE DOS ANJOS,,,ARRUDA,306,SUBURBIO,ABALROAMENTO LONGITUDINAL,COLISAO ENTRE DOIS AUTOS S/V,2,,,,,,,,,0,,Cruzamento,Bom,Sem defeito,Perfeito estado,Seca,Perfeito estado,Faixa de pedestre,R-4a,,Dupla,Canteiro central,,,,,,,,
2019-01-17,16:05:00,SEM VÍTIMA,FINALIZADA,BOA VIAGEM,AV CONSELHEIRO AGUIAR,,,EM FRENTE AO SAMPA,AV CONSELHEIRO AGUIAR,,EM FRENTE AO SAMPA,BOA VIAGEM,,SUBURBIO,ABALROAMENTO LONGITUDINAL,ENTRE UM TAXI E CARRO FORTE COM NUMERARIO,2,,,,,,,,,0,,Longo da via,Bom,Não existe,Perfeito estado,Seca,Perfeito estado,Não existe,Não há placas,,Única,Não existe,,,,,,,,
2019-01-17,16:48:00,SEM VÍTIMA,FINALIZADA,VASCO DA GAMA,RUA ROSALIA CISNEIROS,37,,,RUA ROSALIA CISNEIROS,37,,VASCO DA GAMA,,SUBURBIO,CHOQUE VEÍCULO PARADO,ENTRE CAMINHAO E ONIBUS,,,,,,1,1,,,0,,Longo da via,Bom,Não existe,Não existente,Seca,Perfeito estado,Não existe,Não há placas,,Dupla,Não existe,,,,,,,,
2019-01-17,16:58:00,SEM VÍTIMA,FINALIZADA,AFOGADOS,RUA VINTE E UM DE ABRIL,955,,,RUA VINTE E UM DE ABRIL,955,,AFOGADOS,,CIDADE,ABALROAMENTO LONGITUDINAL,COLISAO ENTRE MICRO ONIBUS E AUTO S/V,1,,,,,1,,,,0,,Longo da via,Bom,Não existe,Ilegível,Seca,Perfeito estado,Agente,Não há placas,40 km/h,Dupla,Faixa contínua,,,,,,,,
2019-01-17,18:55:00,SEM VÍTIMA,FINALIZADA,ESPINHEIRO,RUA SANTO ELIAS,274,,,RUA SANTO ELIAS,274,,ESPINHEIRO,,SUBURBIO,ABALROAMENTO TRANSVERSAL,ENTRE TÁXI E AUTO PASSEIO. S/V,2,,,,,,,,,0,,Longo da via,Chuvoso,Não existe,Perfeito estado,Molhada,Perfeito estado,Não existe,Não há placas,,Única,Faixa contínua,,,,,,,,
2019-01-17,19:24:00,COM VÍTIMA,FINALIZADA,IBURA,AV DOIS RIOS,,,PROX. A POLICLINICA DO IBURA. LADEIRA DA COHAB.,AV DOIS RIOS,,PROX. A POLICLINICA DO IBURA. LADEIRA DA COHAB.,IBURA,,SUBURBIO,COLISÃO FRONTAL,COLISÃO COM VITIMA,,1,,,,,1,,,1,,Longo da via,Bom,Não existe,Incompleta,Seca,Perfeito estado,Não existe,Não há placas,,Dupla,Faixa,,,,,,,,
2019-01-17,19:34:00,SEM VÍTIMA,FINALIZADA,CASA FORTE,AV DEZESSETE DE AGOSTO,,EST DAS UBAIAS,,E/F AO PORTO DO CAMARÃO E UBAIAS CENTER, SNT AÇUDE DE APIPUCOS,AV DEZESSETE DE AGOSTO,,E/F AO PORTO DO CAMARÃO E UBAIAS CENTER, SNT AÇUDE DE APIPUCOS,CASA FORTE,469,SUBURBIO,ABALROAMENTO LONGITUDINAL,ENTRE AUTO E CAMINHÃO. S/V,1,,,,,,1,,,0,,Longo da via,Bom,Sem defeito,Perfeito estado,Seca,Perfeito estado,Faixa de retenção,R-6a,,Dupla,Faixa contínua,,,,,
2019-01-17,19:55:00,SEM VÍTIMA,FINALIZADA,PINA,AV HERCULANO BANDEIRA,1001,,ATACADO DA CONSTRUÇÃO,AV HERCULANO BANDEIRA,1001,ATACADO DA CONSTRUÇÃO,PINA,660,,COLISÃO TRASEIRA,COLISÃO S/V,1,,,,,1,,,,0,,Longo da via,Bom,Sem defeito,Perfeito estado,Seca,Perfeito estado,Faixa de pedestre,Outras,,Única,,,,,,,,,
2019-01-17,20:45:00,COM VÍTIMA,CANCELADA,CASA AMARELA,AV NORTE,5015,,E/F AO POSTO BR / AO LADO DO REI DA PICANHA,AV NORTE,5015,E/F AO POSTO BR / AO LADO DO REI DA PICANHA,CASA AMARELA,,CIDADE,COLISÃO,ENTRE 2 MOTOS. C/V,,2,,,,,,,,2,,,,,,,,,,,,,,,,,,,,
2019-01-17,20:55:00,SEM VÍTIMA,FINALIZADA,CASA FORTE,AV DEZESSETE DE AGOSTO,1840,,,AV DEZESSETE DE AGOSTO,1840,,CASA FORTE,410,,ABALROAMENTO LONGITUDINAL,VIATURA 04 NO LOCAL COLISÃO S/V,1,,,,,1,,,,0,,Longo da via,Bom,Sem defeito,Perfeito estado,Seca,Perfeito estado,Faixa de pedestre,,,Dupla,Faixa contínua,,,,,,,,
2019-01-17,21:54:00,SEM VÍTIMA,FINALIZADA,BOA VIAGEM,AV BOA VIAGEM,,RUA ATLANTICO,E/F AO ENTRE AMIGOS PRAIA,AV BOA VIAGEM,,E/F AO ENTRE AMIGOS PRAIA,BOA VIAGEM,121,,COLISÃO TRASEIRA,ENTRE 2 AUTOS. S/V,2,,,,,,,,,0,,Longo da via,Bom,Com defeito,Perfeito estado,Seca,Perfeito estado,Faixa de pedestre,Outras,,Única,Faixa seccionada,,,,,,,,
2019-01-18,00:04:00,SEM VÍTIMA,FINALIZADA,TAMARINEIRA,AV PROFESSOR JOSE DOS ANJOS,,,,AV PROFESSOR JOSE DOS ANJOS,,,TAMARINEIRA,,SUBURBIO,ABALROAMENTO LONGITUDINAL,COLISÃO ENTRE DOIS AUTOS, SEM VÍTIMAS.,2,,,,,,,,,0,,Longo da via,Bom,Não existe,Perfeito estado,Seca,Perfeito estado,Não existe,Não há placas,50 km/h,Única,Faixa seccionada,,,,,,,
2019-01-18,07:25:00,SEM VÍTIMA,FINALIZADA,BOA VIAGEM,AV BOA VIAGEM,3906,,EM FRENTE AP EDF ANA CELINA,AV BOA VIAGEM,3906,EM FRENTE AP EDF ANA CELINA,BOA VIAGEM,,SUBURBIO,ABALROAMENTO LONGITUDINAL,ENTRE AUTOS S/V.,2,,,,,,,,,0,,Longo da via,Bom,Não existe,Perfeito estado,Seca,Perfeito estado,Não existe,Outras,60 km/h,Única,Faixa seccionada,,,,,,,,