data,hora,natureza_acidente,situacao,bairro,endereco,numero,detalhe_endereco_acidente,complemento,endereco_cruzamento,numero_cruzamento,referencia_cruzamento,bairro_cruzamento,num_semaforo,sentido_via,tipo,descricao,auto,moto,ciclom,ciclista,pedestre,onibus,caminhao,viatura,outros,vitimas,vitimasfatais,acidente_verificado,tempo_clima,situacao_semaforo,sinalizacao,condicao_via,conservacao_via,ponto_controle,situacao_placa,velocidade_max_via,mao_direcao,divisao_via1,divisao_via2,divisao_via3,,,,,,
2019-01-22,14:35:00,SEM VÍTIMA,FINALIZADA,SANTO AMARO,RUA DOS PALMARES,,,AO LADO DO RECIFE MERCANTIL E DA GUARDA MUNICIPAL,RUA DOS PALMARES,,AO LADO DO RECIFE MERCANTIL E DA GUARDA MUNICIPAL,SANTO AMARO,,CIDADE,COLISÃO,COLISÃO SEM VÍTIMAS,2,,,,,,,,,0,,,,,,,,,,,,,,,,,,,,
2019-01-22,14:58:00,SEM VÍTIMA,FINALIZADA,DERBY,AV GOVERNADOR AGAMENON MAGALHAES,1114,,EM FRENTE AO TRE,AV GOVERNADOR AGAMENON MAGALHAES,1114,EM FRENTE AO TRE,DERBY,,,COLISÃO TRASEIRA,DOIS AUTOS S/V,2,,,,,,,,,0,,Longo da via,Bom,Sem defeito,Perfeito estado,Seca,Perfeito estado,Não existe,R-6a,60 km/h,Dupla,Faixa seccionada,,,,,,,,
2019-01-22,14:58:00,SEM VÍTIMA,FINALIZADA,BOA VIAGEM,RUA DOS NAVEGANTES,1213,,LADO OPOSTO AO Nº 1213,RUA DOS NAVEGANTES,1213,LADO OPOSTO AO Nº 1213,BOA VIAGEM,160,SUBURBIO,COLISÃO TRASEIRA,,1,,,,,,1,,,0,,Longo da via,Bom,Sem defeito,Perfeito estado,Seca,Perfeito estado,Faixa de pedestre,Outras,,Única,Faixa contínua,,,,,,,,
2019-01-22,15:09:00,SEM VÍTIMA,CANCELADA,AFOGADOS,EST DO BONGI,129,,EM FRENTE A RETIFICA DE ROBERTO,EST DO BONGI,129,EM FRENTE A RETIFICA DE ROBERTO,AFOGADOS,,,COLISÃO,DOIS AUTOS E UMA MOTO S/V,2,1,,,,,,,,0,,,,,,,,,,,,,,,,,,,,
2019-01-22,15:15:00,COM VÍTIMA,FINALIZADA,IPUTINGA,RUA GASPAR PEREZ,465,,EM FRENTE A PAN GOLDEN E AO PREDIO DA OI,RUA GASPAR PEREZ,465,EM FRENTE A PAN GOLDEN E AO PREDIO DA OI,IPUTINGA,,CIDADE,COLISÃO TRASEIRA,COLISÃO COM VÍTIMA,1,1,,,,,,,,1,,Longo da via,Bom,Não existe,Incompleta,Seca,Perfeito estado,Não existe,Não há placas,,Dupla,Não existe,,,,,,,,
2019-01-22,15:18:00,SEM VÍTIMA,FINALIZADA,BOA VIAGEM,RUA DOS NAVEGANTES,2371,,,RUA DOS NAVEGANTES,2371,,BOA VIAGEM,,,COLISÃO TRASEIRA,PAJERO X VT 30,2,,,,,,,,,0,,Longo da via,Bom,Não existe,Perfeito estado,Seca,Perfeito estado,Não existe,Não há placas,,Única,Não existe,,,,,,,,
2019-01-22,16:41:00,SEM VÍTIMA,FINALIZADA,POÇO DA PANELA,RUA OLIVEIRA GOES,,RUA JOAO CAUAS,,RUA OLIVEIRA GOES,,,POÇO DA PANELA,,,ABALROAMENTO LONGITUDINAL,COLISÃO SEM VÍTIMA,2,,,,,,,,,0,,,Bom,Não existe,,Seca,Perfeito estado,,R-6a,,Dupla,,,,,,,,,
2019-01-22,16:46:00,SEM VÍTIMA,FINALIZADA,MADALENA,RUA BENFICA,,,E/F AO BATALHAO DE CHOQUE,RUA BENFICA,,E/F AO BATALHAO DE CHOQUE,MADALENA,,CIDADE,ABALROAMENTO LONGITUDINAL,COLISAO ENTRE DOIS AUTOS S/V,2,,,,,,,,,0,,Longo da via,Bom,Não existe,Perfeito estado,Seca,Perfeito estado,Outros,Outras,,Única,Faixa seccionada,,,,,,,,
2019-01-22,17:01:00,SEM VÍTIMA,FINALIZADA,IBURA,LAD DA COHAB,83,,,LAD DA COHAB,83,,IBURA,,,ABALROAMENTO LONGITUDINAL,ENTRE AUTO E MOTO,1,1,,,,,,,,0,,Longo da via,Chuvoso,Não existe,Incompleta,Seca,Perfeito estado,,Não há placas,,Dupla,Faixa contínua,,,,,,,,
2019-01-22,17:38:00,COM VÍTIMA,FINALIZADA,ENGENHO DO MEIO,RUA ANTONIO CURADO,,,AO LADO DO CLUBE DA SUDENE.,RUA ANTONIO CURADO,,AO LADO DO CLUBE DA SUDENE.,ENGENHO DO MEIO,395,SUBURBIO,ABALROAMENTO TRANSVERSAL,,,1,,,,,1,,,1,,Cruzamento,Chuvoso,Sem defeito,Não existente,Molhada,Perfeito estado,Faixa de pedestre,Não há placas,,Dupla,Não existe,,,,,,,,
2019-01-22,18:08:00,COM VÍTIMA,FINALIZADA,MADALENA,AV ENGENHEIRO ABDIAS DE CARVALHO,,,APOS A HABIBS. LADO OPOSTO A ENGEFRIO.,AV ENGENHEIRO ABDIAS DE CARVALHO,,APOS A HABIBS. LADO OPOSTO A ENGEFRIO.,MADALENA,,SUBURBIO,COLISÃO TRASEIRA,COLISÃO S/V,1,1,,,,,,,,2,,Longo da via,Bom,Sem defeito,Perfeito estado,Seca,Perfeito estado,Não existe,R-6a,,Dupla,Canteiro central,,,,,,,,
2019-01-22,18:24:00,SEM VÍTIMA,FINALIZADA,TORRE,RUA JOSE BONIFACIO,,,EM FRENTE A HONDA,RUA JOSE BONIFACIO,,EM FRENTE A HONDA,TORRE,,SUBURBIO,ABALROAMENTO LONGITUDINAL,,2,,,,,,,,,0,,Longo da via,Bom,Não existe,Perfeito estado,Seca,Perfeito estado,Não existe,Não há placas,,Única,Faixa seccionada,,,,,,,,
2019-01-22,19:05:00,SEM VÍTIMA,FINALIZADA,TAMARINEIRA,RUA JOSE DE VASCONCELOS,130,,,RUA JOSE DE VASCONCELOS,130,,TAMARINEIRA,,SUBURBIO,CHOQUE VEÍCULO PARADO,,2,,,,,,,,,0,,Longo da via,Bom,Não existe,Perfeito estado,Seca,Perfeito estado,Não existe,Não há placas,,Dupla,Faixa seccionada,,,,,,,,
2019-01-22,21:43:00,SEM VÍTIMA,CANCELADA,BOA VIAGEM,RUA PADRE CABRAL,,,AO LADO DO RESTAURANTE MARINHOS,RUA PADRE CABRAL,,AO LADO DO RESTAURANTE MARINHOS,BOA VIAGEM,,,ACID. DE PERCURSO,CAMINHÃO DESLIZOU E CAIU NO CANAL DEVIDO A PISTA MOLHADA,,,,,,,1,,,0,,,,,,,,,,,,,,,,,,,,
2019-01-23,05:46:00,SEM VÍTIMA,CANCELADA,JARDIM SÃO PAULO,AV PIRACICABA,,,PRÓX AO ARMAZÉN PIRACICABA // EM FRENTE A PADARIA PIRACICABA,AV PIRACICABA,,PRÓX AO ARMAZÉN PIRACICABA // EM FRENTE A PADARIA PIRACICABA,JARDIM SÃO PAULO,,,COLISÃO,COLISÃO ENTRE CAMINHÃO E MICRO-ÔNIBUS, SEM VÍTIMAS,,,,,,1,1,,,0,,,,,,,,,,,,,,,,,,,
2019-01-23,07:23:00,SEM VÍTIMA,FINALIZADA,IMBIRIBEIRA,AV MARECHAL MASCARENHAS DE MORAES,4561,,JUSTIÇA DO TRABALHO,AV MARECHAL MASCARENHAS DE MORAES,4561,JUSTIÇA DO TRABALHO,IMBIRIBEIRA,,CIDADE,COLISÃO TRASEIRA,COLISÃO SEM VITIMAS,1,,,,,1,,,,0,,Longo da via,Bom,Não existe,Perfeito estado,Seca,Perfeito estado,Não existe,Não há placas,60 km/h,Dupla,Canteiro central,,,,,,,,
2019-01-23,08:05:00,SEM VÍTIMA,FINALIZADA,BOA VIAGEM,RUA ERNESTO DE PAULA SANTOS,,AV BOA VIAGEM,EM FRENTE AO HOTEL GRAND MERCURE,RUA ERNESTO DE PAULA SANTOS,,EM FRENTE AO HOTEL GRAND MERCURE,BOA VIAGEM,113,SUBURBIO,ABALROAMENTO LONGITUDINAL,SEM VITIMAS,1,,,,,1,,,,0,,Longo da via,Bom,Sem defeito,Perfeito estado,Seca,Perfeito estado,Outros,Outras,60 km/h,Única,Faixa seccionada,,,,,,,,
2019-01-23,08:08:00,SEM VÍTIMA,FINALIZADA,ENCRUZILHADA,AV NORTE,2261,,,AV NORTE,2261,,ENCRUZILHADA,,SUBURBIO,COLISÃO FRONTAL,SEM VITIMAS,2,,,,,,1,,,0,,Longo da via,Bom,Sem defeito,Perfeito estado,Seca,Perfeito estado,Não existe,Outras,,Única,Canteiro central,,,,,,,,
2019-01-23,08:33:00,SEM VÍTIMA,FINALIZADA,VÁRZEA,RUA GASTAO VIDIGAL,,,,RUA GASTAO VIDIGAL,,,VÁRZEA,281,CIDADE,COLISÃO TRASEIRA,SEM VÍTIMAS,2,,,,,,,,,0,,Longo da via,Bom,Sem defeito,Perfeito estado,Seca,Mal conservada,Não existe,Não há placas,,Dupla,Não existe,,,,,,,,
2019-01-23,09:07:00,SEM VÍTIMA,CANCELADA,BOA VIAGEM,RUA JOAO EUGENIO DE LIMA,,RUA PROFESSOR AUGUSTO LINS E SILVA,RUA DA PADARIA ALÉM DO PÃO,RUA JOAO EUGENIO DE LIMA,,RUA DA PADARIA ALÉM DO PÃO,BOA VIAGEM,,,COLISÃO,ENTRE AUTOS S/V.,2,,,,,,,,,0,,,,,,,,,,,,,,,,,,,,
2019-01-23,09:25:00,SEM VÍTIMA,FINALIZADA,PINA,RUA ARQUITETO AUGUSTO REINALDO,193,,AO LADO DO ATACADO DA CONSTRUÇÃO,RUA ARQUITETO AUGUSTO REINALDO,193,AO LADO DO ATACADO DA CONSTRUÇÃO,PINA,,SUBURBIO,ABALROAMENTO LONGITUDINAL,SEM VITIMAS,1,1,,,,1,,,,0,,Longo da via,Bom,Sem defeito,Perfeito estado,Seca,Perfeito estado,Não existe,Não há placas,,Única,Não existe,,,,,,,,
2019-01-23,10:04:00,SEM VÍTIMA,FINALIZADA,BOA VIAGEM,AV FERNANDO SIMOES BARBOSA,406,,,AV FERNANDO SIMOES BARBOSA,406,,BOA VIAGEM,,SUBURBIO,ABALROAMENTO TRANSVERSAL,COLISÃO SEM VITIMAS,1,,,,,,1,,,0,,Longo da via,Bom,Sem defeito,Perfeito estado,Seca,Perfeito estado,Faixa de pedestre,Outras,,Dupla,Canal,,,,,,,,
2019-01-23,08:15:00,SEM VÍTIMA,FINALIZADA,IBURA,AV DOIS RIOS,,RUA RIO XINGU,,AV DOIS RIOS,,,IBURA,351,CIDADE,ABALROAMENTO LONGITUDINAL,COLISÃO SEM VITIMAS,1,,,,,,1,,1,0,,Cruzamento,Bom,Sem defeito,Ilegível,Seca,Mal conservada,Faixa de pedestre,Não há placas,,Dupla,Não existe,,,,,,,,
2019-01-23,10:20:00,SEM VÍTIMA,FINALIZADA,BOA VIAGEM,AV ENGENHEIRO DOMINGOS FERREIRA,3160,,EM FRENTE AO CARREFOUR,AV ENGENHEIRO DOMINGOS FERREIRA,3160,EM FRENTE AO CARREFOUR,BOA VIAGEM,,SUBURBIO,ABALROAMENTO LONGITUDINAL,SEM VITIMAS,1,,,,,1,,,,0,,Longo da via,Bom,Sem defeito,Perfeito estado,Seca,Perfeito estado,Outros,Outras,,Única,Faixa seccionada,,,,,,,,
2019-01-23,10:21:00,SEM VÍTIMA,FINALIZADA,IMBIRIBEIRA,AV MARECHAL MASCARENHAS DE MORAES,,,SENTIDO PRAZERES, E/F AO POSTO SHELL E A LOCALIZA.,AV MARECHAL MASCARENHAS DE MORAES,,SENTIDO PRAZERES, E/F AO POSTO SHELL E A LOCALIZA.,IMBIRIBEIRA,531,SUBURBIO,COLISÃO TRASEIRA,SEM VÍTIMAS.,1,1,,,,,,,,0,,Longo da via,Bom,Sem defeito,Perfeito estado,Seca,Perfeito estado,Outros,Outras,60 km/h,Dupla,Canteiro central,,,,,,
2019-01-23,10:31:00,SEM VÍTIMA,CANCELADA,IMBIRIBEIRA,AV MARECHAL MASCARENHAS DE MORAES,7935,,EM FRENTE AO MARTELINHO DE OURO,AV MARECHAL MASCARENHAS DE MORAES,7935,EM FRENTE AO MARTELINHO DE OURO,IMBIRIBEIRA,,CIDADE,COLISÃO,SEM VITIMAS,1,,,,,,1,,,0,,,,,,,,,,,,,,,,,,,,
2019-01-23,11:46:00,SEM VÍTIMA,FINALIZADA,TORRE,RUA CANTORA CLARA NUNES,13,,EM FRENTE AO 13º BATALHÃO JOÃO NUNES,RUA CANTORA CLARA NUNES,13,EM FRENTE AO 13º BATALHÃO JOÃO NUNES,TORRE,,,ABALROAMENTO TRANSVERSAL,SEM VITIMAS,2,,,,,,,,,0,,Longo da via,Bom,Não existe,Ilegível,Seca,Perfeito estado,Outros,Outras,,Dupla,Não existe,,,,,,,,
2019-01-23,13:00:00,SEM VÍTIMA,FINALIZADA,DERBY,AV GOVERNADOR AGAMENON MAGALHAES,183,,E/F AO ITAU PERSONNALITÉ,AV GOVERNADOR AGAMENON MAGALHAES,183,E/F AO ITAU PERSONNALITÉ,DERBY,,,COLISÃO TRASEIRA,QUATRO VEICULOS SE CHOCARAM NA VIA,4,,,,,,,,,0,,Longo da via,Bom,Não existe,Perfeito estado,Seca,Perfeito estado,,Não há placas,60 km/h,Única,Faixa seccionada,,,,,,,,
2019-01-23,13:15:00,SEM VÍTIMA,FINALIZADA,IMBIRIBEIRA,RUA JOAQUIM BANDEIRA,,RUA DUQUE ESTRADA,,RUA JOAQUIM BANDEIRA,,,IMBIRIBEIRA,,SUBURBIO,CHOQUE VEÍCULO PARADO,COLISÃO SEM VITIMAS,1,,,,,,1,,,0,,,Bom,Não existe,Não existente,Seca,Mal conservada,Não existe,Não há placas,,Dupla,Não existe,,,,,,,,
2019-01-23,13:41:00,COM VÍTIMA,CANCELADA,MADALENA,RUA MENEZES DRUMOND,333,RUA ERNANI BRAGA,POR TRAS DO MERCADO DA MADALENA, EM FRENTE A PRAÇA PROF. CALAZANS,RUA MENEZES DRUMOND,333,POR TRAS DO MERCADO DA MADALENA, EM FRENTE A PRAÇA PROF. CALAZANS,MADALENA,,,COLISÃO,AUTO E MOTO C/V,1,1,,,,,,,,1,,,,,,,,,,,,,,,,,,
2019-01-23,14:12:00,SEM VÍTIMA,FINALIZADA,ESPINHEIRO,RUA AMELIA,114,RUA DR VICENTE MEIRA,E/F AO ESPINHEIRO SHOPPING,RUA AMELIA,114,E/F AO ESPINHEIRO SHOPPING,ESPINHEIRO,,CIDADE,ABALROAMENTO LONGITUDINAL,COLISAO ENTRE DOIS AUTOS S/V,2,,,,,,,,,0,,Esquina,Bom,Não existe,Perfeito estado,Seca,Perfeito estado,Não existe,Outras,,Única,Faixa seccionada,,,,,,,,
2019-01-23,14:51:00,SEM VÍTIMA,FINALIZADA,SANTO AMARO,AV GOVERNADOR AGAMENON MAGALHAES,2805,,,AV GOVERNADOR AGAMENON MAGALHAES,2805,,SANTO AMARO,,SUBURBIO,COLISÃO TRASEIRA,ENTRE TRES AUTOS PASSEIO, S/ V,3,,,,,,,,,0,,Longo da via,Bom,Não existe,Perfeito estado,Seca,Perfeito estado,Não existe,Não há placas,,Dupla,Faixa seccionada,Canteiro central,,,,,,
2019-01-23,15:09:00,SEM VÍTIMA,FINALIZADA,BOA VISTA,RUA JOAO FERNANDES VIEIRA,,,AO LADO DA PRAÇA PARQUE AMORIM,RUA JOAO FERNANDES VIEIRA,,AO LADO DA PRAÇA PARQUE AMORIM,BOA VISTA,,,ABALROAMENTO LONGITUDINAL,COLISAO ENVOLVENDO AUTO E ONIBUS,1,,,,,1,,,,0,,Longo da via,Bom,Não existe,,Seca,Perfeito estado,Não existe,Não há placas,,Única,Não existe,,,,,,,,
2019-01-23,16:04:00,SEM VÍTIMA,FINALIZADA,BOA VIAGEM,AV ENGENHEIRO DOMINGOS FERREIRA,5025,,EM FRENTE A CAIXA ECONÔMICA,AV ENGENHEIRO DOMINGOS FERREIRA,5025,EM FRENTE A CAIXA ECONÔMICA,BOA VIAGEM,,,ABALROAMENTO LONGITUDINAL,COLISÃO SEM VITIMA,2,1,,,,,,,,0,,Longo da via,Bom,Sem defeito,Perfeito estado,Seca,Perfeito estado,Outros,Outras,60 km/h,Única,Faixa contínua,,,,,,,,
2019-01-23,16:05:00,COM VÍTIMA,FINALIZADA,SÃO JOSÉ,RUA SAO JOAO,1186,AV DANTAS BARRETO,EM FRENTE AO EDF. DA SECRETARIA DA FAZENDA,RUA SAO JOAO,1186,EM FRENTE AO EDF. DA SECRETARIA DA FAZENDA,SÃO JOSÉ,,SUBURBIO,ATROPELAMENTO,AUTO E 2 PEDESTRES,1,,,,2,,,,,2,,Cruzamento,Bom,Sem defeito,Perfeito estado,Seca,Perfeito estado,Faixa de pedestre,Não há placas,40 km/h,Única,Faixa,,,,,,,,
2019-01-23,16:34:00,SEM VÍTIMA,FINALIZADA,PINA,AV REPUBLICA ARABE UNIDA,,,ANTES DO TUNEL, LADO DIREITO DA VIA, SENTIDO BOA VIAGEM,AV REPUBLICA ARABE UNIDA,,ANTES DO TUNEL, LADO DIREITO DA VIA, SENTIDO BOA VIAGEM,PINA,,,COLISÃO,AUTO E ONIBUS S/V,1,,,,,1,,,,0,,,,,,,,,,,,,,,,
2019-01-23,16:35:00,SEM VÍTIMA,FINALIZADA,IMBIRIBEIRA,AV MARECHAL MASCARENHAS DE MORAES,,,LADO OPOSTO AO Nº 4896,AV MARECHAL MASCARENHAS DE MORAES,,LADO OPOSTO AO Nº 4896,IMBIRIBEIRA,,CIDADE,ABALROAMENTO LONGITUDINAL,COLISAO ENTRE AUTO E VAN S/V,2,,,,,,,,,0,,Longo da via,Bom,Não existe,Perfeito estado,Seca,Perfeito estado,Não existe,Não há placas,,Única,Não existe,,,,,,,,
2019-01-23,18:09:00,SEM VÍTIMA,FINALIZADA,ALTO JOSÉ BONIFÁCIO,RUA CORREGO DO EUCLIDES,622,,LADO OPOSTO A PAN CECILIA,RUA CORREGO DO EUCLIDES,622,LADO OPOSTO A PAN CECILIA,ALTO JOSÉ BONIFÁCIO,,SUBURBIO,ABALROAMENTO LONGITUDINAL,ENTRE ÔNIBUS E AUTO PASSEIO. S/V,1,,,,,1,,,,0,,Longo da via,Bom,Não existe,Perfeito estado,Seca,Perfeito estado,Não existe,Não há placas,40 km/h,Dupla,Faixa seccionada,,,,,,,,
2019-01-23,18:25:00,COM VÍTIMA,CANCELADA,BOA VIAGEM,RUA PEDRO PAES MENDONCA,,,AO LADO DO WALLMART,RUA PEDRO PAES MENDONCA,,AO LADO DO WALLMART,BOA VIAGEM,,,COLISÃO,VT DA PM ENVOLVIDA NA COLISÃO. C/V,,,,,,,,1,,1,,,,,,,,,,,,,,,,,,,,
2019-01-23,20:35:00,SEM VÍTIMA,FINALIZADA,JORDÃO,RUA RIO XINGU,689,,,RUA RIO XINGU,689,,JORDÃO,,CIDADE,COLISÃO FRONTAL,ENTRE MICRO ÔNIBUS E AUTO PASSEIO. S/V,1,,,,,1,,,,0,,Longo da via,Bom,Não existe,Não existente,Seca,Mal iluminada,Não existe,Não há placas,,Dupla,Não existe,,,,,,,,
2019-01-23,21:17:00,SEM VÍTIMA,FINALIZADA,BOA VIAGEM,AV CONSELHEIRO AGUIAR,1540,,E/F A MCDONALD´S,AV CONSELHEIRO AGUIAR,1540,E/F A MCDONALD´S,BOA VIAGEM,,CIDADE,COLISÃO FRONTAL,VIATURA 02 NO LACAL COLISÃO S/V,2,,,,,,,,,0,,Longo da via,Bom,Sem defeito,Perfeito estado,Seca,Perfeito estado,,Não há placas,40 km/h,Única,,,,,,,,,
2019-01-24,06:38:00,SEM VÍTIMA,FINALIZADA,CAMPO GRANDE,EST DE BELEM,,,SEMÁFORO Nº 504,EST DE BELEM,,SEMÁFORO Nº 504,CAMPO GRANDE,,CIDADE,COLISÃO TRASEIRA,COLISÃO SEM VITIMAS,2,,,,,,,,,0,,Longo da via,Bom,Sem defeito,Perfeito estado,Seca,Perfeito estado,,Não há placas,,Dupla,Faixa contínua,,,,,,,,
2019-01-24,07:33:00,SEM VÍTIMA,FINALIZADA,DERBY,RUA FELICIANO GOMES,342,,PRÓX. AO GILSON CIDRIM,RUA FELICIANO GOMES,342,PRÓX. AO GILSON CIDRIM,DERBY,,SUBURBIO,COLISÃO TRASEIRA,ENTRE AUTOS S/V.,2,,,,,,,,,0,,Longo da via,Bom,Não existe,Perfeito estado,Seca,Perfeito estado,Não existe,Placas Pare,,Dupla,Faixa contínua,,,,,,,,
2019-01-24,07:38:00,SEM VÍTIMA,DUPLICIDADE,DERBY,RUA DOM FELICIANO,342,,E/F AO GILSON CIDRIM,RUA DOM FELICIANO,342,E/F AO GILSON CIDRIM,DERBY,,,COLISÃO,SEM VÍTIMAS.,2,,,,,,,,,0,,,,,,,,,,,,,,,,,,,,
2019-01-24,07:51:00,SEM VÍTIMA,FINALIZADA,IMBIRIBEIRA,AV MARECHAL MASCARENHAS DE MORAES,,,EM FRENTE AO BANCO ITAU,AV MARECHAL MASCARENHAS DE MORAES,,EM FRENTE AO BANCO ITAU,IMBIRIBEIRA,225,SUBURBIO,ABALROAMENTO LONGITUDINAL,COLISÃO SEM VITIMAS.,1,,,,,1,,,,0,,Longo da via,Bom,Sem defeito,Perfeito estado,Seca,Perfeito estado,Não existe,Não há placas,60 km/h,Dupla,Faixa seccionada,Canteiro central,,,,,,,
2019-01-24,08:16:00,SEM VÍTIMA,FINALIZADA,TORRE,RUA REAL DA TORRE,1060,,EM FRENTE Nº 1060 B,RUA REAL DA TORRE,1060,EM FRENTE Nº 1060 B,TORRE,,SUB/CID,COLISÃO TRASEIRA,SEM VITIMAS,2,,,,,,,,,0,,Longo da via,Bom,Sem defeito,Perfeito estado,Seca,,Agente,Outras,60 km/h,Única,Faixa,,,,,,,,
2019-01-24,09:06:00,SEM VÍTIMA,FINALIZADA,BOA VIAGEM,RUA FRANCISCO DA CUNHA,,RUA PROFESSOR EDUARDO WANDERLEY FILHO,NA ESQUINA DO COLEGIO BOA VIAGEM,RUA FRANCISCO DA CUNHA,,NA ESQUINA DO COLEGIO BOA VIAGEM,BOA VIAGEM,,CIDADE,ABALROAMENTO TRANSVERSAL,SEM VITIMAS,2,,,,,,,,,0,,Cruzamento,Bom,Não existe,Perfeito estado,Seca,Perfeito estado,Faixa de retenção,Placas Pare,30 km/h,Única,Faixa seccionada,,,,,,,,
2019-01-24,09:33:00,SEM VÍTIMA,FINALIZADA,IMBIRIBEIRA,AV MARECHAL MASCARENHAS DE MORAES,,,E/F AO GERALDÃO,AV MARECHAL MASCARENHAS DE MORAES,,E/F AO GERALDÃO,IMBIRIBEIRA,,CIDADE,COLISÃO TRASEIRA,SEM VÍTIMAS,1,,,,,,1,,,0,,Longo da via,Bom,Não existe,Perfeito estado,Seca,Perfeito estado,Não existe,Não há placas,60 km/h,Dupla,Faixa seccionada,Canteiro central,,,,,,,
2019-01-24,10:16:00,SEM VÍTIMA,FINALIZADA,CORDEIRO,RUA DIANOPOLIS,,,ASSOCIAÇÃO PESTALOZZE DE RECIFE,RUA DIANOPOLIS,,ASSOCIAÇÃO PESTALOZZE DE RECIFE,CORDEIRO,,,ABALROAMENTO TRANSVERSAL,COLISÃO SEM VITIMAS,2,,,,,,,,,0,,Longo da via,Bom,Sem defeito,Perfeito estado,Seca,Perfeito estado,Outros,R-6a,,Dupla,Faixa seccionada,,,,,,,,
2019-01-24,10:34:00,SEM VÍTIMA,FINALIZADA,JORDÃO,RUA NOVA CANAA,,RUA JOSE MARTORANO,TERMINAL DE ONIBUS DO JORDAO,RUA NOVA CANAA,,TERMINAL DE ONIBUS DO JORDAO,JORDÃO,,SUBURBIO,ABALROAMENTO LONGITUDINAL,SEM VÍTIMAS,1,,,,,,1,,,0,,Cruzamento,Bom,Não existe,Incompleta,Seca,Perfeito estado,Não existe,Não há placas,30 km/h,Dupla,Não existe,,,,,,,,
2019-01-24,11:11:00,SEM VÍTIMA,FINALIZADA,IBURA,AV DOIS RIOS,,AV DOIS RIOS,AO LADO DA POLICLÍNICA ARNALDO MARQUES,AV DOIS RIOS,,AO LADO DA POLICLÍNICA ARNALDO MARQUES,IBURA,,CIDADE,ABALROAMENTO LONGITUDINAL,02 AUTOS SEM VÍTIMAS,1,1,,,,,,,,0,,,Bom,Não existe,Não existente,Seca,Mal conservada,Não existe,Não há placas,,Dupla,,,,,,,,,
2019-01-24,11:15:00,SEM VÍTIMA,FINALIZADA,TEJIPIÓ,AV DR JOSE RUFINO,3131,,EM FRENTE AO 4º BCOM,AV DR JOSE RUFINO,3131,EM FRENTE AO 4º BCOM,TEJIPIÓ,208,CIDADE,ABALROAMENTO LONGITUDINAL,AUTO X MOTO S/V.,1,1,,,,,,,,0,,Longo da via,Bom,Sem defeito,Perfeito estado,Seca,Perfeito estado,Faixa de pedestre,Não há placas,,Dupla,Faixa contínua,,,,,,,,
2019-01-24,11:21:00,COM VÍTIMA,FINALIZADA,SANTO AMARO,RUA TREZE DE MAIO,,RUA PEDRO AFONSO,AO LADO DA SOCIEDADE BIBLICA DO BRASIL,RUA TREZE DE MAIO,,AO LADO DA SOCIEDADE BIBLICA DO BRASIL,SANTO AMARO,427,,ABALROAMENTO TRANSVERSAL,COM DUAS VITIMAS,AGUARDANDO SOCORRO,1,1,,,,,,,,1,,Cruzamento,Bom,Sem defeito,Perfeito estado,Seca,Perfeito estado,Não existe,Outras,,Dupla,Faixa contínua,,,,,,,
2019-01-24,12:51:00,SEM VÍTIMA,FINALIZADA,IPSEP,AV RECIFE,2879,,IGREJA EVANGÉLICA,AV RECIFE,2879,IGREJA EVANGÉLICA,IPSEP,337,SUBURBIO,COLISÃO TRASEIRA,DOIS AUTOS,2,,,,,,,,,0,,Longo da via,Bom,Sem defeito,Perfeito estado,Seca,Perfeito estado,Não existe,,,Dupla,Canteiro central,,,,,,,,
2019-01-24,13:08:00,SEM VÍTIMA,FINALIZADA,CORDEIRO,RUA CLOTILDE DE OLIVEIRA,,AV GENERAL SAN MARTIN,EM FRENTE AO HOSPITAL GETULIO VARGAS,RUA CLOTILDE DE OLIVEIRA,,EM FRENTE AO HOSPITAL GETULIO VARGAS,CORDEIRO,,,COLISÃO,ENTRE AUTO E MOTO S/V,1,1,,,,,,,,0,,,,,,,,,,,,,,,,,,,,
2019-01-24,13:11:00,SEM VÍTIMA,FINALIZADA,SANTO AMARO,RUA ARNOBIO MARQUES,,RUA DR CARLOS CHAGAS,PROX. AO HOSPITAL OSWALDO CRUZ,RUA ARNOBIO MARQUES,,PROX. AO HOSPITAL OSWALDO CRUZ,SANTO AMARO,,,ABALROAMENTO TRANSVERSAL,DOIS AUTOS,2,,,,,,,,,0,,,Bom,Não existe,Perfeito estado,Seca,Perfeito estado,Não existe,R-25b,,Única,Não existe,,,,,,,,
2019-01-24,13:17:00,SEM VÍTIMA,CANCELADA,BOA VIAGEM,AV CONSELHEIRO AGUIAR,919,,EM FRENTE AO HOTEL MANIBU,AV CONSELHEIRO AGUIAR,919,EM FRENTE AO HOTEL MANIBU,BOA VIAGEM,,,COLISÃO,DOIS AUTOS,2,,,,,,,,,0,,,,,,,,,,,,,,,,,,,,
2019-01-24,13:29:00,SEM VÍTIMA,FINALIZADA,MANGUEIRA,RUA VINTE E UM DE ABRIL,1357,,EM FRENTE AO Nº 1357,RUA VINTE E UM DE ABRIL,1357,EM FRENTE AO Nº 1357,MANGUEIRA,,CIDADE,ABALROAMENTO TRANSVERSAL,,1,1,,,,,,,,0,,Longo da via,Bom,Sem defeito,Perfeito estado,Seca,,,,,,,,,,,,,,
2019-01-24,14:13:00,SEM VÍTIMA,FINALIZADA,PARNAMIRIM,AV DEZESSETE DE AGOSTO,969,,EM FRENTE AO IBAMA,AV DEZESSETE DE AGOSTO,969,EM FRENTE AO IBAMA,PARNAMIRIM,389,,COLISÃO,AUTO E MOTO S/V,1,1,,,,,,,,0,,,,,,,,,,,,,,,,,,,,