data,hora,natureza_acidente,situacao,bairro,endereco,numero,detalhe_endereco_acidente,complemento,endereco_cruzamento,numero_cruzamento,referencia_cruzamento,bairro_cruzamento,num_semaforo,sentido_via,tipo,descricao,auto,moto,ciclom,ciclista,pedestre,onibus,caminhao,viatura,outros,vitimas,vitimasfatais,acidente_verificado,tempo_clima,situacao_semaforo,sinalizacao,condicao_via,conservacao_via,ponto_controle,situacao_placa,velocidade_max_via,mao_direcao,divisao_via1,divisao_via2,divisao_via3,,,,,,
2019-01-27,08:50:00,SEM VÍTIMA,FINALIZADA,SANTO ANTÔNIO,AV MARTINS DE BARROS,,AV N S DO CARMO,SOB O SEMÁFORO Nº 204,AV MARTINS DE BARROS,,SOB O SEMÁFORO Nº 204,SANTO ANTÔNIO,204,,COLISÃO TRASEIRA,COLISÃO SEM VITIMAS,2,,,,,,,,,0,,,Bom,Sem defeito,Perfeito estado,Seca,Perfeito estado,Faixa de pedestre,,,Única,Faixa contínua,,,,,,,,
2019-01-27,09:53:00,SEM VÍTIMA,CANCELADA,JORDÃO,AV BEIRA RIO,31 A,,NA RUA DO CANAL EM FRENTE A ASSEMBLEIA DE DEUS,AV BEIRA RIO,31 A,NA RUA DO CANAL EM FRENTE A ASSEMBLEIA DE DEUS,JORDÃO,,,COLISÃO,COLISÃO SEM VITIMAS,2,,,,,,,,,0,,,,,,,,,,,,,,,,,,,,
2019-01-27,10:36:00,SEM VÍTIMA,FINALIZADA,DERBY,AV GOVERNADOR AGAMENON MAGALHAES,,,,AV GOVERNADOR AGAMENON MAGALHAES,,,DERBY,173,CIDADE,ABALROAMENTO LONGITUDINAL,COLISÃO EM SEGUINDA DE CHOQUE CONDUTOR BATEU CONTRA POSTE,2,,,,,,,,,0,,Cruzamento,Bom,Sem defeito,Perfeito estado,Seca,Perfeito estado,,Outras,,Dupla,Faixa contínua,Faixa seccionada,Canteiro central,,,,,,
2019-01-27,11:34:00,COM VÍTIMA,FINALIZADA,ILHA JOANA BEZERRA,VIADUTO CAPITAO TEMUDO,S/N,,FÓRUM JOANA BEZERRA,VIADUTO CAPITAO TEMUDO,S/N,FÓRUM JOANA BEZERRA,ILHA JOANA BEZERRA,,,COLISÃO,,,,,,,,,,,1,,,,,,,,,,,,,,,,,,,,
2019-01-27,12:11:00,SEM VÍTIMA,CANCELADA,BOA VIAGEM,RUA VISCONDE DE JEQUITINHONHA,200,,EM FRENTE AO EDIFICIO ANA MARIA,RUA VISCONDE DE JEQUITINHONHA,200,EM FRENTE AO EDIFICIO ANA MARIA,BOA VIAGEM,,,COLISÃO,COLISÃO SEM VÍTIMA,2,,,,,,,,,0,,,,,,,,,,,,,,,,,,,,
2019-01-27,13:10:00,SEM VÍTIMA,FINALIZADA,JORDÃO,AV MARIA IRENE,113,,PROX. A BASE AEREA,AV MARIA IRENE,113,PROX. A BASE AEREA,JORDÃO,,,COLISÃO,ENTRE AUTO E MOTO S/V,1,1,,,,,,,,0,,,,,,,,,,,,,,,,,,,,
2019-01-27,15:39:00,SEM VÍTIMA,FINALIZADA,VASCO DA GAMA,RUA VASCO DA GAMA,,,EM FRENTE AO TREZE DO VASCO,RUA VASCO DA GAMA,,EM FRENTE AO TREZE DO VASCO,VASCO DA GAMA,,SUBURBIO,ABALROAMENTO LONGITUDINAL,COLISÃO SEM VÍTIMA,1,1,,,,,,,,0,,Longo da via,Bom,Não existe,Perfeito estado,Seca,Perfeito estado,Não existe,R-6a,,Dupla,Não existe,,,,,,,,
2019-01-27,15:52:00,SEM VÍTIMA,FINALIZADA,BOA VIAGEM,AV ENGENHEIRO DOMINGOS FERREIRA,3465,RUA PADRE CARAPUCEIRO,IGREJA UNIVERSAL,AV ENGENHEIRO DOMINGOS FERREIRA,3465,IGREJA UNIVERSAL,BOA VIAGEM,216,SUBURBIO,ABALROAMENTO TRANSVERSAL,COLISÃO SEM VÍTIMA,2,,,,,,,,,0,,Cruzamento,Bom,Sem defeito,Perfeito estado,Seca,Perfeito estado,Faixa de pedestre,Não há placas,,Única,Faixa contínua,Faixa seccionada,Canteiro central,,,,,,
2019-01-27,16:44:00,COM VÍTIMA,FINALIZADA,VÁRZEA,RUA VALE DO SIRIJI,,,EM FRENTE A ESCOLA MUNICIPAL JOÃO FRANCISCO DE SOUZA,RUA VALE DO SIRIJI,,EM FRENTE A ESCOLA MUNICIPAL JOÃO FRANCISCO DE SOUZA,VÁRZEA,324,SUBURBIO,COLISÃO FRONTAL,COLISÃO COM VÍTIMA,1,1,,,,,,,,1,,Longo da via,Bom,Não existe,Incompleta,Seca,Perfeito estado,Não existe,R-6a,,Dupla,Faixa seccionada,,,,,,,,
2019-01-27,20:05:00,COM VÍTIMA,FINALIZADA,CASA FORTE,,,,COLEGIO SILVA JARDIM,,,COLEGIO SILVA JARDIM,CASA FORTE,370,CIDADE,ATROPELAMENTO,COLISÃO COM VITIMA,,1,,,1,,,,,2,,Longo da via,Bom,Sem defeito,Perfeito estado,Seca,Perfeito estado,Faixa de pedestre,Outras,,Dupla,Faixa contínua,Faixa seccionada,,,,,,,
2019-01-27,21:22:00,COM VÍTIMA,FINALIZADA,BOA VIAGEM,RUA RIBEIRO DE BRITO,,RUA TENENTE DOMINGOS DE BRITO,ESQUINA COM A FARMMACIA DROGASIL / SEMÁFORO 331,RUA RIBEIRO DE BRITO,,ESQUINA COM A FARMMACIA DROGASIL / SEMÁFORO 331,BOA VIAGEM,331,SUBURBIO,ABALROAMENTO LONGITUDINAL,ENTRE AUTO E MOTO. C/V,1,1,,,,,,,,1,,Cruzamento,Bom,Sem defeito,Perfeito estado,Seca,Perfeito estado,Faixa de pedestre,R-6a,40 km/h,Única,,,,,,,,,
2019-01-27,21:49:00,COM VÍTIMA,FINALIZADA,CORDEIRO,AV GENERAL SAN MARTIN,,,E/F AO HOSPITAL GETULIO VARGAS, NA ENTRADA DELE.,AV GENERAL SAN MARTIN,,E/F AO HOSPITAL GETULIO VARGAS, NA ENTRADA DELE.,CORDEIRO,,,ABALROAMENTO TRANSVERSAL,ENTRE MOTO E AMBULÂNCIA. C/V,1,1,,,,,,,,1,,Longo da via,Bom,Não existe,Perfeito estado,Seca,Mal iluminada,Não existe,Outras,,Dupla,Faixa contínua,,,,,,
2019-01-27,23:14:00,SEM VÍTIMA,FINALIZADA,JAQUEIRA,AV RUI BARBOSA,1541,AV DR MALAQUIAS,E/F AO HOSPITAL DE ORTOPEDIA,AV RUI BARBOSA,1541,E/F AO HOSPITAL DE ORTOPEDIA,JAQUEIRA,292,CIDADE,ABALROAMENTO LONGITUDINAL,ENTRE ÔNIBUS E AUTO PASSEIO. S/V,1,,,,,1,,,,0,,Longo da via,Chuvoso,Não existe,Ilegível,Molhada,Mal iluminada,Não existe,Não há placas,60 km/h,Única,Faixa seccionada,,,,,,,,
2019-01-27,23:46:00,SEM VÍTIMA,FINALIZADA,CORDEIRO,AV GENERAL SAN MARTIN,,,E/F HOSP GETULIO VARGAS,AV GENERAL SAN MARTIN,,E/F HOSP GETULIO VARGAS,CORDEIRO,,,ABALROAMENTO LONGITUDINAL,GUINCHO GUARD CAR, EM MANOBRA DURANTE O SERVIÇO, CHOCOU-SE COM A PORTA DA VT-09,1,,,,,,1,,,0,,Longo da via,Bom,Não existe,Perfeito estado,Seca,Perfeito estado,,Não há placas,40 km/h,Dupla,,,,,,,
2019-01-27,23:56:00,SEM VÍTIMA,FINALIZADA,IPUTINGA,AV CAXANGA,,EST DO BARBALHO,LADO OPOSTO AO WALMART,AV CAXANGA,,LADO OPOSTO AO WALMART,IPUTINGA,533,,ABALROAMENTO TRANSVERSAL,ENTRE 2 AUTOS. S/V,2,,,,,,,,,0,,Cruzamento,Chuvoso,Sem defeito,Ilegível,Molhada,Mal iluminada,Faixa de pedestre,Não há placas,60 km/h,Dupla,Canteiro central,,,,,,,,
2019-01-28,00:07:00,SEM VÍTIMA,CANCELADA,BOA VIAGEM,AV BOA VIAGEM,5130,,E/F AO EDF MONTE VERDE / PRÓX AO SEMÁFORO 483,AV BOA VIAGEM,5130,E/F AO EDF MONTE VERDE / PRÓX AO SEMÁFORO 483,BOA VIAGEM,,CIDADE,CHOQUE VEÍCULO PARADO,VEíCULO NÃO IDENTIDICADO CHOCOU-SE CONTRA UM HONDA/HRV ESTACIONADO (DE PROPRIETÁRIO DESCONHECIDO) E SE EVADIU PARA DESTINO IGNORADO.,2,,,,,,,,,0,,,,,,,,,,,,,,,,,,,,
2019-01-28,06:42:00,SEM VÍTIMA,FINALIZADA,PINA,AV HERCULANO BANDEIRA,990,RUA ARQUITETO AUGUSTO REINALDO,EM FRENTE AO ATACADO DA CONSTRUÇÃO,AV HERCULANO BANDEIRA,990,EM FRENTE AO ATACADO DA CONSTRUÇÃO,PINA,660,SUBURBIO,ABALROAMENTO TRANSVERSAL,COLISÃO SEM VITIMAS,1,,,,,1,,,,0,,Cruzamento,Chuvoso,Sem defeito,Perfeito estado,Molhada,Perfeito estado,Faixa de pedestre,Outras,60 km/h,Única,Faixa seccionada,,,,,,,,
2019-01-28,07:01:00,COM VÍTIMA,FINALIZADA,BOA VIAGEM,AV RECIFE,,,SENTIDO AEROPORTO. PROX PADARIA VILA DO PÃO,AV RECIFE,,SENTIDO AEROPORTO. PROX PADARIA VILA DO PÃO,BOA VIAGEM,,AEROPORTO,CAPOTAMENTO,CONDUTOR PERDEU O CONTROLE DO VEÍCULO, BATEU NUMA ÁRVORE E CAPOTOU.,1,,,,,,,,,1,,Longo da via,Chuvoso,Não existe,Perfeito estado,Molhada,Perfeito estado,Não existe,Não há placas,60 km/h,Dupla,Canteiro central,,,,,,,
2019-01-28,07:40:00,SEM VÍTIMA,FINALIZADA,VÁRZEA,AV JOAQUIM RIBEIRO,,RUA FRANCISCO TORRES,UPA DA CAXANGÁ,AV JOAQUIM RIBEIRO,,UPA DA CAXANGÁ,VÁRZEA,368,SUBURBIO,COLISÃO TRASEIRA,SEM VÍTIMAS,3,,,,,,,,,0,,Longo da via,Chuvoso,Sem defeito,Perfeito estado,Molhada,Perfeito estado,Faixa de pedestre,Não há placas,,Dupla,Canteiro central,,,,,,,,
2019-01-28,08:11:00,SEM VÍTIMA,FINALIZADA,TORRÕES,AV ENGENHEIRO ABDIAS DE CARVALHO,,,PRAÇA DA CHESF,AV ENGENHEIRO ABDIAS DE CARVALHO,,PRAÇA DA CHESF,TORRÕES,422,CIDADE,COLISÃO TRASEIRA,SEM VITIMAS,CTTU NO LOCAL,,2,,,,,,,,0,,Cruzamento,Chuvoso,Sem defeito,Perfeito estado,Molhada,Perfeito estado,Agente,Não há placas,,Dupla,Canteiro central,,,,,,,
2019-01-28,08:40:00,SEM VÍTIMA,FINALIZADA,MADALENA,RUA REAL DA TORRE,,,LADO OPOSTO A PARADA DE ÔNIBUS 180426,RUA REAL DA TORRE,,LADO OPOSTO A PARADA DE ÔNIBUS 180426,MADALENA,,CIDADE,COLISÃO TRASEIRA,COLISÃO SEM VITIMAS,2,,,,,,,,,0,,Longo da via,Chuvoso,Sem defeito,Perfeito estado,Molhada,Perfeito estado,Faixa de pedestre,Outras,60 km/h,Única,Faixa seccionada,,,,,,,,
2019-01-28,10:34:00,SEM VÍTIMA,FINALIZADA,AFLITOS,AV CONS ROSA E SILVA,1087,RUA BARAO DE CONTENDAS,EM FRENTE AO CLUBE NAUTICO,AV CONS ROSA E SILVA,1087,EM FRENTE AO CLUBE NAUTICO,AFLITOS,99,,COLISÃO,COLISÃO SEM VITIMAS,2,,,,,,,,,0,,,,,,,,,,,,,,,,,,,,
2019-01-28,11:21:00,SEM VÍTIMA,FINALIZADA,IPSEP,RUA PADRE LIMA E SA,178,RUA ADOLFO FARO,,RUA PADRE LIMA E SA,178,,IPSEP,,SUBURBIO,ABALROAMENTO TRANSVERSAL,ENTRE AUTOS S/V.,2,,,,,,,,,0,,Cruzamento,Chuvoso,Não existe,Incompleta,Molhada,Perfeito estado,Não existe,Não há placas,,Única,Não existe,,,,,,,,
2019-01-28,11:43:00,COM VÍTIMA,FINALIZADA,ENCRUZILHADA,RUA ALFREDO DE CASTRO,171,,AO LADO DA CONCESSIONARIA MITSUBISHI,RUA ALFREDO DE CASTRO,171,AO LADO DA CONCESSIONARIA MITSUBISHI,ENCRUZILHADA,,SUBURBIO,CHOQUE VEÍCULO PARADO,COLISÃO COM VITIMA ,1,1,,,,,,,,1,,Longo da via,Chuvoso,Com defeito,Perfeito estado,Molhada,Perfeito estado,,Não há placas,,Única,,,,,,,,,
2019-01-27,11:00:00,COM VÍTIMA,FINALIZADA,JOANA BEZERRA,VIADUTO CAPITAO TEMUDO,,,SOBRE O VIADUTO,VIADUTO CAPITAO TEMUDO,,SOBRE O VIADUTO,JOANA BEZERRA,,SUBURBIO,COLISÃO TRASEIRA,COLISÃO ENVOLVENDO DOIS AUTOMÓVEIS E UMA MOTOCICLETA.,2,1,,,,,,,,1,,Cruzamento,Bom,Não existe,Perfeito estado,Seca,Perfeito estado,,Outras,60 km/h,Dupla,Canteiro central,,,,,,,,
2019-01-28,15:58:00,SEM VÍTIMA,FINALIZADA,CASA AMARELA,RUA PADRE LEMOS,391,,EM FRENTE A CASA PIO,RUA PADRE LEMOS,391,EM FRENTE A CASA PIO,CASA AMARELA,,CIDADE,ABALROAMENTO LONGITUDINAL,COLISÃO SEM VÍTIMA,1,,,,,1,,,,0,,Longo da via,Bom,Não existe,Perfeito estado,Seca,Perfeito estado,Não existe,R-6a,,Dupla,Faixa seccionada,,,,,,,,
2019-01-28,16:05:00,SEM VÍTIMA,FINALIZADA,BOA VIAGEM,RUA FRANCISCO DA CUNHA,995,,E/F A PADARIA PARQUE DO TRIGO DELICATESSEN,RUA FRANCISCO DA CUNHA,995,E/F A PADARIA PARQUE DO TRIGO DELICATESSEN,BOA VIAGEM,,CIDADE,ABALROAMENTO TRANSVERSAL,COLISAO ENTRE DOIS AUTOS S/V,2,,,,,,,,,0,,Longo da via,Bom,Não existe,Perfeito estado,Seca,Perfeito estado,Não existe,Não há placas,,Única,Faixa seccionada,,,,,,,,
2019-01-28,16:10:00,SEM VÍTIMA,FINALIZADA,BOA VISTA,RUA DO HOSPICIO,,RUA PRINCESA IZABEL,PRÓXIMO AO HOSPITAL GERAL DO RECIFE,RUA DO HOSPICIO,,PRÓXIMO AO HOSPITAL GERAL DO RECIFE,BOA VISTA,31,CIDADE,ABALROAMENTO TRANSVERSAL,COLISAO ENTRE ONIBUS E AUTO S/V,1,,,,,1,,,,0,,Longo da via,Bom,Sem defeito,Perfeito estado,Seca,Perfeito estado,Faixa de pedestre,R-6a,,Única,Não existe,,,,,,,,
2019-01-28,17:20:00,SEM VÍTIMA,CANCELADA,PARNAMIRIM,AV PARNAMIRIM,448,,EM FRENTE A GALERIA PARNAMIRIM CENTER,AV PARNAMIRIM,448,EM FRENTE A GALERIA PARNAMIRIM CENTER,PARNAMIRIM,,,COLISÃO,COLISÃO SEM VÍTIMA,1,,,,,,1,,,0,,,,,,,,,,,,,,,,,,,,
2019-01-28,18:35:00,SEM VÍTIMA,CANCELADA,BOA VIAGEM,AV DOM JOAO VI,,,NO CANAL POR TRAS DO HIPER DE BOA VIAGEM,AV DOM JOAO VI,,NO CANAL POR TRAS DO HIPER DE BOA VIAGEM,BOA VIAGEM,,,COLISÃO,COLISÃO S/V,,1,,,,,1,,,0,,,,,,,,,,,,,,,,,,,,
2019-01-28,19:20:00,SEM VÍTIMA,CANCELADA,CASA AMARELA,EST MORRO DA CONCEICAO,,,DESCIDA DO MORRO DA CONCEIÇAO,EST MORRO DA CONCEICAO,,DESCIDA DO MORRO DA CONCEIÇAO,CASA AMARELA,,,COLISÃO,,,,,,,,,,,0,,,,,,,,,,,,,,,,,,,,
2019-01-28,19:23:00,SEM VÍTIMA,FINALIZADA,ÁGUA FRIA,RUA DAS MOCAS,1271,,RUA MANOEL SILVA C/ RUA DAS MOÇAS C/ CANAL DO JACAREZINHO,RUA DAS MOCAS,1271,RUA MANOEL SILVA C/ RUA DAS MOÇAS C/ CANAL DO JACAREZINHO,ÁGUA FRIA,,SUBURBIO,ABALROAMENTO LONGITUDINAL,ENTRE AUTO E MOTO. S/V,1,1,,,,,,,,0,,Cruzamento,Bom,Não existe,Perfeito estado,Seca,Perfeito estado,Não existe,Não há placas,,Dupla,Faixa seccionada,,,,,,,,
2019-01-28,19:30:00,SEM VÍTIMA,FINALIZADA,SAN MARTIN,AV ENGENHEIRO ABDIAS DE CARVALHO,,AV GENERAL SAN MARTIN,SEMÁFORO 058,AV ENGENHEIRO ABDIAS DE CARVALHO,,SEMÁFORO 058,SAN MARTIN,58,SUBURBIO,COLISÃO TRASEIRA,ENTRE 2 AUTOS. S/V,2,,,,,,,,,0,,Cruzamento,Chuvoso,Sem defeito,Perfeito estado,Molhada,Perfeito estado,Faixa de pedestre,Não há placas,,Dupla,Canteiro central,,,,,,,,
2019-01-28,21:02:00,SEM VÍTIMA,FINALIZADA,CASA AMARELA,EST DO ENCANAMENTO,,RUA IRMA LUCIA,,EST DO ENCANAMENTO,,,CASA AMARELA,,CIDADE,ABALROAMENTO TRANSVERSAL,COLISÃO COM VITIMA,2,,,,,,,,,0,,Cruzamento,Chuvoso,Não existe,Perfeito estado,Molhada,Perfeito estado,,Placas Pare,,Única,Faixa seccionada,,,,,,,,
2019-01-28,21:39:00,SEM VÍTIMA,FINALIZADA,IMBIRIBEIRA,AV MARECHAL MASCARENHAS DE MORAES,,,FACULDADE UNIVERSO,AV MARECHAL MASCARENHAS DE MORAES,,FACULDADE UNIVERSO,IMBIRIBEIRA,,,COLISÃO TRASEIRA,ENTRE 2 AUTOS. S/V,2,,,,,,,,,0,,Longo da via,Chuvoso,Intermitente,Incompleta,Molhada,Perfeito estado,Faixa de pedestre,Não há placas,60 km/h,Única,Faixa contínua,Canteiro central,,,,,,,
2019-01-29,00:02:00,SEM VÍTIMA,FINALIZADA,BOA VIAGEM,AV DES JOSE NEVES,,,TÚNEL,AV DES JOSE NEVES,,TÚNEL,BOA VIAGEM,,SUBURBIO,COLISÃO TRASEIRA,COLISÃO ENTRE DOIS AUTOS S/V,2,,,,,,,,,0,,Outros,Chuvoso,Não existe,Perfeito estado,Molhada,Perfeito estado,Não existe,Não há placas,,Única,Faixa,,,,,,,,
2019-01-29,07:53:00,COM VÍTIMA,FINALIZADA,IBURA,AV DOIS RIOS,181,,PROX. A JSS PNEUS BORRACHARIA. IGREJA BATISTA VALE DOS RIOS,AV DOIS RIOS,181,PROX. A JSS PNEUS BORRACHARIA. IGREJA BATISTA VALE DOS RIOS,IBURA,,CIDADE,COLISÃO TRASEIRA,DUAS MOTOS,,2,,,,,,,,1,,Longo da via,Chuvoso,Não existe,Perfeito estado,Molhada,Perfeito estado,Não existe,,40 km/h,Dupla,Faixa,,,,,,,,
2019-01-29,08:13:00,COM VÍTIMA,FINALIZADA,CAMPO GRANDE,RUA ODORICO MENDES,166,RUA VISCONDE DE CAIRU,PROX. AO CLUBE DAS PÁS,RUA ODORICO MENDES,166,PROX. AO CLUBE DAS PÁS,CAMPO GRANDE,,SUBURBIO,ABALROAMENTO LONGITUDINAL,AUTO E MOTO,1,1,,,,,,,,1,,Cruzamento,Bom,Não existe,Perfeito estado,Seca,Perfeito estado,Não existe,Placas Pare,,Dupla,Faixa seccionada,,,,,,,,
2019-01-29,08:28:00,SEM VÍTIMA,FINALIZADA,MADALENA,AV CAXANGA,1110 A,,PRÓX AO GREEN VILLE RESIDENCIAL,AV CAXANGA,1110 A,PRÓX AO GREEN VILLE RESIDENCIAL,MADALENA,,,COLISÃO,AUTO X ÔNIBUS S/V,1,,,,,1,,,,0,,,,,,,,,,,,,,,,,,,,
2019-01-29,09:23:00,SEM VÍTIMA,FINALIZADA,AFOGADOS,RUA LONDRINA,,,EM FRENTE A MATERNIDADE BANDEIRA FILHO,RUA LONDRINA,,EM FRENTE A MATERNIDADE BANDEIRA FILHO,AFOGADOS,,CIDADE,ABALROAMENTO LONGITUDINAL,SEM VITIMAS,2,,,,,,,,,0,,Longo da via,Bom,Não existe,Perfeito estado,Seca,Perfeito estado,Não existe,Não há placas,,Dupla,Não existe,,,,,,,,
2019-01-29,09:27:00,SEM VÍTIMA,FINALIZADA,AFOGADOS,RUA SAO MIGUEL,,,AO LADO DO Nº 436, EM FRENTE AO POSTO DE GASOLINA,RUA SAO MIGUEL,,AO LADO DO Nº 436, EM FRENTE AO POSTO DE GASOLINA,AFOGADOS,,SUBURBIO,ABALROAMENTO LONGITUDINAL,SEM VITIMAS,2,,,,,,,,,0,,Longo da via,Bom,Não existe,Perfeito estado,Seca,Perfeito estado,Não existe,Não há placas,50 km/h,Dupla,Faixa contínua,,,,,,
2019-01-29,10:11:00,SEM VÍTIMA,CANCELADA,BOA VIAGEM,RUA PROFESSOR JOAO MEDEIROS,323,RUA ERNESTO DE PAULA SANTOS,EM FRENTE AO EDF CASTELO BRUNO RENDA,RUA PROFESSOR JOAO MEDEIROS,323,EM FRENTE AO EDF CASTELO BRUNO RENDA,BOA VIAGEM,,,COLISÃO,SEM VITIMAS,1,,,,,,1,,,0,,,,,,,,,,,,,,,,,,,,
2019-01-29,10:26:00,SEM VÍTIMA,CANCELADA,BARRO,AV DR JOSE RUFINO,1958,,EM FRENTE AO POSTO DE GASOLINA PETRO ISA,AV DR JOSE RUFINO,1958,EM FRENTE AO POSTO DE GASOLINA PETRO ISA,BARRO,,CIDADE,COLISÃO,SEM VITIMAS,1,,,,,1,,,,0,,,,,,,,,,,,,,,,,,,,
2019-01-29,10:48:00,SEM VÍTIMA,FINALIZADA,BOA VIAGEM,AV CONSELHEIRO AGUIAR,2255,RUA HENRIQUE CAPITULINO,,AV CONSELHEIRO AGUIAR,2255,,BOA VIAGEM,143,SUBURBIO,ABALROAMENTO LONGITUDINAL,ENTRE AUTOS S/V.,2,,,,,,,,,0,,Cruzamento,Bom,Sem defeito,Perfeito estado,Seca,Perfeito estado,Faixa de pedestre,Outras,60 km/h,Única,Faixa seccionada,,,,,,,,
2019-01-29,11:13:00,SEM VÍTIMA,CANCELADA,BOA VISTA,AV MANOEL BORBA,869,,PROX. AO EDF. AMELIA MALUF,AV MANOEL BORBA,869,PROX. AO EDF. AMELIA MALUF,BOA VISTA,,,COLISÃO,DOIS AUTOS,2,,,,,,,,,0,,,,,,,,,,,,,,,,,,,,
2019-01-29,11:25:00,COM VÍTIMA,FINALIZADA,IMBIRIBEIRA,AV MARECHAL MASCARENHAS DE MORAES,5905,,MOVIDA LOCADORA DE VEÍCULOS, SENTIDO PRAZERES. PROX A ALÇA DO AEROPORTO.,AV MARECHAL MASCARENHAS DE MORAES,5905,MOVIDA LOCADORA DE VEÍCULOS, SENTIDO PRAZERES. PROX A ALÇA DO AEROPORTO.,IMBIRIBEIRA,,CIDADE,ABALROAMENTO TRANSVERSAL,COM UMA VÍTIMA A ESPERA DO SAMU,1,1,,,,,,,,1,,Longo da via,Bom,Não existe,Perfeito estado,Seca,Perfeito estado,,Não há placas,40 km/h,Dupla,Faixa contínua,,,,,,
2019-01-29,11:34:00,SEM VÍTIMA,DUPLICIDADE,BOA VISTA,AV MANOEL BORBA,869,,EM FRENTE AO EDF AMELIA MALUF,AV MANOEL BORBA,869,EM FRENTE AO EDF AMELIA MALUF,BOA VISTA,,,COLISÃO,SEM VITIMAS,2,,,,,,,,,0,,,,,,,,,,,,,,,,,,,,
2019-01-29,11:53:00,SEM VÍTIMA,FINALIZADA,IMBIRIBEIRA,AV ANTONIO TORRES GALVAO,355,,EM FRENTE A FORD,AV ANTONIO TORRES GALVAO,355,EM FRENTE A FORD,IMBIRIBEIRA,,SUBURBIO,COLISÃO TRASEIRA,ENTRE AUTOS S/V.,2,,,,,,,,,0,,Longo da via,Bom,Não existe,Incompleta,Seca,Mal conservada,Não existe,Outras,,Única,Faixa seccionada,,,,,,,,
2019-01-29,12:19:00,SEM VÍTIMA,DUPLICIDADE,BOA VIAGEM,AV GOVERNADOR TORRES GALVAO,355,,PROX. A LOJA DA FORD E DA AUDI,AV GOVERNADOR TORRES GALVAO,355,PROX. A LOJA DA FORD E DA AUDI,BOA VIAGEM,,,COLISÃO,DOIS AUTOS S/V,2,,,,,,,,,0,,,,,,,,,,,,,,,,,,,,
2019-01-29,12:19:00,SEM VÍTIMA,FINALIZADA,BOA VISTA,RUA AURORA,,,EM FRENTE AO NÚMERO 127,RUA AURORA,,EM FRENTE AO NÚMERO 127,BOA VISTA,,CIDADE,ABALROAMENTO LONGITUDINAL,COLISAO ENTRE DOIS AUTOS S/V,2,,,,,,,,,0,,Longo da via,Bom,Sem defeito,Perfeito estado,Seca,Perfeito estado,,Outras,,Única,Faixa seccionada,,,,,,,,
2019-01-29,13:56:00,SEM VÍTIMA,CANCELADA,IPSEP,AV RECIFE,3777,1 TRV JUSTICA E PAZ,EM FRENTE AO WALMART, SENTIDO AEROPORTO,AV RECIFE,3777,EM FRENTE AO WALMART, SENTIDO AEROPORTO,IPSEP,,,COLISÃO,ENTRE DOIS AUTOS S/V,2,,,,,,,,,0,,,,,,,,,,,,,,,,,,
2019-01-29,14:00:00,SEM VÍTIMA,FINALIZADA,CÓRREGO DO JENIPAPO,RUA DA DEMOCRACIA,18,AV DA RECUPERACAO,,RUA DA DEMOCRACIA,18,,CÓRREGO DO JENIPAPO,,,ABALROAMENTO LONGITUDINAL,COLISAO ENTRE AUTO E ONIBUS S/V,1,,,,,1,,,,0,,Longo da via,Bom,Não existe,Perfeito estado,Seca,Perfeito estado,Não existe,Não há placas,40 km/h,Dupla,Não existe,,,,,,,,
2019-01-29,14:22:00,SEM VÍTIMA,FINALIZADA,SANTO AMARO,RUA ALVARES DE AZEVEDO,110,,CLÍNICA HARLEY STREET,RUA ALVARES DE AZEVEDO,110,CLÍNICA HARLEY STREET,SANTO AMARO,,CIDADE,ABALROAMENTO LONGITUDINAL,COLISAO ENTRE DOIS AUTOS S/V,2,,,,,,,,,0,,Longo da via,Bom,Não existe,Incompleta,Seca,Perfeito estado,Faixa de pedestre,Não há placas,,Única,Faixa contínua,,,,,,,,
2019-01-31,18:15:00,SEM VÍTIMA,FINALIZADA,ESPINHEIRO,AV GOVERNADOR AGAMENON MAGALHAES,,RUA SAO SALVADOR,APOS O MEDICAL CENTER,AV GOVERNADOR AGAMENON MAGALHAES,,APOS O MEDICAL CENTER,ESPINHEIRO,,,COLISÃO,COLISÃO SEM VITIMAS,2,,,,,,,,,0,,,,,,,,,,,,,,,,,,,,
2019-01-29,14:33:00,SEM VÍTIMA,FINALIZADA,PINA,PTE GOVERNADOR PAULO GUERRA,,,PRÓX AO ACESSO AO SHOPPP RIOMAR,PTE GOVERNADOR PAULO GUERRA,,PRÓX AO ACESSO AO SHOPPP RIOMAR,PINA,,SUBURBIO,ABALROAMENTO LONGITUDINAL,COLISAO ENTRE AUTO E ONIBUS S/V,1,,,,,1,,,,0,,Ponte,Bom,Não existe,Perfeito estado,Seca,Perfeito estado,Não existe,,60 km/h,Única,Faixa contínua,,,,,,,,
2019-01-29,14:56:00,SEM VÍTIMA,FINALIZADA,BOA VIAGEM,RUA DES JOAO PAES,,RUA CORONEL ANIZIO RODRIGUES COELHO,,RUA DES JOAO PAES,,,BOA VIAGEM,,,ABALROAMENTO TRANSVERSAL,COLISÃO SEM VITIMAS,1,,,,,1,,,,0,,Cruzamento,Bom,Não existe,Incompleta,Seca,Perfeito estado,Faixa de pedestre,Placas Pare,,Única,Faixa seccionada,,,,,,,,
2019-01-29,15:27:00,SEM VÍTIMA,FINALIZADA,BOA VIAGEM,AV CONSELHEIRO AGUIAR,,,PROX A CAIXA ECONÔMICA,AV CONSELHEIRO AGUIAR,,PROX A CAIXA ECONÔMICA,BOA VIAGEM,,,COLISÃO,COLISÃO SEM VITIMAS,1,,,,,1,,,1,0,,,,,,,,,,,,,,,,,,,,