data,hora,natureza_acidente,situacao,bairro,endereco,numero,detalhe_endereco_acidente,complemento,endereco_cruzamento,numero_cruzamento,referencia_cruzamento,bairro_cruzamento,num_semaforo,sentido_via,tipo,descricao,auto,moto,ciclom,ciclista,pedestre,onibus,caminhao,viatura,outros,vitimas,vitimasfatais,acidente_verificado,tempo_clima,situacao_semaforo,sinalizacao,condicao_via,conservacao_via,ponto_controle,situacao_placa,velocidade_max_via,mao_direcao,divisao_via1,divisao_via2,divisao_via3,,,,,,
2019-01-29,16:06:00,SEM VÍTIMA,FINALIZADA,IMBIRIBEIRA,AV MARECHAL MASCARENHAS DE MORAES,1482,,,AV MARECHAL MASCARENHAS DE MORAES,1482,,IMBIRIBEIRA,,SUBURBIO,COLISÃO TRASEIRA,ENTRE DOIS AUTOS S/V,2,,,,,,,,,0,,Longo da via,Bom,Sem defeito,Perfeito estado,Seca,Perfeito estado,Faixa de pedestre,R-6a,,Dupla,Canteiro central,,,,,,,,
2019-01-29,19:10:00,COM VÍTIMA,FINALIZADA,PASSARINHO,EST DO PASSARINHO,3550,RUA ANDORINHA,INGREJA EVANGÉLICA QUADRANGULAR,EST DO PASSARINHO,3550,INGREJA EVANGÉLICA QUADRANGULAR,PASSARINHO,,SUBURBIO,ABALROAMENTO LONGITUDINAL,AUTO X MOTO C/V,1,1,,,,,,,,1,,Longo da via,Bom,Não existe,Perfeito estado,Seca,Perfeito estado,Não existe,Não há placas,,Dupla,Não existe,,,,,,,,
2019-01-29,20:07:00,COM VÍTIMA,FINALIZADA,SANTO AMARO,RUA RAMPA,,,PROX. AO SHOPPING TACARUNA,RUA RAMPA,,PROX. AO SHOPPING TACARUNA,SANTO AMARO,,CIDADE,COLISÃO COM CICLISTA,MOTO X BICICLETA,,1,,1,,,,,,1,,Longo da via,Bom,Sem defeito,Perfeito estado,Seca,Perfeito estado,,,,,,,,,,,,,
2019-01-29,20:38:00,SEM VÍTIMA,FINALIZADA,,RUA VALE DO CARIRI,,RUA PERO VAZ DE CAMINHA,IGREJA ASSEMBLEIA DE DEUS,RUA VALE DO CARIRI,,IGREJA ASSEMBLEIA DE DEUS,,,,ABALROAMENTO TRANSVERSAL,ENTRE AUTO PASSEIO E ÔNIBUS. S/V,1,,,,,1,,,,0,,,Bom,Não existe,Perfeito estado,Seca,Perfeito estado,,,,Dupla,,,,,,,,,
2019-01-30,06:35:00,SEM VÍTIMA,FINALIZADA,IPSEP,AV RECIFE,3390,,EM FRENTE A R2 EQUIPADORA,AV RECIFE,3390,EM FRENTE A R2 EQUIPADORA,IPSEP,,BOA VIAGEM,COLISÃO,COLISÃO SEM VITIMAS,2,,,,,,,,,0,,,,,,,,,,,,,,,,,,,,
2019-01-30,07:41:00,COM VÍTIMA,FINALIZADA,CASA AMARELA,AV NORTE,5786,RUA VISCONDE DE TAUNAY,EM FRENTE AO NUCLEO DE CASA AMARELA E A AGENCIA DE EMPREGO.,AV NORTE,5786,EM FRENTE AO NUCLEO DE CASA AMARELA E A AGENCIA DE EMPREGO.,CASA AMARELA,,CIDADE,ABALROAMENTO TRANSVERSAL,COLISÃO ENTRE AUTO E MOTOCICLETA.,1,1,,,,,,,,1,,Longo da via,Bom,Sem defeito,Perfeito estado,Seca,Perfeito estado,Não existe,Não há placas,,Dupla,Canteiro central,,,,,,,,
2019-01-30,07:44:00,SEM VÍTIMA,FINALIZADA,PINA,AV ANTONIO DE GOES,,,SEMÁFORO Nº 656,AV ANTONIO DE GOES,,SEMÁFORO Nº 656,PINA,656,CIDADE,COLISÃO TRASEIRA,SEM VITIMAS.,2,,,,,,,,,0,,Longo da via,Chuvoso,Sem defeito,Perfeito estado,Molhada,Perfeito estado,Agente,Outras,60 km/h,Única,Faixa contínua,Faixa seccionada,Canteiro central,,,,,,
2019-01-30,08:08:00,SEM VÍTIMA,FINALIZADA,ILHA DO RETIRO,,,PRC DA BANDEIRA,POSTE DE ILUMINAÇÃO PÚBLICA B020843,,,POSTE DE ILUMINAÇÃO PÚBLICA B020843,ILHA DO RETIRO,,CIDADE,ABALROAMENTO LONGITUDINAL,COLISÃO SEM VITIMAS,2,,,,,,,,,0,,Cruzamento,Bom,Não existe,Perfeito estado,Seca,Perfeito estado,Outros,Outras,,Única,Outros,,,,,,,,
2019-01-30,08:52:00,SEM VÍTIMA,FINALIZADA,SANTO ANTÔNIO,PRC DA REPUBLICA,,,EM FRENTE AO TJPE,PRC DA REPUBLICA,,EM FRENTE AO TJPE,SANTO ANTÔNIO,,CIDADE,ACID. DE PERCURSO,SOLICITAÇÃO DE PÓ DE SERRA,1,,,,,,,,,0,,,,,,,,,,,,,,,,,,,,
2019-01-30,09:33:00,SEM VÍTIMA,FINALIZADA,BONGI,AV ENGENHEIRO ABDIAS DE CARVALHO,,,EM FRENTE A FACULDADE ESTACIO,AV ENGENHEIRO ABDIAS DE CARVALHO,,EM FRENTE A FACULDADE ESTACIO,BONGI,327,CIDADE,COLISÃO TRASEIRA,COLISÃO SEM VITIMAS,1,1,,,,,,,,0,,Longo da via,Bom,Sem defeito,Perfeito estado,Seca,Perfeito estado,Não existe,Outras,,Dupla,Canteiro central,,,,,,,,
2019-01-30,09:37:00,SEM VÍTIMA,FINALIZADA,SANTO AMARO,RUA DOS PALMARES,,RUA MAJOR CODECEIRA,,RUA DOS PALMARES,,,SANTO AMARO,,SUBURBIO,ABALROAMENTO TRANSVERSAL,COLISÃO SEM VITIMAS,2,,,,,,,,,0,,Cruzamento,Bom,Não existe,Ilegível,Seca,Perfeito estado,Não existe,R-6a,40 km/h,Única,Não existe,,,,,,,,
2019-01-30,10:04:00,SEM VÍTIMA,FINALIZADA,SANTO AMARO,AV CRUZ CABUGA,,,EM FRENTE A CAIXA ECONOMICA,AV CRUZ CABUGA,,EM FRENTE A CAIXA ECONOMICA,SANTO AMARO,,,COLISÃO TRASEIRA,COLISÃO SEM VITIMAS,1,,,,,1,,,,0,,Longo da via,Bom,Sem defeito,Perfeito estado,Seca,Perfeito estado,Outros,Outras,,Dupla,Faixa contínua,,,,,,,,
2019-01-30,10:05:00,SEM VÍTIMA,FINALIZADA,,RUA AVIADOR SEVERIANO LINS,131,RUA DONA BENVINDA DE FARIAS,,RUA AVIADOR SEVERIANO LINS,131,,,,,ABALROAMENTO LONGITUDINAL,SEM VÍTIMA.,2,,,,,,,,,0,,Cruzamento,Bom,Não existe,Perfeito estado,Seca,Perfeito estado,Não existe,Placas Pare,,Dupla,Não existe,,,,,,,,
2019-01-30,10:32:00,SEM VÍTIMA,FINALIZADA,TORRÕES,AV ENGENHEIRO ABDIAS DE CARVALHO,,EST DO FORTE DO ARRAIAL N. DO B. JESUS,EM FRENTE AO POSTO IPIRANGA,AV ENGENHEIRO ABDIAS DE CARVALHO,,EM FRENTE AO POSTO IPIRANGA,TORRÕES,375,,COLISÃO TRASEIRA,SEM VITIMAS,2,,,,,,1,,,0,,Cruzamento,Bom,Sem defeito,Perfeito estado,Seca,Perfeito estado,Faixa de pedestre,R-6a,60 km/h,Dupla,Canteiro central,,,,,,,,
2019-01-30,11:36:00,SEM VÍTIMA,FINALIZADA,GRAÇAS,RUA DAS CREOULAS,260,,EM FRENTE AO RESTAURANTE MACUNAIMA,RUA DAS CREOULAS,260,EM FRENTE AO RESTAURANTE MACUNAIMA,GRAÇAS,,CIDADE,COLISÃO TRASEIRA,SEM VITIMAS,2,,,,,,,,,0,,Longo da via,Bom,Não existe,Perfeito estado,Seca,Perfeito estado,Faixa de pedestre,R-6a,,Única,Faixa seccionada,,,,,,,,
2019-01-30,11:39:00,COM VÍTIMA,FINALIZADA,AFOGADOS,RUA JOAO IVO DA SILVA,,RUA PADRE TEOFILO TWORZ,PRÓXIMO A TUPAN.,RUA JOAO IVO DA SILVA,,PRÓXIMO A TUPAN.,AFOGADOS,503,SUBURBIO,ABALROAMENTO TRANSVERSAL,COLISÃO ENTRE AUTO E MOTOCICLETA.,1,1,,,,,,,,1,,Cruzamento,Bom,Sem defeito,Perfeito estado,Seca,Perfeito estado,Faixa de pedestre,Não há placas,,Única,Faixa seccionada,,,,,,,,
2019-01-30,11:47:00,COM VÍTIMA,DUPLICIDADE,AFOGADOS,RUA COSME VIANA,,,PROX A TUPAN EM CIMA DO PONTILHÃO,RUA COSME VIANA,,PROX A TUPAN EM CIMA DO PONTILHÃO,AFOGADOS,,,COLISÃO,COLISÃO COM VITIMA SOCORRIDA PELO SAMU,1,1,,,,,,,,1,,,,,,,,,,,,,,,,,,,,
2019-01-30,11:47:00,SEM VÍTIMA,FINALIZADA,IMBIRIBEIRA,AV MARECHAL MASCARENHAS DE MORAES,,RUA JOAQUIM BANDEIRA,EM FRENTE A EUROVIA,AV MARECHAL MASCARENHAS DE MORAES,,EM FRENTE A EUROVIA,IMBIRIBEIRA,534,SUBURBIO,ABALROAMENTO LONGITUDINAL,SEM VÍTIMAS,1,,,,,1,,,,0,,Cruzamento,Chuvoso,Sem defeito,Perfeito estado,Molhada,Mal conservada,Faixa de pedestre,Outras,60 km/h,Dupla,Canteiro central,,,,,,,,
2019-01-30,11:58:00,COM VÍTIMA,FINALIZADA,SANTO AMARO,AV CRUZ CABUGA,,RUA FREI CASSIMIRO,COLISÃO COM VÍTIMA ÔNIBUS DA EMPRESA CIDADE ALTA X CICLISTA - UMA SENHORA QUE ESTÁ NA ESPERA DE SOCORRO SAMU OU BOMBEIROS,AV CRUZ CABUGA,,COLISÃO COM VÍTIMA ÔNIBUS DA EMPRESA X CICLISTA - UMA SENHORA QUE ESTÁ NA ESPERA DE SOCORRO SAMU OU BOMBEIROS,SANTO AMARO,,CIDADE,COLISÃO COM CICLISTA,VW/ MARCO POLO TORINO PLACA - X BICICLETA,,,,1,,1,,,,1,,Cruzamento,Bom,Não existe,Perfeito estado,Seca,Perfeito estado,Não existe,Não há placas,60 km/h,Dupla,Faixa contínua,,,,,,,,
2019-01-30,12:03:00,SEM VÍTIMA,FINALIZADA,IMBIRIBEIRA,AV MARECHAL MASCARENHAS DE MORAES,2097,,MITSUBISHI MOTORS,AV MARECHAL MASCARENHAS DE MORAES,2097,MITSUBISHI MOTORS,IMBIRIBEIRA,534,CIDADE,COLISÃO TRASEIRA,COLISÃO SEM VÍTIMA,3,,,,,,,,,0,,Longo da via,Bom,Sem defeito,Perfeito estado,Seca,Perfeito estado,Faixa de pedestre,Não há placas,60 km/h,Dupla,Canteiro central,,,,,,,,
2019-01-30,12:08:00,SEM VÍTIMA,FINALIZADA,TAMARINEIRA,AV NORTE,3745,RUA CONEGO BARATA,EM FRENTE A TRIAUTOS,AV NORTE,3745,EM FRENTE A TRIAUTOS,TAMARINEIRA,,SUBURBIO,ABALROAMENTO TRANSVERSAL,AUTO E AMBULANCIA S/V,1,,,,,,,1,,0,,Longo da via,Bom,Sem defeito,Perfeito estado,Seca,Perfeito estado,Faixa de pedestre,R-6a,,Dupla,Canteiro central,,,,,,,,
2019-01-30,12:08:00,SEM VÍTIMA,FINALIZADA,ESTÂNCIA,AV RECIFE,,,EM FRENTE AO MAKRO,AV RECIFE,,EM FRENTE AO MAKRO,ESTÂNCIA,461,SUBURBIO,COLISÃO FRONTAL,COLISÃO SEM VÍTIMA,3,,,,,,,,,0,,Longo da via,Bom,Sem defeito,Perfeito estado,Seca,Perfeito estado,Não existe,Outras,,Dupla,Canteiro central,,,,,,,,
2019-01-30,12:13:00,SEM VÍTIMA,FINALIZADA,BOA VIAGEM,AVENIDA CELSO FURTADO (VIA MANGUE),,,SOBRE VIADUTO DOM JOÃO VI,AVENIDA CELSO FURTADO (VIA MANGUE),,SOBRE VIADUTO DOM JOÃO VI,BOA VIAGEM,,SUBURBIO,ABALROAMENTO LONGITUDINAL,COLISÃO SEM VÍTIMA,2,,,,,,,,,0,,Viaduto,Bom,Não existe,Perfeito estado,Seca,Perfeito estado,Não existe,Não há placas,,Única,Faixa seccionada,,,,,,,,
2019-01-30,12:27:00,SEM VÍTIMA,FINALIZADA,SANTO AMARO,AV GOVERNADOR AGAMENON MAGALHAES,,,SOB O SEMÁFORO 378,AV GOVERNADOR AGAMENON MAGALHAES,,SOB O SEMÁFORO 378,SANTO AMARO,378,,COLISÃO TRASEIRA,DOIS AUTOS / CARRO FORTE,2,,,,,,,,1,0,,Longo da via,Bom,Sem defeito,Perfeito estado,Seca,Perfeito estado,Faixa de pedestre,Não há placas,60 km/h,Única,Faixa contínua,,,,,,,,
2019-01-30,12:32:00,SEM VÍTIMA,FINALIZADA,SANTO AMARO,AV CRUZ CABUGA,1200,RUA ALEXANDRE MOURA,,AV CRUZ CABUGA,1200,,SANTO AMARO,,SUBURBIO,ABALROAMENTO LONGITUDINAL,AUTO E ONIBUS S/V,1,,,,,1,,,,0,,Longo da via,Bom,Não existe,Perfeito estado,Seca,Perfeito estado,Faixa de pedestre,Outras,,Única,Faixa seccionada,,,,,,,,
2019-01-30,12:44:00,SEM VÍTIMA,FINALIZADA,BONGI,RUA SANTA EDWIRGES,390,,TJPE,RUA SANTA EDWIRGES,390,TJPE,BONGI,,SUBURBIO,ABALROAMENTO LONGITUDINAL,AUTO E MOTO,1,1,,,,,,,,0,,Longo da via,Bom,Não existe,,Seca,Perfeito estado,Não existe,Outras,40 km/h,Única,Não existe,,,,,,,,
2019-01-30,12:55:00,SEM VÍTIMA,CANCELADA,PINA,PTE GOVERNADOR PAULO GUERRA,,,EM CIMA DA PONTE, APOS A COMPESA, SENTIDO BOA VIAGEM,PTE GOVERNADOR PAULO GUERRA,,EM CIMA DA PONTE, APOS A COMPESA, SENTIDO BOA VIAGEM,PINA,,,COLISÃO,DOIS AUTOS S/V,2,,,,,,,,,0,,,,,,,,,,,,,,,,
2019-01-30,13:40:00,COM VÍTIMA,FINALIZADA,AFLITOS,AV SANTOS DUMONT,493,RUA TELES JUNIOR,LADO OPOSTO A FARMACIA EXTRA FARMA,AV SANTOS DUMONT,493,LADO OPOSTO A FARMACIA EXTRA FARMA,AFLITOS,,SUBURBIO,ABALROAMENTO TRANSVERSAL,COLISÃO ENTRE AUTO E MOTO,1,1,,,,,,,,1,,Cruzamento,Bom,Não existe,Perfeito estado,Seca,Perfeito estado,Não existe,R-6a,,Única,Faixa seccionada,,,,,,,,
2019-01-30,13:47:00,SEM VÍTIMA,FINALIZADA,SÃO JOSÉ,RUA FLORIANO PEIXOTO,,RUA DO PEIXOTO,,RUA FLORIANO PEIXOTO,,,SÃO JOSÉ,,,ABALROAMENTO LONGITUDINAL,COLISÃO SEM VÍTIMA,1,,,,,1,,,,0,,Longo da via,Bom,Não existe,Perfeito estado,Seca,Perfeito estado,Não existe,Outras,40 km/h,Única,Não existe,,,,,,,,
2019-01-30,14:29:00,SEM VÍTIMA,FINALIZADA,VÁRZEA,AV AFONSO OLINDENSE,1383,,EM FRENTE A FARMACIA PAGUE MENOS,AV AFONSO OLINDENSE,1383,EM FRENTE A FARMACIA PAGUE MENOS,VÁRZEA,,,COLISÃO,ENTRE DOIS AUTOS S/V,2,,,,,,,,,0,,,,,,,,,,,,,,,,,,,,
2019-01-30,14:51:00,SEM VÍTIMA,FINALIZADA,CASA AMARELA,RUA BELA VISTA,212,RUA ENGENHEIRO DOMBER,,RUA BELA VISTA,212,,CASA AMARELA,,,ABALROAMENTO TRANSVERSAL,AUTO E MOTO S/V,1,1,,,,,,,,0,,Cruzamento,Bom,Não existe,Perfeito estado,Seca,Perfeito estado,Não existe,R-19,40 km/h,Dupla,Não existe,,,,,,,,
2019-01-30,15:39:00,COM VÍTIMA,FINALIZADA,BOA VISTA,RUA DAS NINFAS,288,,EM FRENTE A FACULDADE SAO MIGUEL,RUA DAS NINFAS,288,EM FRENTE A FACULDADE SAO MIGUEL,BOA VISTA,,CIDADE,CHOQUE VEÍCULO PARADO,AUTO E MOTO,1,1,,,,,,,,2,,Longo da via,Bom,Não existe,Não existente,Seca,Perfeito estado,Não existe,Não há placas,,Dupla,Não existe,,,,,,,,
2019-01-30,15:41:00,SEM VÍTIMA,FINALIZADA,BOA VIAGEM,RUA DOS NAVEGANTES,3962,RUA RIBEIRO DE BRITO,,RUA DOS NAVEGANTES,3962,,BOA VIAGEM,,SUBURBIO,ABALROAMENTO TRANSVERSAL,DOIS AUTOS BATEDORES NO LOCAL,2,,,,,,,,,0,,Longo da via,Bom,Não existe,Perfeito estado,Seca,Perfeito estado,Não existe,Placas Pare,,Única,Faixa seccionada,,,,,,,,
2019-01-30,16:21:00,SEM VÍTIMA,FINALIZADA,BOA VISTA,RUA BARAO DE SAO BORJA,232,RUA MARQUES AMORIM,EM FRENTE AO COREN,RUA BARAO DE SAO BORJA,232,EM FRENTE AO COREN,BOA VISTA,,,COLISÃO,DOIS AUTOS S/V,2,,,,,,,,,0,,,,,,,,,,,,,,,,,,,,
2019-01-30,17:18:00,SEM VÍTIMA,FINALIZADA,TORRE,RUA PROFESSOR TRAJANO DE MENDONCA,,RUA FLORIANO FRANCISCO DE OLIVEIRA,,RUA PROFESSOR TRAJANO DE MENDONCA,,,TORRE,,SUBURBIO,ABALROAMENTO TRANSVERSAL,COLISÃO SEM VÍTIMA,2,,,,,,,,,0,,Longo da via,Bom,Não existe,Não existente,Seca,Perfeito estado,Não existe,R-6a,,Única,Faixa seccionada,,,,,,,,
2019-01-30,18:05:00,COM VÍTIMA,FINALIZADA,AREIAS,RUA IPOJUCA,751,,PRAÇA DO HEROI,RUA IPOJUCA,751,PRAÇA DO HEROI,AREIAS,,SUBURBIO,ABALROAMENTO TRANSVERSAL,COLISÃO COM VITIMA,1,1,,,,,,,,1,,Longo da via,Bom,Não existe,Não existente,Seca,Perfeito estado,Não existe,Não há placas,,Dupla,Não existe,,,,,,,,
2019-01-30,18:09:00,COM VÍTIMA,FINALIZADA,MADALENA,AV VISCONDE DE ALBUQUERQUE,185,RUA ARNALDO BASTOS,E/F AO SANDUBA DO CARECA E AO LADO DA CULTURA INGLESA,AV VISCONDE DE ALBUQUERQUE,185,E/F AO SANDUBA DO CARECA E AO LADO DA CULTURA INGLESA,MADALENA,,BEIRA RIO,ABALROAMENTO TRANSVERSAL,COLISÃO ENTRE AUTO E MOTOCICLETA.,1,1,,,,,,,,1,,Esquina,Bom,Não existe,Perfeito estado,Seca,Perfeito estado,,,,,,,,,,,,,
2019-01-30,18:14:00,SEM VÍTIMA,FINALIZADA,TORREÃO,RUA DJALMA FARIAS,161,RUA OTHON PARAISO,,RUA DJALMA FARIAS,161,,TORREÃO,,SUBURBIO,ABALROAMENTO TRANSVERSAL,COLISÃO SEM VÍTIMA,2,,,,,,,,,0,,Cruzamento,Bom,Sem defeito,Perfeito estado,Seca,Perfeito estado,Não existe,Não há placas,,Dupla,Canteiro central,,,,,,,,
2019-01-30,18:34:00,SEM VÍTIMA,FINALIZADA,PINA,PTE GOVERNADOR PAULO GUERRA,,,PONTE ESTAIADA,PTE GOVERNADOR PAULO GUERRA,,PONTE ESTAIADA,PINA,,SUBURBIO,COLISÃO TRASEIRA,COLISÃO SEM VITIMAS, 4 VEÍCULOS ENVOLVIDOS,4,,,,,,,,,0,,Ponte,Bom,Não existe,Incompleta,Seca,Perfeito estado,Não existe,Não há placas,,Única,Faixa contínua,,,,,,,
2019-01-30,18:38:00,SEM VÍTIMA,CANCELADA,ESPINHEIRO,RUA DO ESPINHEIRO,,RUA BARAO DE ITAMARACA,EM FRENTE A DROGASIL,RUA DO ESPINHEIRO,,EM FRENTE A DROGASIL,ESPINHEIRO,,,COLISÃO,COLISÃO SEM VITIMAS /3 VEICULOS ENVOLVIDOS,3,,,,,,,,,0,,,,,,,,,,,,,,,,,,,,
2019-01-30,19:01:00,SEM VÍTIMA,FINALIZADA,IMBIRIBEIRA,AV MARECHAL MASCARENHAS DE MORAES,,AV RECIFE,E/F A TOYOLEX / PRÓX AO VIADUTO TRANC NEVES / SNT AEROPORTO,AV MARECHAL MASCARENHAS DE MORAES,,E/F A TOYOLEX / PRÓX AO VIADUTO TRANC NEVES / SNT AEROPORTO,IMBIRIBEIRA,,SUBURBIO,ABALROAMENTO LONGITUDINAL,ENTRE AUTO E CAMINHÃO. S/V,1,,,,,,1,,,0,,,Bom,Não existe,Perfeito estado,Seca,Perfeito estado,Não existe,Não há placas,,Dupla,Canteiro central,,,,,,,,
2019-01-30,19:10:00,COM VÍTIMA,FINALIZADA,BOA VIAGEM,RUA DR LUIZ INACIO PESSOA DE MELO,390,RUA MAJOR ARMANDO DE SOUZA MELLO,NA RUA DA ACADEMIA VIP FITNESS E RECIFE FLET,RUA DR LUIZ INACIO PESSOA DE MELO,390,NA RUA DA ACADEMIA VIP FITNESS E RECIFE FLET,BOA VIAGEM,,CIDADE,COLISÃO COM CICLISTA,AUTO E CICLISTA,1,,,1,,,,,,1,,Longo da via,Bom,Não existe,Incompleta,Seca,Perfeito estado,Não existe,Não há placas,30 km/h,Dupla,Não existe,,,,,,,,
2019-01-30,19:39:00,SEM VÍTIMA,FINALIZADA,BOA VIAGEM,RUA ANTONIO FALCAO,,RUA GENERAL EDSON AMANCIO RAMALHO,PRÓX AO CARREFOUR / POR BAIXO DA VIA MANGUE / SEMÁFORO 648,RUA ANTONIO FALCAO,,PRÓX AO CARREFOUR / POR BAIXO DA VIA MANGUE / SEMÁFORO 648,BOA VIAGEM,648,SUBURBIO,ABALROAMENTO TRANSVERSAL,ENTRE 2 AUTOS. S/V,2,,,,,,,,,0,,Cruzamento,Bom,Sem defeito,Perfeito estado,Seca,Perfeito estado,Faixa de pedestre,R-6a,,Única,Faixa contínua,Faixa seccionada,,,,,,,
2019-01-30,20:41:00,SEM VÍTIMA,CANCELADA,BOA VIAGEM,AV FERNANDO SIMOES BARBOSA,,,E/F AO TAPÊ TAPIOCARIA / PRÓX AO EMPRESARIAL ALDJA VASCONCELOS,AV FERNANDO SIMOES BARBOSA,,E/F AO TAPÊ TAPIOCARIA / PRÓX AO EMPRESARIAL ALDJA VASCONCELOS,BOA VIAGEM,,,COLISÃO,ENTRE 2 AUTOS. S/V,2,,,,,,,,,0,,,,,,,,,,,,,,,,,,,,
2019-01-30,21:28:00,SEM VÍTIMA,FINALIZADA,MADALENA,RUA BEIRA RIO,651,RUA JOSE OSORIO,EDF SAINT PAUL,RUA BEIRA RIO,651,EDF SAINT PAUL,MADALENA,387,SUBURBIO,ABALROAMENTO LONGITUDINAL,ENTRE DOIS AUTOS,2,,,,,,,,,0,,Longo da via,Bom,Sem defeito,Perfeito estado,Seca,Perfeito estado,Agente,R-6c,,Única,Faixa contínua,,,,,,,,
2019-01-30,21:33:00,SEM VÍTIMA,CANCELADA,IPSEP,RUA ADERBAL DE MELO,329,RUA PROFESSOR JOSE VICENTE,PRÓX AO ANTIGO 19 BATALHÃO / NA RUA DA FEIJOADA DO JOÃO,RUA ADERBAL DE MELO,329,PRÓX AO ANTIGO 19 BATALHÃO / NA RUA DA FEIJOADA DO JOÃO,IPSEP,,,COLISÃO,ENTRE 2 AUTOS. S/V,2,,,,,,,,,0,,,,,,,,,,,,,,,,,,,,
2019-01-30,21:52:00,SEM VÍTIMA,CANCELADA,IPSEP,RUA ITAIMBE,271,,APÓS A FBV / PRÓX AO PASTEL DA BAZINHA,RUA ITAIMBE,271,APÓS A FBV / PRÓX AO PASTEL DA BAZINHA,IPSEP,,,COLISÃO COM CICLISTA,ENTRE AUTO E BIKE. CICLISTA SOLICITA O BAFÔMETRO NO LOCAL, ALEGANDO QUE O MOTORISTA APRESENTA SINAIS DE EMBRIAGUEZ.,1,,,1,,,,,,0,,,,,,,,,,,,,,,,,,,
2019-01-30,22:22:00,SEM VÍTIMA,FINALIZADA,AFOGADOS,RUA SAO MIGUEL,,,EM FRENTE AO 1421,RUA SAO MIGUEL,,EM FRENTE AO 1421,AFOGADOS,,SUBURBIO,ABALROAMENTO LONGITUDINAL,ENTRE ÕNIBUS E AUTO PASSEIO. S/V,1,,,,,1,,,,0,,Longo da via,Bom,Sem defeito,Perfeito estado,Seca,Perfeito estado,Faixa de pedestre,Não há placas,,Dupla,Faixa contínua,Faixa seccionada,,,,,,,
2019-01-31,00:07:00,COM VÍTIMA,FINALIZADA,JARDIM SÃO PAULO,AV RECIFE,5635,RUA SENADOR ALBERTO PASQUALINI,PROX AO MOTEL ESTORIL, SENTIDO BOA VIAGEM,AV RECIFE,5635,PROX AO MOTEL ESTORIL, SENTIDO BOA VIAGEM,JARDIM SÃO PAULO,259,,ABALROAMENTO TRANSVERSAL,COLISÃO ENTRE AUTO E MOTO C/V,1,1,,,,,,,,1,,Cruzamento,Bom,Sem defeito,Perfeito estado,Seca,Perfeito estado,Faixa de pedestre,Outras,50 km/h,Única,Faixa contínua,Faixa seccionada,,,,,
2019-01-31,03:21:00,SEM VÍTIMA,FINALIZADA,CABANGA,PTE GOVERNADOR PAULO GUERRA,,,,PTE GOVERNADOR PAULO GUERRA,,,CABANGA,,CIDADE,CHOQUE OBJETO FIXO,AUTO CHOCOU-SE COM MURETA E ATRAVESSADO NA VIA, PODENDO VIR A OCASIONAR OUTRO ACIDENTE NO LOCAL,1,,,,,,,,,0,,Viaduto,Bom,Não existe,Perfeito estado,Seca,Perfeito estado,Não existe,Não há placas,60 km/h,Única,Faixa contínua,,,,,,,
2019-01-31,03:21:00,SEM VÍTIMA,CANCELADA,ENCRUZILHADA,AV JOAO DE BARROS,,AV NORTE,EM FRENTE AO BANCO SANTANDER,AV JOAO DE BARROS,,EM FRENTE AO BANCO SANTANDER,ENCRUZILHADA,43,,COLISÃO,COLISÃO ENTRE DOIS AUTOS, SEM VÍTIMAS.,2,,,,,,,,,0,,,,,,,,,,,,,,,,,,,
2019-01-31,05:39:00,SEM VÍTIMA,FINALIZADA,ESTÂNCIA,AV RECIFE,,RUA MARQUES DE ITANHAEM,SEMÁFORO 261,AV RECIFE,,SEMÁFORO 261,ESTÂNCIA,,,COLISÃO TRASEIRA,COLISÃO ENTRE AUTO E MOTO, SEM VÍTIMAS.,1,1,,,,,,,,0,,Cruzamento,Bom,Sem defeito,Perfeito estado,Seca,Perfeito estado,Faixa de pedestre,Não há placas,,Dupla,Faixa seccionada,Canteiro central,,,,,,
2019-01-31,07:46:00,COM VÍTIMA,FINALIZADA,IMBIRIBEIRA,AV MARECHAL MASCARENHAS DE MORAES,6211,,EM FRENTE A INFRAERO, SENT. JABOATÃO,AV MARECHAL MASCARENHAS DE MORAES,6211,EM FRENTE A INFRAERO, SENT. JABOATÃO,IMBIRIBEIRA,625,SUBURBIO,COLISÃO TRASEIRA,AUTO E MOTO,1,1,,,,,,,,1,,Longo da via,Bom,Sem defeito,Perfeito estado,Seca,Perfeito estado,Faixa de pedestre,Não há placas,60 km/h,Dupla,Canteiro central,,,,,,
2019-01-31,08:09:00,SEM VÍTIMA,FINALIZADA,SANTO AMARO,AV PREFEITO ARTUR LIMA CAVALCANTI,,,PRÓXIMO A AV CRUZ CABUGÁ,AV PREFEITO ARTUR LIMA CAVALCANTI,,PRÓXIMO A AV CRUZ CABUGÁ,SANTO AMARO,343,CIDADE,COLISÃO TRASEIRA,DOIS AUTOS,2,,,,,,,,,0,,Longo da via,Bom,Sem defeito,Perfeito estado,Seca,Perfeito estado,Faixa de pedestre,Não há placas,,Dupla,Canteiro central,,,,,,,,
2019-01-31,08:15:00,SEM VÍTIMA,FINALIZADA,AFOGADOS,LARGO DA PAZ,,,PROX AO POSTO DE SAUDE AGAMENON MAGALHAES EM FRENTE A ESTAÇÃO LARGO DA PAZ,LARGO DA PAZ,,PROX AO POSTO DE SAUDE AGAMENON MAGALHAES EM FRENTE A ESTAÇÃO LARGO DA PAZ,AFOGADOS,,,COLISÃO,COLISÃO SEM VITIMAS,1,,,,,,1,,,0,,,,,,,,,,,,,,,,,,,,
2019-01-31,09:10:00,SEM VÍTIMA,FINALIZADA,CASA AMARELA,RUA GUIMARAES PEIXOTO,,,SEMÁFORO 096,RUA GUIMARAES PEIXOTO,,SEMÁFORO 096,CASA AMARELA,96,SUBURBIO,COLISÃO TRASEIRA,COLISÃO SEM VITIMAS,2,,,,,,,,,0,,Cruzamento,Bom,Sem defeito,Perfeito estado,Seca,Perfeito estado,Faixa de pedestre,Outras,,Única,Não existe,,,,,,,,