data,hora,natureza_acidente,situacao,bairro,endereco,numero,detalhe_endereco_acidente,complemento,endereco_cruzamento,numero_cruzamento,referencia_cruzamento,bairro_cruzamento,num_semaforo,sentido_via,tipo,descricao,auto,moto,ciclom,ciclista,pedestre,onibus,caminhao,viatura,outros,vitimas,vitimasfatais,acidente_verificado,tempo_clima,situacao_semaforo,sinalizacao,condicao_via,conservacao_via,ponto_controle,situacao_placa,velocidade_max_via,mao_direcao,divisao_via1,divisao_via2,divisao_via3,,,,,,
2019-02-01,17:45:00,SEM VÍTIMA,FINALIZADA,IPUTINGA,RUA SAO MATEUS,,,PRÓXIMO A DELICATESSEM MASSA PURA,RUA SAO MATEUS,,PRÓXIMO A DELICATESSEM MASSA PURA,IPUTINGA,,SUBURBIO,COLISÃO TRASEIRA,COLISÃO SEM VÍTIMA,2,,,,,,,,,0,,Longo da via,Bom,Não existe,Não existente,Seca,Perfeito estado,Não existe,Não há placas,,Dupla,Não existe,,,,,,,,
2019-02-01,17:52:00,SEM VÍTIMA,FINALIZADA,IMBIRIBEIRA,AV MARECHAL MASCARENHAS DE MORAES,,,PRÓXIMO AO VIADUTO TANCREDO NEVES,AV MARECHAL MASCARENHAS DE MORAES,,PRÓXIMO AO VIADUTO TANCREDO NEVES,IMBIRIBEIRA,,CIDADE,COLISÃO TRASEIRA,DOIS AUTOS S/V,2,,,,,,,,,0,,Longo da via,Bom,Não existe,Incompleta,Seca,Perfeito estado,Não existe,Não há placas,,Dupla,Canteiro central,,,,,,,,
2019-02-01,18:11:00,SEM VÍTIMA,FINALIZADA,BOA VIAGEM,RUA PADRE CABRAL,,,EM FRENTE AO LAB. GILSON SIDRIN,RUA PADRE CABRAL,,EM FRENTE AO LAB. GILSON SIDRIN,BOA VIAGEM,,SUBURBIO,ABALROAMENTO TRANSVERSAL,COLISÃO SEM VÍTIMA,2,,,,,,,,,0,,Longo da via,Bom,Não existe,Perfeito estado,Seca,Perfeito estado,,Placas Pare,20 km/h,Dupla,Faixa contínua,,,,,,,,
2019-02-01,18:43:00,SEM VÍTIMA,FINALIZADA,DOIS IRMÃOS,RUA MANUEL DE MEDEIROS,S/N,,UFRPE,RUA MANUEL DE MEDEIROS,S/N,UFRPE,DOIS IRMÃOS,224,SUBURBIO,COLISÃO TRASEIRA,COLSÃO SEM VITIMAS,2,,,,,,,,,0,,,Bom,Sem defeito,Incompleta,Seca,Perfeito estado,,Não há placas,,Dupla,Não existe,,,,,,,,
2019-02-01,19:07:00,SEM VÍTIMA,FINALIZADA,BARRO,RUA PADRE DIOGO RODRIGUES,,RUA PADRE NOBREGA,,RUA PADRE DIOGO RODRIGUES,,,BARRO,,CIDADE,ABALROAMENTO TRANSVERSAL,COLISÃO SEM VÍTIMA,1,1,,,,,,,,0,,Cruzamento,Bom,Não existe,Não existente,Seca,Perfeito estado,Não existe,Não há placas,,Dupla,Faixa contínua,,,,,,,,
2019-02-01,19:50:00,SEM VÍTIMA,CANCELADA,BONGI,RUA HERCULES FLORENCE,,RUA OSCAR BERARDO,CASA DA FARINHA,RUA HERCULES FLORENCE,,CASA DA FARINHA,BONGI,,,ACID. DE PERCURSO,FALTA DE SINALIZAÇÃO EM OBRA DA COMPESA , CAMINHÃO COLIDIU COM POSTE NÃO DAR PRA VER A PLACA DO VEICULO POR FALTA DE ENERGIA NO LOCAL,,,,,,,,,,0,,,,,,,,,,,,,,,,,,,
2019-02-01,19:56:00,COM VÍTIMA,CANCELADA,BONGI,AV ENGENHEIRO ABDIAS DE CARVALHO,,,E/F A FARMACIA SANTA MARIA,AV ENGENHEIRO ABDIAS DE CARVALHO,,E/F A FARMACIA SANTA MARIA,BONGI,422,,COLISÃO,COLISÃO COM VITIMA,1,1,,,,,,,,1,,,,,,,,,,,,,,,,,,,,
2019-02-01,20:00:00,SEM VÍTIMA,FINALIZADA,DOIS IRMÃOS,RUA MANUEL DE MEDEIROS,,,EM FRENTE A FARMÁCIA LAFEPE,RUA MANUEL DE MEDEIROS,,EM FRENTE A FARMÁCIA LAFEPE,DOIS IRMÃOS,,SUBURBIO,ABALROAMENTO LONGITUDINAL,VITIMA S/V,2,,,,,,,,,0,,Longo da via,Bom,Não existe,Incompleta,Seca,Mal conservada,Não existe,R-6a,,Dupla,Não existe,,,,,,,,
2019-02-01,21:02:00,SEM VÍTIMA,FINALIZADA,ILHA DO LEITE,AV GOVERNADOR AGAMENON MAGALHAES,,,AO LADO DO REAL HOSPITAL PORTUGUÊS,AV GOVERNADOR AGAMENON MAGALHAES,,AO LADO DO REAL HOSPITAL PORTUGUÊS,ILHA DO LEITE,,SUBURBIO,ABALROAMENTO LONGITUDINAL,,1,1,,,,,,,,0,,Longo da via,Bom,Não existe,Perfeito estado,Seca,Perfeito estado,Não existe,Não há placas,,Única,Faixa seccionada,Canteiro central,,,,,,,
2019-02-01,21:04:00,COM VÍTIMA,FINALIZADA,ESPINHEIRO,RUA CONS PORTELA,,RUA QUARENTA E OITO,E/F A FARMACIA PAGUE MENOS,RUA CONS PORTELA,,E/F A FARMACIA PAGUE MENOS,ESPINHEIRO,11,,ATROPELAMENTO,COM VITIMA,1,,,,1,,,,,1,,Cruzamento,Bom,Sem defeito,Perfeito estado,Seca,Perfeito estado,Faixa de pedestre,,,Única,Faixa contínua,Faixa seccionada,,,,,,,
2019-02-01,23:38:00,COM VÍTIMA,FINALIZADA,IMBIRIBEIRA,RUA ARQUITETO LUIZ NUNES,201,RUA ENGENHEIRO JOSE BRANDAO CAVALCANTE,EM FRENTE AO EDIF. PINHEIROS,RUA ARQUITETO LUIZ NUNES,201,EM FRENTE AO EDIF. PINHEIROS,IMBIRIBEIRA,,CIDADE,ABALROAMENTO TRANSVERSAL,COLISÃO COM VITIMA, SOLICITANTE TRATA-SE DE UM PARENTE (GENRO),,2,,,,,,,,1,,Cruzamento,Bom,Não existe,Perfeito estado,Seca,Perfeito estado,Não existe,Outras,,Dupla,Faixa contínua,Faixa seccionada,,,,,,
2019-02-02,00:08:00,COM VÍTIMA,FINALIZADA,BREJO DA GUABIRABA,AV VEREADOR OTACILIO AZEVEDO,,,EM FRENTE AO CLUBE DA FAZENDA, EM FRENTE AO GINASIO DO MARRETÃO,AV VEREADOR OTACILIO AZEVEDO,,EM FRENTE AO CLUBE DA FAZENDA, EM FRENTE AO GINASIO DO MARRETÃO,BREJO DA GUABIRABA,,CIDADE,ABALROAMENTO LONGITUDINAL,COLISÃO ENTRE DUAS MOTOS, C/V,,2,,,,,,,,3,,Longo da via,Bom,Não existe,Perfeito estado,Molhada,Perfeito estado,Não existe,Não há placas,,Única,Faixa seccionada,,,,,
2019-02-02,00:45:00,COM VÍTIMA,FINALIZADA,CASA FORTE,AV DEZESSETE DE AGOSTO,2187,,EM FRENTE AO MUSEU DO HOMEM DO NORDESTE, EM FRENTE A CEF.,AV DEZESSETE DE AGOSTO,2187,EM FRENTE AO MUSEU DO HOMEM DO NORDESTE, EM FRENTE A CEF.,CASA FORTE,,SUBURBIO,ABALROAMENTO TRANSVERSAL,COLISÃO ENTREAUTO E MOTO C/V,1,1,,,,,,,,1,,Longo da via,Bom,Não existe,Perfeito estado,Seca,Perfeito estado,Faixa de pedestre,Não há placas,,Dupla,Faixa contínua,Faixa seccionada,,,,,
2019-02-02,06:46:00,SEM VÍTIMA,FINALIZADA,PRADO,AV ENGENHEIRO ABDIAS DE CARVALHO,,,EM FRENTE A BIG CAR,AV ENGENHEIRO ABDIAS DE CARVALHO,,EM FRENTE A BIG CAR,PRADO,,CIDADE,ABALROAMENTO LONGITUDINAL,DOIS AUTOS E MOTO,2,1,,,,,,,,0,,Longo da via,Bom,Sem defeito,Perfeito estado,Seca,Perfeito estado,,Outras,,Dupla,Canteiro central,,,,,,,,
2019-02-02,07:11:00,SEM VÍTIMA,CANCELADA,JARDIM SÃO PAULO,AV RECIFE,6165,,EM FRENTE A DISTRIBUIDORA TUDO EM INOX,AV RECIFE,6165,EM FRENTE A DISTRIBUIDORA TUDO EM INOX,JARDIM SÃO PAULO,,BOA VIAGEM,COLISÃO,SEM VITIMAS,1,,,,,,1,,,0,,,,,,,,,,,,,,,,,,,,
2019-02-02,07:18:00,COM VÍTIMA,FINALIZADA,ILHA DO LEITE,AV FREI MATIAS TEVES,,RUA SENADOR JOSE HENRIQUE,EM FRENTE AO HOSPITAL ALBERT SABIM,AV FREI MATIAS TEVES,,EM FRENTE AO HOSPITAL ALBERT SABIM,ILHA DO LEITE,,SUBURBIO,ABALROAMENTO TRANSVERSAL,COLISÃO COM VITIMA,3,1,,,,,,,,1,,Cruzamento,Bom,Não existe,Perfeito estado,Seca,Perfeito estado,Faixa de pedestre,Placas Pare,40 km/h,Única,Faixa seccionada,,,,,,,,
2019-02-02,07:36:00,SEM VÍTIMA,CANCELADA,TAMARINEIRA,AV NORTE,,,APÓS A CONEGO BARATA,AV NORTE,,APÓS A CONEGO BARATA,TAMARINEIRA,,,COLISÃO,COLISÃO COM VITIMA,,,,,,,,,,0,,,,,,,,,,,,,,,,,,,,
2019-02-02,08:33:00,SEM VÍTIMA,FINALIZADA,PRADO,RUA SANTA EDWIRGES,182,RUA PINTO JUNIOR,,RUA SANTA EDWIRGES,182,,PRADO,,CIDADE,ABALROAMENTO TRANSVERSAL,SEM VÍTIMAS,2,,,,,,,,,0,,Longo da via,Bom,Não existe,Perfeito estado,Seca,Perfeito estado,Não existe,R-6a,,Única,Não existe,,,,,,,,
2019-02-02,08:44:00,SEM VÍTIMA,CANCELADA,CASA AMARELA,RUA SANTA IZABEL,282,,EM FRENTE À IGREJA CATOLICA,RUA SANTA IZABEL,282,EM FRENTE À IGREJA CATOLICA,CASA AMARELA,,,COLISÃO,COLISÃO ENTRE DOIS AUTOS SEM VÍTIMAS,2,,,,,,,,,0,,,,,,,,,,,,,,,,,,,,
2019-02-02,08:46:00,SEM VÍTIMA,FINALIZADA,BOA VIAGEM,AV ENGENHEIRO DOMINGOS FERREIRA,3704,,EM FRENTE AO INSTITUTO GASTRONÔMICO DAS AMÉRICAS,AV ENGENHEIRO DOMINGOS FERREIRA,3704,EM FRENTE AO INSTITUTO GASTRONÔMICO DAS AMÉRICAS,BOA VIAGEM,,SUBURBIO,ABALROAMENTO LONGITUDINAL,ONIBUS E AUTO,1,,,,,1,,,,0,,Longo da via,Bom,Não existe,Perfeito estado,Seca,Perfeito estado,Outros,Outras,60 km/h,Única,Canteiro central,,,,,,,,
2019-02-02,09:57:00,SEM VÍTIMA,FINALIZADA,IMBIRIBEIRA,AV MARECHAL MASCARENHAS DE MORAES,7935,,EM FRENTE A LOJA MP MULTIMARCAS,AV MARECHAL MASCARENHAS DE MORAES,7935,EM FRENTE A LOJA MP MULTIMARCAS,IMBIRIBEIRA,,CIDADE,COLISÃO TRASEIRA,COLISÃO SEM VITIMAS VT 26 QTH,2,,,,,,,,,0,,Longo da via,Chuvoso,Sem defeito,Perfeito estado,Molhada,Perfeito estado,Não existe,Não há placas,,Dupla,Canteiro central,,,,,,,,
2019-02-02,10:18:00,SEM VÍTIMA,FINALIZADA,APIPUCOS,RUA DE APIPUCOS,1222,,AO LADO DO 11º BPM,RUA DE APIPUCOS,1222,AO LADO DO 11º BPM,APIPUCOS,248,CIDADE,CHOQUE OBJETO FIXO,CONDUTOR COLIDIU CONTRA POSTE SEM VITIMAS,,,,,,1,,,,0,,Longo da via,Bom,Sem defeito,Perfeito estado,Seca,Perfeito estado,Faixa de pedestre,Outras,,Dupla,Faixa contínua,,,,,,,,
2019-02-02,11:27:00,SEM VÍTIMA,CANCELADA,VÁRZEA,RUA VALE DO SIRIJI,,,NO MEIO DA LADEIRA DO UR7,RUA VALE DO SIRIJI,,NO MEIO DA LADEIRA DO UR7,VÁRZEA,,,COLISÃO,SEM VITIMAS,2,,,,,,,,,0,,,,,,,,,,,,,,,,,,,,
2019-02-02,14:20:00,SEM VÍTIMA,FINALIZADA,IMBIRIBEIRA,RUA BARAO DE AGUA BRANCA,,RUA DUQUE ESTRADA,,RUA BARAO DE AGUA BRANCA,,,IMBIRIBEIRA,,,ABALROAMENTO TRANSVERSAL,COLISAO ENTRE DOIS AUTOS S/V,2,,,,,,,,,0,,Cruzamento,Bom,Não existe,Perfeito estado,Seca,Perfeito estado,Não existe,Placas Pare,,Dupla,Não existe,,,,,,,,
2019-02-02,14:30:00,SEM VÍTIMA,CANCELADA,BOA VISTA,RUA DA AURORA,,,EM FRENTE AO CINEMA SAO LUIZ,RUA DA AURORA,,EM FRENTE AO CINEMA SAO LUIZ,BOA VISTA,,,COLISÃO,COLISAO ENVOLVENDO AUTO E ONIBUS,1,,,,,1,,,,0,,,,,,,,,,,,,,,,,,,,
2019-02-02,14:44:00,SEM VÍTIMA,FINALIZADA,ILHA DO RETIRO,RUA TABAIARES,297,,LADO OPOSTO AO SEBRAE,RUA TABAIARES,297,LADO OPOSTO AO SEBRAE,ILHA DO RETIRO,,CIDADE,ABALROAMENTO TRANSVERSAL,COLISÃO ENVOLVENDO DOIS AUTOS (INCLUINDO, UMA VT DA GCMR- PATRIMÔNIO),1,,,,,,,1,,0,,Longo da via,Bom,Não existe,Não existente,Seca,Perfeito estado,Não existe,Não há placas,,Dupla,Não existe,,,,,,,
2019-02-02,15:23:00,SEM VÍTIMA,FINALIZADA,BOA VIAGEM,AV FERNANDO SIMOES BARBOSA,,RUA BRUNO VELOSO,SEMÁFORO 335,AV FERNANDO SIMOES BARBOSA,,SEMÁFORO 335,BOA VIAGEM,335,CIDADE,ABALROAMENTO TRANSVERSAL,COLISÃO SEM VÍTIMA,2,,,,,,,,,0,,Cruzamento,Bom,Sem defeito,Perfeito estado,Seca,Perfeito estado,Faixa de pedestre,,,Única,,,,,,,,,
2019-02-02,15:57:00,SEM VÍTIMA,CANCELADA,AREIAS,RUA ERNESTO NAZARETH,516,,EM FRENTE AO BODE DOS IRMAOS,RUA ERNESTO NAZARETH,516,EM FRENTE AO BODE DOS IRMAOS,AREIAS,,,COLISÃO,AUTO E MOTO S/V,1,1,,,,,,,,0,,,,,,,,,,,,,,,,,,,,
2019-02-02,16:35:00,SEM VÍTIMA,FINALIZADA,MADALENA,AV BEIRA RIO,,,AO LADO DA ACADEMIA DA CIDADE, PRÓXIMO À PONTE DA TORRE.,AV BEIRA RIO,,AO LADO DA ACADEMIA DA CIDADE, PRÓXIMO À PONTE DA TORRE.,MADALENA,77,,COLISÃO,COLISAO ENTRE DOIS AUTOS S/V,2,,,,,,,,,0,,,,,,,,,,,,,,,,,,
2019-02-02,17:41:00,COM VÍTIMA,FINALIZADA,DERBY,RUA JENER DE SOUZA,,PRC DO DERBY,EM FRENTE AO QUARTEL,RUA JENER DE SOUZA,,EM FRENTE AO QUARTEL,DERBY,,SUBURBIO,COLISÃO,COLISÃO COM VÍTIMA,1,,1,,,,,,,1,,Cruzamento,Bom,Não existe,Perfeito estado,Seca,Perfeito estado,Faixa de retenção,Não há placas,,Dupla,Canteiro central,,,,,,,,
2019-02-02,19:40:00,COM VÍTIMA,FINALIZADA,BARRO,AV DR JOSE RUFINO,2060,,E/F AO EDF PORTO DAS PALMEIRAS / PRÓX AO IMPERIO / SNT JABOATÃO,AV DR JOSE RUFINO,2060,E/F AO EDF PORTO DAS PALMEIRAS / PRÓX AO IMPERIO / SNT JABOATÃO,BARRO,213,CIDADE,ABALROAMENTO TRANSVERSAL,ENTRE AUTO E MOYO. C/V,1,1,,,,,,,,1,,Longo da via,Bom,Sem defeito,Perfeito estado,Seca,Perfeito estado,Faixa de pedestre,Não há placas,,Dupla,Faixa contínua,,,,,,,,
2019-02-02,20:13:00,SEM VÍTIMA,FINALIZADA,TAMARINEIRA,RUA CONEGO BARATA,,,E/F AO ARMAZÉM FERREIRA COSTA / AO LADO DO HOSPITAL HELENA MOURA,RUA CONEGO BARATA,,E/F AO ARMAZÉM FERREIRA COSTA / AO LADO DO HOSPITAL HELENA MOURA,TAMARINEIRA,,,COLISÃO,ENTRE 2 AUTOS. S/V,2,,,,,,,,,0,,,,,,,,,,,,,,,,,,,,
2019-02-02,21:35:00,SEM VÍTIMA,FINALIZADA,ESTÂNCIA,AV DR JOSE RUFINO,790,,E/F AO BRINK KIDS / PRÓX AO VIADUTO E CORREIOS,AV DR JOSE RUFINO,790,E/F AO BRINK KIDS / PRÓX AO VIADUTO E CORREIOS,ESTÂNCIA,,SUBURBIO,COLISÃO FRONTAL,ENTRE KOMBI E AUTO. S/V,2,,,,,,,,,0,,Longo da via,Bom,Não existe,Perfeito estado,Seca,Perfeito estado,Não existe,Não há placas,,Dupla,Faixa contínua,Faixa seccionada,,,,,,,
2019-02-03,02:26:00,SEM VÍTIMA,FINALIZADA,AFOGADOS,AV MARECHAL MASCARENHAS DE MORAES,,,PONTE MOTOCOLOMBÓ,AV MARECHAL MASCARENHAS DE MORAES,,PONTE MOTOCOLOMBÓ,AFOGADOS,39,CIDADE,CHOQUE OBJETO FIXO,CONDUTOR PERDEU O CONTROLE DO VEÍCULO E CHOCOU-SE CONTRA O SEMÁFORO DE NÚMERO 39,1,,,,,,,,,0,,Longo da via,Bom,Sem defeito,Perfeito estado,Seca,Perfeito estado,,,,Dupla,Canteiro central,,,,,,,,
2019-02-03,10:35:00,SEM VÍTIMA,CANCELADA,VÁRZEA,AV AFONSO OLINDENSE,3841,,E/F A A PRAÇA PINTO DAMÁSIO,AV AFONSO OLINDENSE,3841,E/F A A PRAÇA PINTO DAMÁSIO,VÁRZEA,,,COLISÃO,SEM VÍTIMAS,2,,,,,,,,,0,,,,,,,,,,,,,,,,,,,,
2019-02-03,12:58:00,SEM VÍTIMA,FINALIZADA,TEJIPIÓ,AV DR JOSE RUFINO,,RUA ITANHENGA,SOB O SEMÁFORO 208,AV DR JOSE RUFINO,,SOB O SEMÁFORO 208,TEJIPIÓ,208,SUBURBIO,COLISÃO TRASEIRA,ENTRE DOIS AUTOS S/V,2,,,,,,,,,0,,Longo da via,Chuvoso,Sem defeito,Perfeito estado,Seca,Perfeito estado,Faixa de pedestre,R-6a,40 km/h,Dupla,,,,,,,,,
2019-02-03,13:44:00,COM VÍTIMA,FINALIZADA,IPUTINGA,RUA N S DA SAUDE,385,RUA JOAO ROSENDO,AO LADO DO TERMINAL DA TORRE,RUA N S DA SAUDE,385,AO LADO DO TERMINAL DA TORRE,IPUTINGA,,,ABALROAMENTO TRANSVERSAL,ENTRE DUAS MOTOS C/V,,2,,,,,,,,2,,Cruzamento,Bom,Não existe,Perfeito estado,Seca,Perfeito estado,Não existe,Não há placas,,Dupla,Faixa contínua,,,,,,,,
2019-02-03,13:46:00,SEM VÍTIMA,FINALIZADA,BOA VIAGEM,RUA PADRE BERNADINO PESSOA,663,RUA MINISTRO NELSON HUNGRIA,,RUA PADRE BERNADINO PESSOA,663,,BOA VIAGEM,,SUBURBIO,ABALROAMENTO TRANSVERSAL,ENTRE DOIS AUTOS S/V,2,,,,,,,,,0,,Cruzamento,Chuvoso,Não existe,Perfeito estado,Molhada,Perfeito estado,Outros,Outras,,Única,,,,,,,,,
2019-02-03,15:01:00,SEM VÍTIMA,CANCELADA,GRAÇAS,AV RUI BARBOSA,550,,EM FRENTE A PIZZARIA ATLANTICO,AV RUI BARBOSA,550,EM FRENTE A PIZZARIA ATLANTICO,GRAÇAS,,,COLISÃO,ENTRE DOIS AUTOS,2,,,,,,,,,0,,,,,,,,,,,,,,,,,,,,
2019-02-03,15:53:00,SEM VÍTIMA,FINALIZADA,ILHA DO RETIRO,RUA TABAIARES,403,,AO LADO DO SPORT,RUA TABAIARES,403,AO LADO DO SPORT,ILHA DO RETIRO,,CIDADE,COLISÃO TRASEIRA,COLISÃO SEM VÍTIMA,2,,,,,,,,,0,,Cruzamento,Chuvoso,Não existe,Não existente,Molhada,Mal conservada,Não existe,Não há placas,,Dupla,Não existe,,,,,,,,
2019-02-03,16:33:00,SEM VÍTIMA,FINALIZADA,IMBIRIBEIRA,AV MARECHAL MASCARENHAS DE MORAES,,,AO LADO DO BANCO DA CAIXA,AV MARECHAL MASCARENHAS DE MORAES,,AO LADO DO BANCO DA CAIXA,IMBIRIBEIRA,,,ABALROAMENTO LONGITUDINAL,DOIS AUTOS S/V,2,,,,,,,,,0,,Longo da via,Chuvoso,Não existe,Perfeito estado,Molhada,Perfeito estado,Não existe,R-6c,,Dupla,Canteiro central,,,,,,,,
2019-02-03,17:25:00,COM VÍTIMA,FINALIZADA,AFOGADOS,RUA VINTE E UM DE ABRIL,,,EM FRENTE A JR. SUCATA,RUA VINTE E UM DE ABRIL,,EM FRENTE A JR. SUCATA,AFOGADOS,,,CHOQUE OBJETO FIXO,COM VÍTIMA/ A VÍTIMA FOI SOCORRIDA PELO SAMU E O RESPONSAVEL DA MOTO ESTA NO LOCAL,,1,,,,,,,,1,,Longo da via,Chuvoso,Não existe,Perfeito estado,Molhada,Perfeito estado,Faixa de pedestre,R-6a,,Única,Não existe,,,,,,,,
2019-02-03,22:11:00,COM VÍTIMA,FINALIZADA,PARNAMIRIM,EST DO ENCANAMENTO,,RUA FERREIRA LOPES,,EST DO ENCANAMENTO,,,PARNAMIRIM,462,CIDADE,ABALROAMENTO LONGITUDINAL,COLISÃO COM VÍTIMA,1,1,,,,,,,,1,,Cruzamento,Chuvoso,Sem defeito,Perfeito estado,Molhada,Perfeito estado,Outros,R-6a,,Única,Faixa seccionada,,,,,,,,
2019-02-03,22:17:00,SEM VÍTIMA,FINALIZADA,IBURA,AV DOIS RIOS,1399,,EMBAIXO DO VIADUTO,AV DOIS RIOS,1399,EMBAIXO DO VIADUTO,IBURA,,SUBURBIO,CHOQUE VEÍCULO PARADO,COLISÃO S/V,1,1,,,,,,,,0,,Longo da via,Chuvoso,Não existe,Incompleta,Molhada,Mal iluminada,,Não há placas,,Dupla,Faixa contínua,,,,,,,,
2019-02-04,06:13:00,COM VÍTIMA,FINALIZADA,CASA FORTE,EST DO ENCANAMENTO,277,,EM FRENTE À ESCOLA JOSÉ VILELA,EST DO ENCANAMENTO,277,EM FRENTE À ESCOLA JOSÉ VILELA,CASA FORTE,462,,COLISÃO,ÔNIBUS X MOTO C/V.,,1,,,,1,,,,2,,,,,,,,,,,,,,,,,,,,
2019-02-04,07:02:00,SEM VÍTIMA,FINALIZADA,VÁRZEA,AV BARAO DE BONITO,,RUA ENGENHEIRO VASCONCELOS BITTENCOURT,EM FRENTE A PADARIA SEMPRE VIVA,AV BARAO DE BONITO,,EM FRENTE A PADARIA SEMPRE VIVA,VÁRZEA,,CIDADE,ABALROAMENTO LONGITUDINAL,SEM VITIMAS,1,,,,,,1,,,0,,Cruzamento,Chuvoso,Não existe,Perfeito estado,Molhada,Perfeito estado,Não existe,Não há placas,,Dupla,Não existe,,,,,,,,
2019-02-04,07:15:00,SEM VÍTIMA,FINALIZADA,,AV BARAO DE BONITO,,RUA ENGENHEIRO VASCONCELOS BITTENCOURT,EM FRENTE A PADARIA SEMPRE VIVA,AV BARAO DE BONITO,,EM FRENTE A PADARIA SEMPRE VIVA,,,SUBURBIO,ABALROAMENTO TRANSVERSAL,DOIS AUTOS,2,,,,,,,,,0,,Cruzamento,Chuvoso,Não existe,Não existente,,Perfeito estado,Não existe,Não há placas,,Dupla,Não existe,,,,,,,,
2019-02-04,07:23:00,COM VÍTIMA,FINALIZADA,SÃO JOSÉ,RUA IMPERIAL,981,TRV DO RAPOSO,EM FRENTE A CARDIF,RUA IMPERIAL,981,EM FRENTE A CARDIF,SÃO JOSÉ,510,SUBURBIO,ABALROAMENTO TRANSVERSAL,COLISÃO ENTRE AUTO E MOTO,1,1,,,,,,,,1,,Cruzamento,Chuvoso,Sem defeito,Perfeito estado,Molhada,Perfeito estado,Faixa de pedestre,Outras,60 km/h,Única,Faixa contínua,,,,,,,,
2019-02-04,07:42:00,SEM VÍTIMA,FINALIZADA,BOA VIAGEM,RUA VISCONDE DE JEQUITINHONHA,,,PRÓXIMO AO SEMÁFORO 258,RUA VISCONDE DE JEQUITINHONHA,,PRÓXIMO AO SEMÁFORO 258,BOA VIAGEM,,SUBURBIO,COLISÃO TRASEIRA,SEM VÍTIMAS,2,,,,,,,,,0,,Longo da via,Chuvoso,Sem defeito,Perfeito estado,Molhada,Perfeito estado,Faixa de pedestre,Não há placas,,Dupla,Canal,,,,,,,,
2019-02-04,07:55:00,SEM VÍTIMA,FINALIZADA,BOA VIAGEM,RUA PROFESSOR JOSE BRANDAO,135,,PRÓX AO HOTEL JULIETA,RUA PROFESSOR JOSE BRANDAO,135,PRÓX AO HOTEL JULIETA,BOA VIAGEM,,,COLISÃO,ENTRE AUTOS S/V.,2,,,,,,,,,0,,,,,,,,,,,,,,,,,,,,
2019-02-04,08:15:00,SEM VÍTIMA,FINALIZADA,IBURA,RUA RIO XINGU,,,AO LADO DA ECO ESTACÃO,RUA RIO XINGU,,AO LADO DA ECO ESTACÃO,IBURA,,SUB/CID,ABALROAMENTO LONGITUDINAL,SEM VITIMAS,1,,,,,,1,,,0,,Longo da via,Chuvoso,Não existe,Não existente,Molhada,Mal conservada,Outros,Outras,,Dupla,Faixa,,,,,,,,
2019-02-04,08:36:00,SEM VÍTIMA,FINALIZADA,VÁRZEA,AV CAXANGA,,,EM FRENTE A UPA,AV CAXANGA,,EM FRENTE A UPA,VÁRZEA,281,SUBURBIO,ABALROAMENTO LONGITUDINAL,DOIS AUTOS VT- 29 SUB. PAULINO NO LOCAL,2,,,,,,,,,0,,Cruzamento,Chuvoso,Sem defeito,Perfeito estado,Molhada,Perfeito estado,Faixa de pedestre,Não há placas,,Dupla,Canteiro central,,,,,,,,
2019-02-04,09:13:00,SEM VÍTIMA,FINALIZADA,IMBIRIBEIRA,RUA MANOEL SERAFIM DO COUTO,65,,PRÓX À ESTAÇÃO DA IMBIRIBEIRA // EM FRENTE AO CENTRO SOCIAL AFRANIO GODOY,RUA MANOEL SERAFIM DO COUTO,65,PRÓX À ESTAÇÃO DA IMBIRIBEIRA // EM FRENTE AO CENTRO SOCIAL AFRANIO GODOY,IMBIRIBEIRA,,SUBURBIO,CHOQUE VEÍCULO PARADO,AUTO X CAMINHÃO S/V,2,,,,,,,,,0,,Longo da via,Chuvoso,Não existe,Não existente,Molhada,Mal iluminada,Não existe,Não há placas,,Dupla,Não existe,,,,,,,,
2019-02-04,10:04:00,SEM VÍTIMA,FINALIZADA,NOVA DESCOBERTA,RUA ALTO DO RESERVATORIO,951,,,RUA ALTO DO RESERVATORIO,951,,NOVA DESCOBERTA,,,ABALROAMENTO LONGITUDINAL,,1,,,,,,1,,,0,,Longo da via,Chuvoso,Não existe,Não existente,Seca,Perfeito estado,Não existe,Não há placas,,Dupla,Não existe,,,,,,,,
2019-02-04,10:58:00,SEM VÍTIMA,FINALIZADA,BOA VIAGEM,RUA FRANCISCO DA CUNHA,293,RUA PROFESSOR EDUARDO WANDERLEY FILHO,EM FRENTE AO COLEGIO BOA VIAGEM,RUA FRANCISCO DA CUNHA,293,EM FRENTE AO COLEGIO BOA VIAGEM,BOA VIAGEM,,,COLISÃO,SEM VITIMAS,CRIANÇA DE UM ANO E QUATRO MESES NO VEÍCULO,2,,,,,,,,,0,,,,,,,,,,,,,,,,,,,
2019-02-04,11:12:00,SEM VÍTIMA,FINALIZADA,CORDEIRO,AV GENERAL SAN MARTIN,,RUA GOMES TABORDA,,AV GENERAL SAN MARTIN,,,CORDEIRO,67,SUBURBIO,ABALROAMENTO LONGITUDINAL,SEM VITIMAS.CTTU NO LOCAL VT24,2,,,,,,,,,0,,Cruzamento,Bom,Sem defeito,Perfeito estado,Seca,Perfeito estado,Faixa de pedestre,R-6a,,Dupla,Faixa seccionada,,,,,,,,
2019-02-04,11:35:00,COM VÍTIMA,FINALIZADA,IMBIRIBEIRA,AV MARECHAL MASCARENHAS DE MORAES,4741,RUA JOAO PEDRO DA SILVA,LADO OPOSTO AO HOTEL AEROPORTO,AV MARECHAL MASCARENHAS DE MORAES,4741,LADO OPOSTO AO HOTEL AEROPORTO,IMBIRIBEIRA,,CIDADE,ABALROAMENTO LONGITUDINAL,COLISÃO ENTRE AUTO E MOTO.,1,1,,,,,,,,1,,Longo da via,Chuvoso,Não existe,Perfeito estado,Molhada,Perfeito estado,,Não há placas,60 km/h,Única,Canteiro central,,,,,,,,