data,hora,natureza_acidente,situacao,bairro,endereco,numero,detalhe_endereco_acidente,complemento,endereco_cruzamento,numero_cruzamento,referencia_cruzamento,bairro_cruzamento,num_semaforo,sentido_via,tipo,descricao,auto,moto,ciclom,ciclista,pedestre,onibus,caminhao,viatura,outros,vitimas,vitimasfatais,acidente_verificado,tempo_clima,situacao_semaforo,sinalizacao,condicao_via,conservacao_via,ponto_controle,situacao_placa,velocidade_max_via,mao_direcao,divisao_via1,divisao_via2,divisao_via3,,,,,,
2019-02-04,12:52:00,COM VÍTIMA,FINALIZADA,BOA VIAGEM,AV VINTE DE JANEIRO,1156,,EM FRENTE AO COLEGIO DOURADO. POSTE B012063,AV VINTE DE JANEIRO,1156,EM FRENTE AO COLEGIO DOURADO. POSTE B012063,BOA VIAGEM,,CIDADE,COLISÃO FRONTAL,COLISÃO ENTRE AUTO E MOTO.,1,1,,,,,,,,1,,Cruzamento,Bom,Não existe,Incompleta,Seca,Mal conservada,Não existe,Placas Pare,,Dupla,Não existe,,,,,,,,
2019-02-04,13:31:00,COM VÍTIMA,FINALIZADA,PINA,AV ANTONIO DE GOES,275,,APOS O JCPM,AV ANTONIO DE GOES,275,APOS O JCPM,PINA,,CIDADE,COLISÃO TRASEIRA,COLISAO ENTRE MOTO E CAMINHAO C/V,,1,,,,,1,,,1,,Longo da via,Bom,Não existe,Perfeito estado,Seca,Perfeito estado,Outros,,60 km/h,Única,Faixa seccionada,,,,,,,,
2019-02-04,14:41:00,COM VÍTIMA,FINALIZADA,TOTÓ,RUA ONZE DE AGOSTO,,RUA MARIA AUGUSTA VILA CHAN,E/F A COMPESA,RUA ONZE DE AGOSTO,,E/F A COMPESA,TOTÓ,,SUBURBIO,ABALROAMENTO LONGITUDINAL,COLISAO ENTRE AUTO E MOTO.,1,1,,,,,,,,1,,Longo da via,Bom,Não existe,Não existente,Seca,Perfeito estado,Não existe,Não há placas,,Dupla,Não existe,,,,,,,,
2019-02-04,15:06:00,SEM VÍTIMA,CANCELADA,BOA VIAGEM,RUA PROF PEDRO AUGUSTO CARNEIRO LEAO,,,POR TRAS DO SHOPPING RECIFE AO LADO DA FACULDADE DO COLEGIO MOTIVO,RUA PROF PEDRO AUGUSTO CARNEIRO LEAO,,POR TRAS DO SHOPPING RECIFE AO LADO DA FACULDADE DO COLEGIO MOTIVO,BOA VIAGEM,,,COLISÃO,COLISAO ENTRE DOIS AUTOS S/V,2,,,,,,,,,0,,,,,,,,,,,,,,,,,,,,
2019-02-04,15:12:00,SEM VÍTIMA,CANCELADA,IMBIRIBEIRA,RUA ARTUR MOURA,77,,POR TRAZ DA FAC. UNIVERSO E A LINHA DO TREM,RUA ARTUR MOURA,77,POR TRAZ DA FAC. UNIVERSO E A LINHA DO TREM,IMBIRIBEIRA,,,COLISÃO,COLISÃO SEM VITIMAS,1,,,,,,1,,,0,,,,,,,,,,,,,,,,,,,,
2019-02-04,15:12:00,SEM VÍTIMA,FINALIZADA,AFOGADOS,RUA SAO MIGUEL,113,RUA PEDRO CABRAL DE OLIVEIRA,TEMPERO DO CAMPO,RUA SAO MIGUEL,113,TEMPERO DO CAMPO,AFOGADOS,,CIDADE,ABALROAMENTO TRANSVERSAL,COLISAO ENTRE ONIBUS E AUTO S/V,1,,,,,1,,,,0,,Cruzamento,Bom,Não existe,Perfeito estado,Seca,Perfeito estado,Não existe,Outras,,Dupla,Faixa contínua,,,,,,,,
2019-02-04,15:21:00,SEM VÍTIMA,FINALIZADA,VÁRZEA,AV AFONSO OLINDENSE,1764,,PRÓXIMO A PRAÇA DA VARZEA,AV AFONSO OLINDENSE,1764,PRÓXIMO A PRAÇA DA VARZEA,VÁRZEA,,CIDADE,ABALROAMENTO LONGITUDINAL,DOIS AUTOS,2,,,,,,,,,0,,Longo da via,Bom,Não existe,Perfeito estado,Seca,Perfeito estado,,Outras,,Dupla,Faixa contínua,,,,,,,,
2019-02-04,15:21:00,SEM VÍTIMA,CANCELADA,BOA VIAGEM,AV DOM JOAO VI,,,SAIDA DO RESIDENCIAL BOA VIAGEM, AO LADO DO SHOPPING CENTER RECIFE,AV DOM JOAO VI,,SAIDA DO RESIDENCIAL BOA VIAGEM, AO LADO DO SHOPPING CENTER RECIFE,BOA VIAGEM,639,,COLISÃO,COLISÃO SEM VITIMAS,2,,,,,,,,,0,,,,,,,,,,,,,,,,,,
2019-02-04,16:03:00,COM VÍTIMA,CANCELADA,DERBY,RUA JENER DE SOUZA,,,EM FRENTE AO QUARTEL DO DERBY SENTIDO CENTRO,RUA JENER DE SOUZA,,EM FRENTE AO QUARTEL DO DERBY SENTIDO CENTRO,DERBY,,,COLISÃO,COLISAO ENVOLVENDO DUAS MOTOS COM VITIMA,,2,,,,,,,,1,,,,,,,,,,,,,,,,,,,,
2019-02-04,16:32:00,COM VÍTIMA,FINALIZADA,CAMPO GRANDE,EST DE BELEM,,RUA BARAO DE VERA CRUZ,,EST DE BELEM,,,CAMPO GRANDE,,CIDADE,ABALROAMENTO TRANSVERSAL,COLISAO ENTRE AUTO E MOTO COM UMA VITIMA VT 10 NO LOCAL,1,1,,,,,,,,1,,Cruzamento,Bom,Não existe,Perfeito estado,Seca,Perfeito estado,Faixa de pedestre,,,Dupla,,,,,,,,,
2019-02-04,18:09:00,COM VÍTIMA,FINALIZADA,BOA VIAGEM,AV DOM JOAO VI,,,,AV DOM JOAO VI,,,BOA VIAGEM,639,SUBURBIO,COLISÃO TRASEIRA,COLISÃO COM VITIMA,3,,,,,,,,,1,,,,,,,,,,,,,,,,,,,,
2019-02-04,18:28:00,SEM VÍTIMA,FINALIZADA,IPSEP,RUA SAO NICOLAU,,RUA HELIO BRANDAO,,RUA SAO NICOLAU,,,IPSEP,505,,ABALROAMENTO LONGITUDINAL,ENTRE AUTO E ÔNIBUS. S/V,1,,,,,1,,,,0,,,Bom,Sem defeito,Perfeito estado,Seca,Perfeito estado,,Não há placas,,Única,Não existe,,,,,,,,
2019-02-04,18:40:00,SEM VÍTIMA,CANCELADA,PORTO DA MADEIRA,AV BEBERIBE,,,E/F AO POSTO SIVINI/ ARENA IBIZA CLUB,AV BEBERIBE,,E/F AO POSTO SIVINI/ ARENA IBIZA CLUB,PORTO DA MADEIRA,,,COLISÃO,COLISÃO S/V,2,,,,,,,,,0,,,,,,,,,,,,,,,,,,,,
2019-02-04,18:52:00,COM VÍTIMA,FINALIZADA,CAXANGÁ,AV CAXANGA,,,E/F AO T.I CAXAGÁ,AV CAXANGA,,E/F AO T.I CAXAGÁ,CAXANGÁ,,,ATROPELAMENTO,COLISÃO COM VITIMA,,1,,,,,,,,2,,,,,,,,,,,,,,,,,,,,
2019-02-04,18:54:00,SEM VÍTIMA,FINALIZADA,CORDEIRO,RUA SOUZA BANDEIRA,,,CENTRO EDUCACIONAL HELENA LUBIENSKA,RUA SOUZA BANDEIRA,,CENTRO EDUCACIONAL HELENA LUBIENSKA,CORDEIRO,,SUBURBIO,COLISÃO TRASEIRA,ENTRE 2 AUTOS, S/V,3,,,,,,,,,0,,Longo da via,Bom,Sem defeito,Perfeito estado,Seca,Perfeito estado,,R-6a,30 km/h,Única,,,,,,,,
2019-02-04,19:23:00,COM VÍTIMA,FINALIZADA,AFOGADOS,RUA SAO MIGUEL,,,PROX AO CORREIOS/IGREJA DA FÉ DO BRASIL,RUA SAO MIGUEL,,PROX AO CORREIOS/IGREJA DA FÉ DO BRASIL,AFOGADOS,,,COLISÃO,,1,1,,,,,,,,1,,,,,,,,,,,,,,,,,,,,
2019-02-04,19:27:00,SEM VÍTIMA,FINALIZADA,CASA AMARELA,EST DO ARRAIAL,,,EM FRENTE A ESCOLA DOM VITAL,EST DO ARRAIAL,,EM FRENTE A ESCOLA DOM VITAL,CASA AMARELA,,SUBURBIO,ABALROAMENTO LONGITUDINAL,ENTRE 2 AUTOS S/V,2,,,,,,,,,0,,Longo da via,Bom,Não existe,Perfeito estado,Seca,Perfeito estado,Outros,Outras,,Única,Faixa contínua,,,,,,,,
2019-02-04,20:11:00,SEM VÍTIMA,FINALIZADA,CASA FORTE,RUA LEONARDO BEZERRA CAVALCANTE,672,,AO LADO DO MERCADO WALLMART / E/F AO BOI VERDE,RUA LEONARDO BEZERRA CAVALCANTE,672,AO LADO DO MERCADO WALLMART / E/F AO BOI VERDE,CASA FORTE,,SUBURBIO,ABALROAMENTO LONGITUDINAL,ENTRE ÔNIBUS DE TURISMO E AUTO PASSEIO. S/V,1,,,,,1,,,,0,,Longo da via,Bom,Sem defeito,Perfeito estado,Seca,Perfeito estado,Faixa de pedestre,Outras,,Única,Faixa seccionada,,,,,,,,
2019-02-04,20:39:00,SEM VÍTIMA,FINALIZADA,BOA VIAGEM,AV ENGENHEIRO DOMINGOS FERREIRA,,,,AV ENGENHEIRO DOMINGOS FERREIRA,,,BOA VIAGEM,128,SUBURBIO,CHOQUE VEÍCULO PARADO,ENTRE AUTO E ÔNIBUS. S/V,1,,,,,1,,,,0,,Longo da via,Bom,Sem defeito,Perfeito estado,Seca,Perfeito estado,,Não há placas,,Única,Canteiro central,,,,,,,,
2019-02-05,00:12:00,SEM VÍTIMA,FINALIZADA,ARRUDA,RUA SAO BENTO,325,,EM FRENTE AO POSTO NORTE BRAZ,RUA SAO BENTO,325,EM FRENTE AO POSTO NORTE BRAZ,ARRUDA,,SUBURBIO,CHOQUE VEÍCULO PARADO,COLISÃO ENTRE DOIS AUTOS S/V,2,,,,,,,,,0,,Longo da via,Bom,Sem defeito,Perfeito estado,Seca,Perfeito estado,Não existe,Não há placas,,Única,Faixa seccionada,,,,,,,,
2019-02-05,05:33:00,VÍTIMA FATAL,FINALIZADA,TEJIPIÓ,AV DR JOSE RUFINO,3579,,PROX AO ARMAZEN CORAL, PROX DA ESTAÇÃO DE TEJIPIÓ. NA CURVA.,AV DR JOSE RUFINO,3579,PROX AO ARMAZEN CORAL, PROX DA ESTAÇÃO DE TEJIPIÓ. NA CURVA.,TEJIPIÓ,,CIDADE,COLISÃO COM CICLISTA,COLISÃO ENTRE AUTO E CICLISTA C/V,1,,,1,,,,,,,1,Longo da via,Chuvoso,Não existe,,Molhada,,Não existe,Outras,,Dupla,Faixa contínua,,,,,,
2019-02-05,07:00:00,SEM VÍTIMA,CANCELADA,IMBIRIBEIRA,RUA JOAQUIM BANDEIRA,203,,PRÓX À ESTAÇÃO // SENTIDO BOA VIAGEM,RUA JOAQUIM BANDEIRA,203,PRÓX À ESTAÇÃO // SENTIDO BOA VIAGEM,IMBIRIBEIRA,,,COLISÃO,,2,,,,,,,,,0,,,,,,,,,,,,,,,,,,,,
2019-02-05,08:10:00,SEM VÍTIMA,FINALIZADA,IBURA,AV DOM HELDER CAMARA,40,,,AV DOM HELDER CAMARA,40,,IBURA,,CIDADE,ABALROAMENTO LONGITUDINAL,SEM VÍTIMAS,2,,,,,,,,,0,,Longo da via,Chuvoso,Não existe,Perfeito estado,Seca,Perfeito estado,Não existe,Não há placas,60 km/h,Dupla,Canteiro central,,,,,,,,
2019-02-05,08:17:00,VÍTIMA FATAL,FINALIZADA,BEBERIBE,AV BEBERIBE,4175,,EM FRENTE AO POSTO DE GASOLINA DESATIVADO,AV BEBERIBE,4175,EM FRENTE AO POSTO DE GASOLINA DESATIVADO,BEBERIBE,314,CIDADE,ABALROAMENTO LONGITUDINAL,ONIBUS E CINQUENTINHA,,,1,,,1,,,,,1,Longo da via,Bom,Sem defeito,Perfeito estado,Seca,Perfeito estado,Faixa de pedestre,R-6a,,Dupla,Faixa,,,,,,,,
2019-02-05,08:18:00,COM VÍTIMA,FINALIZADA,CABANGA,VIADUTO CAPITAO TEMUDO,,,NA SUBIDA DO VIADUTO. SENTIDO OLINDA,VIADUTO CAPITAO TEMUDO,,NA SUBIDA DO VIADUTO. SENTIDO OLINDA,CABANGA,,CIDADE,ABALROAMENTO LONGITUDINAL,COLISÃO ENTRE AUTO E MOTO COM VÍTIMA.,1,1,,,,,,,,1,,Viaduto,Bom,Não existe,Perfeito estado,Seca,Perfeito estado,Não existe,Não há placas,,Dupla,Faixa seccionada,,,,,,,,
2019-02-05,08:31:00,COM VÍTIMA,FINALIZADA,CORDEIRO,AV CAXANGA,3217,,EM FRENTE À DISNOVE,AV CAXANGA,3217,EM FRENTE À DISNOVE,CORDEIRO,,CIDADE,ABALROAMENTO LONGITUDINAL,COLISÃO ENTRE AUTO E MOTO COM VÍTIMA.,1,1,,,,,,,,1,,Longo da via,Bom,Não existe,Perfeito estado,Seca,Perfeito estado,,Outras,,Dupla,Faixa contínua,Canteiro central,,,,,,,
2019-02-05,08:49:00,SEM VÍTIMA,FINALIZADA,PAISSANDU,AV ENGENHEIRO AGAMENON DE MAGALHAES MELO,,RUA PAISSANDU,,AV ENGENHEIRO AGAMENON DE MAGALHAES MELO,,,PAISSANDU,69,SUBURBIO,COLISÃO TRASEIRA,SEM VÍTIMAS. VT 30 NO LOCAL,1,1,,,,,,,,0,,Longo da via,Bom,Sem defeito,Perfeito estado,,,Faixa de pedestre,,60 km/h,Dupla,Faixa contínua,Faixa seccionada,Canal,,,,,,
2019-02-05,08:57:00,SEM VÍTIMA,FINALIZADA,CASA FORTE,RUA MARECHAL RONDON,384,,,RUA MARECHAL RONDON,384,,CASA FORTE,,SUBURBIO,CHOQUE VEÍCULO PARADO,SEM VÍTIMAS,2,,,,,,,,,0,,Longo da via,Bom,Não existe,Perfeito estado,Seca,Perfeito estado,Não existe,Placas Pare,,Dupla,Não existe,,,,,,,,
2019-02-05,09:16:00,SEM VÍTIMA,DUPLICIDADE,CASA AMARELA,EST DO ENCANAMENTO,,RUA MARECHAL RONDON,EM FRENTE À CASA DE FESTAS ESTRIPULIA,EST DO ENCANAMENTO,,EM FRENTE À CASA DE FESTAS ESTRIPULIA,CASA AMARELA,,,COLISÃO,ENTRE AUTOS S/V.,2,,,,,,,,,0,,,,,,,,,,,,,,,,,,,,
2019-02-05,09:33:00,COM VÍTIMA,FINALIZADA,AREIAS,RUA AIRES BELO,72B,,AO LADO DO SUPERMERCADO MAKRO,RUA AIRES BELO,72B,AO LADO DO SUPERMERCADO MAKRO,AREIAS,,SUBURBIO,COLISÃO FRONTAL,COILSÃO ENTRE AUTO E MOTO COM VÍTIMA,1,1,,,,,,,,1,,Longo da via,Bom,Não existe,Incompleta,Seca,Perfeito estado,Não existe,Não há placas,,Dupla,Não existe,,,,,,,,
2019-02-05,09:36:00,COM VÍTIMA,FINALIZADA,IMBIRIBEIRA,AV MARECHAL MASCARENHAS DE MORAES,2967,,EM FRENTE A FERREIRA COSTA.,AV MARECHAL MASCARENHAS DE MORAES,2967,EM FRENTE A FERREIRA COSTA.,IMBIRIBEIRA,386,CIDADE,ABALROAMENTO LONGITUDINAL,MOTO E AUTO,1,1,,,,,,,,1,,Longo da via,Bom,Sem defeito,Perfeito estado,Seca,Perfeito estado,Faixa de pedestre,Outras,60 km/h,,Faixa,,,,,,,,
2019-02-05,09:58:00,SEM VÍTIMA,FINALIZADA,DERBY,PRC DO DERBY,,,,PRC DO DERBY,,,DERBY,417,SUBURBIO,ABALROAMENTO LONGITUDINAL,SEM VÍTIMAS,2,,,,,,,,,0,,Longo da via,Bom,Sem defeito,Perfeito estado,Seca,Perfeito estado,Outros,Outras,60 km/h,Dupla,Canteiro central,,,,,,,,
2019-02-05,10:11:00,SEM VÍTIMA,FINALIZADA,IBURA,AV DOIS RIOS,1029,,PAGUE MENOS,AV DOIS RIOS,1029,PAGUE MENOS,IBURA,323,SUBURBIO,ABALROAMENTO TRANSVERSAL,AUTO E MOTO,1,1,,,,,,,,0,,Longo da via,Bom,Sem defeito,Perfeito estado,Seca,Perfeito estado,Não existe,Outras,,Dupla,Faixa contínua,,,,,,,,
2019-02-05,10:11:00,SEM VÍTIMA,FINALIZADA,IPSEP,AV RECIFE,1810,RUA JEAN EMILE FAVRE,E/F A PADARIA VILA DO PÃO,AV RECIFE,1810,E/F A PADARIA VILA DO PÃO,IPSEP,130,SUBURBIO,ABALROAMENTO LONGITUDINAL,SEM VÍTIMAS,1,,,,,,1,,,0,,Cruzamento,Bom,Sem defeito,Perfeito estado,Seca,Perfeito estado,Faixa de pedestre,Não há placas,,Dupla,,,,,,,,,
2019-02-05,10:12:00,SEM VÍTIMA,FINALIZADA,PARNAMIRIM,PRC PROFESSOR FLEMING,,,EM FRENTE A CÃO Q RI,PRC PROFESSOR FLEMING,,EM FRENTE A CÃO Q RI,PARNAMIRIM,,,ABALROAMENTO LONGITUDINAL,COLISÃO SEM VITIMAS,2,,,,,,,,,0,,Longo da via,Bom,Não existe,Perfeito estado,Seca,Perfeito estado,Não existe,R-6c,,Única,Faixa seccionada,,,,,,,,
2019-02-05,10:43:00,SEM VÍTIMA,FINALIZADA,AFOGADOS,AV SUL,,,ESTAÇÃO LARGO DA PAZ,AV SUL,,ESTAÇÃO LARGO DA PAZ,AFOGADOS,,CIDADE,ABALROAMENTO LONGITUDINAL,COLISÃO SEM VITIMAS,1,,,,,,1,,,0,,Longo da via,Bom,Sem defeito,Perfeito estado,Seca,Perfeito estado,Não existe,Não há placas,,Única,Faixa seccionada,,,,,,,,
2019-02-05,11:05:00,SEM VÍTIMA,FINALIZADA,GRAÇAS,RUA JOAQUIM NABUCO,,,SOB O SEMÁFORO 174,RUA JOAQUIM NABUCO,,SOB O SEMÁFORO 174,GRAÇAS,174,SUBURBIO,ABALROAMENTO LONGITUDINAL,,2,,,,,,,,,0,,Longo da via,Bom,Sem defeito,Perfeito estado,Seca,Perfeito estado,Faixa de pedestre,Outras,,Única,Faixa contínua,,,,,,,,
2019-02-05,11:17:00,SEM VÍTIMA,FINALIZADA,ENCRUZILHADA,RUA VINTE E QUATRO DE JUNHO,109,,,RUA VINTE E QUATRO DE JUNHO,109,,ENCRUZILHADA,,,CHOQUE VEÍCULO PARADO,TRÊS AUTOS,3,,,,,,,,,0,,Longo da via,Bom,Não existe,Perfeito estado,Seca,Perfeito estado,Não existe,R-6a,30 km/h,Única,Não existe,,,,,,,,
2019-02-05,12:33:00,SEM VÍTIMA,FINALIZADA,PINA,RUA BARAO DE SANTO ANGELO,55,,EM FRENTE AO COND MORADA BELA VISTA,RUA BARAO DE SANTO ANGELO,55,EM FRENTE AO COND MORADA BELA VISTA,PINA,,SUBURBIO,COLISÃO TRASEIRA,ENTRE TRES AUTOS S/V,3,,,,,,,,,0,,Longo da via,Bom,Não existe,Incompleta,Seca,Perfeito estado,Não existe,R-6a,,Única,Faixa seccionada,,,,,,,,
2019-02-05,12:45:00,SEM VÍTIMA,FINALIZADA,BOA VISTA,AV MANOEL BORBA,629,RUA DAS NINFAS,EM FRENTE AO Nº 629,AV MANOEL BORBA,629,EM FRENTE AO Nº 629,BOA VISTA,83,SUBURBIO,COLISÃO TRASEIRA,COLISÃO SEM VÍTIMA,2,,,,,,,,,0,,Longo da via,Bom,Sem defeito,Perfeito estado,Seca,Perfeito estado,Faixa de pedestre,Não há placas,,Única,Faixa seccionada,,,,,,,,
2019-02-05,14:19:00,SEM VÍTIMA,FINALIZADA,PINA,AVENIDA CELSO FURTADO (VIA MANGUE),,,POR TRAS DO SUPERMERCADO EXTRA,AVENIDA CELSO FURTADO (VIA MANGUE),,POR TRAS DO SUPERMERCADO EXTRA,PINA,,CIDADE,ABALROAMENTO LONGITUDINAL,DOIS AUTOS,2,,,,,,,,,0,,Longo da via,Bom,Não existe,Incompleta,Seca,Perfeito estado,Não existe,Não há placas,,Dupla,Canteiro central,,,,,,,,
2019-02-05,14:34:00,SEM VÍTIMA,CANCELADA,JIQUIÁ,RUA BOM JARDIM,1719,RUA SAO MIGUEL,EM FRENTE AO ATACAREJO SHOPPING,RUA BOM JARDIM,1719,EM FRENTE AO ATACAREJO SHOPPING,JIQUIÁ,,,COLISÃO,SEM VITIMAS,2,,,,,,,,,0,,,,,,,,,,,,,,,,,,,,
2019-02-05,14:59:00,SEM VÍTIMA,FINALIZADA,IMBIRIBEIRA,AV MARECHAL MASCARENHAS DE MORAES,4831,,,AV MARECHAL MASCARENHAS DE MORAES,4831,,IMBIRIBEIRA,,CIDADE,COLISÃO TRASEIRA,SEM VITIMAS,1,,,,,,1,,,0,,Longo da via,Bom,Sem defeito,Perfeito estado,Seca,Perfeito estado,Faixa de pedestre,,,Dupla,Canteiro central,,,,,,,,
2019-02-05,15:09:00,SEM VÍTIMA,CANCELADA,BOA VIAGEM,AV ENGENHEIRO DOMINGOS FERREIRA,,,E/F AO WALMART S/T PIEDADE,AV ENGENHEIRO DOMINGOS FERREIRA,,E/F AO WALMART S/T PIEDADE,BOA VIAGEM,,,COLISÃO,COLISAO ENTRE DOIS AUTOS S/V,2,,,,,,,,,0,,,,,,,,,,,,,,,,,,,,
2019-02-05,15:41:00,SEM VÍTIMA,FINALIZADA,AFOGADOS,LARGO DA PAZ,,,EM FRENTE A ASA ALIMONDA,LARGO DA PAZ,,EM FRENTE A ASA ALIMONDA,AFOGADOS,,SUBURBIO,COLISÃO,,1,,,,,,1,,,0,,,,,,,,,,,,,,,,,,,,
2019-02-05,15:57:00,COM VÍTIMA,FINALIZADA,PARNAMIRIM,RUA ANDRE CAVALCANTE,375,AV PARNAMIRIM,AO LADO DO BANCO SANTANDER,RUA ANDRE CAVALCANTE,375,AO LADO DO BANCO SANTANDER,PARNAMIRIM,,SUBURBIO,ABALROAMENTO LONGITUDINAL,COLISÃO ENTRE AUTO E MOTO.,1,1,,,,,,,,1,,Longo da via,Chuvoso,Não existe,Perfeito estado,Molhada,Perfeito estado,Outros,Outras,,Única,Faixa contínua,Faixa seccionada,,,,,,,
2019-02-05,16:01:00,SEM VÍTIMA,FINALIZADA,CIDADE UNIVERSITÁRIA,RUA MARECHAL MANOEL LUIS OSORIO,495,RUA PROFESSOR ANTONIO COELHO,,RUA MARECHAL MANOEL LUIS OSORIO,495,,CIDADE UNIVERSITÁRIA,,,ABALROAMENTO TRANSVERSAL,COLISÃO SEM VÍTIMA,1,1,,,,,,,,0,,Cruzamento,Bom,Não existe,Não existente,Seca,Perfeito estado,Não existe,Não há placas,,Dupla,Faixa contínua,,,,,,,,
2019-02-05,16:05:00,SEM VÍTIMA,FINALIZADA,BOA VISTA,AV MANOEL BORBA,,,EM FRENTE A RECIPREV,AV MANOEL BORBA,,EM FRENTE A RECIPREV,BOA VISTA,,,COLISÃO TRASEIRA,COLISÃO SEM VÍTIMA,2,,,,,,,,,0,,Longo da via,Bom,Sem defeito,Perfeito estado,Seca,Perfeito estado,Faixa de pedestre,,,,,,,,,,,,
2019-02-05,16:32:00,SEM VÍTIMA,FINALIZADA,CORDEIRO,AV CAXANGA,1690,,AO LADO DO RANCHO ALEGRE,AV CAXANGA,1690,AO LADO DO RANCHO ALEGRE,CORDEIRO,,SUBURBIO,COLISÃO TRASEIRA,COLISAO ENTRE TRES AUTOS SV,3,,,,,,,,,0,,Longo da via,Bom,Sem defeito,Perfeito estado,Seca,Perfeito estado,Faixa de pedestre,Outras,60 km/h,Única,Faixa contínua,Faixa seccionada,Canteiro central,,,,,,
2019-02-05,16:49:00,SEM VÍTIMA,FINALIZADA,JORDÃO,AV MARIA IRENE,323,,LADO OPOSTO AO Nº 323,AV MARIA IRENE,323,LADO OPOSTO AO Nº 323,JORDÃO,,SUBURBIO,CHOQUE OBJETO FIXO,VEICULO CHOCOU-SE COM UM POSTE,1,,,,,,,,,0,,Longo da via,Bom,Não existe,Perfeito estado,Seca,Perfeito estado,Não existe,Não há placas,,Dupla,Não existe,,,,,,,,
2019-02-05,16:42:00,SEM VÍTIMA,FINALIZADA,BOA VIAGEM,RUA FRANCISCO DA CUNHA,,RUA PROFESSOR EDUARDO WANDERLEY FILHO,EDF PUERTO VALENCIA,RUA FRANCISCO DA CUNHA,,EDF PUERTO VALENCIA,BOA VIAGEM,,,ABALROAMENTO TRANSVERSAL,DOIS AUTOS S/V,2,,,,,,,,,0,,Cruzamento,Chuvoso,Não existe,Perfeito estado,Molhada,Perfeito estado,Faixa de retenção,Placas Pare,,Única,Faixa seccionada,,,,,,,,
2019-02-05,16:49:00,SEM VÍTIMA,FINALIZADA,SANTO AMARO,AV JOAO DE BARROS,948,,CASA WILDICE,AV JOAO DE BARROS,948,CASA WILDICE,SANTO AMARO,,SUBURBIO,ABALROAMENTO LONGITUDINAL,COLISAO ENTRE ONIBUS E AUTO S/V,1,,,,,1,,,,0,,Longo da via,Bom,Não existe,Perfeito estado,Seca,Perfeito estado,Não existe,R-6a,,Única,Faixa seccionada,,,,,,,,
2019-02-05,16:54:00,SEM VÍTIMA,FINALIZADA,CAMPINA DO BARRETO,RUA DR ELIAS GOMES,,,NO TERMINAL DO CHÃ DE ESTRELAS,RUA DR ELIAS GOMES,,NO TERMINAL DO CHÃ DE ESTRELAS,CAMPINA DO BARRETO,,,COLISÃO,COLISAO ENTRE ONIBUS E AUTO S/V,1,,,,,1,,,,0,,,,,,,,,,,,,,,,,,,,
2019-02-05,17:36:00,SEM VÍTIMA,FINALIZADA,BOA VIAGEM,RUA RIBEIRO DE BRITO,554,,E/F AO EMPRESARIAL MONTEIRO DE MELO,RUA RIBEIRO DE BRITO,554,E/F AO EMPRESARIAL MONTEIRO DE MELO,BOA VIAGEM,332,SUBURBIO,ABALROAMENTO LONGITUDINAL,COLISAO ENTRE DOIS AUTOS S/V,2,,,,,,,,,0,,Cruzamento,Bom,Sem defeito,Perfeito estado,Seca,Perfeito estado,Não existe,Não há placas,,Única,Não existe,,,,,,,,
2019-02-05,17:50:00,SEM VÍTIMA,FINALIZADA,ILHA DO RETIRO,RUA SPORT CLUBE DO RECIFE,,,EM FRENTE AO SPORT,RUA SPORT CLUBE DO RECIFE,,EM FRENTE AO SPORT,ILHA DO RETIRO,,SUBURBIO,ABALROAMENTO LONGITUDINAL,AUTO X CAMINHÃO,1,,,,,,1,,,0,,Longo da via,Bom,Não existe,Perfeito estado,Seca,Perfeito estado,Não existe,Não há placas,,Única,Faixa contínua,,,,,,,,
2019-02-05,18:14:00,COM VÍTIMA,FINALIZADA,CASA AMARELA,RUA DA HARMONIA,599,RUA DONA ROSA DA FONSECA,PROX. A IGREJA DA HARMÔNIA,RUA DA HARMONIA,599,PROX. A IGREJA DA HARMÔNIA,CASA AMARELA,,CIDADE,ABALROAMENTO TRANSVERSAL,COLISÃO ENTRE AUTO E MOTO.,1,1,,,,,,,,1,,Cruzamento,Chuvoso,Não existe,Incompleta,Molhada,Perfeito estado,Não existe,Placas Pare,,Dupla,Faixa,,,,,,,,
2019-02-05,18:42:00,SEM VÍTIMA,FINALIZADA,AREIAS,RUA AURORA CACOTE,523,,,RUA AURORA CACOTE,523,,AREIAS,,CIDADE,COLISÃO TRASEIRA,ENTRE AUTO PASSEIO E MICRO ÔNIBUS. S/V,1,,,,,1,,,,0,,Longo da via,Bom,Sem defeito,Perfeito estado,Seca,Perfeito estado,Não existe,Outras,30 km/h,Dupla,Faixa seccionada,,,,,,,,
2019-02-05,18:49:00,COM VÍTIMA,FINALIZADA,CORDEIRO,RUA ODETE MONTEIRO,,,E/F AO CENTRO HABITACIONAL DO CORDEIRO. LADO OPOSTO AO COLÉGIO DARCY RIBEIRO.,RUA ODETE MONTEIRO,,E/F AO CENTRO HABITACIONAL DO CORDEIRO. LADO OPOSTO AO COLÉGIO DARCY RIBEIRO.,CORDEIRO,,SUBURBIO,ABALROAMENTO TRANSVERSAL,COLISÃO ENTRE AUTO E MOTO.,1,1,,,,,,,,1,,Longo da via,Bom,Sem defeito,Perfeito estado,Seca,Perfeito estado,Não existe,Não há placas,,Dupla,Faixa contínua,,,,,,,,