data,hora,natureza_acidente,situacao,bairro,endereco,numero,detalhe_endereco_acidente,complemento,endereco_cruzamento,numero_cruzamento,referencia_cruzamento,bairro_cruzamento,num_semaforo,sentido_via,tipo,descricao,auto,moto,ciclom,ciclista,pedestre,onibus,caminhao,viatura,outros,vitimas,vitimasfatais,acidente_verificado,tempo_clima,situacao_semaforo,sinalizacao,condicao_via,conservacao_via,ponto_controle,situacao_placa,velocidade_max_via,mao_direcao,divisao_via1,divisao_via2,divisao_via3,,,,,,
2019-02-05,19:02:00,SEM VÍTIMA,FINALIZADA,AREIAS,AV DR JOSE RUFINO,1190,,EM FRENTE AO Nº 1190,AV DR JOSE RUFINO,1190,EM FRENTE AO Nº 1190,AREIAS,,SUBURBIO,ABALROAMENTO LONGITUDINAL,COLISÃO SEM VÍTIMA,1,,,,,,1,,,0,,Longo da via,Chuvoso,Sem defeito,Perfeito estado,Molhada,Perfeito estado,Faixa de pedestre,Não há placas,,Dupla,Faixa contínua,Faixa seccionada,,,,,,,
2019-02-05,21:05:00,SEM VÍTIMA,FINALIZADA,CORDEIRO,RUA CLAUDIO BROTHERHOOD,292,RUA AUREO XAVIER,,RUA CLAUDIO BROTHERHOOD,292,,CORDEIRO,,SUBURBIO,ABALROAMENTO LONGITUDINAL,ENTRE 3 AUTOS. S./V,3,,,,,,,,,0,,Cruzamento,Bom,Não existe,Não existente,Seca,Perfeito estado,Não existe,Não há placas,30 km/h,Dupla,Não existe,,,,,,,,
2019-02-05,20:20:00,COM VÍTIMA,FINALIZADA,BOA VIAGEM,RUA JOAO CARDOSO AIRES,764,RUA PROFESSOR AUGUSTO LINS E SILVA,EDIF. MARIA ELIZABETH.,RUA JOAO CARDOSO AIRES,764,EDIF. MARIA ELIZABETH.,BOA VIAGEM,,SUBURBIO,ABALROAMENTO TRANSVERSAL,COLISÃO ENTRE AUTO E MOTO COM DUAS VÍTIMAS.,1,1,,,,,,,,2,,Cruzamento,Bom,Não existe,Perfeito estado,Seca,Perfeito estado,Não existe,Outras,40 km/h,Única,Faixa contínua,,,,,,,,
2019-02-06,06:14:00,SEM VÍTIMA,FINALIZADA,MACAXEIRA,AV NORTE,7142,,SEMÁFORO 424,AV NORTE,7142,SEMÁFORO 424,MACAXEIRA,424,SUBURBIO,COLISÃO TRASEIRA,COLISÃO SEM VITIMAS,1,,,,,1,,,,0,,Longo da via,Chuvoso,Sem defeito,Perfeito estado,Molhada,Perfeito estado,Faixa de pedestre,R-6a,,Dupla,Canal,,,,,,,,
2019-02-06,06:40:00,SEM VÍTIMA,FINALIZADA,IMBIRIBEIRA,AV MARECHAL MASCARENHAS DE MORAES,,,EM FRENTE A OFICINA MARTELINHO,AV MARECHAL MASCARENHAS DE MORAES,,EM FRENTE A OFICINA MARTELINHO,IMBIRIBEIRA,626,CIDADE,COLISÃO TRASEIRA,SEM VITIMAS,2,,,,,,,,,0,,Longo da via,Chuvoso,Sem defeito,Perfeito estado,Molhada,Perfeito estado,,Outras,,Dupla,Canteiro central,,,,,,,,
2019-02-06,06:52:00,COM VÍTIMA,FINALIZADA,CASA AMARELA,RUA CONS PERETTI,270,RUA PAULA BATISTA,PRÓX AO CURSO FORMAÇÃO. EDF MORADA PAULA BATISTA.,RUA CONS PERETTI,270,PRÓX AO CURSO FORMAÇÃO. EDF MORADA PAULA BATISTA.,CASA AMARELA,,,ATROPELAMENTO,ATROPELAMENTO COM AUTOMÓVEL.,1,,,,1,,,,,1,,Cruzamento,Chuvoso,Não existe,Incompleta,Molhada,Perfeito estado,Não existe,Outras,,Única,Não existe,,,,,,,,
2019-02-06,07:03:00,SEM VÍTIMA,FINALIZADA,MADALENA,RUA JOSE BONIFACIO,272,,EM FRENTE À IGREJA METODISTA,RUA JOSE BONIFACIO,272,EM FRENTE À IGREJA METODISTA,MADALENA,,CID/SUB,ABALROAMENTO LONGITUDINAL,ENTRE AUTOS S/V.,2,,,,,,,,,0,,Longo da via,Chuvoso,Sem defeito,Perfeito estado,Molhada,Perfeito estado,,Outras,,Única,Faixa,,,,,,,,
2019-02-06,07:33:00,SEM VÍTIMA,FINALIZADA,GRAÇAS,,,,SOBRE A PONTE DA TORRE,,,SOBRE A PONTE DA TORRE,GRAÇAS,630,CIDADE,ABALROAMENTO LONGITUDINAL,ENTRE AUTOS S/V.,2,,,,,,,,,0,,Ponte,Chuvoso,Sem defeito,Perfeito estado,Molhada,Perfeito estado,Faixa de retenção,,,Dupla,Faixa contínua,Faixa seccionada,,,,,,,
2019-02-06,07:49:00,SEM VÍTIMA,FINALIZADA,CASA AMARELA,AV NORTE,5121,,,AV NORTE,5121,,CASA AMARELA,,CIDADE,ABALROAMENTO TRANSVERSAL,COLISÃO SEM VITIMAS,2,,,,,,,,,0,,Longo da via,Chuvoso,Sem defeito,Perfeito estado,Seca,,Faixa de pedestre,R-6a,,Dupla,Canteiro central,,,,,,,,
2019-02-06,08:13:00,SEM VÍTIMA,FINALIZADA,TAMARINEIRA,RUA CONEGO BARATA,468,,,RUA CONEGO BARATA,468,,TAMARINEIRA,62,,ABALROAMENTO TRANSVERSAL,SEM VITIMAS,1,,,,,1,,,,0,,Longo da via,Chuvoso,Sem defeito,Perfeito estado,Molhada,Perfeito estado,Faixa de pedestre,R-6a,,Dupla,Canteiro central,,,,,,,,
2019-02-06,08:25:00,SEM VÍTIMA,CANCELADA,JORDÃO,RUA DR ALVARO FERRAZ,11,,APÓS O TERMINAL DE JORDÃO BAIXO,RUA DR ALVARO FERRAZ,11,APÓS O TERMINAL DE JORDÃO BAIXO,JORDÃO,,,COLISÃO,AUTOS X MOTO S/V,2,1,,,,,,,,0,,,,,,,,,,,,,,,,,,,,
2019-02-06,08:29:00,SEM VÍTIMA,FINALIZADA,PINA,AV CONSELHEIRO AGUIAR,786,,EM FRENTE A LOJA CHICO CITY,AV CONSELHEIRO AGUIAR,786,EM FRENTE A LOJA CHICO CITY,PINA,,SUBURBIO,ABALROAMENTO LONGITUDINAL,SEM VITIMAS,1,,,,,1,,,,0,,Longo da via,Chuvoso,Não existe,Perfeito estado,Molhada,Perfeito estado,Outros,Outras,60 km/h,Dupla,Faixa seccionada,,,,,,,,
2019-02-06,08:46:00,SEM VÍTIMA,FINALIZADA,IPSEP,AV RECIFE,,RUA JEAN EMILE FAVRE,EM FRENTE A PADARIA VILA DO PÃO,AV RECIFE,,EM FRENTE A PADARIA VILA DO PÃO,IPSEP,130,CIDADE,COLISÃO TRASEIRA,DOIS AUTOS,2,,,,,,,,,0,,Longo da via,Chuvoso,Sem defeito,Perfeito estado,Molhada,Perfeito estado,Faixa de pedestre,Não há placas,,Dupla,Canteiro central,,,,,,,,
2019-02-06,08:47:00,SEM VÍTIMA,FINALIZADA,PINA,RUA MANOEL DE BRITO,209,AV REPUBLICA ARABE UNIDA,,RUA MANOEL DE BRITO,209,,PINA,659,CIDADE,COLISÃO TRASEIRA,COLISÃO SEM VITIMAS,2,,,,,,,,,0,,Longo da via,Chuvoso,Sem defeito,Perfeito estado,Molhada,Perfeito estado,Agente,Não há placas,,Única,Faixa seccionada,,,,,,,,
2019-02-06,09:33:00,SEM VÍTIMA,FINALIZADA,PINA,AV HERCULANO BANDEIRA,627,,EM FRENTE A CLIMOPE,AV HERCULANO BANDEIRA,627,EM FRENTE A CLIMOPE,PINA,,SUBURBIO,COLISÃO TRASEIRA,COLISÃO SEM VITIMAS,2,,,,,,,,,0,,Longo da via,Chuvoso,Não existe,Perfeito estado,Molhada,Mal conservada,Outros,Outras,60 km/h,Única,Faixa seccionada,,,,,,,,
2019-02-06,09:39:00,COM VÍTIMA,FINALIZADA,IPUTINGA,EST DO BARBALHO,2471,,EM FRENTE AO RESTAURANTE NOVA FAMA DO BODE E AO SALÃO DO REINO.,EST DO BARBALHO,2471,EM FRENTE AO RESTAURANTE NOVA FAMA DO BODE E AO SALÃO DO REINO.,IPUTINGA,,CIDADE,COLISÃO COM CICLISTA,COLISÃO ENTRE CAMINHONETE E CICLISTA.,1,,,1,,,,,,1,,Esquina,Chuvoso,Não existe,Não existente,Molhada,Perfeito estado,Não existe,Não há placas,,Única,Não existe,,,,,,,,
2019-02-06,09:45:00,SEM VÍTIMA,FINALIZADA,SANTO AMARO,RUA TREZE DE MAIO,,PRC DO CAMPO SANTO,EM FRENTE A EMPRESA SER/RUA DA DELEGACIA DA MULHER,RUA TREZE DE MAIO,,EM FRENTE A EMPRESA SER/RUA DA DELEGACIA DA MULHER,SANTO AMARO,,SUBURBIO,ABALROAMENTO LONGITUDINAL,SEM VITIMAS,2,,,,,,,,,0,,,Chuvoso,Não existe,Ilegível,Molhada,Mal conservada,Não existe,Não há placas,,Dupla,Faixa seccionada,,,,,,,,
2019-02-06,09:52:00,SEM VÍTIMA,FINALIZADA,AREIAS,AV RECIFE,,,SOB O SEMÁFORO 261,AV RECIFE,,SOB O SEMÁFORO 261,AREIAS,261,CIDADE,COLISÃO TRASEIRA,COLISÃO SEM VITIMAS,1,,,,,,,1,,0,,Longo da via,Chuvoso,Sem defeito,Perfeito estado,Molhada,Perfeito estado,Faixa de pedestre,,50 km/h,Dupla,Canteiro central,,,,,,,,
2019-02-06,10:06:00,SEM VÍTIMA,CANCELADA,BOA VIAGEM,RUA BARAO DE SOUZA LEAO,,AV DES JOSE NEVES,EM FRENTE A O SUPERMERCADO TREVO,RUA BARAO DE SOUZA LEAO,,EM FRENTE A O SUPERMERCADO TREVO,BOA VIAGEM,,,COLISÃO,SEM VITIMAS,2,,,,,,,,,0,,,,,,,,,,,,,,,,,,,,
2019-02-06,10:35:00,SEM VÍTIMA,FINALIZADA,IMBIRIBEIRA,AV MARECHAL MASCARENHAS DE MORAES,,RUA ITACARI,EM FRENTE AO BANCO ITAU,AV MARECHAL MASCARENHAS DE MORAES,,EM FRENTE AO BANCO ITAU,IMBIRIBEIRA,225,SUBURBIO,COLISÃO TRASEIRA,SEM VITIMAS,2,,,,,,,,,0,,Longo da via,Chuvoso,Sem defeito,Perfeito estado,Molhada,Perfeito estado,Faixa de retenção,Não há placas,60 km/h,Dupla,Canteiro central,,,,,,,,
2019-02-06,10:59:00,SEM VÍTIMA,CANCELADA,DERBY,AV GOVERNADOR AGAMENON MAGALHAES,,RUA SAO SALVADOR,EM FRENTE AO UNIMED,PISTA LOCAL,AV GOVERNADOR AGAMENON MAGALHAES,,EM FRENTE AO UNIMED,PISTA LOCAL,DERBY,,BOA VIAGEM,COLISÃO,SEM VITIMAS,2,,,,,,,,,0,,,,,,,,,,,,,,,,,,
2019-02-06,12:33:00,SEM VÍTIMA,FINALIZADA,PINA,AV ANTONIO DE GOES,,RUA MANOEL DE BRITO,,AV ANTONIO DE GOES,,,PINA,103,,COLISÃO TRASEIRA,COLISÃO SEM VÍTIMA,2,,,,,,,,,0,,Cruzamento,Nublado,Sem defeito,Perfeito estado,Seca,Perfeito estado,Agente,Outras,60 km/h,Única,Faixa seccionada,Canteiro central,,,,,,,
2019-02-06,13:14:00,SEM VÍTIMA,FINALIZADA,CASA AMARELA,AV NORTE,,,POSTO DE COMBUSTÍVEL PETROBRAS E A ESCOLA CLOTILDE DE OLIVEIRA,AV NORTE,,POSTO DE COMBUSTÍVEL PETROBRAS E A ESCOLA CLOTILDE DE OLIVEIRA,CASA AMARELA,,,COLISÃO,COLISÃO SEM VITIMAS,2,,,,,,,,,0,,,,,,,,,,,,,,,,,,,,
2019-02-06,14:44:00,SEM VÍTIMA,FINALIZADA,JORDÃO,AV MARIA IRENE,15,,PROX EDIFICIO COSTA DOURADA E/F AO ARAMAZEM SAO JOSE,AV MARIA IRENE,15,,JORDÃO,,,COLISÃO,COLISAO ENTRE DOIS AUTOS S/V,2,,,,,,,,,0,,,,,,,,,,,,,,,,,,,,
2019-02-06,15:35:00,COM VÍTIMA,FINALIZADA,JORDÃO,AV MARIA IRENE,865,,AO LADO DO POSTO TOTAL.,AV MARIA IRENE,865,AO LADO DO POSTO TOTAL.,JORDÃO,,SUBURBIO,ABALROAMENTO LONGITUDINAL,COLISÃO ENTRE AUTO E MOTO.,1,1,,,,,,,,1,,Longo da via,Chuvoso,Não existe,Incompleta,Molhada,Mal conservada,Não existe,Não há placas,60 km/h,Dupla,Não existe,,,,,,,,
2019-02-06,15:39:00,SEM VÍTIMA,FINALIZADA,CASA FORTE,RUA EDSON ALVARES,115,RUA DR SAMUEL LINS,AO LADO DO Nº 115,RUA EDSON ALVARES,115,AO LADO DO Nº 115,CASA FORTE,,,ABALROAMENTO LONGITUDINAL,COLISAO ENTRE AUTO E CAMINHAO S/V,1,,,,,,1,,,0,,,Chuvoso,Não existe,Incompleta,Molhada,Perfeito estado,Não existe,Outras,,Dupla,Não existe,,,,,,,,
2019-02-06,15:41:00,SEM VÍTIMA,FINALIZADA,TAMARINEIRA,EST VELHA DE AGUA FRIA,,,EM FRENTE DNOCS,EST VELHA DE AGUA FRIA,,EM FRENTE DNOCS,TAMARINEIRA,306,SUBURBIO,ABALROAMENTO TRANSVERSAL,COLISÃO SEM VÍTIMA,1,1,,,,,,,,0,,Longo da via,Bom,Sem defeito,Perfeito estado,Seca,Perfeito estado,,Outras,,Única,Faixa contínua,,,,,,,,
2019-02-06,16:34:00,SEM VÍTIMA,FINALIZADA,IMBIRIBEIRA,RUA JALISCO,53,,AO LADO DO GERALDÃO,RUA JALISCO,53,AO LADO DO GERALDÃO,IMBIRIBEIRA,,,ABALROAMENTO LONGITUDINAL,COLISÃO SEM VÍTIMA,1,,,,,,1,,,0,,Longo da via,Bom,Não existe,Perfeito estado,Seca,Perfeito estado,Não existe,Não há placas,,Dupla,Não existe,,,,,,,,
2019-02-06,17:05:00,SEM VÍTIMA,FINALIZADA,ZUMBI,RUA GOMES TABORDA,890,,EM FRENTE A ANDRE DO GALETO,RUA GOMES TABORDA,890,EM FRENTE A ANDRE DO GALETO,ZUMBI,,SUBURBIO,COLISÃO TRASEIRA,COLISÃO SEM VÍTIMA,2,,,,,,,,,0,,Longo da via,Bom,Não existe,Perfeito estado,Seca,Perfeito estado,Não existe,Outras,,Dupla,Faixa seccionada,,,,,,,,
2019-02-06,17:14:00,COM VÍTIMA,FINALIZADA,BAIRRO DO RECIFE,CAIS DO APOLO,302,RUA ALVARES CABRAL,E/F AO DELTA CAFÉ. EDF. MAURÍCIO DE NASSAU.,CAIS DO APOLO,302,E/F AO DELTA CAFÉ. EDF. MAURÍCIO DE NASSAU.,BAIRRO DO RECIFE,,SUBURBIO,ATROPELAMENTO,ATROPELAMENTO ENVOLVENDO ÔNIBUS E PEDESTRE.,,,,,1,1,,,,1,,Longo da via,Chuvoso,Sem defeito,Perfeito estado,Molhada,Perfeito estado,Outros,R-6c,30 km/h,Única,Faixa,,,,,,,,
2019-02-06,17:34:00,SEM VÍTIMA,FINALIZADA,CASA AMARELA,EST DO ARRAIAL,3107,RUA FERNANDO LOPES,AMÉRICA FUTEBOL CLUBE,EST DO ARRAIAL,3107,AMÉRICA FUTEBOL CLUBE,CASA AMARELA,,,COLISÃO TRASEIRA,COLISÃO SEM VÍTIMA,2,,,,,,,,,0,,Longo da via,Bom,Não existe,Perfeito estado,Seca,Perfeito estado,Não existe,Outras,,Única,Faixa seccionada,,,,,,,,
2019-02-06,17:58:00,SEM VÍTIMA,FINALIZADA,MADALENA,RUA BENFICA,140,,,RUA BENFICA,140,,MADALENA,,CIDADE,ABALROAMENTO LONGITUDINAL,COLISÃO SEM VÍTIMA,1,,,,,1,,,,0,,Longo da via,Bom,Não existe,Perfeito estado,Seca,Perfeito estado,Não existe,Não há placas,40 km/h,Única,Faixa seccionada,,,,,,,,
2019-02-06,18:21:00,SEM VÍTIMA,CANCELADA,BOA VIAGEM,AV BOA VIAGEM,,,EM FRENTE AO HOTEL VILA RICA,AV BOA VIAGEM,,EM FRENTE AO HOTEL VILA RICA,BOA VIAGEM,,,COLISÃO,COLISÃO SEM VITIMAS,1,,,,,1,,,,0,,,,,,,,,,,,,,,,,,,,
2019-02-06,18:38:00,COM VÍTIMA,FINALIZADA,BOA VIAGEM,AV CONSELHEIRO AGUIAR,,RUA CARLOS PEREIRA FALCAO,EXTRA SUPERMERCADO/ BANCO SANTANDER,AV CONSELHEIRO AGUIAR,,EXTRA SUPERMERCADO/ BANCO SANTANDER,BOA VIAGEM,,CIDADE,ABALROAMENTO TRANSVERSAL,COLISÃO ENTRE CAMINHÃO E MOTOCICLETA.,,1,,,,,1,,,1,,Longo da via,Bom,Não existe,Perfeito estado,Seca,Perfeito estado,Não existe,Outras,,Única,Faixa contínua,,,,,,,,
2019-02-06,18:44:00,COM VÍTIMA,FINALIZADA,BOA VISTA,RUA JOSE DE ALENCAR,264,RUA BARAO DE SAO BORJA,SHOPPING BOA VISTA,RUA JOSE DE ALENCAR,264,SHOPPING BOA VISTA,BOA VISTA,,SUBURBIO,ABALROAMENTO TRANSVERSAL,COLISÃO ENTRE DOIS AUTOS.,2,,,,,,,,,1,,Cruzamento,Bom,Não existe,Perfeito estado,Seca,Perfeito estado,Faixa de retenção,Placas Pare,,Única,Não existe,,,,,,,,
2019-02-06,19:02:00,COM VÍTIMA,CANCELADA,BOA VIAGEM,AV CONSELHEIRO AGUIAR,,,EM FRENTE AO SUPERMERCADO EXTRA,AV CONSELHEIRO AGUIAR,,EM FRENTE AO SUPERMERCADO EXTRA,BOA VIAGEM,,,COLISÃO,COLISAO ENVOLVENDO CAMINHÃO E MOTO COM VITIMA,,1,,,,,1,,,1,,,,,,,,,,,,,,,,,,,,
2019-02-06,19:55:00,COM VÍTIMA,FINALIZADA,GRAÇAS,RUA JOAQUIM NABUCO,,,EM FRENTE AO HOSPITAL SANTA JOANA,RUA JOAQUIM NABUCO,,EM FRENTE AO HOSPITAL SANTA JOANA,GRAÇAS,,SUBURBIO,ABALROAMENTO LONGITUDINAL,COLISÃO ENTRE DOIS AUTOS E UMA MOTONETA.,2,,1,,,,,,,1,,Longo da via,Bom,Sem defeito,Perfeito estado,Seca,,Não existe,Não há placas,,Única,Faixa seccionada,,,,,,,,
2019-02-06,23:35:00,SEM VÍTIMA,FINALIZADA,CAXANGÁ,AV CAXANGA,,EST DO BARBALHO,,AV CAXANGA,,,CAXANGÁ,553,CIDADE,ABALROAMENTO LONGITUDINAL,COLISÃO S/V,2,,,,,1,,,,0,,Longo da via,Bom,Sem defeito,Perfeito estado,Seca,Perfeito estado,Faixa de pedestre,Não há placas,60 km/h,Única,Faixa contínua,,,,,,,,
2019-02-07,02:59:00,SEM VÍTIMA,FINALIZADA,JOANA BEZERRA,AV GOVERNADOR AGAMENON MAGALHAES,,,DEPOIS DO CLUBE PORTUGUÊS, APÓS O POSTO DA PM // EM CIMA DO VIADUTO JOANA BEZERRA, SENTIDO BOA VIAGEM,AV GOVERNADOR AGAMENON MAGALHAES,,DEPOIS DO CLUBE PORTUGUÊS, APÓS O POSTO DA PM // EM CIMA DO VIADUTO JOANA BEZERRA, SENTIDO BOA VIAGEM,JOANA BEZERRA,,,CHOQUE OBJETO FIXO,CONDUTOR PERDEU O CONTROLE DO VEÍCULO, CHOCOU-SE CONTRA O GELO-BAIANO E AVADIU-SE DO LOCAL,1,,,,,,,,,0,,,,,,,,,,,,,,,
2019-02-07,07:15:00,SEM VÍTIMA,FINALIZADA,CAÇOTE,AV RECIFE,,,LADO GASHI TEMAKERIA,AV RECIFE,,LADO GASHI TEMAKERIA,CAÇOTE,336,CIDADE,COLISÃO TRASEIRA,DOIS AUTOS,2,,,,,,,,,0,,Longo da via,Bom,Sem defeito,Perfeito estado,Seca,Perfeito estado,Faixa de pedestre,Outras,60 km/h,Única,Faixa contínua,Canteiro central,,,,,,,
2019-02-07,07:36:00,SEM VÍTIMA,FINALIZADA,JORDÃO,RUA DR ALVARO FERRAZ,D48,,,RUA DR ALVARO FERRAZ,D48,,JORDÃO,,,COLISÃO TRASEIRA,SEM VÍTIMAS,2,,,,,,,,,0,,Longo da via,Bom,Não existe,Não existente,Seca,,Não existe,Não há placas,,Única,Não existe,,,,,,,,
2019-02-07,08:21:00,SEM VÍTIMA,FINALIZADA,BOA VISTA,RUA JOAO LIRA,,,EM FRENTE AO 13 DE MAIO,RUA JOAO LIRA,,EM FRENTE AO 13 DE MAIO,BOA VISTA,,SUBURBIO,ABALROAMENTO LONGITUDINAL,SEM VÍTIMAS,2,,,,,,,,,0,,Longo da via,Bom,Não existe,Perfeito estado,Seca,Perfeito estado,Faixa de pedestre,Não há placas,,Única,Faixa contínua,,,,,,,,
2019-02-07,08:47:00,SEM VÍTIMA,FINALIZADA,SÃO JOSÉ,VDO DAS CINCO PONTAS,,,LADO OPOSTO AO FORTE DAS CINCO PONTAS,VDO DAS CINCO PONTAS,,LADO OPOSTO AO FORTE DAS CINCO PONTAS,SÃO JOSÉ,199,SUBURBIO,ABALROAMENTO LONGITUDINAL,DOIS AUTOS,2,,,,,,,,,0,,Longo da via,Bom,Sem defeito,Perfeito estado,Seca,Perfeito estado,Faixa de pedestre,Outras,,Única,Faixa contínua,,,,,,,,
2019-02-07,08:59:00,SEM VÍTIMA,FINALIZADA,SÃO JOSÉ,RUA SAO JOAO,,RUA DO FORTE,PRÓX AO FORTE DAS CINCO PONTAS,RUA SAO JOAO,,PRÓX AO FORTE DAS CINCO PONTAS,SÃO JOSÉ,,,COLISÃO,ENTRE AUTOS S/V,2,,,,,,,,,0,,,,,,,,,,,,,,,,,,,,
2019-02-07,10:14:00,SEM VÍTIMA,FINALIZADA,CORDEIRO,AV CAXANGA,1715,RUA FIRMINO DE BARROS,,AV CAXANGA,1715,,CORDEIRO,,CIDADE,ABALROAMENTO LONGITUDINAL,COLISÃO SEM VITIMAS,2,,,,,,,,,0,,,Bom,Não existe,Perfeito estado,Seca,Perfeito estado,Não existe,R-6a,,Dupla,Canteiro central,,,,,,,,
2019-02-07,10:26:00,SEM VÍTIMA,FINALIZADA,ÁGUA FRIA,AV BEBERIBE,,,LADO OPOSTO POSTO IPIRANGA,AV BEBERIBE,,LADO OPOSTO POSTO IPIRANGA,ÁGUA FRIA,622,SUBURBIO,ABALROAMENTO LONGITUDINAL,SEM VÍTIMAS,1,,,,,,1,,,0,,Longo da via,Bom,Sem defeito,Perfeito estado,Seca,Perfeito estado,Outros,Outras,,Única,Faixa seccionada,,,,,,,,
2019-02-07,10:48:00,SEM VÍTIMA,FINALIZADA,CAÇOTE,AV RECIFE,712,,EM FRENTE AO CONJUNTO HABITACIONAL INÊS ANDREAZA,AV RECIFE,712,EM FRENTE AO CONJUNTO HABITACIONAL INÊS ANDREAZA,CAÇOTE,,CIDADE,ABALROAMENTO LONGITUDINAL,COLISÃO SEM VITIMAS,1,1,,,,,,,,0,,Longo da via,Bom,Sem defeito,Perfeito estado,Seca,Perfeito estado,Faixa de pedestre,Outras,60 km/h,Única,Faixa contínua,Faixa seccionada,Canteiro central,,,,,,
2019-02-07,11:15:00,SEM VÍTIMA,FINALIZADA,ENCRUZILHADA,AV BEBERIBE,,,EM FRENTE AO SEMÁFORO 186,AV BEBERIBE,,EM FRENTE AO SEMÁFORO 186,ENCRUZILHADA,186,SUBURBIO,COLISÃO TRASEIRA,DOIS AUTOS,2,,,,,,,,,0,,Longo da via,Bom,Sem defeito,Perfeito estado,Seca,Perfeito estado,Faixa de pedestre,R-6a,,Dupla,Faixa contínua,Faixa seccionada,,,,,,,
2019-02-07,11:16:00,SEM VÍTIMA,DUPLICIDADE,ENCRUZILHADA,AV BEBERIBE,286,,E/F AS LOJA AMERICANAS, SENTIDO CASA AMARELA.,AV BEBERIBE,286,E/F AS LOJA AMERICANAS, SENTIDO CASA AMARELA.,ENCRUZILHADA,,,COLISÃO,SE MVÍTIMAS,2,,,,,,,,,0,,,,,,,,,,,,,,,,,,
2019-02-07,11:22:00,SEM VÍTIMA,FINALIZADA,IMBIRIBEIRA,AV MARECHAL MASCARENHAS DE MORAES,2028,,AO LADO DA ITALIANA,AV MARECHAL MASCARENHAS DE MORAES,2028,AO LADO DA ITALIANA,IMBIRIBEIRA,,SUBURBIO,ABALROAMENTO LONGITUDINAL,COLISÃO SEM VITIMAS,2,,,,,,,,,0,,Longo da via,Bom,Não existe,Perfeito estado,Seca,Perfeito estado,Não existe,R-6a,,Dupla,Canteiro central,,,,,,,,
2019-02-07,11:31:00,SEM VÍTIMA,FINALIZADA,TEJIPIÓ,RUA FALCAO DE LACERDA,381,,,RUA FALCAO DE LACERDA,381,,TEJIPIÓ,,SUBURBIO,CHOQUE VEÍCULO PARADO,ONIBUS E AUTO,2,,,,,,,,,0,,Longo da via,Bom,Não existe,Perfeito estado,Seca,Perfeito estado,Não existe,Não há placas,,Dupla,Faixa seccionada,,,,,,,,
2019-02-07,11:33:00,SEM VÍTIMA,FINALIZADA,BONGI,EST DO BONGI,947,,PRÓX À DELEGACIA DO BONGI,EST DO BONGI,947,PRÓX À DELEGACIA DO BONGI,BONGI,,CIDADE,COLISÃO TRASEIRA,,3,,,,,,,,,0,,Longo da via,Bom,,Perfeito estado,Seca,Perfeito estado,Outros,Outras,60 km/h,Dupla,Faixa contínua,Faixa seccionada,,,,,,,
2019-02-07,11:51:00,SEM VÍTIMA,DUPLICIDADE,BONGI,EST DO BONGI,931,,PROX. A IGREJA BATISTA DO BONGI,EST DO BONGI,931,PROX. A IGREJA BATISTA DO BONGI,BONGI,,,COLISÃO,TRES AUTOS,3,,,,,,,,,0,,,,,,,,,,,,,,,,,,,,
2019-02-07,12:15:00,SEM VÍTIMA,FINALIZADA,SANTO AMARO,AV GOVERNADOR AGAMENON MAGALHAES,,,EM FRENTE AO CIRCULO MILITAR,AV GOVERNADOR AGAMENON MAGALHAES,,EM FRENTE AO CIRCULO MILITAR,SANTO AMARO,,,COLISÃO TRASEIRA,COLISÃO SEM VÍTIMA,3,,,,,,,,,0,,Longo da via,Bom,,Perfeito estado,Seca,Perfeito estado,Não existe,Outras,60 km/h,Dupla,Canteiro central,,,,,,,,
2019-02-07,12:37:00,SEM VÍTIMA,FINALIZADA,CASA AMARELA,RUA PADRE LEMOS,,AV NORTE,SEMÁFORO 066,RUA PADRE LEMOS,,SEMÁFORO 066,CASA AMARELA,66,SUBURBIO,ABALROAMENTO LONGITUDINAL,COLISAO ENTRE AUTO E CAMINHAO,1,,,,,,1,,,0,,Cruzamento,Bom,Sem defeito,Perfeito estado,Seca,Perfeito estado,Faixa de pedestre,R-6a,60 km/h,Dupla,Canteiro central,,,,,,,,
2019-02-07,13:05:00,SEM VÍTIMA,FINALIZADA,AREIAS,AV RECIFE,150,,EM FRENTE A EMBREPAR,AV RECIFE,150,EM FRENTE A EMBREPAR,AREIAS,621,,COLISÃO FRONTAL,COLISÃO SEM VÍTIMA,3,,,,,,,,,0,,Longo da via,Bom,Sem defeito,Perfeito estado,Seca,Perfeito estado,Faixa de pedestre,Não há placas,60 km/h,Única,Canteiro central,,,,,,,,
2019-02-07,13:19:00,SEM VÍTIMA,FINALIZADA,ARRUDA,AV BEBERIBE,1418,,EM FRENTE MARIAS SALÃO E ESTÉTICA UNISSEX,AV BEBERIBE,1418,EM FRENTE MARIAS SALÃO E ESTÉTICA UNISSEX,ARRUDA,492,SUBURBIO,ABALROAMENTO LONGITUDINAL,COLISÃO SEM VÍTIMA,1,,,,,1,,,,0,,Longo da via,Bom,Sem defeito,Perfeito estado,Seca,Perfeito estado,Outros,R-6a,,Dupla,Faixa contínua,Faixa seccionada,,,,,,,
2019-02-07,13:36:00,SEM VÍTIMA,FINALIZADA,TORRE,RUA JOSE BONIFACIO,,RUA MARCOS ANDRE,EM FRENTE A OFICINA BIU DA TORRE, NA ESQUINA DO CARREFOUR,RUA JOSE BONIFACIO,,EM FRENTE A OFICINA BIU DA TORRE, NA ESQUINA DO CARREFOUR,TORRE,487,SUBURBIO,ABALROAMENTO LONGITUDINAL,,2,,,,,,,,,0,,Cruzamento,Bom,Sem defeito,Incompleta,Seca,Perfeito estado,Não existe,Não há placas,,Única,Não existe,,,,,,