data,hora,natureza_acidente,situacao,bairro,endereco,numero,detalhe_endereco_acidente,complemento,endereco_cruzamento,numero_cruzamento,referencia_cruzamento,bairro_cruzamento,num_semaforo,sentido_via,tipo,descricao,auto,moto,ciclom,ciclista,pedestre,onibus,caminhao,viatura,outros,vitimas,vitimasfatais,acidente_verificado,tempo_clima,situacao_semaforo,sinalizacao,condicao_via,conservacao_via,ponto_controle,situacao_placa,velocidade_max_via,mao_direcao,divisao_via1,divisao_via2,divisao_via3,,,,,,
2019-02-07,13:58:00,SEM VÍTIMA,FINALIZADA,ENCRUZILHADA,RUA JOSE DE SA CARNEIRO,2160,AV NORTE,AO LADO DA RENAULT,RUA JOSE DE SA CARNEIRO,2160,AO LADO DA RENAULT,ENCRUZILHADA,665,SUBURBIO,COLISÃO TRASEIRA,AUTO E MOTO S/V,1,1,,,,,,,,0,,Longo da via,Bom,Sem defeito,Perfeito estado,Seca,Perfeito estado,Agente,R-6a,30 km/h,Única,Faixa seccionada,,,,,,,,
2019-02-07,14:09:00,SEM VÍTIMA,FINALIZADA,ESTÂNCIA,AV RECIFE,5516,,EM FRENTE A IMPERIAL EQUIPAMENTOS,AV RECIFE,5516,EM FRENTE A IMPERIAL EQUIPAMENTOS,ESTÂNCIA,,SUBURBIO,COLISÃO TRASEIRA,COLISAO ENTRE VIATURA DA POLICIA CIVIL E AUTO S/V,2,,,,,,,,,0,,Longo da via,Bom,Não existe,Perfeito estado,Seca,Perfeito estado,Não existe,Não há placas,,Única,Faixa seccionada,,,,,,,,
2019-02-07,15:00:00,SEM VÍTIMA,FINALIZADA,SÃO JOSÉ,AV SUL,1487,,OFICINA CABELEREIRA,AV SUL,1487,OFICINA CABELEREIRA,SÃO JOSÉ,205,CIDADE,COLISÃO TRASEIRA,DOIS AUTOS S/V,2,,,,,,,,,0,,Longo da via,Bom,Sem defeito,Perfeito estado,Seca,Perfeito estado,Não existe,Outras,,Dupla,Canteiro central,,,,,,,,
2019-02-07,15:41:00,SEM VÍTIMA,FINALIZADA,BOA VIAGEM,RUA PROFESSOR AUGUSTO LINS E SILVA,,RUA DR LUIZ INACIO PESSOA DE MELO,,RUA PROFESSOR AUGUSTO LINS E SILVA,,,BOA VIAGEM,,,ABALROAMENTO TRANSVERSAL,COLISAO ENTRE DOIS AUTOS S/V,2,,,,,,,,,0,,Cruzamento,Bom,Não existe,Perfeito estado,Seca,Perfeito estado,,,40 km/h,Dupla,,,,,,,,,
2019-02-07,16:00:00,COM VÍTIMA,FINALIZADA,SANTO AMARO,RUA CAPITAO LIMA,420,,EM FRENTE A UBER,RUA CAPITAO LIMA,420,EM FRENTE A UBER,SANTO AMARO,,CIDADE,CHOQUE VEÍCULO PARADO,AUTO E MOTO,1,1,,,,,,,,1,,,Bom,Não existe,Perfeito estado,Seca,Perfeito estado,Não existe,Não há placas,,,,,,,,,,,
2019-02-07,16:22:00,SEM VÍTIMA,FINALIZADA,CASA AMARELA,RUA CASA AMARELA,102,,PROX. A PADARIA PAM CENTRAL,RUA CASA AMARELA,102,PROX. A PADARIA PAM CENTRAL,CASA AMARELA,,,COLISÃO,DOIS AUTOS E UMA MOTO S/V,2,1,,,,,,,,0,,,,,,,,,,,,,,,,,,,,
2019-02-07,16:31:00,SEM VÍTIMA,FINALIZADA,IBURA,AV DOIS RIOS,250,,NO FINAL DO ANTIGO MOTEL LOVE,AV DOIS RIOS,250,NO FINAL DO ANTIGO MOTEL LOVE,IBURA,,,COLISÃO,COLISAO ENTRE DOIS AUTOS/V,2,,,,,,,,,0,,,,,,,,,,,,,,,,,,,,
2019-02-07,16:34:00,SEM VÍTIMA,FINALIZADA,ENCRUZILHADA,AV NORTE,2160,,EM FRENTE A RENAULT,AV NORTE,2160,EM FRENTE A RENAULT,ENCRUZILHADA,665,SUBURBIO,ABALROAMENTO LONGITUDINAL,COLISÃO SEM VÍTIMA,1,,,,,,1,,,0,,Longo da via,Bom,Sem defeito,Perfeito estado,Seca,Perfeito estado,Faixa de pedestre,R-6a,60 km/h,Dupla,Canteiro central,,,,,,,,
2019-02-07,17:03:00,SEM VÍTIMA,FINALIZADA,CORDEIRO,RUA MAURICIO DE NASSAU,,,,RUA MAURICIO DE NASSAU,,,CORDEIRO,,CIDADE,COLISÃO TRASEIRA,COLISAO ENTRE DOIS AUTOS S/V,2,,,,,,,,,0,,Longo da via,Bom,Sem defeito,Perfeito estado,Seca,Perfeito estado,Não existe,,,Dupla,Faixa seccionada,,,,,,,,
2019-02-07,17:14:00,SEM VÍTIMA,CANCELADA,ILHA DO RETIRO,RUA SPORT CLUBE DO RECIFE,,,NA DESCIDA DA PONTE ,NO GIRADOURO, EM FRENTE AO CLUBE,RUA SPORT CLUBE DO RECIFE,,NA DESCIDA DA PONTE ,NO GIRADOURO, EM FRENTE AO CLUBE,ILHA DO RETIRO,,,COLISÃO,ENTRE DOIS AUTOS S/V,2,,,,,,,,,0,,,,,,,,,,,,,,,,
2019-02-07,17:18:00,SEM VÍTIMA,FINALIZADA,SANTO AMARO,AV NORTE,,RUA TREZE DE MAIO,EM FRENTE A FEMATEC CONSTRUÇÕES,AV NORTE,,EM FRENTE A FEMATEC CONSTRUÇÕES,SANTO AMARO,36,SUBURBIO,ABALROAMENTO LONGITUDINAL,COLISAO ENVOLVENDO AUTO E ONIBUS,1,,,,,1,,,,0,,,Bom,Sem defeito,Perfeito estado,Seca,Perfeito estado,Faixa de pedestre,Não há placas,,Dupla,Faixa seccionada,,,,,,,,
2019-02-07,17:39:00,COM VÍTIMA,FINALIZADA,MADALENA,RUA PADRE ANCHIETA,,RUA JOSE BONIFACIO,E/F A IGREJA METODISTA,RUA PADRE ANCHIETA,,E/F A IGREJA METODISTA,MADALENA,,SUBURBIO,ATROPELAMENTO,MOTO ATROPELOU UM PEDESTRE,,1,,,1,,,,,1,,Longo da via,Bom,Sem defeito,Perfeito estado,Seca,Perfeito estado,Não existe,Não há placas,,Única,Faixa contínua,,,,,,,,
2019-02-07,17:57:00,SEM VÍTIMA,FINALIZADA,IPSEP,RUA JEAN EMILE FAVRE,355,,EM FRENTE A FBV,RUA JEAN EMILE FAVRE,355,EM FRENTE A FBV,IPSEP,,,COLISÃO,COLISÃO SEM VÍTIMA,2,,,,,,,,,0,,,,,,,,,,,,,,,,,,,,
2019-02-07,18:00:00,SEM VÍTIMA,FINALIZADA,IMBIRIBEIRA,AV MARECHAL MASCARENHAS DE MORAES,,,LADO OPOSTO DESEMBAQUE SUL DO AEROPORTO,AV MARECHAL MASCARENHAS DE MORAES,,LADO OPOSTO DESEMBAQUE SUL DO AEROPORTO,IMBIRIBEIRA,,CID/SUB,ABALROAMENTO LONGITUDINAL,AUTO E ONIBUS DA VERA CRUZ,1,,,,,1,,,,0,,Longo da via,Bom,Não existe,Perfeito estado,Seca,Perfeito estado,Agente,,20 km/h,,Canteiro central,,,,,,,,
2019-02-07,18:06:00,SEM VÍTIMA,CANCELADA,BOA VISTA,RUA DO HOSPICIO,,,EM FRENTE AO HOSPITAL DO EXERCITO,RUA DO HOSPICIO,,EM FRENTE AO HOSPITAL DO EXERCITO,BOA VISTA,,,COLISÃO,COLISÃO SEM VÍTIMA,2,,,,,,,,,0,,,,,,,,,,,,,,,,,,,,
2019-02-07,18:15:00,SEM VÍTIMA,FINALIZADA,IMBIRIBEIRA,AV MARECHAL MASCARENHAS DE MORAES,1776,,LASER ELETRO,AV MARECHAL MASCARENHAS DE MORAES,1776,LASER ELETRO,IMBIRIBEIRA,,CIDADE,COLISÃO TRASEIRA,ENTRE AUTO E MOTO S/V,1,1,,,,,,,,0,,Longo da via,Bom,Não existe,Perfeito estado,Seca,Perfeito estado,Não existe,Não há placas,60 km/h,Dupla,Canteiro central,,,,,,,,
2019-02-07,18:24:00,SEM VÍTIMA,FINALIZADA,COELHOS,RUA DOS COELHOS,361,,EM FRENTE AO IMIP,RUA DOS COELHOS,361,EM FRENTE AO IMIP,COELHOS,359,CIDADE,ABALROAMENTO LONGITUDINAL,COLISÃO SEM VÍTIMA,1,,,,,1,,,,0,,Longo da via,Bom,Sem defeito,Perfeito estado,Seca,Perfeito estado,Faixa de pedestre,Outras,30 km/h,Dupla,Faixa contínua,Faixa seccionada,,,,,,,
2019-02-07,18:28:00,SEM VÍTIMA,EQUIPE EM DESLOCAMENTO,TORRE,RUA MARCOS ANDRE,459,,AO LADO DO CARREFOUR,RUA MARCOS ANDRE,459,AO LADO DO CARREFOUR,TORRE,,,COLISÃO,COLISÃO SEM VÍTIMA,1,,,,,,1,,,0,,,,,,,,,,,,,,,,,,,,
2019-02-07,18:37:00,COM VÍTIMA,FINALIZADA,BOA VISTA,RUA JOAO FERNANDES VIEIRA,356,,,RUA JOAO FERNANDES VIEIRA,356,,BOA VISTA,,,ATROPELAMENTO,HONDA FIT EIZ6287,1,,,,1,,,,,1,,Longo da via,Bom,Sem defeito,Perfeito estado,Seca,Perfeito estado,Faixa de pedestre,Outras,40 km/h,Única,Faixa seccionada,,,,,,,,
2019-02-07,19:03:00,COM VÍTIMA,CANCELADA,SANTO AMARO,AV DR JAYME DA FONTE,,,SUPERMERCADO MAIS VOCÊ/VAREJO SANTO AMARO,AV DR JAYME DA FONTE,,SUPERMERCADO MAIS VOCÊ/VAREJO SANTO AMARO,SANTO AMARO,,,COLISÃO,COLISÃO COM VITIMA,1,1,,,,,,,,1,,,,,,,,,,,,,,,,,,,,
2019-02-07,19:20:00,COM VÍTIMA,CANCELADA,ESPINHEIRO,AV GOVERNADOR AGAMENON MAGALHAES,,,E/F A JEEP,AV GOVERNADOR AGAMENON MAGALHAES,,E/F A JEEP,ESPINHEIRO,,,COLISÃO,COLISÃO COM VITIMA,1,1,,,,,,,,1,,,,,,,,,,,,,,,,,,,,
2019-02-07,19:24:00,SEM VÍTIMA,FINALIZADA,DERBY,AV GOVERNADOR AGAMENON MAGALHAES,,,SEMÁFORO 075,AV GOVERNADOR AGAMENON MAGALHAES,,SEMÁFORO 075,DERBY,,SUBURBIO,ABALROAMENTO LONGITUDINAL,COLISÃO SEM VITIMAS,2,,,,,,,,,0,,Longo da via,Bom,Sem defeito,Perfeito estado,Seca,Perfeito estado,Faixa de pedestre,Não há placas,,Dupla,Canal,,,,,,,,
2019-02-07,19:24:00,SEM VÍTIMA,FINALIZADA,DOIS UNIDOS,AV HILDEBRANDO DE VASCONCELOS,736,,LADO OPOSTO AO Nº 0736,AV HILDEBRANDO DE VASCONCELOS,736,LADO OPOSTO AO Nº 0736,DOIS UNIDOS,,CIDADE,CHOQUE VEÍCULO PARADO,COLISÃO S/V,2,,,,,,,,,0,,Longo da via,Bom,Não existe,Perfeito estado,Seca,Perfeito estado,,Não há placas,,Dupla,Não existe,,,,,,,,
2019-02-07,19:30:00,SEM VÍTIMA,FINALIZADA,AFOGADOS,RUA COSME VIANA,,,,RUA COSME VIANA,,,AFOGADOS,430,CIDADE,COLISÃO TRASEIRA,SEM VITIMA,1,1,,,,,,,,0,,Longo da via,Bom,Sem defeito,Perfeito estado,Seca,Perfeito estado,Faixa de pedestre,Outras,,Única,Não existe,,,,,,,,
2019-02-07,20:16:00,COM VÍTIMA,FINALIZADA,MADALENA,RUA REAL DA TORRE,730,RUA DES LUIZ SALAZAR,E/F LOJA DO CONDOMINIO,RUA REAL DA TORRE,730,E/F LOJA DO CONDOMINIO,MADALENA,,SUBURBIO,COLISÃO COM CICLISTA,COLISÃO COM VITIMA,1,,,1,,,,,,1,,Esquina,Bom,Não existe,Incompleta,Seca,Perfeito estado,Não existe,Não há placas,30 km/h,Dupla,Faixa seccionada,,,,,,,,
2019-02-07,21:31:00,COM VÍTIMA,CANCELADA,IMBIRIBEIRA,AV SUL,,,EM BAIXO DO VIADULTO TANCREDO NEVES,AV SUL,,EM BAIXO DO VIADULTO TANCREDO NEVES,IMBIRIBEIRA,,,COLISÃO,COLISÃO COM VITIMA,2,,,,,,,,,1,,,,,,,,,,,,,,,,,,,,
2019-02-07,22:18:00,SEM VÍTIMA,FINALIZADA,IBURA,AV DOIS RIOS,424,,IGREJA BATISTA BRILHO CELESTE,AV DOIS RIOS,424,IGREJA BATISTA BRILHO CELESTE,IBURA,,SUBURBIO,COLISÃO TRASEIRA,COLISÃO SEM VITIMAS, 3 VEÍCULOS ENVOLVIDOS,3,,,,,,,,,0,,Longo da via,Bom,Não existe,Perfeito estado,Seca,Perfeito estado,Não existe,,40 km/h,Dupla,Faixa contínua,,,,,,,
2019-02-07,22:24:00,SEM VÍTIMA,FINALIZADA,BOA VIAGEM,AV ENGENHEIRO DOMINGOS FERREIRA,,RUA ARTUR MUNIZ,,AV ENGENHEIRO DOMINGOS FERREIRA,,,BOA VIAGEM,,SUBURBIO,ABALROAMENTO LONGITUDINAL,COLISÃO SEM VÍTIMA,1,2,,,,,,,,0,,Cruzamento,Bom,Sem defeito,Ilegível,Seca,Perfeito estado,Faixa de pedestre,Outras,,Única,Canteiro central,,,,,,,,
2019-02-08,07:14:00,SEM VÍTIMA,CANCELADA,BOA VIAGEM,RUA DOS NAVEGANTES,435,,EM FRENTE AO CANARIUS PALACE HOTEL,RUA DOS NAVEGANTES,435,EM FRENTE AO CANARIUS PALACE HOTEL,BOA VIAGEM,,,COLISÃO,SEM VITIMAS,2,,,,,,,,,0,,,,,,,,,,,,,,,,,,,,
2019-02-08,07:37:00,SEM VÍTIMA,FINALIZADA,TORRE,RUA REAL DA TORRE,,RUA PADRE ANCHIETA,,RUA REAL DA TORRE,,,TORRE,192,CIDADE,ABALROAMENTO LONGITUDINAL,SEM VITIMAS,1,1,,,,,,,,0,,Cruzamento,Bom,Sem defeito,Perfeito estado,Seca,,Agente,Não há placas,,Única,Faixa seccionada,,,,,,,,
2019-02-08,08:18:00,SEM VÍTIMA,FINALIZADA,BOA VIAGEM,AV DOM JOAO VI,,,LADO OPOSTO DO COLEGIO GGE,AV DOM JOAO VI,,LADO OPOSTO DO COLEGIO GGE,BOA VIAGEM,,CIDADE,ABALROAMENTO LONGITUDINAL,DOIS AUTOS,2,,,,,,,,,0,,Longo da via,Bom,Não existe,Perfeito estado,Seca,Perfeito estado,Outros,Não há placas,,Dupla,Canal,,,,,,,,
2019-02-08,09:00:00,SEM VÍTIMA,FINALIZADA,ILHA DO LEITE,PRC MIGUEL DE CERVANTES,,,AO LADO DA PRAÇA MIGUEL DE CERVANTES,PRC MIGUEL DE CERVANTES,,AO LADO DA PRAÇA MIGUEL DE CERVANTES,ILHA DO LEITE,,SUBURBIO,ABALROAMENTO TRANSVERSAL,SEM VÍTMAS,2,,,,,,,,,0,,Longo da via,Bom,Não existe,Perfeito estado,Seca,Perfeito estado,Outros,Placas Pare,,,Blocos,,,,,,,,
2019-02-08,09:11:00,SEM VÍTIMA,CANCELADA,ENCRUZILHADA,AV NORTE,,RUA QUARENTA E OITO,EM FRENTE DA JACAÚNA,AV NORTE,,EM FRENTE DA JACAÚNA,ENCRUZILHADA,,,COLISÃO,SEM VITIMAS,2,,,,,,,,,0,,,,,,,,,,,,,,,,,,,,
2019-02-08,09:12:00,COM VÍTIMA,FINALIZADA,CASA AMARELA,RUA BELA VISTA,329,,RUA EM FRENTE AO SITIO DA TRINDADE. RESTAURANTE CANDELLABRO PIZZARIA.,RUA BELA VISTA,329,RUA EM FRENTE AO SITIO DA TRINDADE. RESTAURANTE CANDELLABRO PIZZARIA.,CASA AMARELA,,CIDADE,ABALROAMENTO LONGITUDINAL,COLISÃO ENTRE DOIS AUTOMÓVEIS E UMA MOTOCICLETA.,2,1,,,,,,,,1,,Esquina,Bom,Não existe,Perfeito estado,Seca,Perfeito estado,,Placas Pare,40 km/h,Dupla,Não existe,,,,,,,,
2019-02-08,09:57:00,SEM VÍTIMA,FINALIZADA,SANCHO,AV LIBERDADE,276,,PROX A DELEGACIA DRACO,AV LIBERDADE,276,PROX A DELEGACIA DRACO,SANCHO,,,COLISÃO TRASEIRA,COLISÃO SEM VITIMAS,2,,,,,,,,,0,,Longo da via,Bom,Não existe,Perfeito estado,Seca,Perfeito estado,Agente,Não há placas,40 km/h,Dupla,Faixa contínua,,,,,,,,
2019-02-08,10:13:00,SEM VÍTIMA,FINALIZADA,BAIRRO DO RECIFE,,,,SENTIDO BOA VIAGEM/OLINDA,,,SENTIDO BOA VIAGEM/OLINDA,BAIRRO DO RECIFE,,SUBURBIO,ABALROAMENTO LONGITUDINAL,COLISÃO SEM VITIMAS,2,,,,,,,,,0,,Longo da via,Bom,Não existe,Perfeito estado,Seca,Perfeito estado,Não existe,Não há placas,60 km/h,Dupla,Canteiro central,,,,,,,,
2019-02-08,10:22:00,SEM VÍTIMA,FINALIZADA,BOA VISTA,RUA GONCALVES MAIA,465,RUA DO PROGRESSO,,RUA GONCALVES MAIA,465,,BOA VISTA,,CIDADE,ABALROAMENTO LONGITUDINAL,COLISÃO SEM VITIMAS,2,,,,,,,,,0,,,Bom,Não existe,Ilegível,Seca,Perfeito estado,Não existe,,,Única,Não existe,,,,,,,,
2019-02-08,10:40:00,SEM VÍTIMA,FINALIZADA,AREIAS,AV DR JOSE RUFINO,2033,,GILBERTO EQUIPADORA,AV DR JOSE RUFINO,2033,GILBERTO EQUIPADORA,AREIAS,2033,SUB/CID,COLISÃO TRASEIRA,DOIS AUTOS,2,,,,,,,,,0,,Longo da via,Bom,Sem defeito,Perfeito estado,Seca,,,R-6a,,Dupla,Faixa,,,,,,,,
2019-02-08,10:41:00,SEM VÍTIMA,FINALIZADA,JARDIM SÃO PAULO,AV RECIFE,,,EM FRENTE AO POSTO DE GASOLINA MULTI POSTO,AV RECIFE,,EM FRENTE AO POSTO DE GASOLINA MULTI POSTO,JARDIM SÃO PAULO,,,ABALROAMENTO LONGITUDINAL,SEM VITIMAS,1,,,,,,1,,,0,,,Bom,Não existe,Perfeito estado,Seca,Perfeito estado,Não existe,,,Dupla,Canteiro central,,,,,,,,
2019-02-08,11:14:00,SEM VÍTIMA,FINALIZADA,IMBIRIBEIRA,AV SUL,,,POSTE DE ILUMINAÇÃO PÚBLICA 000696,AV SUL,,POSTE DE ILUMINAÇÃO PÚBLICA 000696,IMBIRIBEIRA,,SUBURBIO,COLISÃO TRASEIRA,DOIS AUTOS,2,,,,,,,,,0,,Longo da via,Bom,Não existe,Ilegível,Seca,Mal conservada,Não existe,Não há placas,,Dupla,Não existe,,,,,,,,
2019-02-08,11:19:00,COM VÍTIMA,FINALIZADA,IBURA,AV DOIS RIOS,692,,PROX. A EMPRESA SANTOS FERRO E AÇO,AV DOIS RIOS,692,PROX. A EMPRESA SANTOS FERRO E AÇO,IBURA,,,COLISÃO,MOTO E AUTO,1,1,,,,,,,,1,,,,,,,,,,,,,,,,,,,,
2019-02-08,11:42:00,COM VÍTIMA,FINALIZADA,CORDEIRO,AV CAXANGA,2117,,EM FRENTE AEXPOSIÇÃO DE ANIMAIS,E A CAXANGA ACESSORIOS,AV CAXANGA,2117,EM FRENTE AEXPOSIÇÃO DE ANIMAIS,E A CAXANGA ACESSORIOS,CORDEIRO,,CIDADE,COLISÃO COM CICLISTA,COM UMA VITIMA SENDO ATENDIDA PELO SAMU,,,,1,,1,,,,1,,Longo da via,Bom,Não existe,Perfeito estado,Seca,Perfeito estado,Agente,Não há placas,60 km/h,Dupla,Canteiro central,,,,,,
2019-02-08,12:03:00,SEM VÍTIMA,FINALIZADA,PORTO DA MADEIRA,AV BEBERIBE,8710,RUA DALVA DE OLIVEIRA,AO LADO DA PAN RAINHA,AV BEBERIBE,8710,AO LADO DA PAN RAINHA,PORTO DA MADEIRA,575,SUBURBIO,ABALROAMENTO TRANSVERSAL,DUAS MOTOS S/V,,2,,,,,,,,0,,Longo da via,Bom,Sem defeito,Perfeito estado,Seca,Perfeito estado,Faixa de pedestre,Outras,,Dupla,Faixa contínua,,,,,,,,
2019-02-08,12:09:00,SEM VÍTIMA,FINALIZADA,ALTO JOSÉ BONIFÁCIO,RUA ALTO JOSE BONIFACIO,818,,ESCOLA ESTADUAL CAIO PEREIRA,RUA ALTO JOSE BONIFACIO,818,ESCOLA ESTADUAL CAIO PEREIRA,ALTO JOSÉ BONIFÁCIO,,CIDADE,ABALROAMENTO LONGITUDINAL,AUTO E ONIBUS DA CAXANGA,1,,,,,1,,,,0,,Longo da via,Bom,Não existe,Perfeito estado,Seca,Perfeito estado,Não existe,Não há placas,,Dupla,Faixa seccionada,,,,,,,,
2019-02-08,12:22:00,COM VÍTIMA,FINALIZADA,IMBIRIBEIRA,RUA SARGENTO SILVINO DE MACEDO,445,,PROXIMO A FARMACIA DO TRABALHADOR E POSTO BR,RUA SARGENTO SILVINO DE MACEDO,445,PROXIMO A FARMACIA DO TRABALHADOR E POSTO BR,IMBIRIBEIRA,442,SUBURBIO,ATROPELAMENTO,ATROPELAMENTO ENTRE UM AUTO E UM PEDESTRE.,1,,,,1,,,,,1,,Longo da via,Bom,Não existe,Não existente,Seca,Perfeito estado,Não existe,Não há placas,,Dupla,Não existe,,,,,,,,
2019-02-08,12:29:00,SEM VÍTIMA,FINALIZADA,CAXANGÁ,AV CAXANGA,,,,AV CAXANGA,,,CAXANGÁ,588,CIDADE,COLISÃO TRASEIRA,COLISAO ENTRE DOIS AUTOS S/V,2,,,,,,,,,0,,Ponte,Bom,Sem defeito,Perfeito estado,Seca,Perfeito estado,Faixa de retenção,,,Dupla,Faixa seccionada,,,,,,,,
2019-02-08,12:30:00,SEM VÍTIMA,FINALIZADA,SÃO JOSÉ,RUA IMPERIAL,,TRV DO BANDEIRA,,RUA IMPERIAL,,,SÃO JOSÉ,,SUBURBIO,COLISÃO TRASEIRA,COLISAO ENTRE DOIS AUTOS S/V,2,,,,,,,,,0,,Longo da via,Bom,Não existe,Perfeito estado,Seca,Perfeito estado,Não existe,Outras,60 km/h,Única,Faixa seccionada,,,,,,,,
2019-02-08,14:19:00,SEM VÍTIMA,CANCELADA,TORRÕES,AV BICENTENARIO DA REVOLUCAO FRANCESA,466,,EM FRENTE AO TERMINAL DE RODA DE FOGO,AV BICENTENARIO DA REVOLUCAO FRANCESA,466,EM FRENTE AO TERMINAL DE RODA DE FOGO,TORRÕES,,,COLISÃO,COLISÃO SEM VÍTIMA,1,,,,,1,,,,0,,,,,,,,,,,,,,,,,,,,
2019-02-08,15:38:00,SEM VÍTIMA,FINALIZADA,BOA VIAGEM,RUA FRANCISCO DE BARROS BARRETO,,RUA PADRE GIORDANO,,RUA FRANCISCO DE BARROS BARRETO,,,BOA VIAGEM,,,ABALROAMENTO TRANSVERSAL,DOIS AUTOS S/V,2,,,,,,,,,0,,Cruzamento,Bom,Não existe,Incompleta,Seca,Outros,Não existe,Não há placas,,Dupla,Não existe,,,,,,,,
2019-02-08,16:08:00,SEM VÍTIMA,FINALIZADA,CASA FORTE,RUA LEONARDO BEZERRA CAVALCANTE,587,,EM FRENTE AO MUNDO PET,RUA LEONARDO BEZERRA CAVALCANTE,587,EM FRENTE AO MUNDO PET,CASA FORTE,485,SUBURBIO,COLISÃO TRASEIRA,COLISÃO SEM VÍTIMA,3,,,,,,,,,0,,Longo da via,Bom,Sem defeito,Perfeito estado,Seca,Perfeito estado,Faixa de pedestre,Outras,,Única,Faixa contínua,,,,,,,,
2019-02-08,16:25:00,COM VÍTIMA,FINALIZADA,TAMARINEIRA,EST VELHA DE AGUA FRIA,739,,EM FRENTE AO N 739,EST VELHA DE AGUA FRIA,739,EM FRENTE AO N 739,TAMARINEIRA,,SUBURBIO,ABALROAMENTO LONGITUDINAL,COLISÃO ENTRE AUTO E MOTO.,1,1,,,,,,,,1,,Longo da via,Bom,Não existe,Perfeito estado,Seca,Perfeito estado,,Não há placas,,Dupla,Faixa contínua,,,,,,,,
2019-02-08,16:32:00,COM VÍTIMA,FINALIZADA,IBURA,AV DOM HELDER CAMARA,400,,PROX. AO ARMAZEM FAMA,AV DOM HELDER CAMARA,400,PROX. AO ARMAZEM FAMA,IBURA,,SUBURBIO,COLISÃO TRASEIRA,COLISÃO ENTRE AUTO E MOTONETA.,1,,1,,,,,,,1,,Longo da via,Bom,Não existe,Perfeito estado,Seca,Perfeito estado,Não existe,Não há placas,,Dupla,Canteiro central,,,,,,,,
2019-02-08,16:33:00,COM VÍTIMA,FINALIZADA,TOTÓ,AV LIBERDADE,1546,,AO LADO DA PADARIA EMPORIO DOS PÃES,AV LIBERDADE,1546,AO LADO DA PADARIA EMPORIO DOS PÃES,TOTÓ,,CIDADE,ABALROAMENTO LONGITUDINAL,COLISÃO ENTRE AUTO E MOTO.,1,1,,,,,,,,2,,Longo da via,Bom,Não existe,Perfeito estado,Seca,Perfeito estado,Não existe,Não há placas,,Dupla,Não existe,,,,,,,,
2019-02-08,16:35:00,SEM VÍTIMA,FINALIZADA,JAQUEIRA,RUA DO FUTURO,1150,RUA SIMAO MENDES,RESIDENCIAL GILDO VILAÇA,RUA DO FUTURO,1150,RESIDENCIAL GILDO VILAÇA,JAQUEIRA,,SUBURBIO,ABALROAMENTO LONGITUDINAL,COLISAO ENTRE DOIS AUTOS S/V,2,,,,,,,,,0,,,Bom,Não existe,Perfeito estado,Seca,Perfeito estado,Faixa de pedestre,Placas Pare,,Dupla,Faixa seccionada,,,,,,,,
2019-02-08,16:38:00,SEM VÍTIMA,FINALIZADA,ILHA DO LEITE,RUA ANTONIO GOMES DE FREITAS,,,PROX. AO ALBERT SABIN,RUA ANTONIO GOMES DE FREITAS,,PROX. AO ALBERT SABIN,ILHA DO LEITE,,CIDADE,ABALROAMENTO LONGITUDINAL,AUTO E CAMINHAO S/V,1,,,,,,1,,,0,,Cruzamento,Bom,Não existe,Perfeito estado,Seca,Perfeito estado,Não existe,Outras,,Única,Faixa seccionada,,,,,,,,
2019-02-08,16:43:00,SEM VÍTIMA,FINALIZADA,BOA VISTA,AV LINS PETIT,188,,EM FRENTE AO CENTRO ADMINISTRATIVO DA UNIMED,AV LINS PETIT,188,EM FRENTE AO CENTRO ADMINISTRATIVO DA UNIMED,BOA VISTA,,SUBURBIO,COLISÃO TRASEIRA,COLISÃO SEM VÍTIMA,2,,,,,,,,,0,,Longo da via,Bom,Não existe,Perfeito estado,Seca,Perfeito estado,Outros,Outras,,Única,Faixa contínua,,,,,,,,
2019-02-08,16:44:00,SEM VÍTIMA,FINALIZADA,VÁRZEA,RUA PROFESSOR ANTONIO COELHO,,RUA EMILIANO BRAGA,AO LADO DO TERMINAL DE ONIBUS CDU,RUA PROFESSOR ANTONIO COELHO,,AO LADO DO TERMINAL DE ONIBUS CDU,VÁRZEA,,CIDADE,ABALROAMENTO TRANSVERSAL,COLISAO ENTRE AUTO E MOTO S/V,1,1,,,,,,,,0,,Cruzamento,Bom,Não existe,Perfeito estado,Seca,Perfeito estado,Não existe,Placas Pare,,Dupla,Faixa seccionada,,,,,,,,
2019-02-08,16:49:00,COM VÍTIMA,FINALIZADA,SAN MARTIN,AV JOAO CABRAL DE MELO NETO,1653,RUA ROCHA POMBO,EM FRENTE A GRAFICA ALENCAR/ SENTIDO SAN MARTIN.,AV JOAO CABRAL DE MELO NETO,1653,EM FRENTE A GRAFICA ALENCAR/ SENTIDO SAN MARTIN.,SAN MARTIN,,CIDADE,ABALROAMENTO LONGITUDINAL,COLISÃO ENTRE AUTO E MOTO.,1,1,,,,,,,,1,,Esquina,Bom,Não existe,Perfeito estado,Seca,Perfeito estado,Não existe,Outras,,Dupla,Canteiro central,,,,,,,,