data,hora,natureza_acidente,situacao,bairro,endereco,numero,detalhe_endereco_acidente,complemento,endereco_cruzamento,numero_cruzamento,referencia_cruzamento,bairro_cruzamento,num_semaforo,sentido_via,tipo,descricao,auto,moto,ciclom,ciclista,pedestre,onibus,caminhao,viatura,outros,vitimas,vitimasfatais,acidente_verificado,tempo_clima,situacao_semaforo,sinalizacao,condicao_via,conservacao_via,ponto_controle,situacao_placa,velocidade_max_via,mao_direcao,divisao_via1,divisao_via2,divisao_via3,,,,,,
2019-02-08,17:02:00,SEM VÍTIMA,FINALIZADA,MADALENA,RUA REAL DA TORRE,218,,APÓS O MERCADO DA MADALENA,RUA REAL DA TORRE,218,APÓS O MERCADO DA MADALENA,MADALENA,,CIDADE,ABALROAMENTO LONGITUDINAL,DOIS AUTOS S/V,2,,,,,,,,,0,,Longo da via,Bom,Não existe,Perfeito estado,Seca,Perfeito estado,,Outras,,Única,,,,,,,,,
2019-02-08,17:06:00,SEM VÍTIMA,FINALIZADA,JOANA BEZERRA,RUA AGUA DOCE,,,PRÓXIMO A ACADEMIA DA CIDADE,RUA AGUA DOCE,,PRÓXIMO A ACADEMIA DA CIDADE,JOANA BEZERRA,,,ABALROAMENTO LONGITUDINAL,AUTO E ONIBUS DA CAXANGA,1,,,,,1,,,,0,,Longo da via,Bom,Não existe,Não existente,Seca,Perfeito estado,Não existe,Não há placas,,Única,Não existe,,,,,,,,
2019-02-08,17:06:00,COM VÍTIMA,CANCELADA,CAJUEIRO,AV CIDADE DE MONTEIRO,380,,EM FRENTE AO ARMAZEM CORAL,AV CIDADE DE MONTEIRO,380,EM FRENTE AO ARMAZEM CORAL,CAJUEIRO,,,COLISÃO,COLISÃO COM VÍTIMA,1,1,,,,,,,,1,,,,,,,,,,,,,,,,,,,,
2019-02-08,18:31:00,SEM VÍTIMA,CANCELADA,IMBIRIBEIRA,RUA SARGENTO SILVINO DE MACEDO,595,AV GENERAL MAC ARTHUR,ESQUINA COM O POSTO BR E PRÓX A FARMÁCIA FTB,RUA SARGENTO SILVINO DE MACEDO,595,ESQUINA COM O POSTO BR E PRÓX A FARMÁCIA FTB,IMBIRIBEIRA,,,COLISÃO,ENTRE AUTO PASSEIO E CAMINHÃO. S/V,1,,,,,,1,,,0,,,,,,,,,,,,,,,,,,,,
2019-02-08,18:38:00,SEM VÍTIMA,FINALIZADA,JORDÃO,AV MARIA IRENE,323,,,AV MARIA IRENE,323,,JORDÃO,,SUBURBIO,COLISÃO TRASEIRA,COLISÃO S/V,3,,,,,,,,,0,,Longo da via,Bom,Não existe,Perfeito estado,Seca,Perfeito estado,Não existe,Não há placas,,Dupla,Não existe,,,,,,,,
2019-02-08,18:39:00,SEM VÍTIMA,FINALIZADA,BOA VIAGEM,RUA BARAO DE SOUZA LEAO,,RUA SA E SOUZA,COLÉGIO SANTOS DUMONT,RUA BARAO DE SOUZA LEAO,,COLÉGIO SANTOS DUMONT,BOA VIAGEM,159,SUBURBIO,ABALROAMENTO LONGITUDINAL,ENTRE AUTO PASSEIO E ÔNIBUS. S/V,1,,,,,1,,,,0,,Longo da via,Bom,Sem defeito,Perfeito estado,Seca,Perfeito estado,Faixa de pedestre,Outras,,Dupla,Faixa seccionada,,,,,,,,
2019-02-08,18:45:00,SEM VÍTIMA,FINALIZADA,SANTO AMARO,AV GOVERNADOR AGAMENON MAGALHAES,,,EM FRENTE AO SHOPPING TACARUNA,AV GOVERNADOR AGAMENON MAGALHAES,,EM FRENTE AO SHOPPING TACARUNA,SANTO AMARO,,SUBURBIO,COLISÃO TRASEIRA,ENTRE MOTO E AUTO.S/V,1,1,,,,,,,,0,,Longo da via,Bom,Não existe,Perfeito estado,Seca,Perfeito estado,Não existe,Outras,60 km/h,Dupla,Canteiro central,,,,,,,,
2019-02-08,19:29:00,SEM VÍTIMA,CANCELADA,SAN MARTIN,RUA QUINZE DE MARCO,,RUA DELMIRO GOUVEIA,NS SAIDA DA CHESF,RUA QUINZE DE MARCO,,NS SAIDA DA CHESF,SAN MARTIN,,,COLISÃO,ENTRE 2 AUTOS. S/V,2,,,,,,,,,0,,,,,,,,,,,,,,,,,,,,
2019-02-08,19:35:00,SEM VÍTIMA,CANCELADA,AREIAS,AV DR JOSE RUFINO,,,E/F AO SUPERMERCADO ARCOMIX, SNT AFOGADOS /ANTES DO SEMÁFORO QUE FICA EM FRENTE AO SENAI,AV DR JOSE RUFINO,,E/F AO SUPERMERCADO ARCOMIX, SNT AFOGADOS /ANTES DO SEMÁFORO QUE FICA EM FRENTE AO SENAI,AREIAS,,,COLISÃO,ENTRE 2 AUTOS. S/V,2,,,,,,,,,0,,,,,,,,,,,,,,,,,,
2019-02-08,20:00:00,SEM VÍTIMA,FINALIZADA,MADALENA,AV CAXANGA,,,E/F AO MUSEU DA ABOLIÇÃO,AV CAXANGA,,E/F AO MUSEU DA ABOLIÇÃO,MADALENA,257,CIDADE,ABALROAMENTO LONGITUDINAL,COLISÃO S/V,1,,,,,1,,,,0,,Longo da via,Bom,Sem defeito,Incompleta,Seca,Perfeito estado,Faixa de retenção,Não há placas,,Dupla,Faixa contínua,Faixa seccionada,,,,,,,
2019-02-08,20:14:00,SEM VÍTIMA,FINALIZADA,AFLITOS,RUA DO FUTURO,479,,INGÁ VINHOS FINOS,RUA DO FUTURO,479,INGÁ VINHOS FINOS,AFLITOS,,SUBURBIO,ABALROAMENTO LONGITUDINAL,COLISÃO S/V,2,,,,,,,,,0,,Longo da via,Bom,Sem defeito,Perfeito estado,Seca,Perfeito estado,Faixa de pedestre,,30 km/h,Única,,,,,,,,,
2019-02-08,20:25:00,COM VÍTIMA,FINALIZADA,BOA VIAGEM,AV BOA VIAGEM,,,PROX. AO HOSPITAL DA AERONAUTICA. EM FRENTE AO TERRENO COMANDO DA AERONÁUTICA.,AV BOA VIAGEM,,PROX. AO HOSPITAL DA AERONAUTICA. EM FRENTE AO TERRENO COMANDO DA AERONÁUTICA.,BOA VIAGEM,,CIDADE,COLISÃO TRASEIRA,COLISÃO ENTRE DOIS AUTOS E UMA MOTOCICLETA.,2,1,,,,,,,,2,,Longo da via,Bom,Não existe,Perfeito estado,Seca,Perfeito estado,Não existe,Não há placas,,Única,Faixa seccionada,,,,,,,,
2019-02-08,20:49:00,SEM VÍTIMA,FINALIZADA,SAN MARTIN,RUA APULCRO DE ASSUNCAO,53,RUA JOSE VELOSO,CAVALARIA DA PM,RUA APULCRO DE ASSUNCAO,53,CAVALARIA DA PM,SAN MARTIN,,,ABALROAMENTO LONGITUDINAL,ENTRE 2 AUTOS . S/V,2,,,,,,,,,0,,Longo da via,Bom,Não existe,Incompleta,Seca,Perfeito estado,Não existe,Não há placas,,Única,Não existe,,,,,,,,
2019-02-08,22:24:00,SEM VÍTIMA,FINALIZADA,MANGABEIRA,AV NORTE,4607,,,AV NORTE,4607,,MANGABEIRA,96,CIDADE,COLISÃO TRASEIRA,ENTRE AUTO E ÔNIBUS. S/V,1,,,,,1,,,,0,,Longo da via,Bom,Sem defeito,Perfeito estado,Seca,Perfeito estado,Faixa de pedestre,Outras,,Dupla,Canteiro central,,,,,,,,
2019-02-09,01:39:00,SEM VÍTIMA,FINALIZADA,IMBIRIBEIRA,AV MARECHAL MASCARENHAS DE MORAES,,,EM FRENTE AO AEROPORTO,AV MARECHAL MASCARENHAS DE MORAES,,EM FRENTE AO AEROPORTO,IMBIRIBEIRA,218,CIDADE,COLISÃO TRASEIRA,COLISÃO ENTRE DOIS AUTOS, SEM VÍTIMAS.,2,,,,,,,,,0,,Longo da via,Bom,Sem defeito,Perfeito estado,Seca,Perfeito estado,,,,Dupla,Canteiro central,,,,,,,
2019-02-09,09:51:00,SEM VÍTIMA,FINALIZADA,TORRÕES,AV GENERAL SAN MARTIN,801,,,AV GENERAL SAN MARTIN,801,,TORRÕES,,CIDADE,COLISÃO TRASEIRA,COLISÃO SEM VITIMAS,1,1,,,,,,,,0,,Longo da via,Bom,Não existe,Perfeito estado,Seca,Perfeito estado,Não existe,R-6a,,Dupla,Faixa seccionada,,,,,,,,
2019-02-09,09:59:00,SEM VÍTIMA,CANCELADA,AFOGADOS,EST DOS REMEDIOS,1481,,EM FRENTE A CITROEN,EST DOS REMEDIOS,1481,EM FRENTE A CITROEN,AFOGADOS,,,COLISÃO,SEM VITIMAS,1,1,,,,,,,,0,,,,,,,,,,,,,,,,,,,,
2019-02-09,10:15:00,SEM VÍTIMA,FINALIZADA,AFOGADOS,RUA COSME VIANA,379,,EM FRENTE AO EROS MOTEL,RUA COSME VIANA,379,EM FRENTE AO EROS MOTEL,AFOGADOS,,SUBURBIO,ABALROAMENTO LONGITUDINAL,SEM VITIMAS,VEÍCULOS SEM CONDIÇÕES DE SEREM RETIRADOS DO MEIO DA VIA,2,,,,,,,,,0,,Longo da via,Bom,Não existe,Perfeito estado,Seca,Perfeito estado,Outros,R-6a,,Única,Faixa seccionada,,,,,,,
2019-02-09,10:23:00,SEM VÍTIMA,CANCELADA,BOA VIAGEM,RUA DOS NAVEGANTES,1706,RUA MAMANGUAPE,EM FRENTE A PANIFICADORA DIPLOMATA,RUA DOS NAVEGANTES,1706,EM FRENTE A PANIFICADORA DIPLOMATA,BOA VIAGEM,,,COLISÃO,SEM VITIMAS.,2,,,,,,,,,0,,,,,,,,,,,,,,,,,,,,
2019-02-09,10:44:00,SEM VÍTIMA,FINALIZADA,COQUEIRAL,RUA ALCANTARA,419,,,RUA ALCANTARA,419,,COQUEIRAL,,,ABALROAMENTO LONGITUDINAL,AUTO X MOTO S/V,1,1,,,,,,,,0,,Longo da via,Bom,Não existe,Perfeito estado,Seca,Perfeito estado,Não existe,Não há placas,,Única,Não existe,,,,,,,,
2019-02-09,11:31:00,SEM VÍTIMA,FINALIZADA,COQUEIRAL,RUA SARGENTO WILSON VIANA,162,,,RUA SARGENTO WILSON VIANA,162,,COQUEIRAL,,SUBURBIO,CHOQUE VEÍCULO PARADO,SEM VÍTIMAS,1,,,,,,1,,,0,,Longo da via,Bom,,Perfeito estado,Seca,Perfeito estado,Não existe,Não há placas,,Única,Não existe,,,,,,,,
2019-02-09,11:32:00,SEM VÍTIMA,CANCELADA,CORDEIRO,AV PROFESSOR ESTEVAO FRANCISCO DA COSTA,,,EM FRENTE À PADARIA RAINHA DA TORRE,AV PROFESSOR ESTEVAO FRANCISCO DA COSTA,,EM FRENTE À PADARIA RAINHA DA TORRE,CORDEIRO,280,,COLISÃO,AUTOS S/V,2,,,,,,,,,0,,,,,,,,,,,,,,,,,,,,
2019-02-09,12:49:00,SEM VÍTIMA,FINALIZADA,SÍTIO DOS PINTOS,EST DOS PINTOS,23,,,EST DOS PINTOS,23,,SÍTIO DOS PINTOS,,SUBURBIO,COLISÃO FRONTAL,COLISÃO SEM VÍTIMA,,1,,,,,,1,,0,,Longo da via,Bom,Não existe,Perfeito estado,Seca,Perfeito estado,Não existe,R-6c,,Dupla,Faixa seccionada,,,,,,,,
2019-02-09,15:00:00,SEM VÍTIMA,FINALIZADA,JORDÃO,AV MARIA IRENE,15,,,AV MARIA IRENE,15,,JORDÃO,,SUBURBIO,ABALROAMENTO TRANSVERSAL,DOIS AUTOS,2,,,,,,,,,0,,Cruzamento,Bom,Não existe,Perfeito estado,Seca,Perfeito estado,Outros,Outras,60 km/h,Dupla,Não existe,,,,,,,,
2019-02-09,15:25:00,SEM VÍTIMA,FINALIZADA,BEBERIBE,AV BEBERIBE,4575,,,AV BEBERIBE,4575,,BEBERIBE,,,ABALROAMENTO LONGITUDINAL,COLISAO ENTRE ONIBUS E AUTO S/V,1,,,,,1,,,,0,,Longo da via,Bom,Sem defeito,Perfeito estado,Seca,Perfeito estado,Faixa de pedestre,Não há placas,,Dupla,Faixa contínua,,,,,,,,
2019-02-09,17:50:00,COM VÍTIMA,CANCELADA,ESPINHEIRO,AV JOAO DE BARROS,,,AO LADO DO POSTO PASSIRA, SNT ENCRUZILHADA / APÓS O VIADUTO,AV JOAO DE BARROS,,AO LADO DO POSTO PASSIRA, SNT ENCRUZILHADA / APÓS O VIADUTO,ESPINHEIRO,,,COLISÃO,COLISÃO COM VITIMA,1,1,,,,,,,,1,,,,,,,,,,,,,,,,,,
2019-02-09,18:24:00,COM VÍTIMA,FINALIZADA,ESPINHEIRO,AV JOAO DE BARROS,1179,AV GOVERNADOR AGAMENON MAGALHAES,AO LADO DO POSTO (BR) PASSIRA, SNT ENCRUZILHADA / APÓS O VIADUTO,AV JOAO DE BARROS,1179,AO LADO DO POSTO (BR) PASSIRA, SNT ENCRUZILHADA / APÓS O VIADUTO,ESPINHEIRO,,SUBURBIO,COLISÃO TRASEIRA,COLISÃO ENTRE AUTO E MOTO. C/V,1,1,,,,,,,,1,,Longo da via,Bom,Não existe,Perfeito estado,Seca,Perfeito estado,Não existe,Não há placas,,Única,Faixa seccionada,Blocos,,,,,
2019-02-09,18:33:00,SEM VÍTIMA,CANCELADA,CAXANGÁ,RUA DEPUTADO JOSE FRANCISCO DE MELO CAVALCANTI,459,,MERCADINHO NOVA MORADA/ BAR DA MAÇÃ,RUA DEPUTADO JOSE FRANCISCO DE MELO CAVALCANTI,459,MERCADINHO NOVA MORADA/ BAR DA MAÇÃ,CAXANGÁ,,,COLISÃO,COLISÃO S/V,2,,,,,,,,,0,,,,,,,,,,,,,,,,,,,,
2019-02-09,19:30:00,SEM VÍTIMA,FINALIZADA,AREIAS,AV RECIFE,,,PAM DE AREIAS,AV RECIFE,,PAM DE AREIAS,AREIAS,236,SUBURBIO,ABALROAMENTO LONGITUDINAL,COLISÃO S/V,1,,,,,1,,,,0,,Longo da via,Bom,Sem defeito,Perfeito estado,Seca,Perfeito estado,Faixa de pedestre,Outras,,Única,Faixa seccionada,,,,,,,,
2019-02-09,23:13:00,SEM VÍTIMA,FINALIZADA,TORRÕES,RUA DELMIRO GOUVEIA,,,EF A CHESF,RUA DELMIRO GOUVEIA,,EF A CHESF,TORRÕES,,CIDADE,COLISÃO TRASEIRA,COLISÃO S/V,2,,,,,,,,,0,,Longo da via,Bom,Não existe,Perfeito estado,Seca,Perfeito estado,Não existe,Não há placas,,Dupla,Não existe,,,,,,,,
2019-02-09,23:33:00,COM VÍTIMA,FINALIZADA,JOANA BEZERRA,VIADUTO CAPITAO TEMUDO,,,FORUM JOANA BEZERRA,VIADUTO CAPITAO TEMUDO,,FORUM JOANA BEZERRA,JOANA BEZERRA,,CIDADE,COLISÃO TRASEIRA,COLISÃO ENTRE DOIS AUTOS.,2,,,,,,,,,1,,Viaduto,Bom,Não existe,Perfeito estado,Seca,Perfeito estado,Não existe,Outras,60 km/h,Dupla,Canteiro central,,,,,,,,
2019-02-09,23:55:00,COM VÍTIMA,FINALIZADA,CORDEIRO,AV ENGENHEIRO ABDIAS DE CARVALHO,,AV GENERAL SAN MARTIN,SOB O SEMÁFORO 058,AV ENGENHEIRO ABDIAS DE CARVALHO,,SOB O SEMÁFORO 058,CORDEIRO,58,SUBURBIO,COLISÃO TRASEIRA,COLISÃO COM VITIMA,1,1,,,,,,,,1,,Cruzamento,Bom,Sem defeito,Perfeito estado,Seca,Perfeito estado,Faixa de pedestre,Outras,60 km/h,Dupla,Canteiro central,,,,,,,,
2019-02-09,23:58:00,SEM VÍTIMA,CANCELADA,BEBERIBE,RUA MAJOR DAVINO,,,SUBIDA DA COMPESA,RUA MAJOR DAVINO,,SUBIDA DA COMPESA,BEBERIBE,,,COLISÃO,COLISÃO SEM VITIMA,1,1,,,,,,,,0,,,,,,,,,,,,,,,,,,,,
2019-02-10,00:19:00,SEM VÍTIMA,FINALIZADA,CORDEIRO,RUA MAURICIO DE NASSAU,,AV PROFESSOR ESTEVAO FRANCISCO DA COSTA,,RUA MAURICIO DE NASSAU,,,CORDEIRO,589,SUBURBIO,COLISÃO TRASEIRA,COLISÃO ENTRE DOIS AUTOS, SEM VÍTIMAS.,2,,,,,,,,,0,,Cruzamento,Chuvoso,Sem defeito,Perfeito estado,Molhada,Mal iluminada,Faixa de pedestre,Não há placas,,Única,Faixa seccionada,,,,,,,
2019-02-10,01:56:00,SEM VÍTIMA,FINALIZADA,BOA VIAGEM,AV ENGENHEIRO DOMINGOS FERREIRA,,RUA PROFESSOR JOSE BRANDAO,,AV ENGENHEIRO DOMINGOS FERREIRA,,,BOA VIAGEM,550,SUBURBIO,ABALROAMENTO TRANSVERSAL,COLISÃO SEM VITIMA,2,,,,,,,,,0,,Cruzamento,Bom,Sem defeito,Perfeito estado,Seca,Perfeito estado,,,,Única,Canteiro central,,,,,,,,
2019-02-10,03:32:00,COM VÍTIMA,FINALIZADA,ESPINHEIRO,RUA DR FERNANDO ALLAIN,,RUA MARQUES DO PARANA,,RUA DR FERNANDO ALLAIN,,,ESPINHEIRO,,,ABALROAMENTO TRANSVERSAL,COLISÃO COM VITIMA,2,,,,,,,,,1,,Cruzamento,Bom,Não existe,Perfeito estado,Seca,Perfeito estado,Não existe,Outras,,Dupla,Não existe,,,,,,,,
2019-02-10,05:28:00,COM VÍTIMA,FINALIZADA,CASA AMARELA,RUA CONEGO BARATA,,AV NORTE,PROX. FERREIRA COSTA,RUA CONEGO BARATA,,PROX. FERREIRA COSTA,CASA AMARELA,62,SUBURBIO,ABALROAMENTO TRANSVERSAL,COLISÃO ENTRE AUTO E MOTO.,1,1,,,,,,,,1,,Cruzamento,Bom,Sem defeito,Perfeito estado,Seca,Perfeito estado,Faixa de pedestre,Outras,,Dupla,Blocos,,,,,,,,
2019-02-10,10:51:00,COM VÍTIMA,FINALIZADA,ÁGUA FRIA,AV BEBERIBE,2171,,MERCADO DE ÁGUA FRIA,AV BEBERIBE,2171,MERCADO DE ÁGUA FRIA,ÁGUA FRIA,,,COLISÃO,COLISÃO COM VÍTIMA, ENVOLVENDO UMA VT DA PM E UMA MOTOCICLETA.,,1,,,,,,1,,1,,,,,,,,,,,,,,,,,,,
2019-02-10,11:05:00,SEM VÍTIMA,CANCELADA,CASA AMARELA,RUA VASCO DA GAMA,,,EM FRENTE AO 13 DO VASCO,RUA VASCO DA GAMA,,EM FRENTE AO 13 DO VASCO,CASA AMARELA,,,COLISÃO,COÇISÃO SEM VITIMA,1,,,,,,1,,,0,,,,,,,,,,,,,,,,,,,,
2019-02-10,11:26:00,COM VÍTIMA,FINALIZADA,SAN MARTIN,RUA OUREM,61,,EM FRENTE AO CONDOMÍNIO QUINTA CASA FORTE,RUA OUREM,61,EM FRENTE AO CONDOMÍNIO QUINTA CASA FORTE,SAN MARTIN,,SUBURBIO,ABALROAMENTO TRANSVERSAL,COLISÃO ENTRE AUTO E MOTO.,1,1,,,,,,,,2,,Longo da via,Bom,Não existe,Não existente,Seca,Perfeito estado,Não existe,Não há placas,20 km/h,Única,Não existe,,,,,,,,
2019-02-10,11:44:00,SEM VÍTIMA,FINALIZADA,IMBIRIBEIRA,AV MARECHAL MASCARENHAS DE MORAES,,,EM FRENTE AO POSTO DE COMBUSTÍVEL BR SEMÁFORO 289,AV MARECHAL MASCARENHAS DE MORAES,,EM FRENTE AO POSTO DE COMBUSTÍVEL BR SEMÁFORO 289,IMBIRIBEIRA,289,SUBURBIO,ABALROAMENTO LONGITUDINAL,SEM VITIMAS,2,,,,,,,,,0,,Longo da via,Bom,Sem defeito,Perfeito estado,Seca,Perfeito estado,Faixa de pedestre,R-6a,,Dupla,Canteiro central,,,,,,,,
2019-02-10,12:27:00,SEM VÍTIMA,FINALIZADA,BOA VISTA,AV MARTINS DE BARROS,,PTE BUARQUE DE MACEDO,,AV MARTINS DE BARROS,,,BOA VISTA,164,CIDADE,ABALROAMENTO LONGITUDINAL,COLISÃO SEM VITIMA,1,,,,,1,,,,0,,Cruzamento,Bom,Sem defeito,Perfeito estado,Seca,Perfeito estado,Faixa de pedestre,,,,,,,,,,,,
2019-02-10,13:00:00,COM VÍTIMA,FINALIZADA,IPUTINGA,RUA EMILIANO BRAGA,477,RUA PROFESSOR ANTONIO COELHO,EM FRENTE A INTEGRAÇÃO DA CAXANGA,RUA EMILIANO BRAGA,477,EM FRENTE A INTEGRAÇÃO DA CAXANGA,IPUTINGA,,SUBURBIO,ABALROAMENTO LONGITUDINAL,COLISÃO ENTRE AUTO E MOTO.,1,1,,,,,,,,1,,Longo da via,Bom,Não existe,Perfeito estado,Seca,Perfeito estado,Agente,Placas Pare,30 km/h,Única,Não existe,,,,,,,,
2019-02-10,14:16:00,SEM VÍTIMA,FINALIZADA,,AV NORTE,,,EM FRENTE AO BANCO SANTANDER,AV NORTE,,EM FRENTE AO BANCO SANTANDER,,43,SUBURBIO,ABALROAMENTO TRANSVERSAL,COLISÃO SEM VÍTIMA,1,1,,,,,,,,0,,Longo da via,Bom,Sem defeito,Perfeito estado,Seca,Perfeito estado,Faixa de pedestre,,,Dupla,Canteiro central,,,,,,,,
2019-02-10,15:18:00,SEM VÍTIMA,FINALIZADA,TEJIPIÓ,RUA FALCAO DE LACERDA,511,RUA QUEIRA DEUS,ASA MOTOS PEÇAS E SERVIÇOS,RUA FALCAO DE LACERDA,511,ASA MOTOS PEÇAS E SERVIÇOS,TEJIPIÓ,,CIDADE,ABALROAMENTO TRANSVERSAL,COLISÃO SEM VÍTIMA,1,1,,,,,,,,0,,,Bom,Não existe,Perfeito estado,Seca,Perfeito estado,Não existe,Outras,,Dupla,Faixa seccionada,,,,,,,,
2019-02-10,15:52:00,SEM VÍTIMA,FINALIZADA,VASCO DA GAMA,AV NORTE,6318,,EM FRENTE AO SEMÁFORO 066,AV NORTE,6318,EM FRENTE AO SEMÁFORO 066,VASCO DA GAMA,66,SUBURBIO,COLISÃO TRASEIRA,COLISÃO SEM VÍTIMA,1,,,,,1,,,,0,,Longo da via,Bom,Sem defeito,Perfeito estado,Seca,Perfeito estado,Faixa de pedestre,,,Dupla,Canteiro central,,,,,,,,
2019-02-10,16:07:00,SEM VÍTIMA,FINALIZADA,IMBIRIBEIRA,AV MARECHAL MASCARENHAS DE MORAES,2555,,EM FRENTE A REVEST / SENTIDO CIDADE,AV MARECHAL MASCARENHAS DE MORAES,2555,EM FRENTE A REVEST / SENTIDO CIDADE,IMBIRIBEIRA,534,CIDADE,COLISÃO TRASEIRA,COLISÃO SEM VÍTIMA,2,,,,,,,,,0,,Longo da via,Bom,Sem defeito,Perfeito estado,Seca,Perfeito estado,Faixa de pedestre,Outras,,Dupla,Canteiro central,,,,,,,,
2019-02-10,16:31:00,SEM VÍTIMA,FINALIZADA,BOA VIAGEM,AV CONSELHEIRO AGUIAR,1700,,,AV CONSELHEIRO AGUIAR,1700,,BOA VIAGEM,,CIDADE,ABALROAMENTO LONGITUDINAL,COLISÃO SEM VÍTIMA,2,,,,,,,,,0,,Longo da via,Bom,Não existe,Perfeito estado,Seca,Perfeito estado,Não existe,R-6a,,Única,Faixa seccionada,,,,,,,,
2019-02-10,18:03:00,SEM VÍTIMA,FINALIZADA,PAISSANDU,AV GOVERNADOR AGAMENON MAGALHAES,,RUA PAISSANDU,,AV GOVERNADOR AGAMENON MAGALHAES,,,PAISSANDU,69,,COLISÃO TRASEIRA,ENTRE AUTO E MOTO. S/V,1,1,,,,,,,,0,,Cruzamento,Bom,Sem defeito,Perfeito estado,Seca,Perfeito estado,Faixa de pedestre,R-6a,,Única,Faixa contínua,,,,,,,,
2019-02-10,18:32:00,SEM VÍTIMA,CANCELADA,BOA VIAGEM,RUA JOSE TRAJANO,351,,E/F AO EDF VESUVIO / AO LADO DO MERCADO EXTRABOM,RUA JOSE TRAJANO,351,E/F AO EDF VESUVIO / AO LADO DO MERCADO EXTRABOM,BOA VIAGEM,,,COLISÃO,ENTRE 2 AUTOS. S/V,2,,,,,,,,,0,,,,,,,,,,,,,,,,,,,,
2019-02-10,19:09:00,COM VÍTIMA,FINALIZADA,BOA VIAGEM,RUA COSMORAMA,,RUA JOAO CARDOSO AIRES,E/F AO COLÉGIO MADRE DE DEUS - UNIDADE ll / PRÓX AO CANAL,RUA COSMORAMA,,E/F AO COLÉGIO MADRE DE DEUS - UNIDADE ll / PRÓX AO CANAL,BOA VIAGEM,,SUBURBIO,ABALROAMENTO TRANSVERSAL,ENTRE AUTO E MOTO. C/V,1,1,,,,,,,,1,,Cruzamento,Bom,Sem defeito,Perfeito estado,Seca,Perfeito estado,Faixa de pedestre,R-4a,,Dupla,Canal,,,,,,,,
2019-02-10,19:28:00,COM VÍTIMA,FINALIZADA,PARNAMIRIM,RUA SEBASTIAO ALVES,155,,PROX DO FAACA BOTECO E PARRILLA, EM FRENTE AO EDIFICIO DRACENAS,RUA SEBASTIAO ALVES,155,PROX DO FAACA BOTECO E PARRILLA, EM FRENTE AO EDIFICIO DRACENAS,PARNAMIRIM,,CIDADE,ABALROAMENTO LONGITUDINAL,COLISÃO ENTRE MOTO E AUTO C/V,1,1,,,,,,,,2,,Longo da via,Bom,Não existe,Incompleta,Seca,Mal iluminada,Não existe,R-19,20 km/h,Única,Não existe,,,,,,
2019-02-10,20:12:00,SEM VÍTIMA,FINALIZADA,TORRÕES,AV ENGENHEIRO ABDIAS DE CARVALHO,,EST DO FORTE DO ARRAIAL N. DO B. JESUS,POSTO IPIRANGA,AV ENGENHEIRO ABDIAS DE CARVALHO,,POSTO IPIRANGA,TORRÕES,,SUBURBIO,COLISÃO TRASEIRA,ENGAVETAMENTO ENVOLVENDO TRÊS VEÍCULOS,3,,,,,,,,,0,,,Bom,Sem defeito,Perfeito estado,Seca,Mal iluminada,Faixa de pedestre,,60 km/h,Dupla,,,,,,,,,
2019-02-10,21:34:00,SEM VÍTIMA,FINALIZADA,ESPINHEIRO,AV JOAO DE BARROS,1350,,EM FRENTE GALERIA ALAMEDA DAS OLIVEIRAS,AV JOAO DE BARROS,1350,EM FRENTE GALERIA ALAMEDA DAS OLIVEIRAS,ESPINHEIRO,339,SUBURBIO,COLISÃO TRASEIRA,COLISÃO ENTRE DOIS AUTOS S/V,2,,,,,,,,,0,,,Bom,Sem defeito,Perfeito estado,Seca,Perfeito estado,,,,Única,Faixa seccionada,,,,,,,,
2019-02-10,22:20:00,SEM VÍTIMA,FINALIZADA,DERBY,AV GOVERNADOR AGAMENON MAGALHAES,,RUA PAISSANDU,ESTACIONAMENTO DE MOTOS DO HOSPITAL REAL PORTUGUÊS,AV GOVERNADOR AGAMENON MAGALHAES,,ESTACIONAMENTO DE MOTOS DO HOSPITAL REAL PORTUGUÊS,DERBY,69,SUBURBIO,ABALROAMENTO LONGITUDINAL,COLISÃO ENTRE AUTO E CAMINHÃO S/V,1,,,,,,1,,,0,,Longo da via,Bom,Sem defeito,Perfeito estado,Seca,Perfeito estado,Faixa de pedestre,Outras,60 km/h,Única,Faixa contínua,,,,,,,,
2019-02-11,07:17:00,SEM VÍTIMA,FINALIZADA,BOA VISTA,AV GOVERNADOR AGAMENON MAGALHAES,63,,EM FRENTE AO NÚMERO 63,AV GOVERNADOR AGAMENON MAGALHAES,63,EM FRENTE AO NÚMERO 63,BOA VISTA,,SUBURBIO,ABALROAMENTO LONGITUDINAL,COLISÃO SEM VITIMAS,1,,,,,1,,,,0,,Longo da via,Bom,Sem defeito,Perfeito estado,Seca,Perfeito estado,,,60 km/h,Dupla,Faixa seccionada,Canal,,,,,,,
2019-02-11,07:38:00,SEM VÍTIMA,FINALIZADA,PORTO DA MADEIRA,AV BEBERIBE,3295,,AO LADO DO CONDOMÍNIO JOÃO PAULO II,AV BEBERIBE,3295,AO LADO DO CONDOMÍNIO JOÃO PAULO II,PORTO DA MADEIRA,,SUBURBIO,COLISÃO TRASEIRA,SEM VITIMAS,1,,,,,,1,,,0,,Longo da via,Bom,Não existe,Perfeito estado,Seca,Perfeito estado,Outros,R-6a,,Dupla,Faixa contínua,Faixa seccionada,,,,,,,
2019-02-11,07:59:00,COM VÍTIMA,FINALIZADA,CAMPO GRANDE,RUA GUAIANAZES,239,RUA PROFESSOR FRANCISCO DA TRINDADE,E/F A RESIDENCIA.,RUA GUAIANAZES,239,E/F A RESIDENCIA.,CAMPO GRANDE,,CIDADE,ABALROAMENTO LONGITUDINAL,COM UMA VÍTIMA A ESPERA DO SAMU,1,1,,,,,,,,1,,Cruzamento,Bom,Não existe,Incompleta,Seca,Perfeito estado,Não existe,Não há placas,,Dupla,Faixa seccionada,,,,,,,,