data,hora,natureza_acidente,situacao,bairro,endereco,numero,detalhe_endereco_acidente,complemento,endereco_cruzamento,numero_cruzamento,referencia_cruzamento,bairro_cruzamento,num_semaforo,sentido_via,tipo,descricao,auto,moto,ciclom,ciclista,pedestre,onibus,caminhao,viatura,outros,vitimas,vitimasfatais,acidente_verificado,tempo_clima,situacao_semaforo,sinalizacao,condicao_via,conservacao_via,ponto_controle,situacao_placa,velocidade_max_via,mao_direcao,divisao_via1,divisao_via2,divisao_via3,,,,,,
2019-02-11,08:07:00,SEM VÍTIMA,FINALIZADA,SÃO JOSÉ,C SANTA RITA,,,PRÓXIMO AO TERMINAL DE PASSAGEIRO,C SANTA RITA,,PRÓXIMO AO TERMINAL DE PASSAGEIRO,SÃO JOSÉ,76,CIDADE,ABALROAMENTO LONGITUDINAL,ÔNIBUS X AUTO S/V,1,,,,,1,,,,0,,Cruzamento,Bom,Sem defeito,Perfeito estado,Seca,Perfeito estado,,,,,,,,,,,,,
2019-02-11,08:11:00,COM VÍTIMA,FINALIZADA,TEJIPIÓ,RUA DO SANCHO,235,,APOS A ESTAÇÃO DE TEJIPIO EM FRENTE AO EDIFICIO DAS PALMEIRAS,RUA DO SANCHO,235,APOS A ESTAÇÃO DE TEJIPIO EM FRENTE AO EDIFICIO DAS PALMEIRAS,TEJIPIÓ,,SUBURBIO,COLISÃO COM CICLISTA,ATROPELAMENTO VITIMA SOCORRIDA PELO SAMU,1,,,1,,,,,,1,,Longo da via,Bom,Não existe,Perfeito estado,Seca,Perfeito estado,Não existe,Outras,,Dupla,Não existe,,,,,,,,
2019-02-11,08:12:00,SEM VÍTIMA,FINALIZADA,SÃO JOSÉ,RUA SIQUEIRA CAMPOS,,AV DANTAS BARRETO,PRÓX AO FÓRUM DESEMBARGADOR NEVES FILHOS,RUA SIQUEIRA CAMPOS,,PRÓX AO FÓRUM DESEMBARGADOR NEVES FILHOS,SÃO JOSÉ,,,COLISÃO,ÔNIBUS X AUTO S/V,1,,,,,1,,,,0,,,,,,,,,,,,,,,,,,,,
2019-02-11,09:12:00,SEM VÍTIMA,FINALIZADA,DERBY,RUA DR SEVERINO PINHEIRO,,,,RUA DR SEVERINO PINHEIRO,,,DERBY,,CIDADE,ABALROAMENTO LONGITUDINAL,SEM VITIMAS,2,,,,,,,,,0,,Ponte,Bom,Não existe,Perfeito estado,Seca,Perfeito estado,Não existe,Não há placas,40 km/h,Dupla,Faixa contínua,,,,,,,,
2019-02-11,09:32:00,SEM VÍTIMA,CANCELADA,IMBIRIBEIRA,RUA NESTOR MOREIRA,181,AV MARECHAL MASCARENHAS DE MORAES,RUA AO LADO DO MARTELINHO DE OURO DA AV MARECHAL MASCARENHAS DE MORAES,RUA NESTOR MOREIRA,181,RUA AO LADO DO MARTELINHO DE OURO DA AV MARECHAL MASCARENHAS DE MORAES,IMBIRIBEIRA,,,COLISÃO,SEM VITIMAS,2,,,,,,,,,0,,,,,,,,,,,,,,,,,,,,
2019-02-11,09:32:00,SEM VÍTIMA,FINALIZADA,BOA VIAGEM,RUA BARAO DE MONTE ALTO,117,,,RUA BARAO DE MONTE ALTO,117,,BOA VIAGEM,,,ABALROAMENTO LONGITUDINAL,CAMINHÃO X AUTO S/V,1,,,,,,1,,1,0,,Longo da via,Bom,Não existe,Não existente,Seca,Mal conservada,Não existe,Não há placas,,Dupla,Não existe,,,,,,,,
2019-02-11,09:57:00,SEM VÍTIMA,FINALIZADA,TAMARINEIRA,RUA JOSE CARVALHEIRA,35,,EM FRENTE AO EDF PALAZZO VENETO,RUA JOSE CARVALHEIRA,35,EM FRENTE AO EDF PALAZZO VENETO,TAMARINEIRA,,SUBURBIO,ABALROAMENTO LONGITUDINAL,SEM VITIMAS,1,,,,,,1,,,0,,Longo da via,Bom,Não existe,Perfeito estado,Seca,Perfeito estado,Não existe,Outras,,Única,Faixa seccionada,,,,,,,,
2019-02-11,10:10:00,COM VÍTIMA,FINALIZADA,PARNAMIRIM,EST DO ARRAIAL,3107,RUA ARNOLDO MAGALHAES,EM FRENTE AO AMERICA FUTEBOL CLUBE,EST DO ARRAIAL,3107,EM FRENTE AO AMERICA FUTEBOL CLUBE,PARNAMIRIM,,SUBURBIO,ABALROAMENTO TRANSVERSAL,COM VITIMA JA SOCORRIDA PELO SAMU,1,1,,,,,,,,1,,Esquina,Bom,Não existe,Perfeito estado,Seca,Perfeito estado,Não existe,R-4a,40 km/h,Única,Faixa seccionada,,,,,,,,
2019-02-11,10:35:00,SEM VÍTIMA,FINALIZADA,SANTO ANTÔNIO,RUA SIQUEIRA CAMPOS,251,AV DANTAS BARRETO,,RUA SIQUEIRA CAMPOS,251,,SANTO ANTÔNIO,,CIDADE,ABALROAMENTO LONGITUDINAL,SEM VÍTIMAS,1,,,,,,1,,,0,,Cruzamento,Bom,Não existe,Perfeito estado,Seca,Perfeito estado,Não existe,R-6a,,Única,Faixa seccionada,,,,,,,,
2019-02-11,10:52:00,SEM VÍTIMA,FINALIZADA,IMBIRIBEIRA,RUA ANTONIO PAES BARRETO,620,RUA SARGENTO SILVINO DE MACEDO,EM FRENTE À NAT GEO,RUA ANTONIO PAES BARRETO,620,EM FRENTE À NAT GEO,IMBIRIBEIRA,,SUBURBIO,ABALROAMENTO LONGITUDINAL,,1,,,,,1,,,1,0,,Cruzamento,Bom,Não existe,Não existente,Seca,Mal conservada,Não existe,Não há placas,,Dupla,Não existe,,,,,,,,
2019-02-11,11:15:00,COM VÍTIMA,FINALIZADA,TEJIPIÓ,AV DR JOSE RUFINO,3152,,EM FRENTE AO QUARTEL DO EXERCITO,AV DR JOSE RUFINO,3152,EM FRENTE AO QUARTEL DO EXERCITO,TEJIPIÓ,,CIDADE,COLISÃO TRASEIRA,COLISÃO COM VITIMA SOCORRIDA PELO SAMU,1,1,,,,,,,,1,,Longo da via,Bom,Sem defeito,Perfeito estado,Seca,Perfeito estado,Faixa de pedestre,,,Dupla,Faixa,,,,,,,,
2019-02-11,11:23:00,SEM VÍTIMA,FINALIZADA,JIQUIÁ,RUA SAO MIGUEL,1832,,EM FRENTE À DISTRIBUIDORA RENASCER,RUA SAO MIGUEL,1832,EM FRENTE À DISTRIBUIDORA RENASCER,JIQUIÁ,,,COLISÃO,ENTRE AUTOS S/V,2,,,,,,,,,0,,,,,,,,,,,,,,,,,,,,
2019-02-11,11:31:00,COM VÍTIMA,FINALIZADA,IMBIRIBEIRA,AV MARECHAL MASCARENHAS DE MORAES,4080,,E/F A VENEZA MATERIAIS DE CONSTRUÇÃO, SENTIDO AEROPORTO.,AV MARECHAL MASCARENHAS DE MORAES,4080,E/F A VENEZA MATERIAIS DE CONSTRUÇÃO, SENTIDO AEROPORTO.,IMBIRIBEIRA,310,SUBURBIO,ABALROAMENTO LONGITUDINAL,COM UMA VÍTIMA. VT 29 NO LOCAL.,1,1,,,,,,,,1,,Longo da via,Bom,Sem defeito,Perfeito estado,Seca,Perfeito estado,,Não há placas,60 km/h,Única,Faixa,,,,,,
2019-02-11,11:37:00,SEM VÍTIMA,DUPLICIDADE,AFOGADOS,RUA SAO MIGUEL,1845,,EM FRENTE A EMPRESA RENASCER,RUA SAO MIGUEL,1845,EM FRENTE A EMPRESA RENASCER,AFOGADOS,,,COLISÃO,SEM VITIMAS,1,,,,,,1,,,0,,,,,,,,,,,,,,,,,,,,
2019-02-11,12:16:00,SEM VÍTIMA,FINALIZADA,BOA VISTA,RUA JOSE DE ALENCAR,133,RUA BARAO DE SAO BORJA,,RUA JOSE DE ALENCAR,133,,BOA VISTA,,,ABALROAMENTO TRANSVERSAL,AUTO E MOTO S/V,1,1,,,,,,,,0,,Cruzamento,Bom,Não existe,Perfeito estado,Seca,Perfeito estado,Faixa de retenção,Placas Pare,,Dupla,Faixa contínua,Faixa seccionada,,,,,,,
2019-02-11,12:25:00,SEM VÍTIMA,FINALIZADA,ENCRUZILHADA,RUA FERNANDO CESAR,,RUA AMARO COUTINHO,EM FRENTE A PRAÇA DOM MIGUEL VALVERDE,RUA FERNANDO CESAR,,EM FRENTE A PRAÇA DOM MIGUEL VALVERDE,ENCRUZILHADA,,CIDADE,ABALROAMENTO LONGITUDINAL,COLISAO ENTRE AUTO E CAMINHAO S/V,1,,,,,,1,,,0,,Cruzamento,Bom,Não existe,Perfeito estado,Seca,Perfeito estado,,Placas Pare,30 km/h,Única,Faixa seccionada,,,,,,,,
2019-02-11,12:31:00,COM VÍTIMA,FINALIZADA,AFOGADOS,RUA COSME VIANA,235,RUA TREZE DE AGOSTO,EM FRENTE A PINO CENTRO AUTOMOTIVO,RUA COSME VIANA,235,EM FRENTE A PINO CENTRO AUTOMOTIVO,AFOGADOS,,CIDADE,COLISÃO TRASEIRA,AUTO E MOTO C/V,1,1,,,,,,,,1,,Longo da via,Bom,Sem defeito,Perfeito estado,Seca,,Faixa de pedestre,Não há placas,,Única,Faixa contínua,,,,,,,,
2019-02-11,13:21:00,SEM VÍTIMA,CANCELADA,GRAÇAS,RUA DR BANDEIRA FILHO,50,,EM FRENTE A PRAÇA DO ENTRONCAMENTO,RUA DR BANDEIRA FILHO,50,EM FRENTE A PRAÇA DO ENTRONCAMENTO,GRAÇAS,,,COLISÃO,DOIS AUTOS S/V,2,,,,,,,,,0,,,,,,,,,,,,,,,,,,,,
2019-02-11,13:51:00,SEM VÍTIMA,CANCELADA,SAN MARTIN,AV ENGENHEIRO ABDIAS DE CARVALHO,,,EM FRENTE A CHESF/ SENTIDO CIDADE,AV ENGENHEIRO ABDIAS DE CARVALHO,,EM FRENTE A CHESF/ SENTIDO CIDADE,SAN MARTIN,,,COLISÃO,COLISÃO SEM VÍTIMA,3,,,,,,,,,0,,,,,,,,,,,,,,,,,,,,
2019-02-11,14:25:00,SEM VÍTIMA,CANCELADA,TORRE,AV BEIRA RIO,1305,,AO LADO DO MARTELINHO DE OURO,AV BEIRA RIO,1305,AO LADO DO MARTELINHO DE OURO,TORRE,,,COLISÃO,COLISAO ENTRE CAMINHAO E TAXI,1,,,,,,1,,,0,,,,,,,,,,,,,,,,,,,,
2019-02-11,14:34:00,SEM VÍTIMA,CANCELADA,MADALENA,RUA REAL DA TORRE,637,,AO LADO DO MERCADO DA MADALENA E PROXIMO A LOJA DO CONDOMINIO,RUA REAL DA TORRE,637,AO LADO DO MERCADO DA MADALENA E PROXIMO A LOJA DO CONDOMINIO,MADALENA,,,COLISÃO,COLISÃO SEM VÍTIMA,2,,,,,,,,,0,,,,,,,,,,,,,,,,,,,,
2019-02-11,14:41:00,SEM VÍTIMA,FINALIZADA,,AV ANIBAL BENEVOLO,1770,,EM FRENTE A DELEGACIA DO ALTO DO PASCOAL,AV ANIBAL BENEVOLO,1770,EM FRENTE A DELEGACIA DO ALTO DO PASCOAL,,,SUBURBIO,COLISÃO TRASEIRA,AUTO E ONIBUS DA CAXANGA S/V,1,,,,,1,,,,0,,Longo da via,Bom,Não existe,Perfeito estado,Seca,Perfeito estado,Não existe,Não há placas,,Dupla,Não existe,,,,,,,,
2019-02-11,14:56:00,SEM VÍTIMA,FINALIZADA,GRAÇAS,RUA DOZE DE OUTUBRO,87,RUA ABELARDO,EM FRENTE AO POSTE Nº BO008872,RUA DOZE DE OUTUBRO,87,EM FRENTE AO POSTE Nº BO008872,GRAÇAS,,SUBURBIO,ABALROAMENTO LONGITUDINAL,COLISÃO SEM VÍTIMA,1,1,,,,,,,,0,,Longo da via,Bom,Não existe,Não existente,Seca,Perfeito estado,Não existe,Não há placas,,Única,Não existe,,,,,,,,
2019-02-11,15:08:00,SEM VÍTIMA,FINALIZADA,BOA VIAGEM,AV FERNANDO SIMOES BARBOSA,,RUA PADRE CARAPUCEIRO,,AV FERNANDO SIMOES BARBOSA,,,BOA VIAGEM,321,SUBURBIO,ABALROAMENTO LONGITUDINAL,COLISÃO SEM VÍTIMA,1,,,,,,1,,,0,,Cruzamento,Bom,Sem defeito,Perfeito estado,Seca,Perfeito estado,Faixa de pedestre,Não há placas,,Única,Faixa contínua,,,,,,,,
2019-02-11,15:13:00,COM VÍTIMA,FINALIZADA,SÃO JOSÉ,RUA IMPERIAL,677,,PROX. A MINEIRO RODAS,RUA IMPERIAL,677,PROX. A MINEIRO RODAS,SÃO JOSÉ,,SUBURBIO,ABALROAMENTO TRANSVERSAL,AUTO E MOTO C/V,1,1,,,,,,,,2,,Cruzamento,Bom,Não existe,Incompleta,Seca,Perfeito estado,Não existe,R-6a,,Única,Faixa seccionada,,,,,,,,
2019-02-11,15:19:00,COM VÍTIMA,FINALIZADA,ENCRUZILHADA,RUA CASTRO ALVES,199,,APÓS A PRAÇA DA PICANHA, edificio ilha de santo aleixo,RUA CASTRO ALVES,199,APÓS A PRAÇA DA PICANHA, edificio ilha de santo aleixo,ENCRUZILHADA,,,ATROPELAMENTO,,1,,,,2,,,,,2,,Longo da via,Bom,,Perfeito estado,Seca,Perfeito estado,Não existe,R-6a,,Única,Faixa seccionada,,,,,,
2019-02-11,15:20:00,SEM VÍTIMA,FINALIZADA,SAN MARTIN,AV ENGENHEIRO ABDIAS DE CARVALHO,,,EM FRENTE A CHESF,AV ENGENHEIRO ABDIAS DE CARVALHO,,EM FRENTE A CHESF,SAN MARTIN,,CIDADE,COLISÃO TRASEIRA,COLISÃO SEM VÍTIMA,3,,,,,,,,,0,,Longo da via,Bom,Não existe,Perfeito estado,Seca,Perfeito estado,Outros,R-6a,,Dupla,Canteiro central,,,,,,,,
2019-02-11,15:26:00,SEM VÍTIMA,FINALIZADA,BOA VIAGEM,AV ENGENHEIRO DOMINGOS FERREIRA,,,AO LADO DO Nº 2664,AV ENGENHEIRO DOMINGOS FERREIRA,,AO LADO DO Nº 2664,BOA VIAGEM,550,SUBURBIO,COLISÃO TRASEIRA,COLISÃO SEM VÍTIMA,1,1,,,,,,,,0,,Longo da via,Bom,Sem defeito,Perfeito estado,Seca,Perfeito estado,Faixa de pedestre,R-6a,60 km/h,Única,Faixa seccionada,Canteiro central,,,,,,,
2019-02-11,15:46:00,SEM VÍTIMA,CANCELADA,SANTO AMARO,AV GOVERNADOR AGAMENON MAGALHAES,,,E/F AO MINISTERIO DO TRABALHO S/T BOA VIAGEM,AV GOVERNADOR AGAMENON MAGALHAES,,E/F AO MINISTERIO DO TRABALHO S/T BOA VIAGEM,SANTO AMARO,,,COLISÃO,COLISAO ENTRE DUAS MOTOS S/V,,2,,,,,,,,0,,,,,,,,,,,,,,,,,,,,
2019-02-11,16:22:00,SEM VÍTIMA,FINALIZADA,SANTO ANTÔNIO,RUA DO SOL,,RUA ULHOA CINTRA,EM FRENTE A PROCURADORIA GERAL DO ESTADO,RUA DO SOL,,EM FRENTE A PROCURADORIA GERAL DO ESTADO,SANTO ANTÔNIO,,SUBURBIO,COLISÃO TRASEIRA,COLISÃO SEM VÍTIMA,2,,,,,,,,,0,,,Bom,Sem defeito,Perfeito estado,Seca,Perfeito estado,Não existe,R-6a,,Única,Faixa seccionada,,,,,,,,
2019-02-11,16:24:00,SEM VÍTIMA,FINALIZADA,BOA VIAGEM,RUA SA E SOUZA,,RUA BALTAZAR PASSOS,,RUA SA E SOUZA,,,BOA VIAGEM,,SUBURBIO,ABALROAMENTO TRANSVERSAL,COLISAO ENTRE AUTO E MOTO S/V,1,1,,,,,,,,0,,Cruzamento,Bom,Não existe,Perfeito estado,Seca,Perfeito estado,,Placas Pare,,Única,Faixa contínua,,,,,,,,
2019-02-11,16:43:00,SEM VÍTIMA,FINALIZADA,IMBIRIBEIRA,AV MARECHAL MASCARENHAS DE MORAES,4792,,,AV MARECHAL MASCARENHAS DE MORAES,4792,,IMBIRIBEIRA,,SUBURBIO,ABALROAMENTO TRANSVERSAL,ONIBUS E AUTO,1,,,,,1,,,,0,,Longo da via,Bom,Sem defeito,Perfeito estado,Seca,Perfeito estado,Outros,Outras,60 km/h,Dupla,Canteiro central,,,,,,,,
2019-02-11,17:18:00,SEM VÍTIMA,FINALIZADA,JOANA BEZERRA,PTE JOSE DE BARROS LIMA,,,PRÓXIMO AO FÓRUM RODOLFO AURELIANO,PTE JOSE DE BARROS LIMA,,PRÓXIMO AO FÓRUM RODOLFO AURELIANO,JOANA BEZERRA,,SUBURBIO,ABALROAMENTO LONGITUDINAL,COLISÃO SEM VÍTIMA,2,,,,,,,,,0,,Longo da via,Bom,Não existe,Perfeito estado,Seca,Perfeito estado,Não existe,Outras,60 km/h,Dupla,Canteiro central,,,,,,,,
2019-02-11,17:46:00,COM VÍTIMA,FINALIZADA,JOANA BEZERRA,VDO PAPA JOAO PAULO II,,,EM CIMA DO VIADUTO/ SENTIDO OLINDA,VDO PAPA JOAO PAULO II,,EM CIMA DO VIADUTO/ SENTIDO OLINDA,JOANA BEZERRA,,SUBURBIO,COLISÃO TRASEIRA,COLISAO ENTRE MOTO E AUTO COM UMA VITIMA,1,1,,,,,,,,1,,Viaduto,Bom,Não existe,Perfeito estado,Seca,Perfeito estado,Não existe,Não há placas,60 km/h,Única,Faixa,,,,,,,,
2019-02-11,18:28:00,SEM VÍTIMA,FINALIZADA,JORDÃO,AV MARIA IRENE,,,SOB O TÚNEL FELIPE CAMARÃO,AV MARIA IRENE,,SOB O TÚNEL FELIPE CAMARÃO,JORDÃO,,SUBURBIO,ABALROAMENTO LONGITUDINAL,COLISÃO SEM VÍTIMA,1,,,,,1,,,,0,,Longo da via,Bom,Não existe,Incompleta,Seca,Perfeito estado,Não existe,Não há placas,,Dupla,Canteiro central,,,,,,,,
2019-02-11,18:35:00,SEM VÍTIMA,FINALIZADA,MADALENA,RUA BENFICA,,RUA MONSENHOR JULIO MARIA,,RUA BENFICA,,,MADALENA,257,CIDADE,ABALROAMENTO TRANSVERSAL,ENTRE AUTO E ÕNIBUS. S/V,1,,,,,1,,,,0,,Cruzamento,Bom,Sem defeito,Perfeito estado,Seca,Perfeito estado,Faixa de pedestre,Placas Pare,60 km/h,Dupla,Faixa contínua,Faixa seccionada,,,,,,,
2019-02-11,18:59:00,SEM VÍTIMA,FINALIZADA,MADALENA,RUA BENFICA,,,PARADA DE ÔNIBUS Nº 180314,RUA BENFICA,,PARADA DE ÔNIBUS Nº 180314,MADALENA,,CIDADE,ABALROAMENTO LONGITUDINAL,COLISÃO SEM VÍTIMA,1,,,,,,,,1,0,,Longo da via,Bom,Não existe,Incompleta,Seca,Perfeito estado,Não existe,Outras,40 km/h,Dupla,Canteiro central,,,,,,,,
2019-02-11,19:04:00,SEM VÍTIMA,CANCELADA,BOA VIAGEM,AV ENGENHEIRO DOMINGOS FERREIRA,,RUA ARTUR MUNIZ,E/F AO EXTRA, FAIXA DA ESQUERDA,AV ENGENHEIRO DOMINGOS FERREIRA,,E/F AO EXTRA, FAIXA DA ESQUERDA,BOA VIAGEM,,,COLISÃO,ENTRE 2 AUTOS. S/V,2,,,,,,,,,0,,,,,,,,,,,,,,,,,,
2019-02-11,19:32:00,SEM VÍTIMA,FINALIZADA,DOIS IRMÃOS,RUA MANUEL DE MEDEIROS,,,EM FRENTE AO COLEGIO LIONS DE PARNAMIRIM,RUA MANUEL DE MEDEIROS,,EM FRENTE AO COLEGIO LIONS DE PARNAMIRIM,DOIS IRMÃOS,,SUBURBIO,ABALROAMENTO TRANSVERSAL,COLISÃO SEM VÍTIMA,1,1,,,,,,,,0,,Longo da via,Bom,Não existe,Perfeito estado,Seca,Perfeito estado,Não existe,Outras,,Dupla,Não existe,,,,,,,,
2019-02-11,19:45:00,SEM VÍTIMA,FINALIZADA,TAMARINEIRA,RUA PADRE ROMA,,RUA DO FUTURO,SEMÁFORO 223 / PRÓX AO HOSPITAL CORREIA,RUA PADRE ROMA,,SEMÁFORO 223 / PRÓX AO HOSPITAL CORREIA,TAMARINEIRA,223,SUBURBIO,COLISÃO TRASEIRA,ENTRE 2 AUTOS. S/V,2,,,,,,,,,0,,Longo da via,Bom,Sem defeito,Perfeito estado,Seca,Perfeito estado,Faixa de pedestre,Outras,40 km/h,Dupla,Faixa seccionada,Canteiro central,,,,,,,
2019-02-11,20:28:00,SEM VÍTIMA,CANCELADA,BOA VISTA,AV GOVERNADOR AGAMENON MAGALHAES,,,PROX. A CAIXA ECONOMICA/ SENTIDO OLINDA,AV GOVERNADOR AGAMENON MAGALHAES,,PROX. A CAIXA ECONOMICA/ SENTIDO OLINDA,BOA VISTA,,,COLISÃO,COLISÃO SEM VÍTIMA,2,,,,,,,,,0,,,,,,,,,,,,,,,,,,,,
2019-02-11,22:13:00,SEM VÍTIMA,FINALIZADA,JARDIM SÃO PAULO,AV LIBERDADE,589,,PRÓXIMO AO MERCADO SUPRI MAIS,AV LIBERDADE,589,PRÓXIMO AO MERCADO SUPRI MAIS,JARDIM SÃO PAULO,,CIDADE,ABALROAMENTO LONGITUDINAL,ENTRE 2 AUTOS. S/V,2,,,,,,,,,0,,Longo da via,Bom,Não existe,Perfeito estado,Seca,Perfeito estado,Não existe,R-6a,30 km/h,Dupla,Faixa contínua,,,,,,,,
2019-02-11,22:39:00,SEM VÍTIMA,FINALIZADA,BOA VIAGEM,RUA JOSE MARIA DE MIRANDA,,RUA FRANCISCO DA CUNHA,ESQUINA COM O HOSPITAL DE BOA VIAGEM,RUA JOSE MARIA DE MIRANDA,,ESQUINA COM O HOSPITAL DE BOA VIAGEM,BOA VIAGEM,,CIDADE,ABALROAMENTO TRANSVERSAL,ENTRE 2 AUTOS. S/V,2,,,,,,,,,0,,Longo da via,Bom,Não existe,Perfeito estado,Seca,Perfeito estado,Não existe,Outras,,Única,Não existe,,,,,,,,
2019-02-11,23:16:00,SEM VÍTIMA,FINALIZADA,DERBY,PRC DO DERBY,,,ESTAÇÃO DERBY (BRT),PRC DO DERBY,,ESTAÇÃO DERBY (BRT),DERBY,,CIDADE,COLISÃO TRASEIRA,ENTRE AUTO E ÔNIBUS. S/V,1,,,,,1,,,,0,,Longo da via,Bom,Sem defeito,Perfeito estado,Seca,Perfeito estado,Não existe,Não há placas,,Dupla,,,,,,,,,
2019-02-12,06:21:00,SEM VÍTIMA,FINALIZADA,GRAÇAS,RUA DAS PERNAMBUCANAS,244,RUA CARDEAL ARCOVERDE,EM FRENTE A CLÍNICA DIAGNÓSTICA POR IMAGEM,RUA DAS PERNAMBUCANAS,244,EM FRENTE A CLÍNICA DIAGNÓSTICA POR IMAGEM,GRAÇAS,600,SUBURBIO,ABALROAMENTO TRANSVERSAL,COLISÃO SEM VITIMAS,1,,,,,,1,,,0,,Cruzamento,Bom,Sem defeito,Perfeito estado,Seca,Perfeito estado,Faixa de pedestre,Outras,,Única,Faixa contínua,,,,,,,,
2019-02-12,06:46:00,SEM VÍTIMA,FINALIZADA,IPUTINGA,AV CAXANGA,1921,,CASA DAS TINTAS,AV CAXANGA,1921,CASA DAS TINTAS,IPUTINGA,,CIDADE,COLISÃO TRASEIRA,ENTE TRES AUTOS,3,,,,,,,,,0,,Longo da via,Bom,Não existe,Perfeito estado,Seca,Perfeito estado,Não existe,R-6a,,Dupla,Faixa seccionada,,,,,,,,
2019-02-12,07:03:00,SEM VÍTIMA,FINALIZADA,CURADO,RUA DR GEORGE WILLIAM BUTLER,863,,EM FRENTE A GARAGEM DA BORBOREMA,RUA DR GEORGE WILLIAM BUTLER,863,EM FRENTE A GARAGEM DA BORBOREMA,CURADO,,,COLISÃO,SEM VITIMAS,,1,,,,1,,,,0,,,,,,,,,,,,,,,,,,,,
2019-02-12,07:22:00,COM VÍTIMA,FINALIZADA,ILHA DO LEITE,AV GOVERNADOR AGAMENON MAGALHAES,4318,,EM FRENTE AO EMPRESARIAL RENATO DIAS,AV GOVERNADOR AGAMENON MAGALHAES,4318,EM FRENTE AO EMPRESARIAL RENATO DIAS,ILHA DO LEITE,,SUBURBIO,ABALROAMENTO TRANSVERSAL,COLISÃO ENTRE DUAS MOTOCICLETAS.,,2,,,,,,,,1,,Longo da via,Bom,Sem defeito,Perfeito estado,Seca,Perfeito estado,Agente,Não há placas,60 km/h,Dupla,Canal,Faixa,,,,,,,
2019-02-12,07:40:00,SEM VÍTIMA,FINALIZADA,CASA FORTE,AV DEZESSETE DE AGOSTO,,RUA AGRESTINA,EM FRENTE A O BANCO ITAU PERSONALITE,AV DEZESSETE DE AGOSTO,,EM FRENTE A O BANCO ITAU PERSONALITE,CASA FORTE,,CIDADE,ABALROAMENTO TRANSVERSAL,SEM VITIMAS,1,,,,,1,,,,0,,,Bom,Não existe,Perfeito estado,Seca,Perfeito estado,Faixa de pedestre,Placas Pare,,Dupla,Faixa seccionada,,,,,,,,
2019-02-12,07:51:00,SEM VÍTIMA,FINALIZADA,CASA AMARELA,RUA DA HARMONIA,,EST DO ENCANAMENTO,,RUA DA HARMONIA,,,CASA AMARELA,435,CIDADE,COLISÃO TRASEIRA,COLISÃO SEM VITIMAS,2,,,,,,,,,0,,Longo da via,Bom,Sem defeito,Perfeito estado,Seca,Perfeito estado,Faixa de pedestre,Outras,,Dupla,Faixa contínua,,,,,,,,
2019-02-12,07:53:00,SEM VÍTIMA,DUPLICIDADE,GRAÇAS,RUA CARDEAL ARCOVERDE,,RUA DAS PERNAMBUCANAS,CRUZAMENTO,RUA CARDEAL ARCOVERDE,,CRUZAMENTO,GRAÇAS,,,COLISÃO,SEM VITIMAS,,,,,,,,,,0,,,,,,,,,,,,,,,,,,,,
2019-02-12,09:04:00,SEM VÍTIMA,FINALIZADA,CORDEIRO,AV CAXANGA,1378,,LADO OPOSTO AO MERCADO STTILO,AV CAXANGA,1378,LADO OPOSTO AO MERCADO STTILO,CORDEIRO,,SUBURBIO,COLISÃO TRASEIRA,COLISÃO SEM VITIMAS,1,,,,,1,,,,0,,Longo da via,Bom,Não existe,Perfeito estado,Seca,Perfeito estado,Não existe,Não há placas,60 km/h,Dupla,Canteiro central,,,,,,,,
2019-02-12,09:10:00,SEM VÍTIMA,FINALIZADA,BOA VISTA,AV JOAO DE BARROS,589,,,AV JOAO DE BARROS,589,,BOA VISTA,,CIDADE,ABALROAMENTO LONGITUDINAL,COLISÃO SEM VITIMAS,2,,,,,,,,,0,,Longo da via,Bom,Não existe,Perfeito estado,Seca,Perfeito estado,Faixa de pedestre,Outras,,Única,Faixa seccionada,,,,,,,,
2019-02-12,09:24:00,SEM VÍTIMA,FINALIZADA,MADALENA,RUA BENFICA,,,,RUA BENFICA,,,MADALENA,629,CIDADE,ABALROAMENTO LONGITUDINAL,SEM VITIMAS,3,,,,,,,,,0,,Longo da via,Bom,Sem defeito,Perfeito estado,Seca,Perfeito estado,Não existe,R-6a,,Única,Faixa contínua,,,,,,,,
2019-02-12,09:41:00,COM VÍTIMA,FINALIZADA,BONGI,AV MANOEL GONCALVES DA LUZ,344,,PROX AO SESI EM FRENTE AO SUPERMERCADO CESTÃO CHEIO,AV MANOEL GONCALVES DA LUZ,344,PROX AO SESI EM FRENTE AO SUPERMERCADO CESTÃO CHEIO,BONGI,,,ATROPELAMENTO,ATROPELAMENTO ENTRE ÔNIBUS E PEDESTRE.,,,,,1,1,,,,1,,Longo da via,Bom,Não existe,Perfeito estado,Seca,Perfeito estado,Não existe,R-6a,,Dupla,Faixa seccionada,,,,,,,,
2019-02-12,09:57:00,SEM VÍTIMA,PENDENTE,IPSEP,AV PROFESSOR JOSE DOS ANJOS,518,,EM FRENTE AO MERCADINHO CONVENÇAO,AV PROFESSOR JOSE DOS ANJOS,518,EM FRENTE AO MERCADINHO CONVENÇAO,IPSEP,,,COLISÃO,ENTRE AUTO E MOTO S/V,1,1,,,,,,,,0,,,,,,,,,,,,,,,,,,,,
2019-02-12,10:00:00,SEM VÍTIMA,FINALIZADA,ENCRUZILHADA,AV JOAO DE BARROS,1861,AV NORTE,EM FRENTE AO BANCO SANTANDER,AV JOAO DE BARROS,1861,EM FRENTE AO BANCO SANTANDER,ENCRUZILHADA,43,SUBURBIO,ABALROAMENTO LONGITUDINAL,COLISÃO SEM VITIMAS ,2,,,,,,,,,0,,Cruzamento,Bom,Sem defeito,Perfeito estado,Seca,Perfeito estado,Agente,Outras,40 km/h,Única,Faixa seccionada,,,,,,,,