data,hora,natureza_acidente,situacao,bairro,endereco,numero,detalhe_endereco_acidente,complemento,endereco_cruzamento,numero_cruzamento,referencia_cruzamento,bairro_cruzamento,num_semaforo,sentido_via,tipo,descricao,auto,moto,ciclom,ciclista,pedestre,onibus,caminhao,viatura,outros,vitimas,vitimasfatais,acidente_verificado,tempo_clima,situacao_semaforo,sinalizacao,condicao_via,conservacao_via,ponto_controle,situacao_placa,velocidade_max_via,mao_direcao,divisao_via1,divisao_via2,divisao_via3,,,,,,
2019-02-12,10:17:00,COM VÍTIMA,FINALIZADA,AFOGADOS,RUA COSME VIANA,,,EM FRENTE AO BC AUTO SERVICE,RUA COSME VIANA,,EM FRENTE AO BC AUTO SERVICE,AFOGADOS,100,SUBURBIO,COLISÃO COM CICLISTA,COLISÃO ENTRE AUTO E BICICLETA.,1,,,1,,,,,,1,,Longo da via,Bom,Sem defeito,Perfeito estado,Seca,Perfeito estado,Faixa de pedestre,R-6a,,Única,Faixa seccionada,,,,,,,,
2019-02-12,11:35:00,SEM VÍTIMA,CANCELADA,ARRUDA,AV PROFESSOR JOSE DOS ANJOS,518,,NA RUA DO CANAL EM FRENTE AO MERCADINHO CONVENÇÃO,AV PROFESSOR JOSE DOS ANJOS,518,NA RUA DO CANAL EM FRENTE AO MERCADINHO CONVENÇÃO,ARRUDA,,,COLISÃO,COLISÃO SEM VITIMAS,1,1,,,,,,,,0,,,,,,,,,,,,,,,,,,,,
2019-02-12,11:44:00,SEM VÍTIMA,CANCELADA,AFOGADOS,RUA SAO MIGUEL,1136,RUA CARLOS PENA FILHO,EM FRENTE AO POSTO DESATIVADO FEDERAL,RUA SAO MIGUEL,1136,EM FRENTE AO POSTO DESATIVADO FEDERAL,AFOGADOS,,,COLISÃO,SEM VITIMAS,1,1,,,,,,,,0,,,,,,,,,,,,,,,,,,,,
2019-02-12,11:53:00,SEM VÍTIMA,FINALIZADA,TORRE,RUA CONDE DE IRAJA,214,,EM FRENTE AO EDIFICIO SÃO JOÃO,RUA CONDE DE IRAJA,214,EM FRENTE AO EDIFICIO SÃO JOÃO,TORRE,,SUBURBIO,COLISÃO TRASEIRA,COLISÃO SEM VITIMAS,2,,,,,,,,,0,,Longo da via,Bom,Não existe,Não existente,Seca,Perfeito estado,Não existe,Não há placas,40 km/h,Única,Faixa seccionada,,,,,,,,
2019-02-12,12:25:00,SEM VÍTIMA,CANCELADA,MADALENA,RUA PADRE ANCHIETA,,,NA ESQUINA DO PÃO DE AÇÚCAR,RUA PADRE ANCHIETA,,NA ESQUINA DO PÃO DE AÇÚCAR,MADALENA,,,COLISÃO,COLISÃO SEM VITIMA,2,,,,,,,,,0,,,,,,,,,,,,,,,,,,,,
2019-02-12,12:39:00,COM VÍTIMA,FINALIZADA,CASA AMARELA,RUA PADRE LEMOS,552,RUA CONS RIBAS,EM FRENTE AO KINITOS E FERREIRA PINTO.,RUA PADRE LEMOS,552,EM FRENTE AO KINITOS E FERREIRA PINTO.,CASA AMARELA,369,SUBURBIO,COLISÃO TRASEIRA,COLISÃO ENTRE AUTO E MOTO.,1,1,,,,,,,,1,,Esquina,Bom,Sem defeito,Perfeito estado,Seca,Perfeito estado,Não existe,Outras,,Dupla,Faixa seccionada,,,,,,,,
2019-02-12,12:42:00,COM VÍTIMA,FINALIZADA,GRAÇAS,RUA DAS CREOULAS,322,RUA JOAQUIM NABUCO,EM FRENTE A DROGARIA 4 CANTOS,RUA DAS CREOULAS,322,EM FRENTE A DROGARIA 4 CANTOS,GRAÇAS,71,,ABALROAMENTO LONGITUDINAL,COLISÃO ENTRE AUTO E MOTO.,1,1,,,,,,,,1,,Cruzamento,Bom,Sem defeito,Perfeito estado,Seca,Perfeito estado,Faixa de pedestre,Outras,,Única,Faixa contínua,,,,,,,,
2019-02-12,12:47:00,SEM VÍTIMA,FINALIZADA,IPSEP,RUA PINTOR ANTONIO ALBUQUERQUE,,RUA PROFESSOR JOSE VICENTE,AO LADO DO Nº 517,RUA PINTOR ANTONIO ALBUQUERQUE,,AO LADO DO Nº 517,IPSEP,,,ABALROAMENTO LONGITUDINAL,COLISÃO ENVOLVENDO AUTO E MOTOCICLETA SEM VÍTIMA,1,1,,,,,,,,0,,Cruzamento,Bom,Não existe,Ilegível,Seca,Mal conservada,Não existe,Outras,40 km/h,Única,Não existe,,,,,,,,
2019-02-12,13:12:00,COM VÍTIMA,FINALIZADA,ARRUDA,AV BEBERIBE,68,,PROX. AO LOJÃO DO PETROLEO, SENT. ARRUDA,AV BEBERIBE,68,PROX. AO LOJÃO DO PETROLEO, SENT. ARRUDA,ARRUDA,,SUBURBIO,ABALROAMENTO TRANSVERSAL,COLISÃO ENTRE AUTO E MOTO.,1,1,,,,,,,,1,,Longo da via,Bom,Não existe,Perfeito estado,Seca,Perfeito estado,Não existe,Não há placas,60 km/h,Dupla,Faixa contínua,,,,,,
2019-02-12,14:22:00,SEM VÍTIMA,FINALIZADA,BOA VIAGEM,RUA SETUBAL,,RUA BARAO DE SOUZA LEAO,,RUA SETUBAL,,,BOA VIAGEM,419,CIDADE,ABALROAMENTO LONGITUDINAL,COLISÃO SEM VITIMA,,,,,,1,1,,,0,,Longo da via,Bom,Sem defeito,Perfeito estado,Seca,Perfeito estado,,Outras,,Única,Faixa seccionada,,,,,,,,
2019-02-12,14:24:00,SEM VÍTIMA,FINALIZADA,BOA VIAGEM,RUA ERNESTO DE PAULA SANTOS,1301,RUA CORONEL ANIZIO RODRIGUES COELHO,APOS A UNINASSAU E/F A PALARIA DELICATESSEN,RUA ERNESTO DE PAULA SANTOS,1301,APOS A UNINASSAU E/F A PALARIA DELICATESSEN,BOA VIAGEM,,,COLISÃO,,1,1,,,,,,,,0,,,,,,,,,,,,,,,,,,,,
2019-02-12,15:11:00,SEM VÍTIMA,FINALIZADA,AFOGADOS,AV SUL,,,EM FRENTE A ESTAÇÃO LARGO DA PAZ,AV SUL,,EM FRENTE A ESTAÇÃO LARGO DA PAZ,AFOGADOS,,CIDADE,COLISÃO TRASEIRA,DOIS AUTOS,2,,,,,,,,,0,,Longo da via,Bom,Não existe,Não existente,Seca,Perfeito estado,Não existe,Não há placas,,Única,Faixa seccionada,,,,,,,,
2019-02-12,15:37:00,SEM VÍTIMA,FINALIZADA,MADALENA,RUA JOSE OSORIO,364,,EM FRENTE AO RM,RUA JOSE OSORIO,364,EM FRENTE AO RM,MADALENA,,SUBURBIO,CHOQUE OBJETO FIXO,CAMINHÃO CHOCOU COM OBJETO FIXO (POSTE),,,,,,,1,,,0,,Longo da via,Bom,Não existe,Perfeito estado,Seca,Perfeito estado,Não existe,R-6a,,Única,Faixa seccionada,,,,,,,,
2019-02-12,16:32:00,SEM VÍTIMA,CANCELADA,JOANA BEZERRA,AV BEIRA RIO,,,PROX AO FORUM NA ENTRADA DA JOANA BEZERRA E/F AO CAMPO S/T IMIP,AV BEIRA RIO,,PROX AO FORUM NA ENTRADA DA JOANA BEZERRA E/F AO CAMPO S/T IMIP,JOANA BEZERRA,,,COLISÃO,COLISAO ENTRE DOIS AUTOS S/V,2,,,,,,,,,0,,,,,,,,,,,,,,,,,,,,
2019-02-12,16:44:00,SEM VÍTIMA,FINALIZADA,PINA,RUA CARNEIRO PESSOA,56,,,RUA CARNEIRO PESSOA,56,,PINA,,,ABALROAMENTO LONGITUDINAL,COLISÃO SEM VÍTIMA,1,,,,,,,1,,0,,Longo da via,Bom,Não existe,Perfeito estado,Seca,Perfeito estado,,,40 km/h,Dupla,,,,,,,,,
2019-02-12,17:07:00,SEM VÍTIMA,FINALIZADA,IPSEP,RUA JAMAICA,,RUA ITAJAI,EM FRENTE A EMPRESA SECURITY HOME,RUA JAMAICA,,EM FRENTE A EMPRESA SECURITY HOME,IPSEP,,CIDADE,ABALROAMENTO TRANSVERSAL,COLISÃO SEM VITIMAS,2,,,,,,,,,0,,Cruzamento,Bom,Não existe,Perfeito estado,Seca,Perfeito estado,Faixa de pedestre,R-6a,,Única,Faixa seccionada,,,,,,,,
2019-02-12,17:13:00,SEM VÍTIMA,FINALIZADA,DERBY,RUA SPORT CLUBE DO RECIFE,98,,,RUA SPORT CLUBE DO RECIFE,98,,DERBY,,SUBURBIO,ABALROAMENTO LONGITUDINAL,COLISAO ENTRE AUTO E ONIBUS S/V,1,,,,,1,,,,0,,Longo da via,Bom,Não existe,Perfeito estado,Seca,Perfeito estado,Não existe,R-6a,,Dupla,Faixa seccionada,,,,,,,,
2019-02-12,17:17:00,SEM VÍTIMA,FINALIZADA,TEJIPIÓ,AV DR JOSE RUFINO,3843,,EM FRENTE A ESTAÇÃO TEJIPIÓ,AV DR JOSE RUFINO,3843,EM FRENTE A ESTAÇÃO TEJIPIÓ,TEJIPIÓ,,CIDADE,COLISÃO TRASEIRA,DOIS AUTOS,1,1,,,,,,,,0,,Longo da via,Bom,Não existe,Perfeito estado,Seca,Perfeito estado,,Outras,,Dupla,Faixa contínua,,,,,,,,
2019-02-12,17:45:00,SEM VÍTIMA,FINALIZADA,BOA VIAGEM,RUA ERNESTO DE PAULA SANTOS,,RUA VISCONDE DE JEQUITINHONHA,,RUA ERNESTO DE PAULA SANTOS,,,BOA VIAGEM,304,SUBURBIO,COLISÃO TRASEIRA,4 VEÍCULOS ENVOLVIDOS,4,,,,,,,,,0,,Cruzamento,Bom,Sem defeito,Incompleta,Seca,Perfeito estado,Não existe,Não há placas,,Única,Não existe,,,,,,,,
2019-02-12,17:55:00,SEM VÍTIMA,FINALIZADA,SANTO AMARO,AV CRUZ CABUGA,,RUA DR JOAO VIEIRA DE MENEZES,,AV CRUZ CABUGA,,,SANTO AMARO,,CIDADE,ABALROAMENTO TRANSVERSAL,COLISÃO SEM VITIMAS,1,,,,,1,,,,0,,Cruzamento,Bom,Não existe,Ilegível,Seca,Perfeito estado,Não existe,,,Dupla,Faixa contínua,,,,,,,,
2019-02-12,17:59:00,SEM VÍTIMA,FINALIZADA,BOA VISTA,RUA BARAO DE SAO BORJA,,,,RUA BARAO DE SAO BORJA,,,BOA VISTA,,SUBURBIO,ABALROAMENTO LONGITUDINAL,COLISÃO SEM VITIMAS/ CARRO DA PRESERVE,1,,,,,,,,1,0,,Longo da via,Bom,Não existe,Não existente,Seca,Mal iluminada,Não existe,Não há placas,,Única,Não existe,,,,,,,,
2019-02-12,18:04:00,SEM VÍTIMA,FINALIZADA,PINA,AV ENGENHEIRO DOMINGOS FERREIRA,128,,STEEL FLEY,AV ENGENHEIRO DOMINGOS FERREIRA,128,STEEL FLEY,PINA,,SUBURBIO,ABALROAMENTO LONGITUDINAL,COLISÃO S/V,2,,,,,,,,,0,,Longo da via,Bom,Não existe,Perfeito estado,Seca,Perfeito estado,Não existe,Outras,60 km/h,Única,Faixa seccionada,,,,,,,,
2019-02-12,18:07:00,SEM VÍTIMA,DUPLICIDADE,SANTO AMARO,AV CRUZ CABUGA,400,,POR. AO DIARIO/ FACULDADE FAMA,AV CRUZ CABUGA,400,POR. AO DIARIO/ FACULDADE FAMA,SANTO AMARO,,,COLISÃO,COLISÃO S/V,2,,,,,,,,,0,,,,,,,,,,,,,,,,,,,,
2019-02-12,18:29:00,SEM VÍTIMA,FINALIZADA,MADALENA,RUA JOSE OSORIO,298,,FARMACIA DO TRABALHADOR/ ALDO CAR,RUA JOSE OSORIO,298,FARMACIA DO TRABALHADOR/ ALDO CAR,MADALENA,,SUBURBIO,ABALROAMENTO LONGITUDINAL,COLISÃO S/V,1,,,,,1,,,,0,,Longo da via,Bom,Não existe,Perfeito estado,Seca,Perfeito estado,Não existe,Não há placas,,Única,Faixa contínua,,,,,,,,
2019-02-12,18:47:00,SEM VÍTIMA,FINALIZADA,TORRÕES,RUA ANTONIO VALDEVINO COSTA,839,RUA ANGELICA,,RUA ANTONIO VALDEVINO COSTA,839,,TORRÕES,,SUBURBIO,CHOQUE VEÍCULO PARADO,COLISÃO S/V,1,,,,,,,,1,0,,Longo da via,Bom,Não existe,Perfeito estado,Seca,Perfeito estado,Não existe,Não há placas,,Dupla,Não existe,,,,,,,,
2019-02-12,19:29:00,SEM VÍTIMA,FINALIZADA,MADALENA,AV CAXANGA,,RUA JOAO IVO DA SILVA,MUSEU DA ABOLIÇÃO,AV CAXANGA,,MUSEU DA ABOLIÇÃO,MADALENA,257,CIDADE,ABALROAMENTO LONGITUDINAL,COLISÃO S/V,1,1,,,,,,,,0,,Longo da via,Bom,Sem defeito,Perfeito estado,Seca,Perfeito estado,Faixa de pedestre,R-6a,,Dupla,Faixa contínua,Faixa seccionada,,,,,,,
2019-02-12,19:57:00,SEM VÍTIMA,FINALIZADA,BEBERIBE,RUA DA REGENERACAO,,,POSTO IPIRANGA,RUA DA REGENERACAO,,POSTO IPIRANGA,BEBERIBE,622,SUBURBIO,ABALROAMENTO LONGITUDINAL,COLISÃO S/V,2,,,,,,,,,0,,Longo da via,Chuvoso,Sem defeito,Perfeito estado,Molhada,Perfeito estado,,,,Única,,,,,,,,,
2019-02-12,20:12:00,COM VÍTIMA,FINALIZADA,BOA VIAGEM,RUA DR LUIZ CORREA DE OLIVEIRA,111,,PROX. AO ATACADÃO E GED - GRUPO EXECUTIVO DIGITAL,RUA DR LUIZ CORREA DE OLIVEIRA,111,PROX. AO ATACADÃO E GED - GRUPO EXECUTIVO DIGITAL,BOA VIAGEM,,SUBURBIO,ABALROAMENTO LONGITUDINAL,COLISÃO COM VÍTIMA/ AGUARDANDO ATENDIMENTO DO SAMU NO LOCAL,1,1,,,,,,,,2,,Longo da via,Bom,Não existe,Perfeito estado,Seca,Perfeito estado,Não existe,Placas Pare,,Dupla,Não existe,,,,,,,,
2019-02-12,20:23:00,COM VÍTIMA,FINALIZADA,ILHA DO LEITE,AV FREI MATIAS TEVES,,RUA SENADOR JOSE HENRIQUE,ESQUINA DO ALBERT SABIN,AV FREI MATIAS TEVES,,ESQUINA DO ALBERT SABIN,ILHA DO LEITE,,SUBURBIO,ABALROAMENTO TRANSVERSAL,COLISÃO ENVOLVENDO AUTO E MOTO.,1,1,,,,,,,,1,,Cruzamento,Bom,Não existe,Perfeito estado,Seca,Perfeito estado,,,,Única,,,,,,,,,
2019-02-12,20:34:00,SEM VÍTIMA,FINALIZADA,JORDÃO,RUA DR ANDRADE LYRA,728,RUA DES EVANDRO NETTO,,RUA DR ANDRADE LYRA,728,,JORDÃO,,CIDADE,ABALROAMENTO TRANSVERSAL,COLISÃO SEM VÍTIMAS,2,,,,,,,,,0,,Cruzamento,Bom,Não existe,Perfeito estado,Seca,Perfeito estado,,Placas Pare,,Única,Não existe,,,,,,,,
2019-02-12,21:29:00,COM VÍTIMA,FINALIZADA,IBURA,AV DOIS RIOS,,,PROX. A POLICLÍNICA, MAIS OU MENOS 300 METROS DA UNIDADE DE SAÚDE,AV DOIS RIOS,,PROX. A POLICLÍNICA, MAIS OU MENOS 300 METROS DA UNIDADE DE SAÚDE,IBURA,,,ABALROAMENTO TRANSVERSAL,COLISÃO ENVOLVENDO AUTO E MOTO.,1,1,,,,,,,,1,,Outros,Chuvoso,Não existe,Perfeito estado,Seca,Perfeito estado,Agente,,,,,,,,,,
2019-02-13,06:52:00,SEM VÍTIMA,FINALIZADA,TAMARINEIRA,RUA SILVEIRA LIRA,127,,,RUA SILVEIRA LIRA,127,,TAMARINEIRA,,CIDADE,ABALROAMENTO LONGITUDINAL,DOIS AUTOS,2,,,,,,,,,0,,Longo da via,Chuvoso,Não existe,Perfeito estado,Seca,Perfeito estado,Não existe,Placas Pare,,Dupla,,,,,,,,,
2019-02-13,07:06:00,SEM VÍTIMA,FINALIZADA,AFOGADOS,AV SUL,,,POSTE DE ILUMINAÇÃO PÚBLICA Nº B073641,AV SUL,,POSTE DE ILUMINAÇÃO PÚBLICA Nº B073641,AFOGADOS,,CIDADE,COLISÃO TRASEIRA,SEM VÍTIMAS,1,1,,,,,,,,0,,Longo da via,Bom,Não existe,Perfeito estado,Molhada,Perfeito estado,Não existe,Não há placas,,Única,Faixa seccionada,,,,,,,,
2019-02-13,07:20:00,SEM VÍTIMA,FINALIZADA,PINA,AV ANTONIO DE GOES,,RUA MANOEL DE BRITO,LADO OPOSTO AO DNIT,AV ANTONIO DE GOES,,LADO OPOSTO AO DNIT,PINA,103,CIDADE,COLISÃO TRASEIRA,COLISÃO SEM VITIMAS,,,,,,,,,,0,,Cruzamento,Chuvoso,Sem defeito,Perfeito estado,Molhada,Perfeito estado,Agente,Não há placas,60 km/h,Única,Canteiro central,,,,,,,,
2019-02-13,08:23:00,SEM VÍTIMA,FINALIZADA,PINA,PTE GOVERNADOR PAULO GUERRA,,,PONTE GOVERNADOR PAULO GUERRA,PTE GOVERNADOR PAULO GUERRA,,PONTE GOVERNADOR PAULO GUERRA,PINA,,CID/SUB,ABALROAMENTO LONGITUDINAL,COLISÃO SEM VITIMAS,1,,,,,,1,,,0,,Longo da via,Bom,Não existe,Perfeito estado,Seca,Perfeito estado,Não existe,,60 km/h,Única,Faixa,,,,,,,,
2019-02-13,08:28:00,SEM VÍTIMA,FINALIZADA,AFOGADOS,RUA VINTE E UM DE ABRIL,721,,EM FRENTE DOS FERROVIARIOS,RUA VINTE E UM DE ABRIL,721,EM FRENTE DOS FERROVIARIOS,AFOGADOS,,,COLISÃO,MOTO E AUTO,1,1,,,,,,,,0,,,,,,,,,,,,,,,,,,,,
2019-02-13,08:30:00,SEM VÍTIMA,CANCELADA,BOA VIAGEM,RUA RIO AZUL,443,RUA BARAO DE SOUZA LEAO,AO LADO DO CANAL EM FRENTE A LOJA BV MOTORES,RUA RIO AZUL,443,AO LADO DO CANAL EM FRENTE A LOJA BV MOTORES,BOA VIAGEM,,,COLISÃO,COLISÃO SEM VITIMAS,2,,,,,,,,,0,,,,,,,,,,,,,,,,,,,,
2019-02-13,09:10:00,SEM VÍTIMA,FINALIZADA,ILHA DO RETIRO,AV JOSE GONCALVES DE MEDEIROS,,RUA COMENDADOR BENTO AGUIAR,AO LADO DA FARMACIA PAGUE MENOS, UMA RUA APOS O SUPERMERCADO EXTRA,AV JOSE GONCALVES DE MEDEIROS,,AO LADO DA FARMACIA PAGUE MENOS, UMA RUA APOS O SUPERMERCADO EXTRA,ILHA DO RETIRO,,SUBURBIO,ABALROAMENTO TRANSVERSAL,DOIS AUTOS,2,,,,,,,,,0,,,Chuvoso,Não existe,Não existente,Molhada,Perfeito estado,Não existe,Não há placas,,Única,Faixa contínua,,,,,,
2019-02-13,09:22:00,SEM VÍTIMA,FINALIZADA,BOA VIAGEM,RUA RAUL AZEDO,1441,AV CONSELHEIRO AGUIAR,TOP TOY BRINQUEDOS,RUA RAUL AZEDO,1441,TOP TOY BRINQUEDOS,BOA VIAGEM,240,SUBURBIO,ABALROAMENTO LONGITUDINAL,COLISÃO SEM VITIMAS,2,,,,,,,,,0,,Longo da via,Chuvoso,Sem defeito,Perfeito estado,Molhada,Perfeito estado,Não existe,Outras,,Única,Não existe,,,,,,,,
2019-02-13,09:31:00,SEM VÍTIMA,CANCELADA,ILHA DO LEITE,AV LINS PETIT,140,,EM FRENTE AO CENTRO ADMINISTRATIVO DA UNIMED,AV LINS PETIT,140,EM FRENTE AO CENTRO ADMINISTRATIVO DA UNIMED,ILHA DO LEITE,,,COLISÃO,DOIS AUTOS,2,,,,,,,,,0,,,,,,,,,,,,,,,,,,,,
2019-02-13,10:00:00,SEM VÍTIMA,DUPLICIDADE,PINA,AV CONSELHEIRO AGUIAR,1441,RUA RAUL AZEDO,EM FRENTE LOJA TOP TOY BRINQUEDOS,AV CONSELHEIRO AGUIAR,1441,EM FRENTE LOJA TOP TOY BRINQUEDOS,PINA,,,COLISÃO,COLISÃO SEM VITIMAS,2,,,,,,,,,0,,,,,,,,,,,,,,,,,,,,
2019-02-13,10:04:00,COM VÍTIMA,CANCELADA,COQUEIRAL,RUA SARGENTO WILSON VIANA,45,,RUA EM FRENTE A ESTAÇAO COQUEIRAL,RUA SARGENTO WILSON VIANA,45,RUA EM FRENTE A ESTAÇAO COQUEIRAL,COQUEIRAL,,,COLISÃO,MOTO E AUTO,1,1,,,,,,,,1,,,,,,,,,,,,,,,,,,,,
2019-02-13,11:34:00,SEM VÍTIMA,FINALIZADA,TORRE,RUA ANA NERY,,RUA JOSE BONIFACIO,,RUA ANA NERY,,,TORRE,,SUBURBIO,ABALROAMENTO TRANSVERSAL,TRES AUTOS,3,,,,,,,,,0,,,Chuvoso,Não existe,Incompleta,Molhada,Perfeito estado,Não existe,Outras,,Dupla,Não existe,,,,,,,,
2019-02-13,12:10:00,SEM VÍTIMA,FINALIZADA,BOA VIAGEM,AV DOM JOAO VI,,RUA JOSE DA SILVA LUCENA,EM FRENTE AO COLEGIO GGE,AV DOM JOAO VI,,EM FRENTE AO COLEGIO GGE,BOA VIAGEM,,,ABALROAMENTO LONGITUDINAL,COLISÃO SEM VÍTIMA,1,,,,,,1,,,0,,Longo da via,Chuvoso,Não existe,Perfeito estado,Molhada,Perfeito estado,Não existe,R-6a,,Única,Não existe,,,,,,,,
2019-02-13,12:28:00,SEM VÍTIMA,FINALIZADA,ILHA JOANA BEZERRA,AV DES GUERRA BARRETO,,,EM FRENTE AO SEMÁFORO 038,AV DES GUERRA BARRETO,,EM FRENTE AO SEMÁFORO 038,ILHA JOANA BEZERRA,38,SUBURBIO,COLISÃO TRASEIRA,ENTRE QUATRO AUTOS S/V,4,,,,,,,,,0,,Longo da via,Chuvoso,Sem defeito,Perfeito estado,Molhada,Perfeito estado,Faixa de retenção,Não há placas,,Dupla,Faixa contínua,,,,,,,,
2019-02-13,13:15:00,SEM VÍTIMA,FINALIZADA,BOA VIAGEM,AV FERNANDO SIMOES BARBOSA,,RUA JACK AYRES,ENTRADA DO SHOPPING RECIFE,AV FERNANDO SIMOES BARBOSA,,ENTRADA DO SHOPPING RECIFE,BOA VIAGEM,183,SUBURBIO,ABALROAMENTO LONGITUDINAL,ÔNIBUS X AUTO S/V,1,,,,,1,,,,0,,Cruzamento,Chuvoso,Sem defeito,Perfeito estado,Molhada,Perfeito estado,Faixa de pedestre,R-6a,,Única,Faixa seccionada,,,,,,,,
2019-02-13,13:19:00,SEM VÍTIMA,FINALIZADA,GRAÇAS,AV RUI BARBOSA,57,,AO LADO DO COLÉGIO VERA CRUZ,AV RUI BARBOSA,57,AO LADO DO COLÉGIO VERA CRUZ,GRAÇAS,,CIDADE,COLISÃO TRASEIRA,COLISÃO SEM VÍTIMA,2,,,,,,,,,0,,Longo da via,Chuvoso,Não existe,Perfeito estado,Molhada,Perfeito estado,Faixa de pedestre,Outras,,Única,Faixa contínua,,,,,,,,
2019-02-13,13:50:00,SEM VÍTIMA,DUPLICIDADE,BOA VIAGEM,AV FERNANDO SIMOES BARBOSA,,,EM FRENTE AO SHOPPING RECIFE/ PROXIMO AO RESTAURANTE PAPA CAPIM/ SENTIDO PIEDADE,AV FERNANDO SIMOES BARBOSA,,EM FRENTE AO SHOPPING RECIFE/ PROXIMO AO RESTAURANTE PAPA CAPIM/ SENTIDO PIEDADE,BOA VIAGEM,,,COLISÃO,COLISÃO SEM VÍTIMA,1,,,,,1,,,,0,,,,,,,,,,,,,,,,,,,,
2019-02-13,14:12:00,SEM VÍTIMA,CANCELADA,JAQUEIRA,AV RUI BARBOSA,1363,,AO LADO DO RESTAURANTE PAPA CAPIM,AV RUI BARBOSA,1363,AO LADO DO RESTAURANTE PAPA CAPIM,JAQUEIRA,,,COLISÃO,ENTRE AUTOS S/V,2,,,,,,,,,0,,,,,,,,,,,,,,,,,,,,
2019-02-13,15:16:00,SEM VÍTIMA,CANCELADA,ESTÂNCIA,AV RECIFE,,,EM FRENTE AO MAKRO, NA DESCIDA DO VIADUTO, SENTIDO AEROPORTO,AV RECIFE,,EM FRENTE AO MAKRO, NA DESCIDA DO VIADUTO, SENTIDO AEROPORTO,ESTÂNCIA,,,COLISÃO,DOIS AUTOS S/V,1,,,,,,,,1,0,,,,,,,,,,,,,,,,
2019-02-13,15:20:00,SEM VÍTIMA,FINALIZADA,BEBERIBE,AV BEBERIBE,4668,,PRÓX À PRAÇA DA CONVENÇÃO,AV BEBERIBE,4668,PRÓX À PRAÇA DA CONVENÇÃO,BEBERIBE,,SUBURBIO,ABALROAMENTO LONGITUDINAL,,1,,,,,,1,,,0,,,Bom,Não existe,Não existente,Seca,Perfeito estado,Não existe,R-6a,,Única,Não existe,,,,,,,,
2019-02-13,15:32:00,SEM VÍTIMA,DUPLICIDADE,BEBERIBE,PRC DA CONVENCAO,,,EM FRENTE A PRAÇA DA CONVENÇÃO E AO POSTO BR,PRC DA CONVENCAO,,EM FRENTE A PRAÇA DA CONVENÇÃO E AO POSTO BR,BEBERIBE,,,COLISÃO,COLISÃO SEM VÍTIMA,1,,,,,,1,,,0,,,,,,,,,,,,,,,,,,,,
2019-02-13,15:39:00,SEM VÍTIMA,FINALIZADA,IMBIRIBEIRA,AV MARECHAL MASCARENHAS DE MORAES,,,EM FRENTE A FERREIRA COSTA, SENTIDO AFOGADOS,AV MARECHAL MASCARENHAS DE MORAES,,EM FRENTE A FERREIRA COSTA, SENTIDO AFOGADOS,IMBIRIBEIRA,,CIDADE,ABALROAMENTO LONGITUDINAL,AUTO E ONIBUS DA SAO JUDAS TADEU,1,,,,,1,,,,0,,Longo da via,Chuvoso,Não existe,Perfeito estado,Molhada,Mal conservada,Não existe,,,Dupla,Canteiro central,,,,,,
2019-02-13,16:55:00,COM VÍTIMA,FINALIZADA,COELHOS,RUA DOS COELHOS,,,EM FRENTE AO IMIP,RUA DOS COELHOS,,EM FRENTE AO IMIP,COELHOS,,SUBURBIO,ATROPELAMENTO,ATROPELAMENTO ENTRE AUTO E PEDESTRE.,1,,,,1,,,,,1,,Longo da via,Bom,Sem defeito,Perfeito estado,Seca,Perfeito estado,Faixa de pedestre,Não há placas,,Dupla,Faixa,,,,,,,,
2019-02-13,17:02:00,COM VÍTIMA,FINALIZADA,PINA,RUA MANOEL DE BRITO,243,RUA BARAO DE SANTO ANGELO,,RUA MANOEL DE BRITO,243,,PINA,,CIDADE,ATROPELAMENTO,ATROPELAMENTO ENTRE AUTO E PEDESTRE.,1,,,,1,,,,,1,,Longo da via,Chuvoso,Não existe,Perfeito estado,Seca,Perfeito estado,Não existe,Não há placas,,Única,Faixa seccionada,,,,,,,,
2019-02-13,18:20:00,SEM VÍTIMA,FINALIZADA,TAMARINEIRA,RUA CONEGO BARATA,97,,,RUA CONEGO BARATA,97,,TAMARINEIRA,,SUBURBIO,ABALROAMENTO LONGITUDINAL,GOL X AUTO,2,,,,,,,,,0,,Longo da via,Chuvoso,Não existe,Perfeito estado,Molhada,Perfeito estado,Não existe,Não há placas,,Dupla,Faixa seccionada,,,,,,,,
2019-02-13,18:24:00,SEM VÍTIMA,CANCELADA,GRAÇAS,PRC PARQUE AMORIM,,,AO LADO WALL MART, (o onibus atravessou a ponte em SENTIDO ROSA E SILVA, o caminhão está antes da ponte),PRC PARQUE AMORIM,,AO LADO WALL MART, (o onibus atravessou a ponte em SENTIDO ROSA E SILVA, o caminhão está antes da ponte),GRAÇAS,,,COLISÃO,COLISÃO SEM VITIMA,,,,,,1,1,,,0,,,,,,,,,,,,,,,,
2019-02-13,20:02:00,SEM VÍTIMA,FINALIZADA,AFOGADOS,AV SUL,,,SEMÁFORO 320,AV SUL,,SEMÁFORO 320,AFOGADOS,320,CIDADE,COLISÃO TRASEIRA,GOL X CORSA,2,,,,,,,,,0,,Longo da via,Bom,Sem defeito,Perfeito estado,Seca,Perfeito estado,Faixa de pedestre,Não há placas,,Única,Faixa seccionada,Canteiro central,Blocos,,,,,,
2019-02-13,,COM VÍTIMA,FINALIZADA,ÁGUA FRIA,RUA SAO SEBASTIAO,134,,POR TRAZ DO GIGANTE DO SAMBA,RUA SAO SEBASTIAO,134,POR TRAZ DO GIGANTE DO SAMBA,ÁGUA FRIA,,SUBURBIO,ABALROAMENTO LONGITUDINAL,COLISÃO ENTRE AUTO E MOTO.,1,1,,,,,,,,1,,Longo da via,Bom,Não existe,Perfeito estado,Seca,Perfeito estado,Não existe,Não há placas,,Dupla,Faixa contínua,,,,,,,,