data,hora,natureza_acidente,situacao,bairro,endereco,numero,detalhe_endereco_acidente,complemento,endereco_cruzamento,numero_cruzamento,referencia_cruzamento,bairro_cruzamento,num_semaforo,sentido_via,tipo,descricao,auto,moto,ciclom,ciclista,pedestre,onibus,caminhao,viatura,outros,vitimas,vitimasfatais,acidente_verificado,tempo_clima,situacao_semaforo,sinalizacao,condicao_via,conservacao_via,ponto_controle,situacao_placa,velocidade_max_via,mao_direcao,divisao_via1,divisao_via2,divisao_via3,,,,,,
2019-02-13,21:23:00,COM VÍTIMA,FINALIZADA,SANTO ANTÔNIO,RUA PRIMEIRO DE MARCO,,RUA IMPERADOR PEDRO SEGUNDO,,RUA PRIMEIRO DE MARCO,,,SANTO ANTÔNIO,18,SUBURBIO,ABALROAMENTO TRANSVERSAL,COLISÃO ENTRE VIATURA DA CTTU E MOTOCICLETA.,,1,,,,,,1,,1,,Cruzamento,Bom,Sem defeito,Ilegível,Seca,Perfeito estado,Faixa de pedestre,Outras,40 km/h,Única,Não existe,,,,,,,,
2019-02-13,22:22:00,COM VÍTIMA,FINALIZADA,IMBIRIBEIRA,AV MARECHAL MASCARENHAS DE MORAES,2350,,PROX AO DESCONTAO EN. A FERREIRA COSTA. EM FRENTE AO BANCO DO BRASIL.,AV MARECHAL MASCARENHAS DE MORAES,2350,PROX AO DESCONTAO EN. A FERREIRA COSTA. EM FRENTE AO BANCO DO BRASIL.,IMBIRIBEIRA,,SUBURBIO,ATROPELAMENTO,ATROPELAMENTO ENTRE AUTO E PEDESTRE.,1,,,,1,,,,,1,,Longo da via,Chuvoso,Sem defeito,Perfeito estado,Molhada,Perfeito estado,Faixa de pedestre,R-6a,60 km/h,Dupla,Canteiro central,,,,,,,,
2019-02-13,22:27:00,SEM VÍTIMA,FINALIZADA,IMBIRIBEIRA,RUA GENERAL GOES MONTEIRO,,RUA ENGENHEIRO JOSE BRANDAO CAVALCANTE,,RUA GENERAL GOES MONTEIRO,,,IMBIRIBEIRA,,SUBURBIO,ABALROAMENTO TRANSVERSAL,AMAROK X AUDI,2,,,,,,,,,0,,Cruzamento,Chuvoso,Não existe,Perfeito estado,Molhada,Perfeito estado,Não existe,Placas Pare,,Dupla,Não existe,,,,,,,,
2019-02-13,23:20:00,SEM VÍTIMA,FINALIZADA,AFOGADOS,RUA QUITERIO INACIO DE MELLO,,RUA SAO MIGUEL,IGREJA KADOSH,RUA QUITERIO INACIO DE MELLO,,IGREJA KADOSH,AFOGADOS,333,SUBURBIO,COLISÃO TRASEIRA,MONTANA X ONIX,2,,,,,,,,,0,,Longo da via,Chuvoso,Sem defeito,Perfeito estado,Molhada,Perfeito estado,Faixa de retenção,R-6a,40 km/h,Única,Faixa contínua,,,,,,,,
2019-02-13,23:31:00,SEM VÍTIMA,FINALIZADA,IMBIRIBEIRA,AV MARECHAL MASCARENHAS DE MORAES,,,PRÓXIMO AO POSTO DE COMBUSTÍVEL PETROMEGA,AV MARECHAL MASCARENHAS DE MORAES,,PRÓXIMO AO POSTO DE COMBUSTÍVEL PETROMEGA,IMBIRIBEIRA,396,SUBURBIO,ABALROAMENTO LONGITUDINAL,SIENA X ONIX,2,,,,,,,,,0,,Longo da via,Chuvoso,Sem defeito,Perfeito estado,Molhada,Perfeito estado,Faixa de pedestre,Não há placas,,Dupla,Faixa contínua,Faixa seccionada,Canteiro central,,,,,,
2019-02-14,07:04:00,COM VÍTIMA,FINALIZADA,IMBIRIBEIRA,AV MARECHAL MASCARENHAS DE MORAES,,RUA ARQUITETO FERNANDO ALMEIDA,E/F A ARMAZÉM CORAL,AV MARECHAL MASCARENHAS DE MORAES,,E/F A ARMAZÉM CORAL,IMBIRIBEIRA,286,,ABALROAMENTO TRANSVERSAL,COLISÃO ENTRE AUTO E MOTO.,1,1,,,,,,,,1,,Cruzamento,Bom,Sem defeito,Perfeito estado,Seca,Perfeito estado,Faixa de retenção,Não há placas,50 km/h,Dupla,Canteiro central,,,,,,,,
2019-02-14,07:10:00,SEM VÍTIMA,FINALIZADA,SAN MARTIN,AV GENERAL SAN MARTIN,,AV ENGENHEIRO ABDIAS DE CARVALHO,SOB O SEMÁFORO DE Nº058,AV GENERAL SAN MARTIN,,SOB O SEMÁFORO DE Nº058,SAN MARTIN,58,CIDADE,ABALROAMENTO LONGITUDINAL,AUTO E MOTO,1,1,,,,,,,,0,,Longo da via,Bom,Sem defeito,Perfeito estado,Seca,Perfeito estado,Faixa de retenção,Não há placas,40 km/h,Dupla,Faixa contínua,,,,,,,,
2019-02-14,07:17:00,COM VÍTIMA,FINALIZADA,BOA VIAGEM,AV ENGENHEIRO DOMINGOS FERREIRA,3738,,EM FRENTE AO LAÇA BURGUER,AV ENGENHEIRO DOMINGOS FERREIRA,3738,EM FRENTE AO LAÇA BURGUER,BOA VIAGEM,,SUBURBIO,ATROPELAMENTO,ATROPELAMENTO ENVOLVENDO ÔNIBUS E UM PEDESTRE.,,,,,1,1,,,,1,,Longo da via,Bom,Não existe,Perfeito estado,Seca,Perfeito estado,Não existe,Outras,60 km/h,Dupla,Faixa seccionada,Canteiro central,,,,,,,
2019-02-14,07:42:00,SEM VÍTIMA,FINALIZADA,BOA VISTA,RUA GONCALVES MAIA,26,,CONJ RESIDENCIAL GONÇALVES MAIA,RUA GONCALVES MAIA,26,CONJ RESIDENCIAL GONÇALVES MAIA,BOA VISTA,,SUBURBIO,ABALROAMENTO LONGITUDINAL,COLISÃO SEM VITIMAS,2,,,,,,,,,0,,Longo da via,Bom,Não existe,Perfeito estado,Seca,Perfeito estado,Não existe,Outras,,Dupla,Faixa seccionada,,,,,,,,
2019-02-14,08:13:00,SEM VÍTIMA,CANCELADA,MUSTARDINHA,AV MANOEL GONCALVES DA LUZ,330,,E/F A W.M AR PARA AUTO.,AV MANOEL GONCALVES DA LUZ,330,E/F A W.M AR PARA AUTO.,MUSTARDINHA,,CIDADE,COLISÃO,SEM VÍTIMAS,1,1,,,,,,,,0,,,,,,,,,,,,,,,,,,,,
2019-02-14,08:18:00,SEM VÍTIMA,CANCELADA,BOA VIAGEM,RUA AMALIA BERNARDINO DE SOUZA,1328,RUA RIBEIRO DE BRITO,AO LADO DO HOTEL NACIONAL IN,RUA AMALIA BERNARDINO DE SOUZA,1328,AO LADO DO HOTEL NACIONAL IN,BOA VIAGEM,,,COLISÃO,SEM VITIMAS,2,,,,,,,,,0,,,,,,,,,,,,,,,,,,,,
2019-02-14,08:44:00,SEM VÍTIMA,FINALIZADA,TEJIPIÓ,RUA QUINZE DE NOVEMBRO,,,PONTILHÃO DO METRÔ- ENTRADA DA PRACINHA DO PACHECO,RUA QUINZE DE NOVEMBRO,,PONTILHÃO DO METRÔ- ENTRADA DA PRACINHA DO PACHECO,TEJIPIÓ,,CIDADE,ABALROAMENTO LONGITUDINAL,COLISÃO SEM VITIMAS,1,,,,,,1,,,0,,Longo da via,Bom,Não existe,Incompleta,Seca,Perfeito estado,Não existe,R-6a,,Dupla,Não existe,,,,,,,,
2019-02-14,08:48:00,SEM VÍTIMA,FINALIZADA,CORDEIRO,RUA GOMES TABORDA,1460,,AO LADO DO ATACAREJO IDEAL,RUA GOMES TABORDA,1460,AO LADO DO ATACAREJO IDEAL,CORDEIRO,,CIDADE,ABALROAMENTO TRANSVERSAL,SEM VITIMAS,1,1,,,,,,,,0,,Longo da via,Bom,Sem defeito,Perfeito estado,Seca,Perfeito estado,Não existe,R-6a,,Dupla,Faixa seccionada,,,,,,,,
2019-02-14,08:52:00,COM VÍTIMA,FINALIZADA,TORRÕES,AV ENGENHEIRO ABDIAS DE CARVALHO,,,EM FRENTE AO POSTO SHELL,AV ENGENHEIRO ABDIAS DE CARVALHO,,EM FRENTE AO POSTO SHELL,TORRÕES,,SUBURBIO,ABALROAMENTO LONGITUDINAL,COLISÃO ENVOLVENDO DUAS MOTOS E DOIS AUTOS.,2,2,,,,,,,,2,,Longo da via,Bom,Não existe,Perfeito estado,Seca,Perfeito estado,,Outras,,Dupla,Canteiro central,,,,,,,,
2019-02-14,09:10:00,SEM VÍTIMA,FINALIZADA,AREIAS,AV RECIFE,,,LADO OPOSTO A FARMÁCIA PAGUE MENOS,AV RECIFE,,LADO OPOSTO A FARMÁCIA PAGUE MENOS,AREIAS,59,CIDADE,COLISÃO TRASEIRA,CAMINHÃO E AUTO,1,,,,,,1,,,0,,,Bom,Sem defeito,Perfeito estado,Seca,Perfeito estado,Faixa de pedestre,R-6a,,Dupla,Faixa seccionada,Canteiro central,,,,,,,
2019-02-14,10:29:00,SEM VÍTIMA,FINALIZADA,GRAÇAS,RUA CONS PORTELA,,,SUPERMERCADO BOMPREÇO,RUA CONS PORTELA,,SUPERMERCADO BOMPREÇO,GRAÇAS,459,,ABALROAMENTO LONGITUDINAL,SEM VÍTIMAS,2,,,,,,,,,0,,Longo da via,Bom,Sem defeito,Perfeito estado,Seca,Perfeito estado,Faixa de pedestre,R-6a,,Única,Faixa contínua,,,,,,,,
2019-02-14,11:29:00,COM VÍTIMA,FINALIZADA,AFOGADOS,RUA SAO MIGUEL,293,RUA QUITERIO INACIO DE MELLO,EM FRENTE A LOJA SÃO MIGUEL AUTO PEÇAS,RUA SAO MIGUEL,293,EM FRENTE A LOJA SÃO MIGUEL AUTO PEÇAS,AFOGADOS,333,,ABALROAMENTO LONGITUDINAL,COLISÃO ENVOLVENDO CAMIONETA E MOTOCICLETA.,1,1,,,,,,,,1,,Esquina,Bom,Sem defeito,Perfeito estado,Seca,Perfeito estado,Faixa de pedestre,Outras,,Dupla,Faixa contínua,Faixa seccionada,,,,,,,
2019-02-14,11:30:00,SEM VÍTIMA,FINALIZADA,VÁRZEA,AV CAXANGA,100,,LADO OPOSTO AO Nº 100,AV CAXANGA,100,LADO OPOSTO AO Nº 100,VÁRZEA,,CIDADE,COLISÃO TRASEIRA,COLISÃO SEM VÍTIMAS ENTRE AUTO E ÔNIBUS,1,,,,,1,,,,0,,Longo da via,Bom,Não existe,Perfeito estado,Seca,Perfeito estado,Agente,Não há placas,60 km/h,Dupla,Faixa seccionada,,,,,,,,
2019-02-14,11:33:00,SEM VÍTIMA,FINALIZADA,SÃO JOSÉ,AV SUL,,,EM FRENTE AO POSTE Nº B018563,AV SUL,,EM FRENTE AO POSTE Nº B018563,SÃO JOSÉ,,CIDADE,ABALROAMENTO LONGITUDINAL,SEM VITIMAS,1,,,,,,1,,,0,,Longo da via,Bom,Não existe,Perfeito estado,Seca,Perfeito estado,Não existe,Não há placas,60 km/h,Dupla,Canteiro central,,,,,,,,
2019-02-14,11:33:00,COM VÍTIMA,FINALIZADA,SÃO JOSÉ,AV DANTAS BARRETO,848,,EM FRENTE A FARMACIA DO TRABALHADOR,AV DANTAS BARRETO,848,EM FRENTE A FARMACIA DO TRABALHADOR,SÃO JOSÉ,,SUBURBIO,ATROPELAMENTO,ATROPELAMENTO ENVOLVENDO MOTOCICLETA E PEDESTRE.,,1,,,1,,,,,1,,Longo da via,Bom,Sem defeito,Perfeito estado,Seca,Perfeito estado,Outros,Outras,,Dupla,Faixa,,,,,,,,
2019-02-14,11:40:00,SEM VÍTIMA,CANCELADA,BOA VIAGEM,RUA MARIA CAROLINA,,RUA FRANCISCO DA CUNHA,EM FRENTE AO BAR MIXTER HOPPY,RUA MARIA CAROLINA,,EM FRENTE AO BAR MIXTER HOPPY,BOA VIAGEM,,,COLISÃO,SEM VITIMAS,2,,,,,,,,,0,,,,,,,,,,,,,,,,,,,,
2019-02-14,12:12:00,SEM VÍTIMA,CANCELADA,CASA FORTE,RUA SOARES DE AZEVEDO,,,AO LADO DA EXTRAFARMA,RUA SOARES DE AZEVEDO,,AO LADO DA EXTRAFARMA,CASA FORTE,,,COLISÃO,ENTRE AUTOS S/V.,2,,,,,,,,,0,,,,,,,,,,,,,,,,,,,,
2019-02-14,12:23:00,COM VÍTIMA,FINALIZADA,SANTO ANTÔNIO,RUA DA PALMA,311,,EM FRENTE A MILENA MÓVEIS.,RUA DA PALMA,311,EM FRENTE A MILENA MÓVEIS.,SANTO ANTÔNIO,,SUBURBIO,CHOQUE VEÍCULO PARADO,CHOQUE EM VEÍCULOS QUE ESTAVAM ESTACIONADOS SEGUIDO DE VÁRIOS ATROPELAMENTOS.,4,,,,,,,,,4,,Longo da via,Bom,Não existe,Perfeito estado,Seca,Perfeito estado,Agente,Outras,,Única,Faixa,,,,,,,,
2019-02-14,12:40:00,SEM VÍTIMA,FINALIZADA,DERBY,AV GOVERNADOR AGAMENON MAGALHAES,3855,,EM FRENTE AO MAPFRE SEGUROS/ OLINDA,AV GOVERNADOR AGAMENON MAGALHAES,3855,EM FRENTE AO MAPFRE SEGUROS/ OLINDA,DERBY,,,ABALROAMENTO LONGITUDINAL,COLISÃO SEM VÍTIMA,1,,,,,1,,,,0,,Longo da via,Bom,Sem defeito,Perfeito estado,Seca,Perfeito estado,,,,,,,,,,,,,
2019-02-14,13:43:00,SEM VÍTIMA,FINALIZADA,GRAÇAS,RUA JOAQUIM NABUCO,,,EM FRENTE AO HOSPITAL SANTA JOANA,RUA JOAQUIM NABUCO,,EM FRENTE AO HOSPITAL SANTA JOANA,GRAÇAS,,SUBURBIO,ABALROAMENTO LONGITUDINAL,COLISÃO SEM VÍTIMA,2,,,,,,,,,0,,Longo da via,Bom,Não existe,Perfeito estado,Seca,Perfeito estado,Não existe,R-6a,,Única,Faixa seccionada,,,,,,,,
2019-02-14,13:56:00,SEM VÍTIMA,FINALIZADA,ENCRUZILHADA,AV NORTE,2160,RUA JOSE DE SA CARNEIRO,EM FRENTE À RENAULT,AV NORTE,2160,EM FRENTE À RENAULT,ENCRUZILHADA,665,SUBURBIO,ABALROAMENTO LONGITUDINAL,AUTOS X CAMINHÃO S/V,2,,,,,,1,,,0,,Longo da via,Bom,Sem defeito,Perfeito estado,Seca,Perfeito estado,Agente,Outras,60 km/h,Dupla,Canteiro central,,,,,,,,
2019-02-14,14:48:00,COM VÍTIMA,CANCELADA,ILHA DO LEITE,AV GOVERNADOR AGAMENON MAGALHAES,,,APOS PASSAR O HOSPITAL PORTUGUES, PEGAR O RETORNO, QUE DA ACESSO AO HOPE,AV GOVERNADOR AGAMENON MAGALHAES,,APOS PASSAR O HOSPITAL PORTUGUES, PEGAR O RETORNO, QUE DA ACESSO AO HOPE,ILHA DO LEITE,,,COLISÃO COM CICLISTA,AUTO E CICLISTA,1,,,1,,,,,,1,,,,,,,,,,,,,,,,
2019-02-14,14:56:00,SEM VÍTIMA,CANCELADA,TOTÓ,RUA PLANURA,86,,EM FRENTE A TUI DO GAS,RUA PLANURA,86,EM FRENTE A TUI DO GAS,TOTÓ,,,COLISÃO,ENTRE AUTO E MICRO ONIBUS COMPLEMENTAR,1,,,,,1,,,,0,,,,,,,,,,,,,,,,,,,,
2019-02-14,15:37:00,COM VÍTIMA,CANCELADA,AFOGADOS,RUA SAO MIGUEL,,,AO LADO DO CARTORIO,RUA SAO MIGUEL,,AO LADO DO CARTORIO,AFOGADOS,,,COLISÃO,COLISÃO COM VÍTIMA,1,1,,,,,,,,1,,,,,,,,,,,,,,,,,,,,
2019-02-14,15:41:00,SEM VÍTIMA,FINALIZADA,AFOGADOS,RUA MOTOCOLOMBO,184,,EM FRENTE AO FERRO VELHO,RUA MOTOCOLOMBO,184,EM FRENTE AO FERRO VELHO,AFOGADOS,,SUBURBIO,COLISÃO TRASEIRA,,1,,,,,1,,,,0,,Longo da via,Bom,Não existe,Perfeito estado,Seca,Perfeito estado,Agente,Não há placas,40 km/h,Única,Faixa seccionada,,,,,,,,
2019-02-14,15:54:00,SEM VÍTIMA,FINALIZADA,DERBY,RUA AMARO BEZERRA,,RUA CLEMENTE PEREIRA,,RUA AMARO BEZERRA,,,DERBY,,,ABALROAMENTO TRANSVERSAL,ENTRE AUTOS S/V,2,,,,,,,,,0,,Cruzamento,Bom,Não existe,Perfeito estado,Seca,Perfeito estado,Faixa de retenção,Placas Pare,30 km/h,Dupla,Faixa contínua,,,,,,,,
2019-02-14,15:55:00,SEM VÍTIMA,CANCELADA,TORRE,RUA DOS OPERARIOS,258,,AO LADO DA HONDA,RUA DOS OPERARIOS,258,AO LADO DA HONDA,TORRE,,,COLISÃO,COLISÃO SEM VÍTIMA,3,,,,,,,,,0,,,,,,,,,,,,,,,,,,,,
2019-02-14,16:18:00,COM VÍTIMA,FINALIZADA,BOA VIAGEM,AV BOA VIAGEM,5030,,EM FRENTE AO EDF. LUIS DIAS LINS,AV BOA VIAGEM,5030,EM FRENTE AO EDF. LUIS DIAS LINS,BOA VIAGEM,483,CIDADE,COLISÃO COM CICLISTA,ENTRE CICLISTA E ONIBUS DA BORBOREMA.,,,,1,,1,,,,1,,Longo da via,Bom,Sem defeito,Perfeito estado,Seca,Perfeito estado,Faixa de pedestre,,,Única,Faixa,,,,,,,,
2019-02-14,16:07:00,COM VÍTIMA,FINALIZADA,ILHA DO RETIRO,AV ENGENHEIRO ABDIAS DE CARVALHO,362,EST DOS REMEDIOS,EM FRENTE A FARMACIA INDEPEDENTE,AV ENGENHEIRO ABDIAS DE CARVALHO,362,EM FRENTE A FARMACIA INDEPEDENTE,ILHA DO RETIRO,,SUBURBIO,ABALROAMENTO LONGITUDINAL,COLISAO ENVOLVENDO AUTO E DUAS MOTOS,1,2,,,,,,,,1,,Cruzamento,Bom,Sem defeito,Perfeito estado,Seca,Perfeito estado,Faixa de pedestre,R-6a,,Dupla,Faixa seccionada,,,,,,,,
2019-02-14,16:47:00,SEM VÍTIMA,FINALIZADA,ENCRUZILHADA,AV NORTE,2944,,EM FRENTE À EXTRAFARMA // AO LADO DA SECRETARIA DE DESENVOLVIMENTO SOCIAL E CIDADANIA.,AV NORTE,2944,EM FRENTE À EXTRAFARMA // AO LADO DA SECRETARIA DE DESENVOLVIMENTO SOCIAL E CIDADANIA.,ENCRUZILHADA,,SUBURBIO,COLISÃO TRASEIRA,ENTRE AUTOS S/V,2,,,,,,,,,0,,Longo da via,Bom,Não existe,Perfeito estado,Seca,Perfeito estado,Não existe,R-6a,,Dupla,Canteiro central,,,,,,,,
2019-02-14,16:59:00,SEM VÍTIMA,CANCELADA,IBURA,RUA RIO XINGU,35,,EM FRENTE AO POSTO BR,RUA RIO XINGU,35,EM FRENTE AO POSTO BR,IBURA,,,COLISÃO,COLISÃO SEM VÍTIMA,2,,,,,,,,,0,,,,,,,,,,,,,,,,,,,,
2019-02-14,17:12:00,SEM VÍTIMA,FINALIZADA,ESTÂNCIA,AV RECIFE,,,EM FRENTE AO CERPE,AV RECIFE,,EM FRENTE AO CERPE,ESTÂNCIA,,,COLISÃO TRASEIRA,,,,,,,,2,,,0,,Longo da via,Bom,Sem defeito,Perfeito estado,Seca,Perfeito estado,Agente,Outras,,Dupla,Canteiro central,,,,,,,,
2019-02-14,17:24:00,SEM VÍTIMA,FINALIZADA,CASA FORTE,EST DAS UBAIAS,,195,,,EST DAS UBAIAS,,195,,CASA FORTE,,CIDADE,ABALROAMENTO TRANSVERSAL,ENTRE AUTO MOTO S/V,2,,,,,,,,,0,,Longo da via,Bom,Não existe,Perfeito estado,Seca,Perfeito estado,Não existe,R-6a,,Dupla,Faixa seccionada,,,,,,
2019-02-14,18:01:00,SEM VÍTIMA,FINALIZADA,IBURA,AV DOIS RIOS,11,,,AV DOIS RIOS,11,,IBURA,,,ABALROAMENTO TRANSVERSAL,CITROEEN C4 X MOTO TITAN 150,1,1,,,,,,,,0,,Longo da via,Bom,Não existe,Perfeito estado,Seca,Perfeito estado,Não existe,Outras,,Dupla,Faixa contínua,,,,,,,,
2019-02-14,18:14:00,SEM VÍTIMA,FINALIZADA,BOA VISTA,RUA VELHA,109,,,RUA VELHA,109,,BOA VISTA,,SUBURBIO,ABALROAMENTO LONGITUDINAL,VEICULOS DESCARACTERIZADO DO G2 X GOL,1,,,,,,,1,,0,,Longo da via,Bom,Não existe,Perfeito estado,Seca,Perfeito estado,Não existe,Outras,,Única,Não existe,,,,,,,,
2019-02-14,18:41:00,SEM VÍTIMA,FINALIZADA,DERBY,AV GOVERNADOR AGAMENON MAGALHAES,3855,,PRÓXIMO AO BANCO DO BRASIL,AV GOVERNADOR AGAMENON MAGALHAES,3855,PRÓXIMO AO BANCO DO BRASIL,DERBY,,,COLISÃO TRASEIRA,PRISMA X CAMINHONETA OBS:: BATEDORES 26 DA CTTU X,2,,,,,,,,,0,,Longo da via,Bom,Não existe,Perfeito estado,Seca,Perfeito estado,,Outras,60 km/h,Dupla,Canal,,,,,,,,
2019-02-14,18:51:00,SEM VÍTIMA,CANCELADA,BOA VISTA,RUA DOM BOSCO,779,,E/F A FEDERAÇÃO PE DE FUTEBOL E COLÉGIO DECISÃO / NA MESMA R DA RÁDIO PATRULHA,RUA DOM BOSCO,779,E/F A FEDERAÇÃO PE DE FUTEBOL E COLÉGIO DECISÃO / NA MESMA R DA RÁDIO PATRULHA,BOA VISTA,,,COLISÃO,ENTRE 2 AUTOS. S/V,2,,,,,,,,,0,,,,,,,,,,,,,,,,,,,,
2019-02-14,19:00:00,COM VÍTIMA,FINALIZADA,CASA AMARELA,AV NORTE,6756,,E/F A FARMACIA MADACARU, SNT CIDADE / AO LADO DO POSTO BR / PRÓX A MATERNIDADE BARROS LIMA. EM FRENTE AO CLUBE DA ESQUINA CONFRARIA.,AV NORTE,6756,E/F A FARMACIA MADACARU, SNT CIDADE / AO LADO DO POSTO BR / PRÓX A MATERNIDADE BARROS LIMA. EM FRENTE AO CLUBE DA ESQUINA CONFRARIA.,CASA AMARELA,,CIDADE,ATROPELAMENTO,ATROPELAMENTO ENVOLVENDO ÔNIBUS E PEDESTRE.,,,,,1,1,,,,1,,Longo da via,Bom,Não existe,Perfeito estado,Seca,Perfeito estado,Não existe,R-6a,,Única,Faixa seccionada,,,,,,
2019-02-14,19:02:00,COM VÍTIMA,CANCELADA,BOMBA DO HEMETÉRIO,RUA BOMBA DO HEMETERIO,,RUA DAS CRIANCAS,ENF A RUA DO GIGANTE DO SAMBA,RUA BOMBA DO HEMETERIO,,ENF A RUA DO GIGANTE DO SAMBA,BOMBA DO HEMETÉRIO,,,ATROPELAMENTO,MOTO X PEDESTRE,1,,,,1,,,,,1,,,,,,,,,,,,,,,,,,,,
2019-02-14,19:50:00,COM VÍTIMA,FINALIZADA,AFOGADOS,RUA MOTOCOLOMBO,,,AO LADO DA IGREJINHA DE AFOGADOS, SNT PRA QUEM VAI DIREÇÃO A IMBIRIBEIRA / E/F AO BANCO SANTANDER,RUA MOTOCOLOMBO,,AO LADO DA IGREJINHA DE AFOGADOS, SNT PRA QUEM VAI DIREÇÃO A IMBIRIBEIRA / E/F AO BANCO SANTANDER,AFOGADOS,,SUBURBIO,COLISÃO TRASEIRA,COLISÃO ENTRE AUTO E MOTO.,1,1,,,,,,,,1,,Longo da via,Bom,Não existe,Perfeito estado,Seca,Perfeito estado,,,,,,,,,,,
2019-02-14,20:06:00,COM VÍTIMA,FINALIZADA,PINA,AV BOA VIAGEM,,,PRÓX A JCPM / E/F AO PRAIA HOTEL,AV BOA VIAGEM,,PRÓX A JCPM / E/F AO PRAIA HOTEL,PINA,,CIDADE,COLISÃO,COLISÃO ENTRE AUTO E MOTO.,1,1,,,,,,,,1,,Longo da via,Bom,Sem defeito,Perfeito estado,Seca,Perfeito estado,,Não há placas,60 km/h,Única,,,,,,,,,
2019-02-14,20:59:00,SEM VÍTIMA,CANCELADA,BOMBA DO HEMETÉRIO,RUA PADRE OLIVEIRA,,,E/F A ACADEMIA CIA DO CORPO,RUA PADRE OLIVEIRA,,E/F A ACADEMIA CIA DO CORPO,BOMBA DO HEMETÉRIO,,,COLISÃO,ENTRE AUTO E ÕNIBUS. S/V,1,,,,,1,,,,0,,,,,,,,,,,,,,,,,,,,
2019-02-14,21:00:00,COM VÍTIMA,FINALIZADA,JAQUEIRA,RUA DO FUTURO,897,RUA JOSE CLEMENTINO,AABB - ASSOCIAÇÃO ATLÉTICA BANCO DO BRASIL.,RUA DO FUTURO,897,AABB - ASSOCIAÇÃO ATLÉTICA BANCO DO BRASIL.,JAQUEIRA,,SUBURBIO,CHOQUE VEÍCULO PARADO,AUDI X X 35 X FOX OBS :: VEICULO CAPOTADO NO LOCAL,3,,,,,,,,,1,,Longo da via,Bom,Não existe,Perfeito estado,Seca,Perfeito estado,Não existe,Outras,,Única,Outros,,,,,,,,
2019-02-14,21:22:00,COM VÍTIMA,FINALIZADA,ILHA DO RETIRO,RUA SPORT CLUBE DO RECIFE,,,ENF AO CLUBE DO SPORT,RUA SPORT CLUBE DO RECIFE,,ENF AO CLUBE DO SPORT,ILHA DO RETIRO,481,SUBURBIO,COLISÃO COM CICLISTA,COLISÃO ENTRE MOTO E CICLISTA.,,1,,1,,,,,,1,,Longo da via,Bom,Sem defeito,Perfeito estado,Seca,Perfeito estado,,R-6a,,Dupla,Canteiro central,,,,,,,,
2019-02-15,06:07:00,SEM VÍTIMA,FINALIZADA,IMBIRIBEIRA,RUA OLIVIA MENELAU,,AV MARECHAL MASCARENHAS DE MORAES,EM FRENTE AO POSTO IPIRANGA,RUA OLIVIA MENELAU,,EM FRENTE AO POSTO IPIRANGA,IMBIRIBEIRA,396,,ABALROAMENTO LONGITUDINAL,SEM VITIMAS,2,,,,,,,,,0,,Cruzamento,Bom,Sem defeito,Não existente,Seca,Perfeito estado,Faixa de pedestre,Não há placas,,Dupla,Faixa seccionada,,,,,,,,
2019-02-15,07:14:00,SEM VÍTIMA,FINALIZADA,BOA VIAGEM,RUA VISCONDE DE JEQUITINHONHA,609,RUA DOM JOSE LOPES,,RUA VISCONDE DE JEQUITINHONHA,609,,BOA VIAGEM,,SUBURBIO,COLISÃO TRASEIRA,SEM VITIMAS,3,,,,,,,,,0,,Cruzamento,Bom,Não existe,Perfeito estado,Seca,Perfeito estado,Outros,Placas Pare,,Única,Faixa contínua,,,,,,,,
2019-02-15,08:04:00,SEM VÍTIMA,CANCELADA,IMBIRIBEIRA,AV MARECHAL MASCARENHAS DE MORAES,291 G,,DE ESQUINA COM A FLOR ARTE EM FRENTE A LOJA FORT FRIO,AV MARECHAL MASCARENHAS DE MORAES,291 G,DE ESQUINA COM A FLOR ARTE EM FRENTE A LOJA FORT FRIO,IMBIRIBEIRA,,,COLISÃO,COLISÃO SEM VITIMAS,1,1,,,,,,,,0,,,,,,,,,,,,,,,,,,,,
2019-02-15,08:13:00,COM VÍTIMA,FINALIZADA,SANTO AMARO,RUA DOS PALMARES,124,,,RUA DOS PALMARES,124,,SANTO AMARO,,CIDADE,ABALROAMENTO TRANSVERSAL,COM UMA VÍTIMA ATENDIDA PELOS BOMBEIROS NO LOCAL.,1,1,,,,,,,,1,,Cruzamento,Bom,Sem defeito,Ilegível,Seca,Perfeito estado,Não existe,Não há placas,,Dupla,Canteiro central,,,,,,,,
2019-02-15,08:20:00,SEM VÍTIMA,FINALIZADA,IMBIRIBEIRA,AV MARECHAL MASCARENHAS DE MORAES,7935 A,,CONTINENTAL DRIVE AUTO CENTER,AV MARECHAL MASCARENHAS DE MORAES,7935 A,CONTINENTAL DRIVE AUTO CENTER,IMBIRIBEIRA,626,CIDADE,COLISÃO TRASEIRA,COLISÃO SEM VITIMAS,1,1,,,,,,,,0,,Longo da via,Bom,Sem defeito,Perfeito estado,Seca,Perfeito estado,Não existe,Não há placas,50 km/h,Dupla,Canteiro central,,,,,,,,
2019-02-15,09:20:00,SEM VÍTIMA,FINALIZADA,DERBY,RUA AMARO BEZERRA,419,RUA JORNALISTA PAULO BITTENCOURT,AO LADO DA DROGASIL,RUA AMARO BEZERRA,419,AO LADO DA DROGASIL,DERBY,,,COLISÃO,SEM VÍTIMAS,2,,,,,,,,,0,,,,,,,,,,,,,,,,,,,,