data,hora,natureza_acidente,situacao,bairro,endereco,numero,detalhe_endereco_acidente,complemento,endereco_cruzamento,numero_cruzamento,referencia_cruzamento,bairro_cruzamento,num_semaforo,sentido_via,tipo,descricao,auto,moto,ciclom,ciclista,pedestre,onibus,caminhao,viatura,outros,vitimas,vitimasfatais,acidente_verificado,tempo_clima,situacao_semaforo,sinalizacao,condicao_via,conservacao_via,ponto_controle,situacao_placa,velocidade_max_via,mao_direcao,divisao_via1,divisao_via2,divisao_via3,,,,,,
2019-02-15,09:36:00,SEM VÍTIMA,FINALIZADA,IBURA,AV DOIS RIOS,899,,EM FRENTE AO SUPERMERCADO SERVE BEM,AV DOIS RIOS,899,EM FRENTE AO SUPERMERCADO SERVE BEM,IBURA,,SUBURBIO,ABALROAMENTO LONGITUDINAL,SEM VITIMAS,,,,,,1,1,,,0,,Longo da via,Bom,Sem defeito,Perfeito estado,Seca,Mal conservada,Outros,Outras,,Dupla,Faixa contínua,,,,,,,,
2019-02-15,10:11:00,SEM VÍTIMA,FINALIZADA,SANTO AMARO,AV JOAO DE BARROS,594,,LADO OPOSTO AO CONSERVATÓRIO DE MÚSICA,AV JOAO DE BARROS,594,LADO OPOSTO AO CONSERVATÓRIO DE MÚSICA,SANTO AMARO,,CIDADE,COLISÃO TRASEIRA,SEM VITIMAS,2,,,,,,,,,0,,Longo da via,Bom,Não existe,Perfeito estado,Seca,Perfeito estado,Outros,R-6a,,Única,Faixa seccionada,,,,,,,,
2019-02-15,10:15:00,COM VÍTIMA,FINALIZADA,ENCRUZILHADA,AV NORTE,,,EM FRENTE AO SUPERMERCADO EXTRABOM.,AV NORTE,,EM FRENTE AO SUPERMERCADO EXTRABOM.,ENCRUZILHADA,45,CIDADE,ABALROAMENTO LONGITUDINAL,COLISÃO ENVOLVENDO DOIS AUTOMÓVEIS E UMA MOTO.,2,1,,,,,,,,1,,Longo da via,Bom,Sem defeito,Perfeito estado,Seca,Perfeito estado,Faixa de pedestre,Não há placas,60 km/h,Dupla,Canteiro central,,,,,,,,
2019-02-15,10:46:00,SEM VÍTIMA,FINALIZADA,SÃO JOSÉ,RUA FLORIANO PEIXOTO,701,RUA DO PEIXOTO,EM FRENTE AO Nº 701,RUA FLORIANO PEIXOTO,701,EM FRENTE AO Nº 701,SÃO JOSÉ,,CID/SUB,ABALROAMENTO LONGITUDINAL,SEM VITIMAS,1,,,,,1,,,,0,,Cruzamento,Bom,Não existe,Perfeito estado,Seca,Perfeito estado,,Não há placas,,Única,,,,,,,,,
2019-02-15,11:08:00,SEM VÍTIMA,FINALIZADA,BOA VIAGEM,RUA BARAO DE SOUZA LEAO,221,,E/F AO EDF EL GREGO,RUA BARAO DE SOUZA LEAO,221,E/F AO EDF EL GREGO,BOA VIAGEM,,SUBURBIO,ABALROAMENTO LONGITUDINAL,SEM VÍTIMAS,2,,,,,,,,,0,,Longo da via,Bom,Sem defeito,Perfeito estado,Seca,Perfeito estado,Não existe,R-6a,,Única,Faixa seccionada,,,,,,,,
2019-02-15,12:16:00,SEM VÍTIMA,CANCELADA,DERBY,RUA JENER DE SOUZA,,,EM FRENTE AO QUARTEL DO DERBY,RUA JENER DE SOUZA,,EM FRENTE AO QUARTEL DO DERBY,DERBY,,,COLISÃO,COLISÃO SEM VÍTIMA,2,,,,,,,,,0,,,,,,,,,,,,,,,,,,,,
2019-02-15,12:31:00,SEM VÍTIMA,FINALIZADA,PINA,,,,POLÍCIA RODOVIÁRIA FEDERAL,,,POLÍCIA RODOVIÁRIA FEDERAL,PINA,,CIDADE,COLISÃO TRASEIRA,COLISÃO SEM VÍTIMA,2,,,,,,,,,0,,Longo da via,Bom,,Perfeito estado,Seca,Perfeito estado,Não existe,,,Dupla,Canteiro central,,,,,,,,
2019-02-15,12:34:00,SEM VÍTIMA,CANCELADA,GRAÇAS,RUA JANUARIO BARBOSA,879,,PROX. A PRAÇA EÇA DE QUEIROZ, AO LADO DA CLINICA ENDO TERAPÊUTICA,RUA JANUARIO BARBOSA,879,PROX. A PRAÇA EÇA DE QUEIROZ, AO LADO DA CLINICA ENDO TERAPÊUTICA,GRAÇAS,,,COLISÃO,DOIS AUTOS SV,2,,,,,,,,,0,,,,,,,,,,,,,,,,,,
2019-02-15,12:47:00,COM VÍTIMA,FINALIZADA,MANGABEIRA,AV NORTE,4341,,APOS O SESC, SENTIDO RECIFE, NA ESQUINA DO POSTO BR,AV NORTE,4341,APOS O SESC, SENTIDO RECIFE, NA ESQUINA DO POSTO BR,MANGABEIRA,643,CIDADE,COLISÃO COM CICLISTA,COLISÃO ENVOLVENDO ONIBUS E CICLISTA.,,,,1,,1,,,,1,,Longo da via,Bom,Sem defeito,Perfeito estado,Seca,Perfeito estado,Faixa de retenção,R-6a,,Dupla,Faixa seccionada,Canteiro central,,,
2019-02-15,12:59:00,SEM VÍTIMA,CANCELADA,BOA VIAGEM,AV ENGENHEIRO DOMINGOS FERREIRA,,RUA BRUNO VELOSO,PRÓX À ESCOLA MUNICIPAL DO LEÃO,AV ENGENHEIRO DOMINGOS FERREIRA,,PRÓX À ESCOLA MUNICIPAL DO LEÃO,BOA VIAGEM,338,,COLISÃO,ENTRE AUTOS S/V,2,,,,,,,,,0,,,,,,,,,,,,,,,,,,,,
2019-02-15,14:08:00,SEM VÍTIMA,FINALIZADA,BOA VIAGEM,RUA MARIA CAROLINA,,AV ENGENHEIRO DOMINGOS FERREIRA,,RUA MARIA CAROLINA,,,BOA VIAGEM,,,ABALROAMENTO TRANSVERSAL,DOIS AUTOS,2,,,,,,,,,0,,Cruzamento,Bom,Não existe,Perfeito estado,Seca,Perfeito estado,,Placas Pare,,,,,,,,,,,
2019-02-15,14:10:00,SEM VÍTIMA,FINALIZADA,AFLITOS,AV CONS ROSA E SILVA,1655,RUA JOSE CLEMENTINO,NA ESQUINA DA DROGASIL, EM FRENTE AO BOMPREÇO,AV CONS ROSA E SILVA,1655,NA ESQUINA DA DROGASIL, EM FRENTE AO BOMPREÇO,AFLITOS,,SUBURBIO,ABALROAMENTO TRANSVERSAL,ENTRE DOIS AUTOS S/V,2,,,,,,,,,0,,Longo da via,Bom,Não existe,Perfeito estado,Seca,Perfeito estado,Não existe,R-6a,40 km/h,Única,Faixa seccionada,,,,,,
2019-02-15,15:31:00,SEM VÍTIMA,CANCELADA,IMBIRIBEIRA,AV MARECHAL MASCARENHAS DE MORAES,945,,EM FRENTE À LOJA GRILLO,AV MARECHAL MASCARENHAS DE MORAES,945,EM FRENTE À LOJA GRILLO,IMBIRIBEIRA,,,COLISÃO,ENTRE AUTOS S/V,2,,,,,,,,,0,,,,,,,,,,,,,,,,,,,,
2019-02-15,15:35:00,SEM VÍTIMA,FINALIZADA,SAN MARTIN,RUA VINTE E UM DE ABRIL,576,RUA PEDRO MELO,,RUA VINTE E UM DE ABRIL,576,,SAN MARTIN,,CIDADE,ABALROAMENTO LONGITUDINAL,COLISÃO SEM VÍTIMA,2,,,,,,,,,0,,Cruzamento,Bom,Não existe,Incompleta,Seca,Perfeito estado,Não existe,Não há placas,,Dupla,Faixa seccionada,,,,,,,,
2019-02-15,16:02:00,SEM VÍTIMA,FINALIZADA,MANGUEIRA,RUA SAO MIGUEL,1516,,EM FRENTE A OFICINA ABC,RUA SAO MIGUEL,1516,EM FRENTE A OFICINA ABC,MANGUEIRA,,SUBURBIO,ABALROAMENTO TRANSVERSAL,AUTO X MOTO S/V,1,1,,,,,,,,0,,Longo da via,Bom,Não existe,Perfeito estado,Seca,Perfeito estado,Não existe,Não há placas,,Dupla,Faixa contínua,,,,,,,,
2019-02-14,08:00:00,COM VÍTIMA,FINALIZADA,IBURA,LAD DA COHAB,15,,EM FRENTE AO CASARÃO,LAD DA COHAB,15,EM FRENTE AO CASARÃO,IBURA,,SUBURBIO,ABALROAMENTO LONGITUDINAL,COLISÃO ENTRE DUAS MOTOS,,2,,,,,,,,1,,Longo da via,Bom,Não existe,Não existente,Seca,Mal conservada,Não existe,Não há placas,,Dupla,Faixa contínua,,,,,,,,
2019-02-15,16:37:00,SEM VÍTIMA,FINALIZADA,IBURA,AV CHAPADA DO ARARIPE,,,EM FRENTE À IGREJA BATISTA,AV CHAPADA DO ARARIPE,,EM FRENTE À IGREJA BATISTA,IBURA,,,COLISÃO,ÔNIBUS X AUTO S/V,1,,,,,1,,,,0,,,,,,,,,,,,,,,,,,,,
2019-02-15,17:06:00,SEM VÍTIMA,FINALIZADA,DERBY,AV GOVERNADOR AGAMENON MAGALHAES,,,EM FRENTE AO CERPE/ SENTIDO BOA VIAGEM,AV GOVERNADOR AGAMENON MAGALHAES,,EM FRENTE AO CERPE/ SENTIDO BOA VIAGEM,DERBY,,,COLISÃO,COLISÃO SEM VÍTIMA,1,2,,,,,,,,0,,,,,,,,,,,,,,,,,,,,
2019-02-15,17:09:00,SEM VÍTIMA,FINALIZADA,ILHA DO LEITE,AV GOVERNADOR AGAMENON MAGALHAES,550,,AO LADO DO Nº 550,AV GOVERNADOR AGAMENON MAGALHAES,550,AO LADO DO Nº 550,ILHA DO LEITE,68,,COLISÃO TRASEIRA,COLISAO ENTRE DA PRF E AUTO PASSEIO,1,,,,,,,1,,0,,,Bom,Sem defeito,Perfeito estado,Seca,Perfeito estado,Faixa de pedestre,,60 km/h,Única,Faixa contínua,Canteiro central,Canal,,,,,,
2019-02-15,17:31:00,SEM VÍTIMA,CANCELADA,IPSEP,AV RECIFE,2967,,EM FRENTE AO POSTO FEDERAL / SENTIDO CAXANGA,AV RECIFE,2967,EM FRENTE AO POSTO FEDERAL / SENTIDO CAXANGA,IPSEP,,,COLISÃO,COLISÃO SEM VÍTIMA,2,,,,,,,,,0,,,,,,,,,,,,,,,,,,,,
2019-02-15,17:46:00,COM VÍTIMA,FINALIZADA,SANTO ANTÔNIO,RUA DO LIVRAMENTO,20,AV N S DO CARMO,PRÓX À MARCOS CALÇADOS. LADO OPOSTO AO NÚMERO 20.,RUA DO LIVRAMENTO,20,PRÓX À MARCOS CALÇADOS. LADO OPOSTO AO NÚMERO 20.,SANTO ANTÔNIO,,CIDADE,ATROPELAMENTO,ATROPELAMENTO ENVOLVENDO ÔNIBUS E PEDESTRE.,,,,,1,1,,,,1,,Longo da via,Chuvoso,Sem defeito,Perfeito estado,Seca,Perfeito estado,,Outras,,Dupla,Faixa contínua,,,,,,,,
2019-02-15,17:55:00,SEM VÍTIMA,FINALIZADA,SANTO AMARO,AV NORTE,,,EM FRENTE AO SEMÁFORO Nº 397,AV NORTE,,EM FRENTE AO SEMÁFORO Nº 397,SANTO AMARO,397,CIDADE,COLISÃO TRASEIRA,ENTRE DOIS AUTOS S/V,2,,,,,,,,,0,,Longo da via,Bom,Sem defeito,Perfeito estado,Molhada,Perfeito estado,Faixa de pedestre,R-6a,,Dupla,Faixa contínua,Faixa seccionada,Canteiro central,,,,,,
2019-02-15,17:49:00,COM VÍTIMA,FINALIZADA,SÃO JOSÉ,C SANTA RITA,,,NO SEMÁFORO 076 E ARMAZEM AGEMAR,C SANTA RITA,,NO SEMÁFORO 076 E ARMAZEM AGEMAR,SÃO JOSÉ,76,SUBURBIO,CAPOTAMENTO,MOTOCICLISTA SE ACIDENTOU SOZINHO.,,1,,,,,,,,1,,Longo da via,Chuvoso,Sem defeito,Perfeito estado,Molhada,Perfeito estado,,Não há placas,,Dupla,Canteiro central,,,,,,,,
2019-02-15,18:12:00,SEM VÍTIMA,DUPLICIDADE,SANTO AMARO,AV NORTE,,,PRÓX AO CEMITÉRIO DOS INGLESES / E/F A SECRETARIA DE DESENVOLVIMENTO SOCIA, CRIANÇA E JUVENTUDE, SNT CIDADE,AV NORTE,,PRÓX AO CEMITÉRIO DOS INGLESES / E/F A SECRETARIA DE DESENVOLVIMENTO SOCIA, CRIANÇA E JUVENTUDE, SNT CIDADE,SANTO AMARO,,,COLISÃO,ENTRE 2 AUTOS. S/V,2,,,,,,,,,0,,,,,,,,,,,,,,,,
2019-02-15,18:17:00,SEM VÍTIMA,FINALIZADA,DERBY,PRC DO DERBY,,RUA JENER DE SOUZA,MOVIMENTOS DOS HERÓIS ( SOLDADOS),PRC DO DERBY,,MOVIMENTOS DOS HERÓIS ( SOLDADOS),DERBY,40,SUBURBIO,ABALROAMENTO LONGITUDINAL,ENTRE ÕNIBUS E AUTO. S/V,1,,,,,1,,,,0,,Longo da via,Bom,Sem defeito,Perfeito estado,Seca,Perfeito estado,Não existe,Não há placas,,Única,Não existe,,,,,,,,
2019-02-15,18:46:00,SEM VÍTIMA,CANCELADA,SANTO AMARO,AV CRUZ CABUGA,1597,,E/F AO HOSPITAL DO CÂNCER E SANTA CASA, SNT OLINDA,AV CRUZ CABUGA,1597,E/F AO HOSPITAL DO CÂNCER E SANTA CASA, SNT OLINDA,SANTO AMARO,,,CHOQUE OBJETO FIXO,ENTRE AUTO E PRISMA DE CONCRETO. VEÍCULO ATRAVESSADO NO MEIO DA VIA.,1,,,,,,,,,0,,,,,,,,,,,,,,,,,,
2019-02-15,19:30:00,SEM VÍTIMA,FINALIZADA,BOA VIAGEM,RUA VISCONDE DE JEQUITINHONHA,1418,,DEFRONTE AO Nº 1418,RUA VISCONDE DE JEQUITINHONHA,1418,DEFRONTE AO Nº 1418,BOA VIAGEM,,SUBURBIO,ABALROAMENTO LONGITUDINAL,ONIBUS BORBOREMA X JEEP,1,,,,,1,,,,0,,Longo da via,Bom,Não existe,Perfeito estado,Seca,Perfeito estado,Não existe,Não há placas,,Única,Faixa contínua,Faixa seccionada,Canteiro central,,,,,,
2019-02-15,19:32:00,COM VÍTIMA,FINALIZADA,DERBY,AV GOVERNADOR AGAMENON MAGALHAES,,AV GOVERNADOR CARLOS DE LIMA CAVALCANTI,SEMÁFORO 075 / E/F A PRC DO DERBY / SNT BV,AV GOVERNADOR AGAMENON MAGALHAES,,SEMÁFORO 075 / E/F A PRC DO DERBY / SNT BV,DERBY,75,SUBURBIO,ABALROAMENTO TRANSVERSAL,COLISÃO ENTRE DUAS MOTOS.,,2,,,,,,,,1,,Cruzamento,Bom,Sem defeito,Perfeito estado,Seca,Perfeito estado,Faixa de pedestre,Outras,60 km/h,Dupla,Canteiro central,,,,,,,,
2019-02-15,19:55:00,COM VÍTIMA,FINALIZADA,JORDÃO,RUA EMILIO MONTEIRO FONSECA,1454,RUA VIRGINOPOLIS,PRÓX A IGREJA BATISTA CENTRAL DO JORDÃO / E/F AO DEPOSITO DE BEBIDAS,RUA EMILIO MONTEIRO FONSECA,1454,PRÓX A IGREJA BATISTA CENTRAL DO JORDÃO / E/F AO DEPOSITO DE BEBIDAS,JORDÃO,,SUBURBIO,ABALROAMENTO TRANSVERSAL,COLISÃO ENVOLVENDO AUTO E MOTO.,1,1,,,,,,,,1,,Esquina,Bom,Não existe,Perfeito estado,Seca,Perfeito estado,Não existe,Não há placas,,Dupla,Não existe,,,,,,,,
2019-02-15,20:16:00,COM VÍTIMA,FINALIZADA,PINA,AV CONSUL JOSEPH NOUJAIM,,,E/F AO SHOPPING RIO MAR / POR BAIXO DO VIADUTO. ALÇA INFERIOR DO VIADUTO.,AV CONSUL JOSEPH NOUJAIM,,E/F AO SHOPPING RIO MAR / POR BAIXO DO VIADUTO. ALÇA INFERIOR DO VIADUTO.,PINA,,SUBURBIO,ABALROAMENTO LONGITUDINAL,ENTRE ÕNIBUS E MOTO. C/V,,1,,,,1,,,,1,,Viaduto,Bom,Não existe,Perfeito estado,Seca,Perfeito estado,Não existe,Outras,30 km/h,Única,Faixa contínua,,,,,,,,
2019-02-15,20:31:00,COM VÍTIMA,CANCELADA,BOA VIAGEM,AV ANTONIO TORRES GALVAO,393,,PROX A CONSECIONARIA AUDI BREME // APOIS O RESIDENCIAL BOA VIAGEM,AV ANTONIO TORRES GALVAO,393,PROX A CONSECIONARIA AUDI BREME // APOIS O RESIDENCIAL BOA VIAGEM,BOA VIAGEM,,,COLISÃO,DUAS MOTOS,,2,,,,,,,,3,,,,,,,,,,,,,,,,,,,,
2019-02-15,20:46:00,SEM VÍTIMA,FINALIZADA,CAJUEIRO,RUA VIRGILIO DE MELO FRANCO,349,,,RUA VIRGILIO DE MELO FRANCO,349,,CAJUEIRO,,SUBURBIO,ABALROAMENTO TRANSVERSAL,CELTA X FIESTA,2,,,,,,,,,0,,Longo da via,Bom,Não existe,Não existente,Seca,Perfeito estado,Não existe,Não há placas,,Dupla,Não existe,,,,,,,,
2019-02-15,21:14:00,COM VÍTIMA,FINALIZADA,BAIRRO DO RECIFE,AV ALFREDO LISBOA,,,E/F AO ARMAZÉM PORTO / APÓS A PONTE GIRATORIA / PRÓX AO CAIS DE SANTA RITA,AV ALFREDO LISBOA,,E/F AO ARMAZÉM PORTO / APÓS A PONTE GIRATORIA / PRÓX AO CAIS DE SANTA RITA,BAIRRO DO RECIFE,,SUBURBIO,ABALROAMENTO LONGITUDINAL,COLISÃO ENTRE AUTO E MOTO.,1,1,,,,,,,,1,,Longo da via,Bom,Não existe,Perfeito estado,Seca,Perfeito estado,Não existe,R-6a,,Única,Faixa,,,,,,,,
2019-02-15,23:36:00,COM VÍTIMA,FINALIZADA,GRAÇAS,RUA JOAQUIM NABUCO,677,RUA GUILHERME PINTO,ENF ACADEMIA TRENO,RUA JOAQUIM NABUCO,677,ENF ACADEMIA TRENO,GRAÇAS,498,SUBURBIO,ABALROAMENTO TRANSVERSAL,COLISÃO ENTRE AUTO E MOTO.,1,1,,,,,,,,1,,Cruzamento,Bom,Sem defeito,Perfeito estado,Seca,Perfeito estado,Faixa de pedestre,Não há placas,30 km/h,Única,Faixa contínua,,,,,,,,
2019-02-16,00:48:00,SEM VÍTIMA,FINALIZADA,CAXANGÁ,AV JOAQUIM RIBEIRO,,RUA RIBEIRO PESSOA,EM FRETE A UPA,AV JOAQUIM RIBEIRO,,EM FRETE A UPA,CAXANGÁ,281,SUBURBIO,ABALROAMENTO LONGITUDINAL,COLISÃO ENTRE DOIS AUTOS, SEM VÍTIMAS.,2,,,,,,,,,0,,Cruzamento,Bom,Sem defeito,Perfeito estado,Seca,Perfeito estado,Faixa de pedestre,Outras,,Dupla,Canteiro central,,,,,,,
2019-02-16,06:59:00,SEM VÍTIMA,FINALIZADA,SANTO AMARO,RUA JOAO LIRA,143,RUA DA SAUDADE,,RUA JOAO LIRA,143,,SANTO AMARO,308,,ABALROAMENTO TRANSVERSAL,AUTO E ONIBUS,1,,,,,1,,,,0,,Cruzamento,Bom,Sem defeito,Perfeito estado,Seca,Perfeito estado,Faixa de pedestre,,,Única,Faixa contínua,,,,,,,,
2019-02-16,07:33:00,SEM VÍTIMA,FINALIZADA,AFOGADOS,AV SUL,,,EM FRENTE AO POLICLINICA AGAMENON MAGALHÃES,E AO LADO DA PASSARELA DA ESTAÇÃO LARGO DA PAZ,AV SUL,,EM FRENTE AO POLICLINICA AGAMENON MAGALHÃES,E AO LADO DA PASSARELA DA ESTAÇÃO LARGO DA PAZ,AFOGADOS,,CIDADE,COLISÃO TRASEIRA,SEM VITIMAS,2,,,,,,,,,0,,Longo da via,Bom,Não existe,Perfeito estado,Seca,Perfeito estado,,Outras,60 km/h,Única,,,,,,,
2019-02-16,07:50:00,SEM VÍTIMA,FINALIZADA,BOA VIAGEM,AV ENGENHEIRO DOMINGOS FERREIRA,311,,FRENTE AO CLINICAL CENTER,AV ENGENHEIRO DOMINGOS FERREIRA,311,FRENTE AO CLINICAL CENTER,BOA VIAGEM,,SUBURBIO,CHOQUE VEÍCULO PARADO,SEM VÍTIMAS. VT 20 NO LOCAL,1,,,,,,1,,,0,,Longo da via,Bom,Não existe,Perfeito estado,Seca,Perfeito estado,Não existe,R-6a,,Única,Canteiro central,,,,,,,,
2019-02-16,08:24:00,COM VÍTIMA,FINALIZADA,DERBY,AV GOVERNADOR AGAMENON MAGALHAES,,,SOBRE A PONTE DO DERBY,AV GOVERNADOR AGAMENON MAGALHAES,,SOBRE A PONTE DO DERBY,DERBY,75,CIDADE,COLISÃO TRASEIRA,COLISÃO ENVOLVENDO AUTO E MOTO.,1,1,,,,,,,,1,,Ponte,Bom,Sem defeito,Perfeito estado,Seca,Perfeito estado,Faixa de retenção,Outras,60 km/h,Dupla,Faixa contínua,,,,,,,,
2019-02-16,09:21:00,SEM VÍTIMA,FINALIZADA,ENCRUZILHADA,RUA RODOLFO DE HOLANDA,67,,EM FRENTE AO Nº 67,RUA RODOLFO DE HOLANDA,67,EM FRENTE AO Nº 67,ENCRUZILHADA,,CIDADE,CHOQUE VEÍCULO PARADO,SEM VITIMAS,,1,,,,,1,,,0,,Longo da via,Bom,Não existe,Perfeito estado,Seca,Perfeito estado,Não existe,Não há placas,,Dupla,Não existe,,,,,,,,
2019-02-16,11:05:00,COM VÍTIMA,CANCELADA,CAXANGÁ,AV CAXANGA,,,EM FRENTE AO HOSPITAL BARÃO DE LUCENA,AV CAXANGA,,EM FRENTE AO HOSPITAL BARÃO DE LUCENA,CAXANGÁ,,SUBURBIO,COLISÃO,COM UMA VITIMA,1,1,,,,,,,,1,,,,,,,,,,,,,,,,,,,,
2019-02-16,11:10:00,SEM VÍTIMA,FINALIZADA,ENGENHO DO MEIO,RUA GOVERNADOR LOPO GARRO,,RUA MANOEL CORTE REAL,,RUA GOVERNADOR LOPO GARRO,,,ENGENHO DO MEIO,,SUBURBIO,ABALROAMENTO TRANSVERSAL,MOTO E AUTO,1,1,,,,,,,,0,,Cruzamento,Bom,Não existe,Não existente,Seca,Perfeito estado,Não existe,Não há placas,30 km/h,Dupla,Não existe,,,,,,,,
2019-02-16,11:37:00,COM VÍTIMA,FINALIZADA,JARDIM SÃO PAULO,AV SAO PAULO,,RUA LEANDRO BARRETO,E/F A FARMACIA DIAMANTE E A DELIICATESSEN SABORES DA PRAÇA,AV SAO PAULO,,E/F A FARMACIA DIAMANTE E A DELIICATESSEN SABORES DA PRAÇA,JARDIM SÃO PAULO,507,,ATROPELAMENTO,ATROPELAMENTO ENTRE ÔNIBUS E PEDESTRE.,,,,,1,1,,,,1,,Esquina,Bom,Sem defeito,Perfeito estado,Seca,Perfeito estado,Não existe,R-6a,,,Não existe,,,,,,,,
2019-02-16,11:55:00,SEM VÍTIMA,FINALIZADA,MADALENA,RUA CONS THEODORO,,RUA TOMAZ GONZAGA,,RUA CONS THEODORO,,,MADALENA,513,SUBURBIO,COLISÃO TRASEIRA,SEM VÍTIMAS,2,,,,,,,,,0,,Longo da via,Bom,Sem defeito,Perfeito estado,Seca,Perfeito estado,Não existe,Outras,40 km/h,Dupla,,,,,,,,,
2019-02-16,12:29:00,SEM VÍTIMA,FINALIZADA,PRADO,AV ENGENHEIRO ABDIAS DE CARVALHO,,,EM FRENTE A CELPE,AV ENGENHEIRO ABDIAS DE CARVALHO,,EM FRENTE A CELPE,PRADO,355,CIDADE,COLISÃO TRASEIRA,COLISÃO SEM VÍTIMAS/ AS PARTES ENCONTRAM NA CALÇADA DA CELPE,2,,,,,,,,,0,,Longo da via,Bom,Sem defeito,Perfeito estado,Seca,Perfeito estado,Agente,Não há placas,60 km/h,Dupla,Faixa seccionada,,,,,,,,
2019-02-16,14:10:00,SEM VÍTIMA,FINALIZADA,TORRÕES,EST DO FORTE DO ARRAIAL N. DO B. JESUS,,AV ENGENHEIRO ABDIAS DE CARVALHO,EM FRENTE AO YOKI, ANTES DA UPA,EST DO FORTE DO ARRAIAL N. DO B. JESUS,,EM FRENTE AO YOKI, ANTES DA UPA,TORRÕES,375,CIDADE,COLISÃO TRASEIRA,COLISÃO SEM VITIMAS,1,,,,,,,,1,0,,Longo da via,Bom,Sem defeito,Perfeito estado,Seca,Perfeito estado,Agente,Não há placas,40 km/h,Única,Faixa seccionada,,,,,,
2019-02-16,14:21:00,SEM VÍTIMA,CANCELADA,CAMPO GRANDE,RUA ODORICO MENDES,511,,EM FRENTE AO MERCADO STYLLO,RUA ODORICO MENDES,511,EM FRENTE AO MERCADO STYLLO,CAMPO GRANDE,,,COLISÃO,ENTRE DOIS AUTOS S/V,2,,,,,,,,,0,,,,,,,,,,,,,,,,,,,,
2019-02-16,14:44:00,SEM VÍTIMA,FINALIZADA,BOA VIAGEM,AV BOA VIAGEM,,,EM FRENTE AO HOTEL TRANSAMÉRICA,AV BOA VIAGEM,,EM FRENTE AO HOTEL TRANSAMÉRICA,BOA VIAGEM,,SUBURBIO,ABALROAMENTO LONGITUDINAL,ENTRE AUTOS S/V,3,,,,,,,,,0,,Longo da via,Bom,Sem defeito,Perfeito estado,Seca,Perfeito estado,Faixa de pedestre,Placas Pare,60 km/h,Única,Faixa contínua,Faixa seccionada,,,,,,,
2019-02-16,16:05:00,COM VÍTIMA,FINALIZADA,COELHOS,RUA DOS COELHOS,,,EM FRENTE AO IMIP,RUA DOS COELHOS,,EM FRENTE AO IMIP,COELHOS,359,SUBURBIO,ABALROAMENTO LONGITUDINAL,COLISÃO ENVOLVENDO DOIS VEÍCULOS SEGUIDO DE ATROEPELAMENTO COM DOIS PEDESTRES.,2,,,,2,,,,,2,,Longo da via,Bom,Sem defeito,Perfeito estado,Seca,Perfeito estado,Faixa de pedestre,Outras,,Dupla,Faixa contínua,,,,,,,,
2019-02-16,16:26:00,SEM VÍTIMA,FINALIZADA,IMBIRIBEIRA,AV MARECHAL MASCARENHAS DE MORAES,,,LADO OPOSTO A FORD,AV MARECHAL MASCARENHAS DE MORAES,,LADO OPOSTO A FORD,IMBIRIBEIRA,532,SUBURBIO,COLISÃO TRASEIRA,ENTRE UM CARRO DO EXERCITO, UM AUTO PASSEIO E UMA MOTO,1,1,,,,,,1,,0,,Longo da via,Bom,Sem defeito,Perfeito estado,Seca,Perfeito estado,Faixa de pedestre,R-6a,,Dupla,Canteiro central,,,,,,,
2019-02-16,17:27:00,SEM VÍTIMA,FINALIZADA,IMBIRIBEIRA,PRC MINISTRO SALGADO FILHO,,,ANTIGO EDF DO AEROPORTO,PRC MINISTRO SALGADO FILHO,,ANTIGO EDF DO AEROPORTO,IMBIRIBEIRA,,SUBURBIO,COLISÃO TRASEIRA,ENTRE AUTOS S/V,2,,,,,,,,,0,,Longo da via,Bom,Não existe,Perfeito estado,Seca,Perfeito estado,Faixa de pedestre,,60 km/h,Única,Não existe,,,,,,,,
2019-02-16,17:59:00,SEM VÍTIMA,CANCELADA,JARDIM SÃO PAULO,RUA LEANDRO BARRETO,440,,APOS O POSTO LA ROQUE, SENTIDO SUBURBIO,RUA LEANDRO BARRETO,440,APOS O POSTO LA ROQUE, SENTIDO SUBURBIO,JARDIM SÃO PAULO,,,COLISÃO,COLISÃO SEM VITIMAS,1,1,,,,,,,,0,,,,,,,,,,,,,,,,,,
2019-02-16,18:14:00,SEM VÍTIMA,FINALIZADA,SANTO AMARO,AV GOVERNADOR AGAMENON MAGALHAES,170,,PROX AO POSTO BR,AV GOVERNADOR AGAMENON MAGALHAES,170,PROX AO POSTO BR,SANTO AMARO,,,ABALROAMENTO LONGITUDINAL,SIENA X GOLF,2,,,,,,,,,0,,Longo da via,Bom,Não existe,Perfeito estado,Seca,Perfeito estado,Não existe,Não há placas,60 km/h,Única,Faixa seccionada,,,,,,,,
2019-02-16,19:38:00,COM VÍTIMA,FINALIZADA,CORDEIRO,AV INACIO MONTEIRO,280,RUA RIO CAPIBARIBE,PROX AO MERCADINHO TUDO DE BOM,AV INACIO MONTEIRO,280,PROX AO MERCADINHO TUDO DE BOM,CORDEIRO,,SUBURBIO,ABALROAMENTO TRANSVERSAL,COLISÃO ENVOLVENDO AUTO E MOTO.,1,1,,,,,,,,2,,Cruzamento,Bom,Não existe,Perfeito estado,Seca,Perfeito estado,,Não há placas,,Dupla,Faixa contínua,,,,,,,,
2019-02-16,20:09:00,COM VÍTIMA,FINALIZADA,CABANGA,AV SATURNINO DE BRITO,,,AO LADO DA COMPESA,AV SATURNINO DE BRITO,,AO LADO DA COMPESA,CABANGA,,SUBURBIO,COLISÃO COM CICLISTA,COLISÃO ENVOLVENDO AUTO E CICLISTA.,1,,,1,,,,,,1,,Longo da via,Bom,Sem defeito,Perfeito estado,Seca,Perfeito estado,Faixa de pedestre,Não há placas,,Única,Faixa seccionada,,,,,,,,