data,hora,natureza_acidente,situacao,bairro,endereco,numero,detalhe_endereco_acidente,complemento,endereco_cruzamento,numero_cruzamento,referencia_cruzamento,bairro_cruzamento,num_semaforo,sentido_via,tipo,descricao,auto,moto,ciclom,ciclista,pedestre,onibus,caminhao,viatura,outros,vitimas,vitimasfatais,acidente_verificado,tempo_clima,situacao_semaforo,sinalizacao,condicao_via,conservacao_via,ponto_controle,situacao_placa,velocidade_max_via,mao_direcao,divisao_via1,divisao_via2,divisao_via3,,,,,,
2019-02-17,00:16:00,SEM VÍTIMA,FINALIZADA,MANGABEIRA,AV NORTE,,,,AV NORTE,,,MANGABEIRA,364,SUBURBIO,ABALROAMENTO TRANSVERSAL,COLISÃO ENTRE DOIS AUTOS S/V,2,,,,,,,,,0,,Longo da via,Bom,Sem defeito,Perfeito estado,Seca,Perfeito estado,Faixa de pedestre,Não há placas,,Dupla,Canteiro central,,,,,,,,
2019-02-17,00:50:00,SEM VÍTIMA,FINALIZADA,MADALENA,AV CAXANGA,670,,EM FRENTE A LOJA G1 VEÍCULOS, SENTIDO CIDADE // PRÓX AO CRUZAMENTO COM A RUA JOSÉ OSÓRIO,AV CAXANGA,670,EM FRENTE A LOJA G1 VEÍCULOS, SENTIDO CIDADE // PRÓX AO CRUZAMENTO COM A RUA JOSÉ OSÓRIO,MADALENA,,CIDADE,ABALROAMENTO LONGITUDINAL,COLISÃO ENTRE DOIS AUTOS S/V,2,,,,,,,,,0,,Longo da via,Chuvoso,Não existe,Perfeito estado,Molhada,Perfeito estado,Não existe,Outras,,Única,Faixa seccionada,,,,,,
2019-02-17,03:51:00,SEM VÍTIMA,CANCELADA,IPSEP,RUA JEAN EMILE FAVRE,,,EM FRENTE A PIZZARIA DOMINNO'S,RUA JEAN EMILE FAVRE,,EM FRENTE A PIZZARIA DOMINNO'S,IPSEP,,,COLISÃO,COLISÃO ENTRE DOIS AUTOS S/V,2,,,,,,,,,0,,,,,,,,,,,,,,,,,,,,
2019-02-17,04:28:00,SEM VÍTIMA,FINALIZADA,BOA VIAGEM,AV BOA VIAGEM,618,,EM FRENTE AO Nº 618,AV BOA VIAGEM,618,EM FRENTE AO Nº 618,BOA VIAGEM,,CIDADE,CHOQUE VEÍCULO PARADO,COLISÃO ENTRE DOIS AUTOS S/V,2,,,,,,,,,0,,Longo da via,Bom,Não existe,Perfeito estado,Seca,Perfeito estado,,Outras,,Única,Faixa seccionada,,,,,,,,
2019-02-17,09:22:00,SEM VÍTIMA,CANCELADA,IBURA,RUA RIO XINGU,,AV DOIS RIOS,EM FRENTE AO POSTO BR,RUA RIO XINGU,,EM FRENTE AO POSTO BR,IBURA,,,COLISÃO,ONIBUS E DOIS AUTO,2,,,,,1,,,,0,,,,,,,,,,,,,,,,,,,,
2019-02-17,10:59:00,SEM VÍTIMA,FINALIZADA,SANTO AMARO,RUA DOS PALMARES,,RUA ARNOBIO MARQUES,AO LADO DO LABORATÓRIO MUNICIPAL JULIÃO,RUA DOS PALMARES,,AO LADO DO LABORATÓRIO MUNICIPAL JULIÃO,SANTO AMARO,,,ABALROAMENTO TRANSVERSAL,COLISÃO SEM VITIMAS,1,,,,,,1,,,0,,Cruzamento,Bom,Não existe,Perfeito estado,Seca,Perfeito estado,Não existe,R-6a,,Única,Faixa seccionada,,,,,,,,
2019-02-17,11:59:00,SEM VÍTIMA,FINALIZADA,BOA VIAGEM,RUA ERNESTO DE PAULA SANTOS,451,,,RUA ERNESTO DE PAULA SANTOS,451,,BOA VIAGEM,329,SUBURBIO,ABALROAMENTO TRANSVERSAL,COLISÃO SEM VÍTIMA,,1,,,,,,1,,0,,Cruzamento,Bom,Sem defeito,Perfeito estado,Seca,Perfeito estado,Faixa de pedestre,Outras,60 km/h,Única,Faixa contínua,Faixa seccionada,,,,,,,
2019-02-17,12:58:00,COM VÍTIMA,FINALIZADA,ILHA DO RETIRO,AV BEIRA RIO,302,RUA HISBELO CAMPOS,AO LADO DO CAMPO DO SPORT. AO LADO DO CONDOMÍNIO VILLA BEIRA RIO.,AV BEIRA RIO,302,AO LADO DO CAMPO DO SPORT. AO LADO DO CONDOMÍNIO VILLA BEIRA RIO.,ILHA DO RETIRO,,SUBURBIO,ABALROAMENTO LONGITUDINAL,COLISÃO ENVOLVENDO AUTO E MOTO.,1,1,,,,,,,,2,,Longo da via,Bom,Não existe,Perfeito estado,Seca,Perfeito estado,Não existe,Não há placas,,Dupla,Faixa seccionada,,,,,,,,
2019-02-17,13:03:00,SEM VÍTIMA,FINALIZADA,IPSEP,RUA VIRGINIA HERACLIO,446,AV GENERAL BENTO DA GAMA,,RUA VIRGINIA HERACLIO,446,,IPSEP,,SUBURBIO,ABALROAMENTO TRANSVERSAL,DOIS AUTOS,2,,,,,,,,,0,,Cruzamento,Bom,Não existe,Não existente,Seca,Perfeito estado,Não existe,Não há placas,,Única,Não existe,,,,,,,,
2019-02-17,13:14:00,COM VÍTIMA,FINALIZADA,DERBY,RUA AMARO BEZERRA,458,,EM FRENTE AO EMPORIO VILLA GRANNO,RUA AMARO BEZERRA,458,EM FRENTE AO EMPORIO VILLA GRANNO,DERBY,,SUBURBIO,ABALROAMENTO LONGITUDINAL,COLISÃO ENVOLVENDO AUTO E MOTO.,1,1,,,,,,,,1,,Longo da via,Bom,Não existe,Perfeito estado,Seca,Perfeito estado,Não existe,R-6a,,Única,Não existe,,,,,,,,
2019-02-17,14:48:00,SEM VÍTIMA,FINALIZADA,PAISSANDU,RUA DR JOAO ASFORA,285,AV FREI MATIAS TEVES,AO LADO DO EDF GRAHAM BELL,RUA DR JOAO ASFORA,285,AO LADO DO EDF GRAHAM BELL,PAISSANDU,122,CIDADE,COLISÃO TRASEIRA,DOIS AUTOS,2,,,,,,,,,0,,Longo da via,Bom,Sem defeito,Perfeito estado,Seca,Perfeito estado,Agente,R-4a,,Única,Não existe,,,,,,,,
2019-02-17,15:15:00,SEM VÍTIMA,FINALIZADA,NOVA DESCOBERTA,RUA CORREGO DO JOAQUIM,,,EM FRENTE AO TERMINAL DE ÔNIBUS,RUA CORREGO DO JOAQUIM,,EM FRENTE AO TERMINAL DE ÔNIBUS,NOVA DESCOBERTA,,SUBURBIO,ABALROAMENTO LONGITUDINAL,ONIBUS E AUTO,1,,,,,1,,,,0,,Longo da via,Bom,Não existe,Perfeito estado,Seca,Perfeito estado,Não existe,Não há placas,,Dupla,Não existe,,,,,,,,
2019-02-17,16:08:00,SEM VÍTIMA,FINALIZADA,BOA VIAGEM,RUA RIBEIRO DE BRITO,,RUA AGENOR LOPES,,RUA RIBEIRO DE BRITO,,,BOA VIAGEM,496,SUBURBIO,ABALROAMENTO TRANSVERSAL,COLISÃO SEM VÍTIMA,2,,,,,,,,,0,,Cruzamento,Bom,Sem defeito,Perfeito estado,Seca,Perfeito estado,Faixa de pedestre,Outras,,Única,Faixa seccionada,,,,,,,,
2019-02-17,16:56:00,SEM VÍTIMA,FINALIZADA,TORRE,RUA REAL DA TORRE,450,,LADO OPOSTO AO MERCADO PÚBLICO DA MADALENA,RUA REAL DA TORRE,450,LADO OPOSTO AO MERCADO PÚBLICO DA MADALENA,TORRE,,SUBURBIO,COLISÃO TRASEIRA,ENTRE DOIS AUTOS S/V,2,,,,,,,,,0,,Longo da via,Bom,Sem defeito,Perfeito estado,Seca,Perfeito estado,Não existe,R-6a,50 km/h,Única,,,,,,,,,
2019-02-17,19:08:00,SEM VÍTIMA,FINALIZADA,IBURA,LAD DA COHAB,,,CASARÃO,LAD DA COHAB,,CASARÃO,IBURA,,SUBURBIO,ABALROAMENTO LONGITUDINAL,COLISÃO SEM VITIMA,2,,,,,,,,,0,,Longo da via,Bom,Não existe,Perfeito estado,Seca,Perfeito estado,Não existe,Não há placas,30 km/h,Dupla,Faixa contínua,,,,,,,,
2019-02-17,19:32:00,SEM VÍTIMA,CANCELADA,CASA AMARELA,EST DO ARRAIAL,2641,RUA GOMES COUTINHO,AO LADO DO HOSPITAL AGAMENON,EST DO ARRAIAL,2641,AO LADO DO HOSPITAL AGAMENON,CASA AMARELA,,,COLISÃO,COLISÃO SEM VITIMA,1,1,,,,,,,,0,,,,,,,,,,,,,,,,,,,,
2019-02-17,19:57:00,SEM VÍTIMA,FINALIZADA,SANTO AMARO,RUA CAPITAO LIMA,138,RUA DA FUNDICAO,PRÓX TV JORNAL,RUA CAPITAO LIMA,138,PRÓX TV JORNAL,SANTO AMARO,,,ABALROAMENTO TRANSVERSAL,COLISÃO SEM VITIMA,2,,,,,,,,,0,,Cruzamento,Bom,Não existe,Perfeito estado,Seca,Perfeito estado,Não existe,Outras,,Dupla,Não existe,,,,,,,,
2019-02-17,20:14:00,COM VÍTIMA,FINALIZADA,IPUTINGA,EST DO BARBALHO,,,E/F AO DETRAN ( SINCOR - PE ) PRÓX A RECIFE PLACAS,EST DO BARBALHO,,E/F AO DETRAN ( SINCOR - PE ) PRÓX A RECIFE PLACAS,IPUTINGA,,SUBURBIO,COLISÃO FRONTAL,ENTRE AUTO E MOTO. C/V,1,,1,,,,,,,2,,Longo da via,Bom,Não existe,Perfeito estado,Seca,Perfeito estado,Não existe,Não há placas,,Dupla,Não existe,,,,,,,,
2019-02-17,21:03:00,SEM VÍTIMA,CANCELADA,CURADO,AV PREFEITO ANTONIO PEREIRA,,,PROX. A GARAGEM DA GUANABARA E O TIP,AV PREFEITO ANTONIO PEREIRA,,PROX. A GARAGEM DA GUANABARA E O TIP,CURADO,,,COLISÃO,COLISÃO SEM VITIMA,1,,,,,1,,,,0,,,,,,,,,,,,,,,,,,,,
2019-02-18,08:49:00,SEM VÍTIMA,FINALIZADA,BONGI,AV ENGENHEIRO ABDIAS DE CARVALHO,,,PRÓX AO SEMÁFORO Nº 057,AV ENGENHEIRO ABDIAS DE CARVALHO,,PRÓX AO SEMÁFORO Nº 057,BONGI,57,SUBURBIO,ABALROAMENTO LONGITUDINAL,COLISÃO SEM VITIMA,2,,,,,,,,,0,,Longo da via,Bom,Sem defeito,Perfeito estado,Seca,Perfeito estado,Agente,,,Dupla,Faixa contínua,Faixa seccionada,Canteiro central,,,,,,
2019-02-18,03:41:00,SEM VÍTIMA,CANCELADA,BOA VIAGEM,AV BOA VIAGEM,,,EM FRENTE O HOTEL ATLÂNTICO,AV BOA VIAGEM,,EM FRENTE O HOTEL ATLÂNTICO,BOA VIAGEM,,,COLISÃO,COLISÃO ENTRE CAMINHÃO E ÔNIBUS, SEM VÍTIMAS.,,,,,,1,1,,,0,,,,,,,,,,,,,,,,,,,
2019-02-18,06:58:00,SEM VÍTIMA,FINALIZADA,SANTANA,RUA AMBROZINA CARNEIRO,82,,RUA DO COLEGIO COGNITIVO,RUA AMBROZINA CARNEIRO,82,RUA DO COLEGIO COGNITIVO,SANTANA,,CIDADE,ABALROAMENTO LONGITUDINAL,DOIS AUTOS,2,,,,,,,,,0,,Longo da via,Bom,Não existe,Perfeito estado,Seca,Perfeito estado,Não existe,Não há placas,40 km/h,Dupla,Não existe,,,,,,,,
2019-02-18,07:23:00,SEM VÍTIMA,FINALIZADA,BOA VISTA,RUA DOM BOSCO,1104,,POSTO BR,RUA DOM BOSCO,1104,POSTO BR,BOA VISTA,27,CIDADE,ABALROAMENTO LONGITUDINAL,DOIS AUTOS,2,,,,,,,,,0,,Longo da via,Bom,Sem defeito,Perfeito estado,Molhada,Perfeito estado,Faixa de pedestre,Placas Pare,,Única,Faixa contínua,Faixa seccionada,,,,,,,
2019-02-18,07:41:00,SEM VÍTIMA,FINALIZADA,SANTO AMARO,AV JOAO DE BARROS,847,,EM FRENTE A AUTO CENTER JOÃO DE BARROS,AV JOAO DE BARROS,847,EM FRENTE A AUTO CENTER JOÃO DE BARROS,SANTO AMARO,412,CIDADE,COLISÃO TRASEIRA,SEM VITIMAS,4,,,,,,,,,0,,Longo da via,Bom,Sem defeito,Perfeito estado,Seca,Perfeito estado,Outros,Outras,60 km/h,Dupla,Faixa seccionada,,,,,,,,
2019-02-18,08:20:00,SEM VÍTIMA,FINALIZADA,GRAÇAS,RUA DAS CREOULAS,78,,PRIMEIRA IGREJA PRESBITERIANA DO RECIFE,RUA DAS CREOULAS,78,PRIMEIRA IGREJA PRESBITERIANA DO RECIFE,GRAÇAS,,CIDADE,ABALROAMENTO LONGITUDINAL,ONIBUS E AUTO,1,,,,,1,,,,0,,Longo da via,Bom,Não existe,Perfeito estado,Seca,Perfeito estado,Não existe,R-6a,,Única,Faixa seccionada,,,,,,,,
2019-02-18,08:25:00,SEM VÍTIMA,FINALIZADA,DERBY,AV GOVERNADOR AGAMENON MAGALHAES,125,,APÓS O BANCO DO BRASIL,AV GOVERNADOR AGAMENON MAGALHAES,125,APÓS O BANCO DO BRASIL,DERBY,,,ABALROAMENTO LONGITUDINAL,AUTO E ONIBUS,1,,,,,1,,,,0,,Longo da via,Bom,Não existe,Perfeito estado,Seca,Perfeito estado,Não existe,Placas Pare,60 km/h,Dupla,Canal,,,,,,,,
2019-02-18,09:03:00,SEM VÍTIMA,FINALIZADA,AFOGADOS,AV SUL,,RUA NICOLAU PEREIRA,APOS A ESTAÇÃO LARGO DA PAZ, EM FRENTE A BORRACHARIA SUL,AV SUL,,APOS A ESTAÇÃO LARGO DA PAZ, EM FRENTE A BORRACHARIA SUL,AFOGADOS,,,COLISÃO TRASEIRA,DOIS AUTOS E CAMINHÃO,2,,,,,,1,,,0,,Longo da via,Bom,Não existe,Perfeito estado,Seca,Perfeito estado,Não existe,Placas Pare,60 km/h,Única,Faixa seccionada,,,,,,
2019-02-18,10:34:00,SEM VÍTIMA,FINALIZADA,ÁGUA FRIA,RUA DO MACHADO,,RUA DA REGENERACAO,AO LADO DO SEMÁFORO Nº 536,RUA DO MACHADO,,AO LADO DO SEMÁFORO Nº 536,ÁGUA FRIA,536,,CHOQUE VEÍCULO PARADO,SEMVITIMAS,,,,,,,2,,,0,,Longo da via,Bom,Sem defeito,Perfeito estado,Seca,Perfeito estado,Agente,,,Dupla,Não existe,,,,,,,,
2019-02-18,10:52:00,SEM VÍTIMA,CANCELADA,ILHA DO LEITE,RUA GENERAL JOAQUIM INACIO,400,RUA MARQUES AMORIM,EM FRENTE AO INSTITUTO PERNAMBUCANO DO SONO,RUA GENERAL JOAQUIM INACIO,400,EM FRENTE AO INSTITUTO PERNAMBUCANO DO SONO,ILHA DO LEITE,,,COLISÃO,SEM VITIMAS,2,,,,,,,,,0,,,,,,,,,,,,,,,,,,,,
2019-02-18,10:58:00,SEM VÍTIMA,FINALIZADA,SANTO AMARO,AV CRUZ CABUGA,,,EM FRENTE A APAC,AV CRUZ CABUGA,,EM FRENTE A APAC,SANTO AMARO,,CIDADE,COLISÃO TRASEIRA,DOIS AUTOS,1,,,,,,,1,,0,,Longo da via,Bom,Sem defeito,Perfeito estado,Seca,Perfeito estado,Não existe,Não há placas,,Dupla,Faixa contínua,,,,,,,,
2019-02-18,11:55:00,SEM VÍTIMA,FINALIZADA,CORDEIRO,AV CAXANGA,1562,,,AV CAXANGA,1562,,CORDEIRO,,SUBURBIO,ABALROAMENTO LONGITUDINAL,COLISÃO SEM VITIMAS,,,,,,1,1,,,0,,Longo da via,Bom,Sem defeito,Perfeito estado,Seca,Perfeito estado,Não existe,R-6a,,Dupla,Faixa seccionada,,,,,,,,
2019-02-18,12:02:00,SEM VÍTIMA,PENDENTE,AREIAS,AV DR JOSE RUFINO,1516,,AO LADO DO ARMAZÉM CORAL E O BODE DO NÔ,AV DR JOSE RUFINO,1516,AO LADO DO ARMAZÉM CORAL E O BODE DO NÔ,AREIAS,,,COLISÃO,,2,,,,,,,,,0,,,,,,,,,,,,,,,,,,,,
2019-02-18,13:02:00,SEM VÍTIMA,FINALIZADA,CASA AMARELA,RUA DR TOME DIAS,5,,,RUA DR TOME DIAS,5,,CASA AMARELA,,SUBURBIO,ABALROAMENTO LONGITUDINAL,COLISÃO SEM VÍTIMA,1,,,,,,,,1,0,,Longo da via,Bom,Não existe,Perfeito estado,Seca,Perfeito estado,Não existe,Não há placas,40 km/h,Dupla,Não existe,,,,,,,,
2019-02-18,13:15:00,SEM VÍTIMA,FINALIZADA,VASCO DA GAMA,RUA RESPLENDOR,2022,RUA NOVA,PRÓX AO CONFIANÇA SPORT CLUB,RUA RESPLENDOR,2022,PRÓX AO CONFIANÇA SPORT CLUB,VASCO DA GAMA,,SUBURBIO,CHOQUE OBJETO FIXO,O VEICULO BATEU CONTRA O PORTÃO DA RECIDÊNCIA,,,,,,,,,1,0,,,Bom,Não existe,Não existente,Seca,Perfeito estado,Não existe,Não há placas,,Dupla,Não existe,,,,,,,,
2019-02-18,13:33:00,SEM VÍTIMA,FINALIZADA,CAMPO GRANDE,RUA ODORICO MENDES,165,RUA VISCONDE DE CAIRU,BRASIL FAROIS,RUA ODORICO MENDES,165,BRASIL FAROIS,CAMPO GRANDE,,SUBURBIO,ABALROAMENTO TRANSVERSAL,COLISÃO SEM VÍTIMA,3,,,,,,,,,0,,Longo da via,Bom,Não existe,Perfeito estado,Seca,Perfeito estado,Faixa de retenção,Placas Pare,,Dupla,Faixa seccionada,,,,,,,,
2019-02-18,13:35:00,SEM VÍTIMA,FINALIZADA,CORDEIRO,AV ENGENHEIRO ABDIAS DE CARVALHO,1668,,EM FRENTE AO YOKI GALETOS,AV ENGENHEIRO ABDIAS DE CARVALHO,1668,EM FRENTE AO YOKI GALETOS,CORDEIRO,375,SUBURBIO,COLISÃO TRASEIRA,ENTRE AUTOS S/V,2,,,,,,,,,0,,Longo da via,Bom,Sem defeito,Perfeito estado,Seca,Perfeito estado,Faixa de pedestre,,,Dupla,Faixa seccionada,Canteiro central,,,,,,,
2019-02-18,14:09:00,SEM VÍTIMA,FINALIZADA,CURADO,RUA CORONEL FERNANDO MACHADO,445,,,RUA CORONEL FERNANDO MACHADO,445,,CURADO,,,CHOQUE VEÍCULO PARADO,S/V,,,,,,,2,,2,0,,Longo da via,Bom,Não existe,Não existente,Seca,Mal conservada,Não existe,Não há placas,,Dupla,Não existe,,,,,,,,
2019-02-18,14:13:00,COM VÍTIMA,FINALIZADA,IMBIRIBEIRA,AV MARECHAL MASCARENHAS DE MORAES,,,EM FRENTE A TEND TUDO,AV MARECHAL MASCARENHAS DE MORAES,,EM FRENTE A TEND TUDO,IMBIRIBEIRA,,CIDADE,ABALROAMENTO LONGITUDINAL,COLISÃO COM VITIMA/ O SAMU REMOVEU A VITIMA,1,1,,,,,,,,1,,Longo da via,Bom,Sem defeito,Perfeito estado,Seca,Perfeito estado,Faixa de pedestre,R-6a,60 km/h,Única,Faixa,Canteiro central,,,,,,,
2019-02-18,14:50:00,SEM VÍTIMA,FINALIZADA,IMBIRIBEIRA,AV MARECHAL MASCARENHAS DE MORAES,3905,,EM FRENTE A TEND TUDO,AV MARECHAL MASCARENHAS DE MORAES,3905,EM FRENTE A TEND TUDO,IMBIRIBEIRA,,CIDADE,CHOQUE VEÍCULO PARADO,,,1,,,,,1,,,0,,Longo da via,Bom,Não existe,Perfeito estado,Seca,Perfeito estado,,R-6a,,Única,Faixa seccionada,,,,,,,,
2019-02-18,16:14:00,SEM VÍTIMA,FINALIZADA,CASA AMARELA,AV NORTE,,RUA DA MANGABEIRA,,AV NORTE,,,CASA AMARELA,96,SUBURBIO,COLISÃO TRASEIRA,ÔNIBUS X AUTO S/V,1,,,,,1,,,,0,,Cruzamento,Bom,Sem defeito,Perfeito estado,Seca,Perfeito estado,Faixa de pedestre,R-6a,,Dupla,Canteiro central,,,,,,,,
2019-02-18,16:27:00,SEM VÍTIMA,FINALIZADA,TORRÕES,AV ENGENHEIRO ABDIAS DE CARVALHO,,,EM FRENTE AO MARTELINHO DE OURO,AV ENGENHEIRO ABDIAS DE CARVALHO,,EM FRENTE AO MARTELINHO DE OURO,TORRÕES,271,SUBURBIO,COLISÃO TRASEIRA,COLISÃO SEM VÍTIMAS,1,,,,,1,1,,,0,,Longo da via,Bom,Sem defeito,Perfeito estado,Seca,Perfeito estado,Faixa de pedestre,Outras,,Dupla,Canteiro central,,,,,,,,
2019-02-18,17:19:00,SEM VÍTIMA,FINALIZADA,DERBY,RUA HENRIQUE DIAS,609,,FUNDAÇÃO JOAQUIM NAMBUCO,RUA HENRIQUE DIAS,609,FUNDAÇÃO JOAQUIM NAMBUCO,DERBY,,,ABALROAMENTO TRANSVERSAL,COLISÃO SEM VÍTIMAS,2,,,,,,,,,0,,,Chuvoso,Não existe,Perfeito estado,Molhada,Perfeito estado,Não existe,Não há placas,,Única,Não existe,,,,,,,,
2019-02-18,18:06:00,SEM VÍTIMA,FINALIZADA,SANTO AMARO,AV GOVERNADOR AGAMENON MAGALHAES,,,SOB O VIADUTO DA AV. NORTE,AV GOVERNADOR AGAMENON MAGALHAES,,SOB O VIADUTO DA AV. NORTE,SANTO AMARO,,SUBURBIO,COLISÃO TRASEIRA,SEM VITIMAS,4,,,,,,,,,0,,Longo da via,Bom,Não existe,Perfeito estado,Seca,Perfeito estado,Não existe,Outras,60 km/h,Dupla,Canteiro central,,,,,,,,
2019-02-18,18:28:00,SEM VÍTIMA,FINALIZADA,AREIAS,AV RECIFE,,,WALMART,AV RECIFE,,WALMART,AREIAS,,,COLISÃO TRASEIRA,COLISÃO SEM VÍTIMAS,3,,,,,,,,,0,,Longo da via,Bom,Sem defeito,Perfeito estado,Seca,Perfeito estado,Outros,R-6a,60 km/h,Dupla,Canteiro central,,,,,,,,
2019-02-18,18:31:00,SEM VÍTIMA,CANCELADA,IPSEP,RUA JEAN EMILE FAVRE,539,,ENF A FACULDADE DE BOA VIAGEM E O BERÇARIO INFANTIL UNI,RUA JEAN EMILE FAVRE,539,ENF A FACULDADE DE BOA VIAGEM E O BERÇARIO INFANTIL UNI,IPSEP,,,COLISÃO,CORSA X FORD K,2,,,,,,,,,0,,,,,,,,,,,,,,,,,,,,
2019-02-18,18:41:00,SEM VÍTIMA,FINALIZADA,IMBIRIBEIRA,AV MARECHAL MASCARENHAS DE MORAES,,,EM FRENTE AO DER,AV MARECHAL MASCARENHAS DE MORAES,,EM FRENTE AO DER,IMBIRIBEIRA,,,ABALROAMENTO LONGITUDINAL,GOL / O0NIBUS / CAMINHAO,1,,,,,1,1,,,0,,Longo da via,Bom,Não existe,Incompleta,Seca,Perfeito estado,Não existe,Outras,,Dupla,Faixa seccionada,Canteiro central,,,,,,,
2019-02-18,19:00:00,SEM VÍTIMA,CANCELADA,IMBIRIBEIRA,AV MARECHAL MASCARENHAS DE MORAES,4204,RUA ARTHUR LOPES,ENF A AVANTIA SENTIDO OPOSTO DA UPA,AV MARECHAL MASCARENHAS DE MORAES,4204,ENF A AVANTIA SENTIDO OPOSTO DA UPA,IMBIRIBEIRA,,SUBURBIO,COLISÃO,GOL X PRISMA,2,,,,,,,,,0,,,,,,,,,,,,,,,,,,,,
2019-02-18,19:08:00,SEM VÍTIMA,FINALIZADA,AREIAS,AV DR JOSE RUFINO,,,ENF AO SENAI,AV DR JOSE RUFINO,,ENF AO SENAI,AREIAS,,CIDADE,ABALROAMENTO TRANSVERSAL,ONIX X MOTO,1,1,,,,,,,,0,,Longo da via,Bom,Não existe,Perfeito estado,Seca,Perfeito estado,,R-6a,50 km/h,Dupla,Faixa contínua,,,,,,,,
2019-02-18,19:42:00,SEM VÍTIMA,FINALIZADA,IBURA,AV DOIS RIOS,,,,AV DOIS RIOS,,,IBURA,594,SUBURBIO,ABALROAMENTO LONGITUDINAL,COLISÃO SEM VÍTIMAS,1,,,,,,1,,,0,,Longo da via,Bom,Sem defeito,Perfeito estado,Seca,Mal iluminada,Faixa de pedestre,,,Dupla,Faixa contínua,,,,,,,,
2019-02-18,21:43:00,SEM VÍTIMA,FINALIZADA,JAQUEIRA,AV CONS ROSA E SILVA,1460,,ETC EXECUTIVE TRADE CENTER,AV CONS ROSA E SILVA,1460,ETC EXECUTIVE TRADE CENTER,JAQUEIRA,,SUBURBIO,ABALROAMENTO LONGITUDINAL,ONIBUS PEDROSA X ONIX,1,,,,,,,,,0,,Longo da via,Bom,Não existe,Perfeito estado,Seca,Perfeito estado,Não existe,Não há placas,,Única,Faixa seccionada,,,,,,,,
2019-02-18,22:35:00,SEM VÍTIMA,FINALIZADA,CAXANGÁ,RUA RODRIGUES FERREIRA,45,,ENF AO RESIDENCIAL JARDIM CAXANGA,RUA RODRIGUES FERREIRA,45,ENF AO RESIDENCIAL JARDIM CAXANGA,CAXANGÁ,,CIDADE,ABALROAMENTO LONGITUDINAL,SANDERO X PRISMA,2,,,,,,,,,0,,Longo da via,Bom,,,Seca,Perfeito estado,Faixa de pedestre,Outras,,Única,Faixa contínua,,,,,,,,
2019-02-19,07:03:00,COM VÍTIMA,FINALIZADA,CORDEIRO,RUA DR MIGUEL VIEIRA FERREIRA,210,RUA PRUDENTOPOLIS,ANTES DO COLEGIO GERAÇAO,RUA DR MIGUEL VIEIRA FERREIRA,210,ANTES DO COLEGIO GERAÇAO,CORDEIRO,,SUBURBIO,ABALROAMENTO TRANSVERSAL,COLISÃO ENVOLVENDO AUTO E MOTO.,1,1,,,,,,,,2,,Cruzamento,Bom,Não existe,Perfeito estado,Seca,Perfeito estado,Outros,Outras,,Dupla,Não existe,,,,,,,,
2019-02-19,07:05:00,COM VÍTIMA,FINALIZADA,IPUTINGA,RUA MAURICIO DE NASSAU,193,,PROX. AO SUPERMERCADO RENDE MAIS, APOS A LOMBADA ELETRONICA,RUA MAURICIO DE NASSAU,193,PROX. AO SUPERMERCADO RENDE MAIS, APOS A LOMBADA ELETRONICA,IPUTINGA,,CIDADE,COLISÃO COM CICLISTA,COLISÃO ENVOLVENDO AUTO E CICLISTA.,1,,,1,,,,,,1,,Longo da via,Bom,Não existe,Perfeito estado,Seca,Perfeito estado,Não existe,Não há placas,,Dupla,Faixa contínua,,,,,,
2019-02-19,07:41:00,SEM VÍTIMA,FINALIZADA,ENCRUZILHADA,AV JOAO DE BARROS,1800,,,AV JOAO DE BARROS,1800,,ENCRUZILHADA,,CIDADE,ABALROAMENTO LONGITUDINAL,AUTO E ONIBUS,1,,,,,1,,,,0,,Longo da via,Bom,Não existe,Perfeito estado,Seca,Perfeito estado,Não existe,R-6a,,Única,Faixa seccionada,,,,,,,,
2019-02-19,07:50:00,SEM VÍTIMA,CANCELADA,TORRÕES,AV ENGENHEIRO ABDIAS DE CARVALHO,,,EM FRENTE A UPA,AV ENGENHEIRO ABDIAS DE CARVALHO,,EM FRENTE A UPA,TORRÕES,,,COLISÃO,CAMINHAO E AUTO,1,,,,,,1,,,0,,,,,,,,,,,,,,,,,,,,
2019-02-19,07:52:00,SEM VÍTIMA,FINALIZADA,BOA VISTA,RUA JOAO LIRA,143,,PROX. AO TREZE DE MAIO, EM FRENTE A EDF. MARAJO,RUA JOAO LIRA,143,PROX. AO TREZE DE MAIO, EM FRENTE A EDF. MARAJO,BOA VISTA,,,COLISÃO,VEICULO OFICIAL E AUTO,2,,,,,,,,,0,,,,,,,,,,,,,,,,,,
2019-02-19,08:21:00,SEM VÍTIMA,FINALIZADA,IMBIRIBEIRA,AV MARECHAL MASCARENHAS DE MORAES,,,EM FRENTE A DA FONTE NÁUTICA,AV MARECHAL MASCARENHAS DE MORAES,,EM FRENTE A DA FONTE NÁUTICA,IMBIRIBEIRA,310,CIDADE,COLISÃO TRASEIRA,DOIS AUTOS,2,,,,,,,,,0,,Longo da via,Bom,Sem defeito,Perfeito estado,Seca,Perfeito estado,Faixa de retenção,Não há placas,60 km/h,Dupla,Canteiro central,,,,,,,,