data,hora,natureza_acidente,situacao,bairro,endereco,numero,detalhe_endereco_acidente,complemento,endereco_cruzamento,numero_cruzamento,referencia_cruzamento,bairro_cruzamento,num_semaforo,sentido_via,tipo,descricao,auto,moto,ciclom,ciclista,pedestre,onibus,caminhao,viatura,outros,vitimas,vitimasfatais,acidente_verificado,tempo_clima,situacao_semaforo,sinalizacao,condicao_via,conservacao_via,ponto_controle,situacao_placa,velocidade_max_via,mao_direcao,divisao_via1,divisao_via2,divisao_via3,,,,,,
2019-02-19,09:07:00,COM VÍTIMA,FINALIZADA,IMBIRIBEIRA,RUA JOAQUIM BANDEIRA,492,,EM FRENTE A ANATEL,RUA JOAQUIM BANDEIRA,492,EM FRENTE A ANATEL,IMBIRIBEIRA,,SUBURBIO,ATROPELAMENTO,VITIMA SOCORRIDA PELO SAMU,1,,,,1,,,,,1,,,,,,,,,,,,,,,,,,,,
2019-02-19,10:21:00,SEM VÍTIMA,FINALIZADA,POÇO DA PANELA,RUA ENGENHEIRO BANDEIRA DE MELO,175,,,RUA ENGENHEIRO BANDEIRA DE MELO,175,,POÇO DA PANELA,,CIDADE,ABALROAMENTO LONGITUDINAL,DOIS AUTOS,2,,,,,,,,,0,,Longo da via,Bom,Não existe,Perfeito estado,Seca,Perfeito estado,Não existe,Não há placas,30 km/h,Dupla,Não existe,,,,,,,,
2019-02-19,11:10:00,SEM VÍTIMA,FINALIZADA,ILHA DO LEITE,RUA MINAS GERAIS,,PRC DR FERNANDO FIGUEIRA,PRÓXIMO A PRAÇA,RUA MINAS GERAIS,,PRÓXIMO A PRAÇA,ILHA DO LEITE,,,ABALROAMENTO TRANSVERSAL,DOIS AUTOS,2,,,,,,,,,0,,Cruzamento,Bom,Não existe,,Seca,Mal conservada,Não existe,R-6a,,Dupla,Não existe,,,,,,,,
2019-02-19,11:21:00,SEM VÍTIMA,DUPLICIDADE,ILHA DO LEITE,RUA MARQUES AMORIM,620,,EM FRENTE AO EMPRESARIAL CERVANTES,RUA MARQUES AMORIM,620,EM FRENTE AO EMPRESARIAL CERVANTES,ILHA DO LEITE,,,COLISÃO,DOIS AUTOS,2,,,,,,,,,0,,,,,,,,,,,,,,,,,,,,
2019-02-19,12:07:00,SEM VÍTIMA,FINALIZADA,IMBIRIBEIRA,RUA MURITIBA,,,AO LADO DAS CASAS BAHIA,RUA MURITIBA,,AO LADO DAS CASAS BAHIA,IMBIRIBEIRA,385,SUBURBIO,ABALROAMENTO LONGITUDINAL,COLISÃO SEM VÍTIMA,2,,,,,,,,,0,,Longo da via,Bom,,Perfeito estado,Seca,Perfeito estado,Não existe,Outras,,Única,Não existe,,,,,,,,
2019-02-19,12:14:00,SEM VÍTIMA,FINALIZADA,IMBIRIBEIRA,RUA ITACARE,302,RUA CACHOEIRA,,RUA ITACARE,302,,IMBIRIBEIRA,,,ABALROAMENTO LONGITUDINAL,CAMINHÃO X MOTO S/V,,1,,,,,1,,,0,,Cruzamento,Bom,Não existe,Perfeito estado,Seca,Perfeito estado,Faixa de retenção,Não há placas,,Dupla,Não existe,,,,,,,,
2019-02-19,12:24:00,SEM VÍTIMA,FINALIZADA,BOA VIAGEM,RUA RIBEIRO DE BRITO,,AV CONSELHEIRO AGUIAR,,RUA RIBEIRO DE BRITO,,,BOA VIAGEM,147,SUBURBIO,COLISÃO TRASEIRA,S/V,1,,,,,,,1,,0,,Cruzamento,Bom,Sem defeito,Perfeito estado,Seca,Perfeito estado,Faixa de pedestre,R-6a,50 km/h,Única,,,,,,,,,
2019-02-19,13:38:00,COM VÍTIMA,FINALIZADA,IMBIRIBEIRA,RUA JOAQUIM BANDEIRA,,,SOB A ESTAÇÃO ANTÔNIO FALCÃO.,RUA JOAQUIM BANDEIRA,,SOB A ESTAÇÃO ANTÔNIO FALCÃO.,IMBIRIBEIRA,,CIDADE,COLISÃO COM CICLISTA,COLISÃO ENVOLVENDO AUTO E CICLISTA.,1,,,1,,,,,,1,,Longo da via,,Não existe,Perfeito estado,,Perfeito estado,Não existe,Não há placas,,Única,Faixa,,,,,,,,
2019-02-19,13:43:00,SEM VÍTIMA,FINALIZADA,BOA VIAGEM,RUA VISCONDE DE JEQUITINHONHA,,RUA BARAO DE SOUZA LEAO,EM FRENTE AO HOSPITAL NOSSA SENHORA DAS GRAÇAS,RUA VISCONDE DE JEQUITINHONHA,,EM FRENTE AO HOSPITAL NOSSA SENHORA DAS GRAÇAS,BOA VIAGEM,129,,COLISÃO,COLISÃO SEM VÍTIMA,2,,,,,,,,,0,,,,,,,,,,,,,,,,,,,,
2019-02-19,13:52:00,SEM VÍTIMA,FINALIZADA,PRADO,RUA GOMES TABORDA,566,,OFICINA TOP BIKES,RUA GOMES TABORDA,566,OFICINA TOP BIKES,PRADO,,SUBURBIO,COLISÃO TRASEIRA,COLISÃO SEM VÍTIMA,2,,,,,,,,,0,,Longo da via,Bom,Sem defeito,Perfeito estado,Seca,Perfeito estado,Faixa de pedestre,Não há placas,,Dupla,Faixa seccionada,,,,,,,,
2019-02-19,14:13:00,SEM VÍTIMA,FINALIZADA,JORDÃO,AV GOVERNADOR ROBERTO SILVEIRA,,RUA DES EVANDRO NETTO,,AV GOVERNADOR ROBERTO SILVEIRA,,,JORDÃO,,,ABALROAMENTO TRANSVERSAL,CARRETA X AUTO S/V,1,,,,,,1,,,0,,Cruzamento,Bom,Não existe,Perfeito estado,Seca,Perfeito estado,,Não há placas,40 km/h,,,,,,,,,,
2019-02-19,14:47:00,SEM VÍTIMA,FINALIZADA,ENCRUZILHADA,RUA DR EDUARDO WANDERLEY,72,RUA LUIZ DE CAMOES,,RUA DR EDUARDO WANDERLEY,72,,ENCRUZILHADA,,SUBURBIO,COLISÃO TRASEIRA,ENTRE DOIS AUTOS S/V,2,,,,,,,,,0,,Cruzamento,Bom,Não existe,Não existente,Seca,Perfeito estado,Não existe,Não há placas,,Dupla,Faixa seccionada,,,,,,,,
2019-02-19,15:09:00,COM VÍTIMA,FINALIZADA,TAMARINEIRA,EST VELHA DE AGUA FRIA,908,AV PROFESSOR JOSE DOS ANJOS,NA ESQUINA DO DNOCS, EM FRENTE AO RESIDENCIAL VITA.,EST VELHA DE AGUA FRIA,908,NA ESQUINA DO DNOCS, EM FRENTE AO RESIDENCIAL VITA.,TAMARINEIRA,306,SUBURBIO,COLISÃO TRASEIRA,COLISÃO ENVOLVENDO AUTO E MOTO.,1,1,,,,,,,,1,,Longo da via,Bom,Sem defeito,Perfeito estado,Seca,Perfeito estado,Faixa de pedestre,Não há placas,40 km/h,Dupla,Faixa contínua,,,,,,
2019-02-19,15:11:00,SEM VÍTIMA,FINALIZADA,AFOGADOS,AV SUL,2282,,EM FRENTE A ESTAÇÃO LARGO DA PAZ,AV SUL,2282,EM FRENTE A ESTAÇÃO LARGO DA PAZ,AFOGADOS,,CIDADE,ABALROAMENTO TRANSVERSAL,COLISÃO SEM VÍTIMA,2,,,,,,,,,0,,Longo da via,Bom,Não existe,Não existente,Seca,Perfeito estado,Não existe,Não há placas,,Única,Faixa seccionada,,,,,,,,
2019-02-19,15:43:00,SEM VÍTIMA,FINALIZADA,CORDEIRO,RUA TOMAZ GONZAGA,129,,ACADEMIA CORPORIS/ IGREJA DOS MORMONS,RUA TOMAZ GONZAGA,129,ACADEMIA CORPORIS/ IGREJA DOS MORMONS,CORDEIRO,,,COLISÃO,DUAS MOTOCICLETAS,,2,,,,,,,,0,,,,,,,,,,,,,,,,,,,,
2019-02-19,15:53:00,SEM VÍTIMA,FINALIZADA,BOA VISTA,RUA DA AURORA,,RUA CLUBE NAUTICO CAPIBARIBE,POSTE B 019786,RUA DA AURORA,,POSTE B 019786,BOA VISTA,,CIDADE,COLISÃO TRASEIRA,AUTO X MOTO S/V,1,1,,,,,,,,0,,,Bom,Não existe,Perfeito estado,Seca,Perfeito estado,Faixa de retenção,,,Única,Faixa seccionada,,,,,,,,
2019-02-19,16:16:00,SEM VÍTIMA,FINALIZADA,PINA,PTE GOVERNADOR PAULO GUERRA,,,SHOPP RIO MAR,PTE GOVERNADOR PAULO GUERRA,,SHOPP RIO MAR,PINA,,SUBURBIO,ABALROAMENTO LONGITUDINAL,ENTRE AUTO E CAMINHAO S/V,1,,,,,,1,,,0,,Ponte,Bom,Não existe,Perfeito estado,Seca,Perfeito estado,Não existe,Não há placas,,Única,Faixa contínua,,,,,,,,
2019-02-19,17:06:00,SEM VÍTIMA,FINALIZADA,TORRE,RUA JOSE BONIFACIO,,RUA PADRE ANCHIETA,,RUA JOSE BONIFACIO,,,TORRE,193,SUBURBIO,ABALROAMENTO TRANSVERSAL,AUTO E MOTO S/V,1,1,,,,,,,,0,,Longo da via,Bom,Sem defeito,Perfeito estado,Seca,Perfeito estado,Não existe,Outras,,,Faixa seccionada,,,,,,,,
2019-02-19,17:28:00,SEM VÍTIMA,FINALIZADA,TAMARINEIRA,AV PROFESSOR JOSE DOS ANJOS,,,EM FRENTE AO POSTO BR,AV PROFESSOR JOSE DOS ANJOS,,EM FRENTE AO POSTO BR,TAMARINEIRA,364,CIDADE,ABALROAMENTO LONGITUDINAL,COLISAO ENVOLVENDO DOIS AUTOS,2,,,,,,,,,0,,Longo da via,Bom,Sem defeito,Perfeito estado,Seca,Perfeito estado,Faixa de pedestre,Não há placas,,Dupla,Canal,,,,,,,,
2019-02-19,18:34:00,SEM VÍTIMA,FINALIZADA,ESTÂNCIA,RUA NOSSA SENHORA DE FATIMA,,AV RECIFE,,RUA NOSSA SENHORA DE FATIMA,,,ESTÂNCIA,261,SUBURBIO,ABALROAMENTO LONGITUDINAL,ONIBUS METROPOLITANA X CAMINHAO,,,,,,1,1,,,0,,Cruzamento,Bom,Sem defeito,Ilegível,Seca,Perfeito estado,,Outras,40 km/h,Única,Não existe,,,,,,,,
2019-02-19,18:37:00,COM VÍTIMA,FINALIZADA,SANTO AMARO,AV CRUZ CABUGA,,,EM FRENTE AO HOSPITAL DA MARINHA, CEMITERIO DOS INGLESES E DER.,AV CRUZ CABUGA,,EM FRENTE AO HOSPITAL DA MARINHA, CEMITERIO DOS INGLESES E DER.,SANTO AMARO,,CIDADE,COLISÃO COM CICLISTA,COLISÃO ENVOLVENDO ÔNIBUS E CICLISTA.,,,,1,,1,,,,1,,Longo da via,Bom,Não existe,Perfeito estado,Seca,Perfeito estado,Não existe,Outras,60 km/h,Dupla,Faixa seccionada,,,,,,
2019-02-19,19:15:00,SEM VÍTIMA,FINALIZADA,BOA VIAGEM,AV BOA VIAGEM,,,ENF A PADARIA DE BOA VIAGEM,AV BOA VIAGEM,,ENF A PADARIA DE BOA VIAGEM,BOA VIAGEM,548,CIDADE,ABALROAMENTO LONGITUDINAL,SIENA X GOL,2,,,,,,,,,0,,Longo da via,Bom,Sem defeito,Perfeito estado,Seca,Perfeito estado,Faixa de pedestre,Não há placas,,Única,Faixa seccionada,,,,,,,,
2019-02-19,21:18:00,SEM VÍTIMA,FINALIZADA,BOA VIAGEM,RUA RIBEIRO DE BRITO,,RUA AMALIA BERNARDINO DE SOUZA,,RUA RIBEIRO DE BRITO,,,BOA VIAGEM,,SUBURBIO,ABALROAMENTO TRANSVERSAL,COLISÃO SEM VITIMA,2,,,,,,,,,0,,Cruzamento,Bom,Não existe,Perfeito estado,Seca,Perfeito estado,Não existe,Não há placas,,Única,Faixa seccionada,,,,,,,,
2019-02-19,21:41:00,SEM VÍTIMA,FINALIZADA,VÁRZEA,AV AFONSO OLINDENSE,1716,,EMPRESA Nº 1716,AV AFONSO OLINDENSE,1716,EMPRESA Nº 1716,VÁRZEA,,SUBURBIO,ABALROAMENTO LONGITUDINAL,COLISÃO SEM VITIMA,1,,,,,1,,,,0,,Longo da via,Bom,Não existe,Perfeito estado,Seca,Perfeito estado,Outros,Outras,40 km/h,Dupla,Faixa contínua,,,,,,,,
2019-02-19,23:53:00,SEM VÍTIMA,FINALIZADA,BOA VIAGEM,AV BOA VIAGEM,,RUA BALTAZAR PASSOS,SEMÁFORO 149,AV BOA VIAGEM,,SEMÁFORO 149,BOA VIAGEM,149,CIDADE,ABALROAMENTO TRANSVERSAL,COLISÃO SEM VÍTIMA,2,,,,,,,,,0,,Cruzamento,Bom,Sem defeito,Perfeito estado,Seca,Perfeito estado,Faixa de pedestre,Não há placas,,Única,Faixa seccionada,,,,,,,,
2019-02-20,00:34:00,SEM VÍTIMA,FINALIZADA,IMBIRIBEIRA,VIADUTO TANCREDO NEVES,,,,VIADUTO TANCREDO NEVES,,,IMBIRIBEIRA,,SUBURBIO,ABALROAMENTO LONGITUDINAL,COLISÃO ENTRE DOIS AUTOS S/V,2,,,,,,,,,0,,Longo da via,Bom,Não existe,Perfeito estado,Seca,Perfeito estado,Não existe,Não há placas,60 km/h,Dupla,Faixa seccionada,,,,,,,,
2019-02-20,07:43:00,SEM VÍTIMA,FINALIZADA,IPSEP,AV RECIFE,3592,,,AV RECIFE,3592,,IPSEP,,CIDADE,COLISÃO TRASEIRA,COLISÃO SEM VITIMAS,2,,,,,,,,,0,,Longo da via,Bom,Não existe,Perfeito estado,Seca,Perfeito estado,Não existe,Não há placas,60 km/h,Dupla,Canteiro central,,,,,,,,
2019-02-20,07:48:00,SEM VÍTIMA,FINALIZADA,VÁRZEA,RUA SAO FRANCISCO DE PAULA,23,AV CAXANGA,EM FRENTE AO POSTO SHELL,RUA SAO FRANCISCO DE PAULA,23,EM FRENTE AO POSTO SHELL,VÁRZEA,568,SUBURBIO,COLISÃO TRASEIRA,SEM VITIMAS,2,,,,,,,,,0,,,Bom,Sem defeito,Perfeito estado,Seca,Perfeito estado,Agente,,,Dupla,Faixa seccionada,Canteiro central,,,,,,,
2019-02-20,08:08:00,SEM VÍTIMA,FINALIZADA,SANTO AMARO,AV GOVERNADOR AGAMENON MAGALHAES,1800,,PISTA PRINCIPAL OPOSTO AO Nº 1800,AV GOVERNADOR AGAMENON MAGALHAES,1800,PISTA PRINCIPAL OPOSTO AO Nº 1800,SANTO AMARO,,SUBURBIO,ABALROAMENTO LONGITUDINAL,AUTO E MOTO,1,1,,,,,,,,0,,Longo da via,Bom,Sem defeito,Perfeito estado,Seca,Perfeito estado,Não existe,Outras,60 km/h,Dupla,Faixa seccionada,,,,,,,,
2019-02-20,08:26:00,COM VÍTIMA,FINALIZADA,IPSEP,AV RECIFE,3096,AV PRESIDENTE KENNEDY,LADO OPOSTO AO SUPERMERCADO ECONOMICO,AV RECIFE,3096,LADO OPOSTO AO SUPERMERCADO ECONOMICO,IPSEP,212,CIDADE,COLISÃO TRASEIRA,COLISÃO ENVOLVENDO AUTO E MOTO.,1,1,,,,,,,,1,,Longo da via,Bom,Sem defeito,Perfeito estado,Seca,Mal conservada,Outros,Outras,60 km/h,Dupla,Canteiro central,,,,,,,,
2019-02-20,08:36:00,SEM VÍTIMA,FINALIZADA,CORDEIRO,AV GENERAL SAN MARTIN,,AV ENGENHEIRO ABDIAS DE CARVALHO,SOB O SEMÁFORO 058,AV GENERAL SAN MARTIN,,SOB O SEMÁFORO 058,CORDEIRO,58,,ABALROAMENTO LONGITUDINAL,COLISÃO SEM VITIMAS,2,,,,,,,,,0,,Cruzamento,Bom,Sem defeito,Perfeito estado,Seca,Perfeito estado,Faixa de pedestre,R-6a,,Dupla,Faixa contínua,,,,,,,,
2019-02-20,08:59:00,SEM VÍTIMA,FINALIZADA,MADALENA,RUA REAL DA TORRE,,RUA MANUEL BEZERRA,,RUA REAL DA TORRE,,,MADALENA,237,CIDADE,ABALROAMENTO LONGITUDINAL,SEM VITIMAS,2,,,,,,,,,0,,Longo da via,Bom,Sem defeito,Perfeito estado,Seca,Perfeito estado,Agente,Não há placas,40 km/h,Única,Faixa seccionada,,,,,,,,
2019-02-20,09:02:00,SEM VÍTIMA,FINALIZADA,ARRUDA,RUA DAS MOCAS,217,,EM FRENTE AO Nº 217,RUA DAS MOCAS,217,EM FRENTE AO Nº 217,ARRUDA,,SUBURBIO,ABALROAMENTO TRANSVERSAL,COLISÃO SEM VITIMAS,1,1,,,,,,,,0,,Longo da via,Bom,Não existe,Não existente,Seca,Perfeito estado,Não existe,Não há placas,,Dupla,Faixa seccionada,,,,,,,,
2019-02-20,09:10:00,SEM VÍTIMA,FINALIZADA,PINA,AV HERCULANO BANDEIRA,252,,EM FRENTE A BARRACA DO VEIO,AV HERCULANO BANDEIRA,252,EM FRENTE A BARRACA DO VEIO,PINA,,SUBURBIO,COLISÃO TRASEIRA,SEM VITIMAS AGENTES SILVA FILHO /FONTENELE PONTO FIXO VÃO FAZER B.O,3,,,,,,,,,0,,Longo da via,Bom,Sem defeito,Perfeito estado,Seca,Perfeito estado,Agente,Não há placas,60 km/h,Única,Não existe,,,,,,,,
2019-02-20,09:12:00,SEM VÍTIMA,CANCELADA,PAISSANDU,RUA PACIFICO DOS SANTOS,85,,EM FRENTE AO CENTRO ADMINISTRATIVO DO HOSPITAL HAPVIDA,RUA PACIFICO DOS SANTOS,85,EM FRENTE AO CENTRO ADMINISTRATIVO DO HOSPITAL HAPVIDA,PAISSANDU,,,COLISÃO,COLISÃO SEM VITIMAS,2,,,,,,,,,0,,,,,,,,,,,,,,,,,,,,
2019-02-20,09:49:00,SEM VÍTIMA,FINALIZADA,PAISSANDU,RUA PAISSANDU,,,EM FRENTE AO HOSPITAL SÃO MARCOS,RUA PAISSANDU,,EM FRENTE AO HOSPITAL SÃO MARCOS,PAISSANDU,,,COLISÃO TRASEIRA,SEM VITIMAS,2,,,,,,,,,0,,Longo da via,Bom,Não existe,Perfeito estado,Seca,Perfeito estado,Não existe,Não há placas,60 km/h,Dupla,Canteiro central,,,,,,,,
2019-02-20,09:36:00,SEM VÍTIMA,FINALIZADA,SÃO JOSÉ,RUA DO PEIXOTO,161,,PROX. A AV DANTAS BARRETO,RUA DO PEIXOTO,161,PROX. A AV DANTAS BARRETO,SÃO JOSÉ,181,CIDADE,COLISÃO TRASEIRA,MOTO E AUTO,1,1,,,,,,,,0,,Longo da via,Bom,Sem defeito,Perfeito estado,Seca,Perfeito estado,Faixa de pedestre,Não há placas,,Única,,,,,,,,,
2019-02-20,10:46:00,SEM VÍTIMA,FINALIZADA,AREIAS,RUA DONA ANA AURORA,500,,,RUA DONA ANA AURORA,500,,AREIAS,,SUBURBIO,CHOQUE VEÍCULO PARADO,COLISÃO SEM VÍTIMA. COLISÃO ENTRE TREM DE CARGA E AUTO PASSEIO,1,,,,,,,,1,0,,Longo da via,Bom,Não existe,Não existente,Seca,Mal conservada,Não existe,Não há placas,,Dupla,Não existe,,,,,,,,
2019-02-20,10:50:00,SEM VÍTIMA,FINALIZADA,DERBY,RUA GUILHERME PINTO,1360,,EM FRENTE AO PRÉDIO SOLAR DA GRAÇAS,RUA GUILHERME PINTO,1360,EM FRENTE AO PRÉDIO SOLAR DA GRAÇAS,DERBY,,CIDADE,ABALROAMENTO LONGITUDINAL,COLISÃO SEM VITIMAS,1,,,,,1,,,,0,,Longo da via,Bom,Sem defeito,Perfeito estado,Seca,Perfeito estado,Outros,Outras,,Única,Não existe,,,,,,,,
2019-02-20,11:37:00,SEM VÍTIMA,FINALIZADA,IMBIRIBEIRA,RUA PERIMETRAL,,AV RECIFE,CHURRASCARIA SAL E BRASA,RUA PERIMETRAL,,CHURRASCARIA SAL E BRASA,IMBIRIBEIRA,,SUBURBIO,ABALROAMENTO LONGITUDINAL,SEM VÍTIMAS,2,,,,,,,,,0,,Longo da via,Bom,Não existe,Incompleta,Seca,Perfeito estado,Não existe,Não há placas,30 km/h,Dupla,Não existe,,,,,,,,
2019-02-20,11:46:00,SEM VÍTIMA,DUPLICIDADE,IPSEP,AV RECIFE,,,EM FRENTE A LOCAVEL,AV RECIFE,,EM FRENTE A LOCAVEL,IPSEP,,IMBIRIBEIRA,COLISÃO,SEM VITIMAS,2,,,,,,,,,0,,,,,,,,,,,,,,,,,,,,
2019-02-20,11:57:00,SEM VÍTIMA,FINALIZADA,PARNAMIRIM,AV PARNAMIRIM,417,,EM FRENTE AO Nº417,AV PARNAMIRIM,417,EM FRENTE AO Nº417,PARNAMIRIM,,CIDADE,ABALROAMENTO LONGITUDINAL,ENTRE AUTOS S/V,2,,,,,,,,,0,,Longo da via,Bom,Não existe,Perfeito estado,Seca,Perfeito estado,Não existe,,,Única,Não existe,,,,,,,,
2019-02-20,12:11:00,SEM VÍTIMA,FINALIZADA,CABANGA,VIADUTO CAPITAO TEMUDO,,,APÓS A DESCIDA DA ALÇA DE ACESSO A RUA IMPERIAL,VIADUTO CAPITAO TEMUDO,,APÓS A DESCIDA DA ALÇA DE ACESSO A RUA IMPERIAL,CABANGA,,SUBURBIO,ABALROAMENTO LONGITUDINAL,COLISÃO SEM VÍTIMA,1,,,,,1,,,,0,,Viaduto,Bom,Não existe,Ilegível,Seca,Mal conservada,Não existe,Não há placas,,Dupla,Blocos,,,,,,,,
2019-02-20,12:17:00,SEM VÍTIMA,FINALIZADA,BOA VIAGEM,AV CONSELHEIRO AGUIAR,3150,,EM FRENTE AO EDF CEZANNE,AV CONSELHEIRO AGUIAR,3150,EM FRENTE AO EDF CEZANNE,BOA VIAGEM,,CIDADE,COLISÃO TRASEIRA,,2,,,,,,,,,0,,Longo da via,Bom,Sem defeito,Perfeito estado,Seca,Perfeito estado,Outros,Outras,,Única,Faixa seccionada,,,,,,,,
2019-02-20,13:06:00,SEM VÍTIMA,FINALIZADA,BOA VIAGEM,AV FERNANDO SIMOES BARBOSA,,RUA RIBEIRO DE BRITO,,AV FERNANDO SIMOES BARBOSA,,,BOA VIAGEM,,,ABALROAMENTO LONGITUDINAL,ACAMINHÃO X AUTO S/V,1,,,,,,1,,,0,,Cruzamento,Bom,Sem defeito,Perfeito estado,Seca,Perfeito estado,Outros,Outras,,Única,Faixa seccionada,,,,,,,,
2019-02-20,13:43:00,SEM VÍTIMA,FINALIZADA,MACAXEIRA,AV NORTE,,,ROTATÓRIA DA MACAXEIRA,AV NORTE,,ROTATÓRIA DA MACAXEIRA,MACAXEIRA,,SUBURBIO,COLISÃO TRASEIRA,CAMINHÃO X AUTO S/V,1,,,,,,1,,,0,,,Bom,Não existe,Incompleta,Seca,Perfeito estado,Não existe,Não há placas,,Dupla,Canteiro central,,,,,,,,
2019-02-20,13:51:00,SEM VÍTIMA,FINALIZADA,AFOGADOS,AV SUL,,,POSTE B073628,AV SUL,,POSTE B073628,AFOGADOS,,CIDADE,ABALROAMENTO LONGITUDINAL,COLISÃO SEM VÍTIMA,1,,,,,1,,,,0,,Longo da via,Bom,Não existe,Perfeito estado,Seca,Perfeito estado,Não existe,R-6a,,Única,Faixa seccionada,,,,,,,,
2019-02-20,14:16:00,SEM VÍTIMA,CANCELADA,DERBY,RUA JENER DE SOUZA,,,EM FRENTE A PRAÇA DO DERBY,RUA JENER DE SOUZA,,EM FRENTE A PRAÇA DO DERBY,DERBY,,,COLISÃO,COLISÃO SEM VÍTIMA,1,1,,,,,,,,0,,,,,,,,,,,,,,,,,,,,
2019-02-20,14:32:00,SEM VÍTIMA,FINALIZADA,TORRE,AV PROFESSOR ESTEVAO FRANCISCO DA COSTA,,,NO SEMÁFORO 280,AV PROFESSOR ESTEVAO FRANCISCO DA COSTA,,NO SEMÁFORO 280,TORRE,280,CIDADE,ABALROAMENTO TRANSVERSAL,COLISÃO SEM VÍTIMA,2,,,,,,,,,0,,Longo da via,Bom,Sem defeito,Perfeito estado,Seca,Perfeito estado,,Outras,,Dupla,Canal,,,,,,,,
2019-02-20,14:36:00,SEM VÍTIMA,FINALIZADA,BOA VIAGEM,AV DES JOSE NEVES,90,,,AV DES JOSE NEVES,90,,BOA VIAGEM,,,ABALROAMENTO TRANSVERSAL,COLISÃO SEM VÍTIMA,3,,,,,,,,,0,,Longo da via,Bom,Não existe,Perfeito estado,Seca,Perfeito estado,Outros,R-6a,,Dupla,Canal,,,,,,,,
2019-02-20,14:41:00,SEM VÍTIMA,FINALIZADA,TORRE,RUA MARQUES DE MARICA,169,,EDF PRAÇA DAS CAMÉLIAS,RUA MARQUES DE MARICA,169,EDF PRAÇA DAS CAMÉLIAS,TORRE,,CIDADE,ABALROAMENTO TRANSVERSAL,AUTO X MOTO S/V,1,1,,,,,,,,0,,Longo da via,Bom,Não existe,Perfeito estado,Seca,Perfeito estado,Não existe,Outras,,Dupla,Faixa seccionada,,,,,,,,
2019-02-20,15:00:00,SEM VÍTIMA,FINALIZADA,FUNDÃO,AV BEBERIBE,2840,,PRIMEIRA IGREJA BATISTA DO FUNDÃO,AV BEBERIBE,2840,PRIMEIRA IGREJA BATISTA DO FUNDÃO,FUNDÃO,,SUBURBIO,ABALROAMENTO LONGITUDINAL,AUTO E ONIBUS DA CAXANGA,1,,,,,1,,,,0,,Longo da via,Bom,Não existe,Perfeito estado,Seca,Perfeito estado,Não existe,Outras,,Dupla,Canteiro central,,,,,,,,
2019-02-20,15:18:00,SEM VÍTIMA,FINALIZADA,SAN MARTIN,AV GENERAL SAN MARTIN,809,,,AV GENERAL SAN MARTIN,809,,SAN MARTIN,,CIDADE,ABALROAMENTO LONGITUDINAL,COLISÃO SEM VÍTIMA,1,,,,,,1,,,0,,Longo da via,Bom,Não existe,Perfeito estado,Seca,Perfeito estado,Não existe,,,Dupla,Faixa contínua,Faixa seccionada,,,,,,,
2019-02-20,15:29:00,SEM VÍTIMA,CANCELADA,IMBIRIBEIRA,AV PINHEIROS,837,RUA ARQUITETO LUIZ NUNES,,AV PINHEIROS,837,,IMBIRIBEIRA,,,COLISÃO,DOIS AUTOS S/V,2,,,,,,,,,0,,,,,,,,,,,,,,,,,,,,
2019-02-20,15:34:00,SEM VÍTIMA,FINALIZADA,GRAÇAS,AV RUI BARBOSA,,RUA ALBERTO PAIVA,,AV RUI BARBOSA,,,GRAÇAS,305,CIDADE,ABALROAMENTO LONGITUDINAL,ENTRE AUTOS S/V,2,,,,,,,,,0,,Cruzamento,Bom,Sem defeito,Perfeito estado,Seca,Perfeito estado,Faixa de pedestre,Outras,40 km/h,Única,Não existe,,,,,,,,
2019-02-20,15:35:00,SEM VÍTIMA,FINALIZADA,BOA VIAGEM,RUA RIO AZUL,,RUA FRANCISCO DE ASSIS,,RUA RIO AZUL,,,BOA VIAGEM,,CIDADE,ABALROAMENTO LONGITUDINAL,ENTRE DOIS AUTOS S/V,2,,,,,,,,,0,,Longo da via,Bom,Não existe,Incompleta,Seca,Perfeito estado,Não existe,Não há placas,,Única,Faixa seccionada,,,,,,,,
2019-02-20,15:45:00,SEM VÍTIMA,FINALIZADA,BOA VISTA,RUA BARAO DE SAO BORJA,,RUA JOSE DE ALENCAR,,RUA BARAO DE SAO BORJA,,,BOA VISTA,,SUBURBIO,ABALROAMENTO TRANSVERSAL,ENTRE DOIS AUTOS S/V,2,,,,,,,,,0,,Cruzamento,Bom,Não existe,Incompleta,Seca,Perfeito estado,Não existe,Placas Pare,,Única,Não existe,,,,,,,,
2019-02-20,16:35:00,COM VÍTIMA,FINALIZADA,IMBIRIBEIRA,RUA DR TAVARES CORREIA,93,RUA ALLAN KARDEC,EM FRENTE AO POSTO BR E EDF. CAPIBARIBE,RUA DR TAVARES CORREIA,93,EM FRENTE AO POSTO BR E EDF. CAPIBARIBE,IMBIRIBEIRA,,SUBURBIO,ABALROAMENTO LONGITUDINAL,COLISÃO ENVOLVENDO AUTO E MOTO.,1,1,,,,,,,,1,,Não informado,Bom,Não existe,Incompleta,Seca,Perfeito estado,Não existe,Outras,,Única,Não existe,,,,,,,,
2019-02-20,16:51:00,SEM VÍTIMA,FINALIZADA,BOA VISTA,RUA DO PRINCIPE,682,,,RUA DO PRINCIPE,682,,BOA VISTA,,CIDADE,COLISÃO TRASEIRA,AUTO E VAN S/V,1,,,,,,,,1,0,,Longo da via,Bom,Não existe,Perfeito estado,Seca,Perfeito estado,Não existe,Não há placas,,Única,Faixa seccionada,,,,,,,,