data,hora,natureza_acidente,situacao,bairro,endereco,numero,detalhe_endereco_acidente,complemento,endereco_cruzamento,numero_cruzamento,referencia_cruzamento,bairro_cruzamento,num_semaforo,sentido_via,tipo,descricao,auto,moto,ciclom,ciclista,pedestre,onibus,caminhao,viatura,outros,vitimas,vitimasfatais,acidente_verificado,tempo_clima,situacao_semaforo,sinalizacao,condicao_via,conservacao_via,ponto_controle,situacao_placa,velocidade_max_via,mao_direcao,divisao_via1,divisao_via2,divisao_via3,,,,,,
2019-02-22,05:10:00,SEM VÍTIMA,FINALIZADA,AFOGADOS,RUA NICOLAU PEREIRA,,RUA DA PAZ,,RUA NICOLAU PEREIRA,,,AFOGADOS,73,SUBURBIO,ABALROAMENTO LONGITUDINAL,COLISÃO ENTRE AUTO E ÔNIBUS, SEM VÍTIMAS.,1,,,,,1,,,,0,,Cruzamento,Chuvoso,Sem defeito,Perfeito estado,Molhada,Perfeito estado,Faixa de pedestre,Outras,40 km/h,Única,Faixa seccionada,,,,,,,
2019-02-22,05:17:00,VÍTIMA FATAL,FINALIZADA,TEJIPIÓ,AV LIBERDADE,533,,PROX AO MERCADINHO COMPRE MAIS E PROX DA ANTIGA DELEGACIA DE ROUBOS E FURTOS,AV LIBERDADE,533,PROX AO MERCADINHO COMPRE MAIS E PROX DA ANTIGA DELEGACIA DE ROUBOS E FURTOS,TEJIPIÓ,,SUBURBIO,CHOQUE OBJETO FIXO,COLISÃO ENTRE AUTO E MOTO COM VITIMA, AUTO EVADIU DO LOCAL,1,1,,,,,,,,1,1,Longo da via,Chuvoso,Não existe,Perfeito estado,Molhada,Perfeito estado,Não existe,R-6a,,Dupla,Faixa,,,,,,,
2019-02-22,06:16:00,COM VÍTIMA,CANCELADA,ARRUDA,RUA DAS MOCAS,,AV BEBERIBE,,RUA DAS MOCAS,,,ARRUDA,,,COLISÃO,,1,1,,,,,,,,1,,,,,,,,,,,,,,,,,,,,
2019-02-22,07:24:00,SEM VÍTIMA,FINALIZADA,NOVA DESCOBERTA,RUA NOVA DESCOBERTA,144,,EM FRENTE A FARMACIA DO LARGO,RUA NOVA DESCOBERTA,144,EM FRENTE A FARMACIA DO LARGO,NOVA DESCOBERTA,,,CHOQUE,VEICULO CHOCOU- SE COM A ARVORE,,,,,,,1,,,0,,,,,,,,,,,,,,,,,,,,
2019-02-22,07:27:00,SEM VÍTIMA,FINALIZADA,ARRUDA,AV BEBERIBE,1359,RUA JOSE AUSTREGESILO,E/F AO CARTÓRIO CIVIL DO 15º DISTRITO JUDICIARIO,AV BEBERIBE,1359,E/F AO CARTÓRIO CIVIL DO 15º DISTRITO JUDICIARIO,ARRUDA,492,CIDADE,ABALROAMENTO LONGITUDINAL,SEM VÍTIMAS,1,1,,,,,,,,0,,Cruzamento,Bom,Sem defeito,Perfeito estado,Seca,Perfeito estado,Faixa de pedestre,Outras,,Dupla,Faixa contínua,,,,,,,,
2019-02-22,07:44:00,SEM VÍTIMA,FINALIZADA,SANTO AMARO,AV NORTE,,,SOBRE A PONTE DO LIMOEIRO,AV NORTE,,SOBRE A PONTE DO LIMOEIRO,SANTO AMARO,243,CIDADE,COLISÃO TRASEIRA,DOIS AUTOS,2,,,,,,,,,0,,Ponte,Bom,Sem defeito,Perfeito estado,Seca,Perfeito estado,Agente,,,Dupla,Faixa contínua,,,,,,,,
2019-02-22,08:43:00,SEM VÍTIMA,FINALIZADA,MADALENA,RUA BENFICA,,,E/F AO MARTELINHO DE OURO,RUA BENFICA,,E/F AO MARTELINHO DE OURO,MADALENA,,,COLISÃO,SEM VÍTIMAS,1,1,,,,,,,,0,,,,,,,,,,,,,,,,,,,,
2019-02-22,08:49:00,SEM VÍTIMA,FINALIZADA,BEBERIBE,AV BEBERIBE,,,LADO OPOSTO AO MAX SAUDE,AV BEBERIBE,,LADO OPOSTO AO MAX SAUDE,BEBERIBE,314,CIDADE,COLISÃO TRASEIRA,SEM VITIMAS,2,1,,,,,,,,0,,Longo da via,Bom,Sem defeito,Perfeito estado,Seca,Perfeito estado,Faixa de pedestre,R-6a,,Dupla,Faixa contínua,,,,,,,,
2019-02-22,09:06:00,SEM VÍTIMA,FINALIZADA,IPSEP,AV RECIFE,3405,,EM FRENTE AO RESIDENCIAL VILA DA SUDENE,AV RECIFE,3405,EM FRENTE AO RESIDENCIAL VILA DA SUDENE,IPSEP,,SUBURBIO,COLISÃO TRASEIRA,SEM VÍTIMAS,2,,,,,,,,,0,,Longo da via,Bom,Não existe,Perfeito estado,Seca,Mal conservada,Não existe,Outras,60 km/h,Dupla,Canteiro central,,,,,,,,
2019-02-22,09:29:00,COM VÍTIMA,FINALIZADA,AFOGADOS,RUA DA PAZ,,,EM FRENTE A INDUSTRIA ASA,RUA DA PAZ,,EM FRENTE A INDUSTRIA ASA,AFOGADOS,73,SUBURBIO,COLISÃO TRASEIRA,COM UMA VITIMA,1,1,,,,,,,,1,,Longo da via,Bom,Sem defeito,Perfeito estado,Seca,Perfeito estado,Faixa de retenção,Não há placas,,Única,Faixa seccionada,,,,,,,,
2019-02-22,09:53:00,SEM VÍTIMA,FINALIZADA,SANTO AMARO,AV JOAO DE BARROS,903,RUA DOM VITAL,,AV JOAO DE BARROS,903,,SANTO AMARO,412,SUBURBIO,COLISÃO TRASEIRA,SEM VITIMAS,2,,,,,,,,,0,,Longo da via,Bom,Sem defeito,Perfeito estado,Seca,Perfeito estado,Faixa de pedestre,Outras,,Dupla,Canteiro central,,,,,,,,
2019-02-22,10:13:00,SEM VÍTIMA,FINALIZADA,IBURA,AV DOIS RIOS,,,IGREJA PAZ E VIDA,AV DOIS RIOS,,IGREJA PAZ E VIDA,IBURA,,CIDADE,COLISÃO TRASEIRA,SEM VITIMAS,2,,,,,,,,,0,,Longo da via,Bom,Não existe,Perfeito estado,Seca,Perfeito estado,Não existe,Não há placas,40 km/h,Dupla,Faixa contínua,,,,,,,,
2019-02-22,10:37:00,COM VÍTIMA,FINALIZADA,ESTÂNCIA,AV RECIFE,3797,,LADO OPOSTO AO MAKRO, EM FRENTE A TAMBAÍ.,AV RECIFE,3797,LADO OPOSTO AO MAKRO, EM FRENTE A TAMBAÍ.,ESTÂNCIA,,CEASA,ABALROAMENTO LONGITUDINAL,COLISÃO ENVOLVENDO AUTO E MOTONETA.,1,,1,,,,,,,1,,Longo da via,Bom,Não existe,Perfeito estado,Seca,Perfeito estado,Não existe,Outras,,Dupla,Canteiro central,,,,,,
2019-02-22,10:42:00,SEM VÍTIMA,CANCELADA,BOA VIAGEM,AV CONSELHEIRO AGUIAR,70,RUA BARAO DE SOUZA LEAO,EM FRENTE AO EDF RIO BRANCO,AV CONSELHEIRO AGUIAR,70,EM FRENTE AO EDF RIO BRANCO,BOA VIAGEM,419,,COLISÃO,SEM VITIMAS,1,,,,,1,,,,0,,,,,,,,,,,,,,,,,,,,
2019-02-22,10:52:00,SEM VÍTIMA,FINALIZADA,BOA VIAGEM,AV ENGENHEIRO DOMINGOS FERREIRA,,RUA ARTUR MUNIZ,,AV ENGENHEIRO DOMINGOS FERREIRA,,,BOA VIAGEM,,SUBURBIO,ABALROAMENTO LONGITUDINAL,SEM VÍTIMAS OS DOIS VEÍCULOS ESTÃO IMPOSSIBILITADOS DE SEREM REMOVIDOS DO LOCAL.,2,,,,,,,,,0,,Cruzamento,Bom,Sem defeito,Perfeito estado,Seca,Perfeito estado,Faixa de pedestre,Outras,60 km/h,Única,Canteiro central,,,,,,,,
2019-02-22,10:53:00,SEM VÍTIMA,FINALIZADA,IMBIRIBEIRA,RUA GENERAL GOES MONTEIRO,61,RUA CONEGO LIRA,PRÓXIMO AO Nº 61,RUA GENERAL GOES MONTEIRO,61,PRÓXIMO AO Nº 61,IMBIRIBEIRA,,CIDADE,ABALROAMENTO TRANSVERSAL,SEM VITIMAS,2,,,,,,,,,0,,Cruzamento,Bom,Não existe,Não existente,Seca,Perfeito estado,Não existe,Não há placas,30 km/h,Dupla,Não existe,,,,,,,,
2019-02-22,11:37:00,SEM VÍTIMA,FINALIZADA,BOA VIAGEM,RUA JOSE MARIA DE MIRANDA,,AV ENGENHEIRO DOMINGOS FERREIRA,BAR DO PAULINHO,RUA JOSE MARIA DE MIRANDA,,BAR DO PAULINHO,BOA VIAGEM,484,SUBURBIO,ABALROAMENTO LONGITUDINAL,AUTO E CAMINHÃO,1,,,,,,1,,,0,,Cruzamento,Bom,Sem defeito,Perfeito estado,Seca,Perfeito estado,,Não há placas,30 km/h,Única,,,,,,,,,
2019-02-22,11:47:00,SEM VÍTIMA,FINALIZADA,BOMBA DO HEMETÉRIO,RUA ARLINDO CISNEIRO,237,,,RUA ARLINDO CISNEIRO,237,,BOMBA DO HEMETÉRIO,,CIDADE,ABALROAMENTO LONGITUDINAL,CAMINHAO E AUTO,,,,,,1,1,,,0,,Longo da via,Bom,Não existe,Perfeito estado,Seca,Perfeito estado,Não existe,Não há placas,40 km/h,Dupla,Faixa seccionada,,,,,,,,
2019-02-22,11:48:00,SEM VÍTIMA,FINALIZADA,PAISSANDU,AV GOVERNADOR AGAMENON MAGALHAES,3265,,AO LADO DO CERPE,AV GOVERNADOR AGAMENON MAGALHAES,3265,AO LADO DO CERPE,PAISSANDU,,,COLISÃO TRASEIRA,DOIS AUTOS,2,,,,,,,,,0,,Longo da via,Bom,Não existe,Perfeito estado,Seca,Perfeito estado,,Não há placas,60 km/h,Dupla,Canteiro central,Canal,,,,,,,
2019-02-22,13:17:00,SEM VÍTIMA,FINALIZADA,BOA VISTA,AV MANOEL BORBA,,RUA DA SOLEDADE,,AV MANOEL BORBA,,,BOA VISTA,,CIDADE,ABALROAMENTO LONGITUDINAL,ENTRE AUTOS S/V.,2,,,,,,,,,0,,Cruzamento,Bom,Sem defeito,Perfeito estado,Seca,Perfeito estado,Faixa de pedestre,R-6a,,Única,Faixa seccionada,,,,,,,,
2019-02-22,13:29:00,SEM VÍTIMA,PENDENTE,JIQUIÁ,RUA SAO MIGUEL,1758,,EM FRENTE AO ATACAREJO,RUA SAO MIGUEL,1758,EM FRENTE AO ATACAREJO,JIQUIÁ,,,COLISÃO,AUTO E MOTO S/V,1,1,,,,,,,,0,,,,,,,,,,,,,,,,,,,,
2019-02-22,14:47:00,COM VÍTIMA,FINALIZADA,GRAÇAS,RUA DAS CREOULAS,,RUA JOAQUIM NABUCO,EM FRENTE AO MACUNAÍMA, SENTIDO JAYME DA FONTE,RUA DAS CREOULAS,,EM FRENTE AO MACUNAÍMA, SENTIDO JAYME DA FONTE,GRAÇAS,,,ATROPELAMENTO,ATROPELAMENTO ENVOLVENDO MOTO E PEDESTRE.,,1,,,1,,,,,2,,Cruzamento,Bom,Sem defeito,Perfeito estado,Seca,Perfeito estado,Faixa de pedestre,Outras,,Única,Faixa contínua,,,,,,
2019-02-22,15:30:00,SEM VÍTIMA,FINALIZADA,SAN MARTIN,RUA ARSENIO CALACA,472,RUA VISCONDE DE PORTO SEGURO,NA RUA DO BPTRAN,RUA ARSENIO CALACA,472,NA RUA DO BPTRAN,SAN MARTIN,,CIDADE,ABALROAMENTO TRANSVERSAL,COLISAO ENTRE AUTO E MOTO S/V,1,1,,,,,,,,0,,Cruzamento,Bom,Não existe,Não existente,Seca,Perfeito estado,,Não há placas,,Dupla,Faixa seccionada,,,,,,,,
2019-02-22,15:31:00,SEM VÍTIMA,FINALIZADA,VÁRZEA,RUA PROFESSOR CHAVES BATISTA,510,RUA EMILIANO BRAGA,,RUA PROFESSOR CHAVES BATISTA,510,,VÁRZEA,,CIDADE,ABALROAMENTO LONGITUDINAL,CAMINHÃO X AUTO S/V,1,,,,,,1,,,0,,,Bom,Não existe,Não existente,Seca,Perfeito estado,Não existe,Não há placas,,Única,Não existe,,,,,,,,
2019-02-22,15:41:00,SEM VÍTIMA,FINALIZADA,CORDEIRO,RUA MARIA QUITERIA,100,RUA ANTERO MOTA,,RUA MARIA QUITERIA,100,,CORDEIRO,,SUBURBIO,ABALROAMENTO LONGITUDINAL,ENTRE AUTOS S/V.,2,,,,,,,,,0,,,Bom,Não existe,Não existente,Seca,Perfeito estado,Não existe,Não há placas,,Única,Não existe,,,,,,,,
2019-02-22,15:44:00,SEM VÍTIMA,FINALIZADA,,RUA VISCONDE DE JEQUITINHONHA,,RUA BALTAZAR PASSOS,,RUA VISCONDE DE JEQUITINHONHA,,,,154,SUBURBIO,COLISÃO TRASEIRA,ENTRE DOIS AUTOS S/V,2,,,,,,,,,0,,Cruzamento,Bom,Sem defeito,Perfeito estado,Seca,Perfeito estado,Faixa de pedestre,Não há placas,,Única,Faixa seccionada,,,,,,,,
2019-02-22,15:53:00,SEM VÍTIMA,FINALIZADA,BOA VIAGEM,AV BOA VIAGEM,1044,,EDF JULIANA DIAS,AV BOA VIAGEM,1044,EDF JULIANA DIAS,BOA VIAGEM,,CIDADE,ABALROAMENTO LONGITUDINAL,AUTO X MOTO S/V,1,1,,,,,,,,0,,Longo da via,Bom,Não existe,Perfeito estado,Seca,Perfeito estado,Não existe,Outras,60 km/h,Única,Faixa seccionada,,,,,,,,
2019-02-22,16:19:00,SEM VÍTIMA,CANCELADA,ÁGUA FRIA,RUA SAO SEBASTIAO,526,,PRÓX À IGREJA DEUS É AMOR,RUA SAO SEBASTIAO,526,PRÓX À IGREJA DEUS É AMOR,ÁGUA FRIA,,,COLISÃO,ENTRE AUTOS S/V,2,,,,,,,,,0,,,,,,,,,,,,,,,,,,,,
2019-02-22,16:46:00,SEM VÍTIMA,FINALIZADA,CORDEIRO,RUA GOMES TABORDA,298,,,RUA GOMES TABORDA,298,,CORDEIRO,,SUBURBIO,COLISÃO TRASEIRA,ENTRE AUTOS S/V,2,,,,,,,,,0,,Longo da via,Bom,Não existe,Perfeito estado,Seca,Perfeito estado,Não existe,R-6a,,Dupla,Faixa seccionada,,,,,,,,
2019-02-22,16:52:00,SEM VÍTIMA,FINALIZADA,ENCRUZILHADA,AV JOAO DE BARROS,1629,RUA ALFREDO DE CASTRO,A RUA EM FRENTE A CONFEDERAÇÃO ESPIRITA PERNAMBUCANA,AV JOAO DE BARROS,1629,A RUA EM FRENTE A CONFEDERAÇÃO ESPIRITA PERNAMBUCANA,ENCRUZILHADA,,SUBURBIO,ABALROAMENTO LONGITUDINAL,COLISÃO SEM VITIMAS,1,,,,,1,,,,0,,,Bom,Não existe,Perfeito estado,Seca,Perfeito estado,Não existe,Outras,,Única,Faixa seccionada,,,,,,,,
2019-02-22,17:04:00,SEM VÍTIMA,CANCELADA,BOA VIAGEM,RUA VISCONDE DE JEQUITINHONHA,,,PROX. AO SO CALDINHO E O PONTEIO,RUA VISCONDE DE JEQUITINHONHA,,PROX. AO SO CALDINHO E O PONTEIO,BOA VIAGEM,,,COLISÃO,COLISÃO SEM VITIMAS,1,1,,,,,,,,0,,,,,,,,,,,,,,,,,,,,
2019-02-22,17:05:00,SEM VÍTIMA,DUPLICIDADE,ESPINHEIRO,AV JOAO DE BARROS,,RUA ALFREDO DE CASTRO,PRÓX AO COLÉGIO SABER VIVER E À FEDERAÇÃO ESPÍRITA PERNAMBUCADA,AV JOAO DE BARROS,,PRÓX AO COLÉGIO SABER VIVER E À FEDERAÇÃO ESPÍRITA PERNAMBUCADA,ESPINHEIRO,,,COLISÃO,AUTO X ÔNIBUS S/V,1,,,,,1,,,,0,,,,,,,,,,,,,,,,,,,,
2019-02-22,17:10:00,SEM VÍTIMA,FINALIZADA,BOA VIAGEM,RUA DOS NAVEGANTES,2563,RUA DONA BENVINDA DE FARIAS,,RUA DOS NAVEGANTES,2563,,BOA VIAGEM,,SUBURBIO,COLISÃO TRASEIRA,ENTRE DOIS AUTOS,2,,,,,,,,,0,,Longo da via,Bom,Não existe,Ilegível,Seca,Perfeito estado,Não existe,Outras,,Única,Faixa seccionada,,,,,,,,
2019-02-22,17:58:00,SEM VÍTIMA,FINALIZADA,GUABIRABA,AV DA RECUPERACAO,,,EM FRENTE AO Nº 212,AV DA RECUPERACAO,,EM FRENTE AO Nº 212,GUABIRABA,,,COLISÃO TRASEIRA,ÔNIBUS X AUTO S/V,1,,,,,1,,,,0,,Longo da via,Bom,Não existe,Incompleta,Seca,Perfeito estado,Não existe,Não há placas,,Dupla,Não existe,,,,,,,,
2019-02-22,18:15:00,SEM VÍTIMA,FINALIZADA,SANTO AMARO,AV NORTE,,,EM FRENTE A PRAÇA CASTRO ALVES,AV NORTE,,EM FRENTE A PRAÇA CASTRO ALVES,SANTO AMARO,,CIDADE,ABALROAMENTO LONGITUDINAL,PALIO X ONIBUS PEDROSA,1,,,,,1,,,,0,,Longo da via,Bom,Sem defeito,Perfeito estado,Seca,Perfeito estado,Faixa de pedestre,R-6a,,Dupla,Faixa seccionada,,,,,,,,
2019-02-22,18:31:00,COM VÍTIMA,FINALIZADA,AFOGADOS,EST DOS REMEDIOS,1603,RUA PADRE TEOFILO TWORZ,CONCESSIONÁRIA HYUNDAI,EST DOS REMEDIOS,1603,CONCESSIONÁRIA HYUNDAI,AFOGADOS,390,CIDADE,COLISÃO COM CICLISTA,COLISÃO ENVOLVENDO AUTO E CICLISTA.,1,,,1,,,,,,1,,Cruzamento,Bom,Sem defeito,Perfeito estado,Seca,Perfeito estado,Faixa de pedestre,R-6a,,Única,Faixa contínua,,,,,,,,
2019-02-22,18:37:00,SEM VÍTIMA,FINALIZADA,GRAÇAS,RUA AMELIA,,RUA ANTONIO NOVAIS,PROX AO COLEGIO PRESBITERIANO AGNES,RUA AMELIA,,PROX AO COLEGIO PRESBITERIANO AGNES,GRAÇAS,178,CIDADE,COLISÃO TRASEIRA,HB 20 X FIESTA,2,,,,,,,,,0,,Longo da via,Bom,Sem defeito,Perfeito estado,Seca,Perfeito estado,Faixa de pedestre,Outras,,Única,Faixa seccionada,,,,,,,,
2019-02-22,19:24:00,SEM VÍTIMA,FINALIZADA,DERBY,AV GOVERNADOR AGAMENON MAGALHAES,,,SEMÁFORO 174,AV GOVERNADOR AGAMENON MAGALHAES,,SEMÁFORO 174,DERBY,174,,ABALROAMENTO LONGITUDINAL,ENTRE 2 AUTOS. S/V,2,,,,,,,,,0,,Longo da via,Bom,Sem defeito,Perfeito estado,Seca,Perfeito estado,Faixa de pedestre,,,Dupla,Canal,,,,,,,,
2019-02-22,19:44:00,COM VÍTIMA,FINALIZADA,SÃO JOSÉ,AV DANTAS BARRETO,,RUA DO PEIXOTO,PROX AOS CAMELODROMOS,AV DANTAS BARRETO,,PROX AOS CAMELODROMOS,SÃO JOSÉ,181,SUBURBIO,ABALROAMENTO TRANSVERSAL,COLISÃO ENVOLVENDO AUTO E MOTO.,1,1,,,,,,,,1,,Cruzamento,Bom,Sem defeito,Perfeito estado,Seca,Perfeito estado,Faixa de pedestre,Não há placas,,Única,Não existe,,,,,,,,
2019-02-22,20:07:00,SEM VÍTIMA,FINALIZADA,AFLITOS,RUA DR JOSE MARIA,,RUA CAPITAO SAMPAIO XAVIER,E/F AO PORTAL DA PICANHA,RUA DR JOSE MARIA,,E/F AO PORTAL DA PICANHA,AFLITOS,,SUBURBIO,ABALROAMENTO TRANSVERSAL,ENTRE 2 AUTOS. S/V,2,,,,,,,,,0,,,Bom,Não existe,Perfeito estado,Seca,Perfeito estado,,,,Dupla,,,,,,,,,
2019-02-22,20:24:00,SEM VÍTIMA,FINALIZADA,SANTO AMARO,AV GOVERNADOR AGAMENON MAGALHAES,,,ACADEMIA DA CIDADE,AV GOVERNADOR AGAMENON MAGALHAES,,ACADEMIA DA CIDADE,SANTO AMARO,,SUBURBIO,ABALROAMENTO LONGITUDINAL,ONIBUS X LOGAN,1,,,,,1,,,,0,,Longo da via,Bom,Sem defeito,Perfeito estado,Seca,Perfeito estado,,Outras,60 km/h,Única,Faixa seccionada,,,,,,,,
2019-02-22,22:06:00,SEM VÍTIMA,FINALIZADA,GRAÇAS,AV BEIRA RIO,1219,RUA CLOVIS BEVILAQUA,,AV BEIRA RIO,1219,,GRAÇAS,,CIDADE,ABALROAMENTO TRANSVERSAL,SAVEIRO X FIAT STRADA,2,,,,,,,,,0,,,Bom,Não existe,Perfeito estado,Seca,Perfeito estado,,Placas Pare,,Dupla,,,,,,,,,
2019-02-22,23:22:00,SEM VÍTIMA,CANCELADA,PINA,AV HERCULANO BANDEIRA,,,E/F A JBS / APÓS O ATACADO DA CONSTRUÇÃO / NA DESCIDA DO VIADUTO,AV HERCULANO BANDEIRA,,E/F A JBS / APÓS O ATACADO DA CONSTRUÇÃO / NA DESCIDA DO VIADUTO,PINA,,,COLISÃO,ENTRE 2 AUTOS. S/V,2,,,,,,,,,0,,,,,,,,,,,,,,,,,,,,
2019-02-23,00:31:00,SEM VÍTIMA,FINALIZADA,IBURA,AV DOM HELDER CAMARA,,,EM FRENTE AO JUNIOR CAR,AV DOM HELDER CAMARA,,EM FRENTE AO JUNIOR CAR,IBURA,,SUBURBIO,ABALROAMENTO LONGITUDINAL,COLISÃO ENTRE DOIS AUTOS, SEM VÍTIMAS.,2,,,,,,,,,0,,Longo da via,Bom,Sem defeito,Perfeito estado,Seca,Perfeito estado,Não existe,Não há placas,,Única,Faixa seccionada,,,,,,,
2019-02-23,01:24:00,SEM VÍTIMA,CANCELADA,AREIAS,AV TENENTE FELIPE BANDEIRA DE MELO,,RUA GENERAL FRANCISCO FIGUEIROA,PROX DA CENTRAL DO SANDUICHE,AV TENENTE FELIPE BANDEIRA DE MELO,,PROX DA CENTRAL DO SANDUICHE,AREIAS,,,COLISÃO,COLISÃO ENTRE DOIS AUTOS S/V,2,,,,,,,,,0,,,,,,,,,,,,,,,,,,,,
2019-02-23,06:35:00,SEM VÍTIMA,CANCELADA,MADALENA,RUA BENFICA,,,EM FRENTE AO CLUBE INTERNACIONAL,RUA BENFICA,,EM FRENTE AO CLUBE INTERNACIONAL,MADALENA,515,,COLISÃO,COLISÃO SEM VITIMAS,2,,,,,,,,,0,,,,,,,,,,,,,,,,,,,,
2019-02-23,07:10:00,COM VÍTIMA,FINALIZADA,IPSEP,AV RECIFE,,,EM FRENTE AO POSTO DE GASOLINA IPIRANGA,AV RECIFE,,EM FRENTE AO POSTO DE GASOLINA IPIRANGA,IPSEP,393,SUBURBIO,ABALROAMENTO TRANSVERSAL,COLISÃO ENVOLVENDO AUTO E MOTO.,1,1,,,,,,,,1,,Longo da via,Bom,Sem defeito,Perfeito estado,Seca,Perfeito estado,Faixa de pedestre,Outras,60 km/h,Única,Faixa contínua,,,,,,,,
2019-02-23,07:45:00,SEM VÍTIMA,FINALIZADA,AREIAS,AV RECIFE,844,,EMJ VEÍCULOS,AV RECIFE,844,EMJ VEÍCULOS,AREIAS,59,CIDADE,TOMBAMENTO,,,,,,,,1,,1,0,,Longo da via,Bom,Sem defeito,Perfeito estado,Seca,Perfeito estado,Faixa de pedestre,,,Dupla,Canteiro central,,,,,,,,
2019-02-23,08:13:00,SEM VÍTIMA,FINALIZADA,LINHA DO TIRO,RUA URIEL DE HOLANDA,1359,,EM FRENTE AO CAMPO DO CAFÉ,RUA URIEL DE HOLANDA,1359,EM FRENTE AO CAMPO DO CAFÉ,LINHA DO TIRO,,SUBURBIO,COLISÃO TRASEIRA,COLISÃO SEM VITIMAS,2,,,,,,,,,0,,Longo da via,Bom,Não existe,Perfeito estado,Seca,Perfeito estado,Não existe,Placas Pare,,Dupla,Faixa contínua,Faixa seccionada,,,,,,,
2019-02-23,08:15:00,SEM VÍTIMA,FINALIZADA,SANTO AMARO,AV CRUZ CABUGA,,,LADO OPOSTO AO HOSPITAL NAVAL DO RECIFE,AV CRUZ CABUGA,,LADO OPOSTO AO HOSPITAL NAVAL DO RECIFE,SANTO AMARO,,CIDADE,ABALROAMENTO TRANSVERSAL,DOIS AUTOS,2,,,,,,,,,0,,Longo da via,Bom,Não existe,Perfeito estado,Seca,Perfeito estado,Não existe,Não há placas,,Dupla,Faixa contínua,,,,,,,,
2019-02-23,08:43:00,SEM VÍTIMA,CANCELADA,BOA VIAGEM,AV BOA VIAGEM,3456,,EM FRETE A O EDF REMBRANDT,AV BOA VIAGEM,3456,EM FRETE A O EDF REMBRANDT,BOA VIAGEM,,,COLISÃO,DOIS AUTOS,2,,,,,,,,,0,,,,,,,,,,,,,,,,,,,,
2019-02-23,08:47:00,COM VÍTIMA,FINALIZADA,JORDÃO,AV MARIA IRENE,261,RUA ANTONIO ROCHA,AO LADO DA BASE DA AERONAUTICA.,AV MARIA IRENE,261,AO LADO DA BASE DA AERONAUTICA.,JORDÃO,,CIDADE,COLISÃO TRASEIRA,COLISÃO ENVOLVENDO CAMINHONETE, MICRO-ÔNIBUS E MOTO.,2,1,,,,,,,,1,,Longo da via,Bom,Não existe,Não existente,Seca,Perfeito estado,Não existe,Não há placas,,Dupla,Não existe,,,,,,,
2019-02-23,09:28:00,SEM VÍTIMA,CANCELADA,BOA VIAGEM,RUA VISCONDE DE JEQUITINHONHA,,RUA DR LUIZ INACIO PESSOA DE MELO,EM FRENTE AO HOTEL RECIFE FLAT,RUA VISCONDE DE JEQUITINHONHA,,EM FRENTE AO HOTEL RECIFE FLAT,BOA VIAGEM,,,COLISÃO,COLISÃO SEM VITIMAS,2,,,,,,,,,0,,,,,,,,,,,,,,,,,,,,
2019-02-23,10:10:00,SEM VÍTIMA,FINALIZADA,DERBY,AV GOVERNADOR AGAMENON MAGALHAES,2291,,LADO OPOSTO AO MEMORIAL SAO JOSE,AV GOVERNADOR AGAMENON MAGALHAES,2291,LADO OPOSTO AO MEMORIAL SAO JOSE,DERBY,68,,COLISÃO TRASEIRA,TRES AUTOS,3,,,,,,,,,0,,Longo da via,Bom,Sem defeito,Perfeito estado,Seca,Perfeito estado,Faixa de pedestre,R-6a,60 km/h,Dupla,Faixa contínua,Faixa seccionada,Canal,,,,,,
2019-02-23,10:20:00,SEM VÍTIMA,FINALIZADA,ILHA DO RETIRO,RUA SPORT CLUBE DO RECIFE,,,EM FRENTE A AO SPORT CLUBE DO RECIFE,RUA SPORT CLUBE DO RECIFE,,EM FRENTE A AO SPORT CLUBE DO RECIFE,ILHA DO RETIRO,,CIDADE,COLISÃO TRASEIRA,COLISÃO SEM VITIMAS,1,,,,,,,2,,0,,Longo da via,Bom,Não existe,Perfeito estado,Seca,Perfeito estado,Não existe,R-6a,,Única,Faixa seccionada,,,,,,,,
2019-02-23,10:22:00,SEM VÍTIMA,CANCELADA,ESPINHEIRO,RUA MARQUES DO PARANA,141,,ESQUINA COM O LAVA JATO,RUA MARQUES DO PARANA,141,ESQUINA COM O LAVA JATO,ESPINHEIRO,,,COLISÃO,DOIS AUTOS,2,,,,,,,,,0,,,,,,,,,,,,,,,,,,,,
2019-02-23,10:33:00,COM VÍTIMA,CANCELADA,APIPUCOS,AV DEZESSETE DE AGOSTO,,RUA MANDACARU,EM FRENTE AO POSTO BR,AV DEZESSETE DE AGOSTO,,EM FRENTE AO POSTO BR,APIPUCOS,500,,COLISÃO,COM UMA VITIMA,1,2,,,,,,,,1,,,,,,,,,,,,,,,,,,,,
2019-02-23,10:50:00,SEM VÍTIMA,FINALIZADA,CASA FORTE,AV DEZESSETE DE AGOSTO,1723,,EM FRENTE A EXTRAFARMA,AV DEZESSETE DE AGOSTO,1723,EM FRENTE A EXTRAFARMA,CASA FORTE,469,CIDADE,CHOQUE VEÍCULO PARADO,COLISÃO SEM VITIMAS,1,,,,,1,,,,0,,Longo da via,Bom,Sem defeito,Perfeito estado,Seca,Perfeito estado,Faixa de pedestre,R-6a,60 km/h,Dupla,Faixa contínua,,,,,,,,
2019-02-23,11:45:00,SEM VÍTIMA,FINALIZADA,APIPUCOS,AV NORTE,,,LADO OPOSTO AO POSTE J009363,AV NORTE,,LADO OPOSTO AO POSTE J009363,APIPUCOS,,SUBURBIO,ABALROAMENTO LONGITUDINAL,COLISÃO SEM VITIMAS,2,,,,,,,,,0,,Longo da via,Bom,Não existe,Perfeito estado,Seca,Perfeito estado,Não existe,R-6a,60 km/h,Dupla,Blocos,,,,,,,,
2019-02-23,12:02:00,SEM VÍTIMA,FINALIZADA,IMBIRIBEIRA,RUA JOAQUIM BANDEIRA,268,AV SUL,,RUA JOAQUIM BANDEIRA,268,,IMBIRIBEIRA,,,ABALROAMENTO TRANSVERSAL,COLISÃO SEM VÍTIMA,1,1,,,,,,,,0,,Cruzamento,Bom,Não existe,Não existente,Seca,Perfeito estado,Não existe,Não há placas,,Única,Faixa seccionada,,,,,,,,