data,hora,natureza_acidente,situacao,bairro,endereco,numero,detalhe_endereco_acidente,complemento,endereco_cruzamento,numero_cruzamento,referencia_cruzamento,bairro_cruzamento,num_semaforo,sentido_via,tipo,descricao,auto,moto,ciclom,ciclista,pedestre,onibus,caminhao,viatura,outros,vitimas,vitimasfatais,acidente_verificado,tempo_clima,situacao_semaforo,sinalizacao,condicao_via,conservacao_via,ponto_controle,situacao_placa,velocidade_max_via,mao_direcao,divisao_via1,divisao_via2,divisao_via3,,,,,,
2019-02-23,12:12:00,SEM VÍTIMA,FINALIZADA,NOVA DESCOBERTA,AV VEREADOR OTACILIO AZEVEDO,2332,RUA DR ANTONIO DA ROSA BORGES,,AV VEREADOR OTACILIO AZEVEDO,2332,,NOVA DESCOBERTA,,SUBURBIO,ABALROAMENTO LONGITUDINAL,ONIBUS E AUTO,1,,,,,1,,,,0,,,Bom,Não existe,Perfeito estado,Seca,Perfeito estado,Não existe,R-6a,,Dupla,Não existe,,,,,,,,
2019-02-23,12:23:00,SEM VÍTIMA,FINALIZADA,PINA,RUA MANOEL DE BRITO,243,,POR TRÁS DO MOTEL CORPUS,RUA MANOEL DE BRITO,243,POR TRÁS DO MOTEL CORPUS,PINA,,SUBURBIO,COLISÃO TRASEIRA,COLISÃO SEM VÍTIMA,3,,,,,,,,,0,,Longo da via,Bom,Não existe,Perfeito estado,Seca,Perfeito estado,,R-6a,,Única,Faixa seccionada,Canteiro central,,,,,,,
2019-02-23,12:47:00,SEM VÍTIMA,FINALIZADA,SÃO JOSÉ,RUA IMPERIAL,1198,RUA LOURENCO DA SILVA,AO LADO DA PANIFICADORA PÃO PÃO,RUA IMPERIAL,1198,AO LADO DA PANIFICADORA PÃO PÃO,SÃO JOSÉ,,SUBURBIO,ABALROAMENTO TRANSVERSAL,DOIS AUTO,2,,,,,,,,,0,,Cruzamento,Bom,Não existe,Perfeito estado,Seca,Perfeito estado,Não existe,R-25b,40 km/h,Única,Faixa seccionada,,,,,,,,
2019-02-23,13:33:00,SEM VÍTIMA,CANCELADA,BOA VIAGEM,AV BOA VIAGEM,6500,,EM FRENTE AO EDIFICIO EL GRECO,AV BOA VIAGEM,6500,EM FRENTE AO EDIFICIO EL GRECO,BOA VIAGEM,,,COLISÃO,COLISÃO SEM VÍTIMA,2,,,,,,,,,0,,,,,,,,,,,,,,,,,,,,
2019-02-23,13:38:00,SEM VÍTIMA,FINALIZADA,SANTO AMARO,AV DA SAUDADE,,,RUA TREZE DE MAIO,,AV DA SAUDADE,,,,SANTO AMARO,428,SUBURBIO,ABALROAMENTO TRANSVERSAL,DOIS AUTOS,1,,,,,,,,,0,,Cruzamento,Bom,Sem defeito,Perfeito estado,Seca,Perfeito estado,Faixa de pedestre,Não há placas,,Dupla,Faixa contínua,,,,,,
2019-02-23,13:39:00,SEM VÍTIMA,FINALIZADA,TORRE,RUA JOSE BONIFACIO,,,EM FRENTE AO SEMÁFORO Nº 301,RUA JOSE BONIFACIO,,EM FRENTE AO SEMÁFORO Nº 301,TORRE,301,SUBURBIO,ABALROAMENTO LONGITUDINAL,COLISÃO SEM VÍTIMA,1,,,,,,1,,,0,,Longo da via,Bom,Sem defeito,Perfeito estado,Seca,Perfeito estado,Faixa de pedestre,Outras,,Única,Faixa contínua,Faixa seccionada,,,,,,,
2019-02-23,14:01:00,SEM VÍTIMA,FINALIZADA,TORRE,RUA JOSE BONIFACIO,,RUA CONDE DE IRAJA,,RUA JOSE BONIFACIO,,,TORRE,191,SUBURBIO,COLISÃO TRASEIRA,DOIS AUTOS,3,,,,,,,,,0,,Cruzamento,Bom,Sem defeito,Perfeito estado,Seca,Perfeito estado,Faixa de pedestre,Não há placas,,Única,Faixa seccionada,,,,,,,,
2019-02-23,14:48:00,SEM VÍTIMA,FINALIZADA,TORRE,RUA JOSE BONIFACIO,,RUA CONDE DE IRAJA,AO LADO DA PADARIA NOVA ARMADA,RUA JOSE BONIFACIO,,AO LADO DA PADARIA NOVA ARMADA,TORRE,,191,ENGAVETAMENTO,ENTRE DOIS AUTOS,3,,,,,,,,,0,,,,,,,,,,,,,,,,,,,,
2019-02-23,15:10:00,SEM VÍTIMA,FINALIZADA,AFOGADOS,AV SUL,4346,,EM FRENTE À ESTAÇÃO LARGO DA PAZ,AV SUL,4346,EM FRENTE À ESTAÇÃO LARGO DA PAZ,AFOGADOS,,CIDADE,ABALROAMENTO TRANSVERSAL,CAMINHÃO X AUTO S/V,1,,,,,,1,,,0,,Longo da via,Bom,Sem defeito,Perfeito estado,Seca,Perfeito estado,Faixa de pedestre,Outras,,Única,Faixa seccionada,,,,,,,,
2019-02-23,15:36:00,SEM VÍTIMA,FINALIZADA,MACAXEIRA,RUA CORONEL JOAO BATISTA DO REGO BARROS,241,,Nº 241,RUA CORONEL JOAO BATISTA DO REGO BARROS,241,Nº 241,MACAXEIRA,,CIDADE,CHOQUE VEÍCULO PARADO,ENTRE DOIS AUTOS,2,,,,,,,,,0,,Longo da via,Bom,Não existe,Não existente,Seca,Perfeito estado,Não existe,Outras,,Dupla,Não existe,,,,,,,,
2019-02-23,16:25:00,SEM VÍTIMA,CANCELADA,ILHA DO LEITE,RUA JOSE DE ALENCAR,734,,EM FRENTE A UNIMED 3,RUA JOSE DE ALENCAR,734,EM FRENTE A UNIMED 3,ILHA DO LEITE,,,COLISÃO,MOTO E AUTO,1,1,,,,,,,,0,,,,,,,,,,,,,,,,,,,,
2019-02-23,16:39:00,SEM VÍTIMA,FINALIZADA,PINA,AV HERCULANO BANDEIRA,,RUA ARQUITETO AUGUSTO REINALDO,ATACADO DOS PRESENTES,AV HERCULANO BANDEIRA,,ATACADO DOS PRESENTES,PINA,660,SUBURBIO,COLISÃO TRASEIRA,COLISÃO SEM VÍTIMA,2,,,,,,,,,0,,Cruzamento,Bom,Sem defeito,Perfeito estado,Seca,Perfeito estado,Faixa de pedestre,Outras,60 km/h,,Faixa contínua,Faixa seccionada,,,,,,,
2019-02-23,16:47:00,SEM VÍTIMA,FINALIZADA,ILHA DO LEITE,RUA JOSE DE ALENCAR,734,,EM FRENTE A UNIMED 3,RUA JOSE DE ALENCAR,734,EM FRENTE A UNIMED 3,ILHA DO LEITE,,CIDADE,ABALROAMENTO LONGITUDINAL,MOTO E AUTO,1,1,,,,,,,,0,,Longo da via,Bom,Não existe,Perfeito estado,Seca,Perfeito estado,Outros,R-6a,,Dupla,Não existe,,,,,,,,
2019-02-23,17:10:00,SEM VÍTIMA,FINALIZADA,BOA VIAGEM,RUA AMALIA BERNARDINO DE SOUZA,532,,,RUA AMALIA BERNARDINO DE SOUZA,532,,BOA VIAGEM,,CIDADE,COLISÃO FRONTAL,COLISÃO SEM VITIMA,,1,,,,,,,,0,,Longo da via,Bom,Não existe,Não existente,Seca,Perfeito estado,Não existe,Não há placas,,Dupla,Não existe,,,,,,,,
2019-02-23,17:28:00,SEM VÍTIMA,FINALIZADA,COHAB,RUA DR BENIGNO JORDAO DE VASCONCELOS,385,,,RUA DR BENIGNO JORDAO DE VASCONCELOS,385,,COHAB,,SUBURBIO,COLISÃO FRONTAL,COLISÃO SEM VITIMA,1,1,,,,,,,,0,,Longo da via,Bom,Não existe,Incompleta,Seca,Perfeito estado,Não existe,Outras,,Dupla,,,,,,,,,
2019-02-23,17:37:00,SEM VÍTIMA,FINALIZADA,CORDEIRO,AV CAXANGA,,,FORD GRANVIA,AV CAXANGA,,FORD GRANVIA,CORDEIRO,269,SUBURBIO,COLISÃO TRASEIRA,COLISÃO SEM VITIMAS,1,,,,,1,,,,0,,Longo da via,Bom,Sem defeito,Perfeito estado,Seca,Perfeito estado,Faixa de pedestre,Outras,,Dupla,Canteiro central,,,,,,,,
2019-02-23,18:33:00,SEM VÍTIMA,FINALIZADA,CAXANGÁ,RUA HONORIO CORREIA,43,,CASA DE FESTAS PRA BRINCAR,RUA HONORIO CORREIA,43,CASA DE FESTAS PRA BRINCAR,CAXANGÁ,,CIDADE,COLISÃO TRASEIRA,COLISÃO SEM VITIMAS/ O CONDUTOR DO SANDERO ESTÁ ALCOOLIZADO,2,,,,,,,,,0,,Longo da via,Bom,,Perfeito estado,Seca,Perfeito estado,Não existe,Não há placas,,Única,Faixa seccionada,,,,,,,,
2019-02-23,18:38:00,SEM VÍTIMA,CANCELADA,JOANA BEZERRA,AV GOVERNADOR AGAMENON MAGALHAES,,,VIADULTO DA JOANA BEZERRA, OLINDA BOA VIAGEM,AV GOVERNADOR AGAMENON MAGALHAES,,VIADULTO DA JOANA BEZERRA, OLINDA BOA VIAGEM,JOANA BEZERRA,,,COLISÃO,COLISÃO SEM VITIMAS,1,,,,,,1,,,0,,,,,,,,,,,,,,,,,,
2019-02-23,18:55:00,SEM VÍTIMA,CANCELADA,JOANA BEZERRA,VIADUTO CAPITAO TEMUDO,,,APOS A ESTAÇÃO SOBRE O VIADULTO, APOS O POSTO POLICIAL SENTIDO BOA VIAGEM,VIADUTO CAPITAO TEMUDO,,APOS A ESTAÇÃO SOBRE O VIADULTO, APOS O POSTO POLICIAL SENTIDO BOA VIAGEM,JOANA BEZERRA,,,COLISÃO,COLISÃO SEM VITIMAS,2,,,,,,,,,0,,,,,,,,,,,,,,,,,,
2019-02-23,19:06:00,SEM VÍTIMA,FINALIZADA,ESPINHEIRO,AV GOVERNADOR AGAMENON MAGALHAES,1800,RUA ANTONIO SIMOES,MINISTÉRIO PÚBLICO FEDERAL,AV GOVERNADOR AGAMENON MAGALHAES,1800,MINISTÉRIO PÚBLICO FEDERAL,ESPINHEIRO,,SUBURBIO,ABALROAMENTO LONGITUDINAL,ENTRE 2 AUTOS. S/V,2,,,,,,,,,0,,Longo da via,Bom,Não existe,Incompleta,Seca,Perfeito estado,Não existe,Não há placas,30 km/h,,Não existe,,,,,,,,
2019-02-23,20:12:00,COM VÍTIMA,FINALIZADA,ESTÂNCIA,AV DR JOSE RUFINO,1488,,NA ENTRADA DA MUSTARDINHA / AO LADO DO BODE DO Nô / E/F AO ARMAZÉM CORAL / SNT CID-SUB / PRÓX AO POSTO BR,AV DR JOSE RUFINO,1488,NA ENTRADA DA MUSTARDINHA / AO LADO DO BODE DO Nô / E/F AO ARMAZÉM CORAL / SNT CID-SUB / PRÓX AO POSTO BR,ESTÂNCIA,,SUBURBIO,ATROPELAMENTO,ATROPELAMENTO ENVOLVENDO AUTO E PEDESTRE.,1,,,,1,,,,,1,,Longo da via,Bom,Não existe,Perfeito estado,Seca,,,Outras,,Dupla,Faixa contínua,,,,,,,,
2019-02-23,21:00:00,SEM VÍTIMA,FINALIZADA,JAQUEIRA,RUA DO FUTURO,,RUA DEPUTADO PEDRO PIRES FERREIRA,LIVRARIA JAQUEIRA,RUA DO FUTURO,,LIVRARIA JAQUEIRA,JAQUEIRA,,CIDADE,ABALROAMENTO TRANSVERSAL,COLISÃO SEM VITIMA,2,,,,,,,,,0,,Cruzamento,Bom,Não existe,Ilegível,Seca,Perfeito estado,Outros,Placas Pare,40 km/h,Única,Não existe,,,,,,,,
2019-02-23,21:27:00,SEM VÍTIMA,FINALIZADA,CABANGA,VIADUTO CAPITAO TEMUDO,,,2º ALÇA DE ACESSO AO CABANGA,VIADUTO CAPITAO TEMUDO,,2º ALÇA DE ACESSO AO CABANGA,CABANGA,,SUBURBIO,COLISÃO TRASEIRA,SEM VITIMA,2,,,,,,,,,0,,Viaduto,Bom,Não existe,Perfeito estado,Seca,Perfeito estado,Não existe,Outras,60 km/h,Única,Faixa seccionada,,,,,,,,
2019-02-23,23:07:00,COM VÍTIMA,FINALIZADA,MUSTARDINHA,RUA VINTE E UM DE ABRIL,,RUA NOGUEIRA DE MELO,E/F AO CAFÉ PETINHO FÁBRICA,RUA VINTE E UM DE ABRIL,,E/F AO CAFÉ PETINHO FÁBRICA,MUSTARDINHA,,SUBURBIO,ABALROAMENTO TRANSVERSAL,ENTRE 2 AUTOS. C/V,2,,,,,,,,,1,,Longo da via,Bom,Não existe,Perfeito estado,Seca,Perfeito estado,Não existe,Não há placas,,Dupla,Não existe,,,,,,,,
2019-02-23,23:40:00,SEM VÍTIMA,FINALIZADA,SAN MARTIN,AV JOAO CABRAL DE MELO NETO,,,POSTE DE CONCRETO Nº H025654,AV JOAO CABRAL DE MELO NETO,,POSTE DE CONCRETO Nº H025654,SAN MARTIN,,SUBURBIO,COLISÃO TRASEIRA,ENTRE 2 QAUTOS. S/V,2,,,,,,,,,0,,Longo da via,Bom,Não existe,Perfeito estado,Seca,Perfeito estado,Não existe,Não há placas,40 km/h,Dupla,Canteiro central,,,,,,,,
2019-02-24,01:20:00,SEM VÍTIMA,CANCELADA,VÁRZEA,RUA EMILIANO BRAGA,,RUA PROFESSOR ANTONIO COELHO,POR TRÁS DA INTEGRAÇÃO DA CAXANGÁ//,RUA EMILIANO BRAGA,,POR TRÁS DA INTEGRAÇÃO DA CAXANGÁ//,VÁRZEA,,,COLISÃO,COLISÃO ENTRE DOIS AUTOS, SEM VÍTIMAS.,2,,,,,,,,,0,,,,,,,,,,,,,,,,,,,
2019-02-24,04:21:00,SEM VÍTIMA,FINALIZADA,VÁRZEA,RUA EMILIANO BRAGA,157,RUA PROFESSOR ANTONIO COELHO,FRENTE AO Nº 157,RUA EMILIANO BRAGA,157,FRENTE AO Nº 157,VÁRZEA,,SUBURBIO,ABALROAMENTO TRANSVERSAL,COLISÃO ENTRE DOIS AUTOS, SEM VÍTIMAS.,2,,,,,,,,,0,,Cruzamento,Chuvoso,Não existe,Perfeito estado,Molhada,Perfeito estado,,Outras,,Dupla,Não existe,,,,,,,
2019-02-24,09:53:00,SEM VÍTIMA,FINALIZADA,BAIRRO DO RECIFE,PTE BUARQUE DE MACEDO,,,SOB O SEMÁFORO DE Nº 019,PTE BUARQUE DE MACEDO,,SOB O SEMÁFORO DE Nº 019,BAIRRO DO RECIFE,,SUBURBIO,ABALROAMENTO LONGITUDINAL,COLISÃO SEM VITIMAS,1,,,,,,1,,,0,,Longo da via,Bom,Sem defeito,Perfeito estado,Seca,Perfeito estado,,,,Única,,,,,,,,,
2019-02-24,13:41:00,SEM VÍTIMA,FINALIZADA,PARNAMIRIM,RUA SEBASTIAO ALVES,273,RUA PADRE ROMA,EM FRENTE AO FAACA BOTECO E PARRILLA,RUA SEBASTIAO ALVES,273,EM FRENTE AO FAACA BOTECO E PARRILLA,PARNAMIRIM,,SUBURBIO,ABALROAMENTO TRANSVERSAL,COLISÃO SEM VITIMAS,2,,,,,,,,,0,,Cruzamento,Bom,Não existe,Perfeito estado,Seca,Perfeito estado,Não existe,Outras,,Única,Não existe,,,,,,,,
2019-02-24,15:28:00,SEM VÍTIMA,FINALIZADA,BAIRRO DO RECIFE,PTE CONDE MAURICIO DE NASSAU,,,,PTE CONDE MAURICIO DE NASSAU,,,BAIRRO DO RECIFE,,CIDADE,COLISÃO TRASEIRA,COLISÃO SEM VITIMAS,2,,,,,,,,,0,,Ponte,Bom,Não existe,Perfeito estado,Seca,Perfeito estado,Não existe,Não há placas,,Única,Faixa seccionada,,,,,,,,
2019-02-24,15:52:00,SEM VÍTIMA,FINALIZADA,BOA VIAGEM,RUA BALTAZAR PASSOS,,RUA COSMORAMA,POSTO BR,RUA BALTAZAR PASSOS,,POSTO BR,BOA VIAGEM,556,,ABALROAMENTO TRANSVERSAL,COLISÃO SEM VITIMAS,2,,,,,,,,,0,,Cruzamento,Bom,Sem defeito,Perfeito estado,Seca,Perfeito estado,Faixa de pedestre,R-6a,,Dupla,Não existe,,,,,,,,
2019-02-24,17:36:00,SEM VÍTIMA,FINALIZADA,JARDIM SÃO PAULO,RUA ANIBAL PORTELA,173,,,RUA ANIBAL PORTELA,173,,JARDIM SÃO PAULO,,SUBURBIO,COLISÃO TRASEIRA,COLISÃO SEM VITIMAS,2,1,,,,,,,,0,,Longo da via,Bom,Não existe,,Seca,Perfeito estado,Agente,,30 km/h,Dupla,Não existe,,,,,,,,
2019-02-24,18:48:00,COM VÍTIMA,FINALIZADA,CASA FORTE,AV DEZESSETE DE AGOSTO,,,ENF A PRC DE CASA FORTE E O POSTO POLICIAL. LADO OPOSTO A PARADA DE ÔNIBUS Nº 100090,AV DEZESSETE DE AGOSTO,,ENF A PRC DE CASA FORTE E O POSTO POLICIAL. LADO OPOSTO A PARADA DE ÔNIBUS Nº 100090,CASA FORTE,,CIDADE,COLISÃO COM CICLISTA,COLISÃO ENVOLVENDO MOTONETA E CICLISTA.,,,1,1,,,,,,1,,Longo da via,Bom,Sem defeito,Perfeito estado,Seca,Perfeito estado,,R-6a,60 km/h,Dupla,Faixa contínua,,,,,,,,
2019-02-24,19:37:00,SEM VÍTIMA,FINALIZADA,ESTÂNCIA,RUA SAO MIGUEL,,,LADO OPOSTO AO POSTO DE GASOLINA PETROISA,RUA SAO MIGUEL,,LADO OPOSTO AO POSTO DE GASOLINA PETROISA,ESTÂNCIA,,CIDADE,ABALROAMENTO LONGITUDINAL,COLISÃO SEM VITIMAS,2,,,,,,,,,0,,Longo da via,Bom,Não existe,Perfeito estado,Seca,Perfeito estado,,,,Dupla,,,,,,,,,
2019-02-24,20:06:00,SEM VÍTIMA,DUPLICIDADE,BARRO,AV DR JOSE RUFINO,1958,,UM POUCO AFRENTE DO COLEGIO VISAO / PROX AO POSTO PETROISA,AV DR JOSE RUFINO,1958,UM POUCO AFRENTE DO COLEGIO VISAO / PROX AO POSTO PETROISA,BARRO,,,COLISÃO,RENAULT KWID X PEUGEOT,2,,,,,,,,,0,,,,,,,,,,,,,,,,,,,,
2019-02-24,20:55:00,SEM VÍTIMA,CANCELADA,SANTO AMARO,AV GOVERNADOR AGAMENON MAGALHAES,,,DEPOIS DO SHOPPING TACARUNA PROX AO POSTO IPIRANGA E ACADEMIA DO BAIRRO // SENTIDO BOA VIAGEM,AV GOVERNADOR AGAMENON MAGALHAES,,DEPOIS DO SHOPPING TACARUNA PROX AO POSTO IPIRANGA E ACADEMIA DO BAIRRO // SENTIDO BOA VIAGEM,SANTO AMARO,,,COLISÃO,TAXI X HONDA CIT,2,,,,,,,,,0,,,,,,,,,,,,,,,,,,,,
2019-02-24,22:31:00,SEM VÍTIMA,CANCELADA,MADALENA,RUA ALBERTO PAIVA,,,PROX A CONCESSIONARIA ALTO PAIVA,RUA ALBERTO PAIVA,,PROX A CONCESSIONARIA ALTO PAIVA,MADALENA,,,COLISÃO,HILUX X ONIBUS CAXANGA,1,,,,,1,,,,0,,,,,,,,,,,,,,,,,,,,
2019-02-24,22:57:00,SEM VÍTIMA,FINALIZADA,ARRUDA,RUA DAS MOCAS,493,,,RUA DAS MOCAS,493,,ARRUDA,,CIDADE,CHOQUE VEÍCULO PARADO,FIESTA X GOL OBS:: VEICULO CAPOTADO,2,,,,,,,,,0,,Longo da via,Bom,Não existe,Perfeito estado,Seca,Perfeito estado,,Outras,,Dupla,,,,,,,,,
2019-02-24,23:05:00,SEM VÍTIMA,FINALIZADA,IMBIRIBEIRA,RUA ARQUITETO LUIZ NUNES,245,AV ENGENHEIRO ALVES DE SOUZA,PROX A FARMACIA DROGASIL,RUA ARQUITETO LUIZ NUNES,245,PROX A FARMACIA DROGASIL,IMBIRIBEIRA,634,SUBURBIO,ABALROAMENTO TRANSVERSAL,MOTO X HILUX,1,1,,,,,,,,0,,Cruzamento,Bom,Sem defeito,Perfeito estado,Seca,Perfeito estado,,R-6a,,Dupla,Faixa seccionada,,,,,,,,
2019-02-25,00:54:00,COM VÍTIMA,FINALIZADA,JORDÃO,RUA DR ALVARO FERRAZ,,RUA JOSE MARTORANO,EM FRENTE AO TERMINAL DE ÔNIBUS DO JORDÃO BAIXO,RUA DR ALVARO FERRAZ,,EM FRENTE AO TERMINAL DE ÔNIBUS DO JORDÃO BAIXO,JORDÃO,,CIDADE,ABALROAMENTO TRANSVERSAL,COLISÃO ENVOLVENDO DOIS AUTOMÓVEIS.,2,,,,,,,,,1,,Cruzamento,Bom,Não existe,Perfeito estado,Seca,Perfeito estado,,,,Única,,,,,,,,,
2019-02-25,07:20:00,SEM VÍTIMA,FINALIZADA,TORRE,RUA URIEL PAES BARRETO,,RUA PESSOA DE MELO,,RUA URIEL PAES BARRETO,,,TORRE,,SUBURBIO,ABALROAMENTO TRANSVERSAL,DOIS AUTOS,2,,,,,,,,,0,,Cruzamento,Bom,Não existe,Perfeito estado,Seca,Perfeito estado,Outros,Não há placas,,Dupla,Não existe,,,,,,,,
2019-02-25,07:21:00,COM VÍTIMA,FINALIZADA,SANTO AMARO,AV GOVERNADOR AGAMENON MAGALHAES,317,,PISTA LOCAL, AO LADO DO POSTO DE GASOLINA BR SENT. DERBY EM FRENTE A IGREJA ASSEMBLEIA DE DEUS,AV GOVERNADOR AGAMENON MAGALHAES,317,PISTA LOCAL, AO LADO DO POSTO DE GASOLINA BR SENT. DERBY EM FRENTE A IGREJA ASSEMBLEIA DE DEUS,SANTO AMARO,,OLINDA,ABALROAMENTO LONGITUDINAL,COLISÃO ENVOLVENDO DOIS AUTOMÓVEIS E UMA MOTOCICLETA.,2,1,,,,,,,,1,,Longo da via,Bom,Não existe,Perfeito estado,Seca,Perfeito estado,Não existe,Não há placas,,Dupla,Não existe,,,,,,
2019-02-25,07:33:00,SEM VÍTIMA,FINALIZADA,BOA VIAGEM,AV DES JOSE NEVES,,RUA BARAO DE SOUZA LEAO,AO LADO DO SUPERMERCADO TREVO,AV DES JOSE NEVES,,AO LADO DO SUPERMERCADO TREVO,BOA VIAGEM,476,CIDADE,COLISÃO TRASEIRA,COLISÃO SEM VITIMAS,2,,,,,,1,,,0,,Longo da via,Bom,Sem defeito,Perfeito estado,Seca,Perfeito estado,Não existe,Não há placas,,Dupla,Canal,,,,,,,,
2019-02-25,07:44:00,SEM VÍTIMA,FINALIZADA,ESPINHEIRO,RUA AFONSO BATISTA,201,,EM FRENTE AO EDIFICIO MARIANA,RUA AFONSO BATISTA,201,EM FRENTE AO EDIFICIO MARIANA,ESPINHEIRO,,CIDADE,COLISÃO TRASEIRA,COLISÃO SEM VITIMAS,3,,,,,,,,,0,,Longo da via,Bom,Não existe,Perfeito estado,Seca,Perfeito estado,Não existe,Não há placas,,Dupla,Não existe,,,,,,,,
2019-02-25,07:44:00,SEM VÍTIMA,FINALIZADA,IPSEP,AV RECIFE,,AV RAIMUNDO DINIZ,,AV RECIFE,,,IPSEP,247,,ABALROAMENTO LONGITUDINAL,SEM VÍTIMAS,1,1,,,,,,,,0,,,Bom,Sem defeito,Perfeito estado,Seca,Perfeito estado,Faixa de pedestre,Outras,,Dupla,Faixa contínua,,,,,,,,
2019-02-25,07:49:00,SEM VÍTIMA,FINALIZADA,IBURA,LAD DA COHAB,,,AO LADO DO LAVA JATO,LAD DA COHAB,,AO LADO DO LAVA JATO,IBURA,,SUBURBIO,ABALROAMENTO TRANSVERSAL,COLISÃO SEM VITIMAS,2,,,,,,,,,0,,Longo da via,Bom,Não existe,Não existente,Seca,Mal conservada,Agente,Não há placas,,Dupla,Não existe,,,,,,,,
2019-02-25,08:17:00,SEM VÍTIMA,FINALIZADA,TAMARINEIRA,AV CONS ROSA E SILVA,,RUA SIMAO MENDES,,AV CONS ROSA E SILVA,,,TAMARINEIRA,253,SUBURBIO,ABALROAMENTO LONGITUDINAL,CAMINHÃO E DOIS AUTO,2,,,,,,1,,,0,,Cruzamento,Bom,Sem defeito,Perfeito estado,Seca,Perfeito estado,Faixa de pedestre,Não há placas,,Única,Faixa contínua,,,,,,,,
2019-02-25,08:30:00,SEM VÍTIMA,FINALIZADA,SANTO AMARO,RUA AFONSO PENA,533,,PRÓXIMO AO RM EXPRESS,RUA AFONSO PENA,533,PRÓXIMO AO RM EXPRESS,SANTO AMARO,,SUBURBIO,ABALROAMENTO LONGITUDINAL,COLISÃO ENTRE CARRO FORTE E VT GCM RECIFE,2,,,,,,,,,0,,Longo da via,Bom,Não existe,Ilegível,Seca,Perfeito estado,Não existe,R-6a,,Dupla,Não existe,,,,,,,,
2019-02-25,08:41:00,SEM VÍTIMA,FINALIZADA,BOA VISTA,RUA DOM BOSCO,,,EM FRENTE AO SEMÁFORO Nº174,RUA DOM BOSCO,,EM FRENTE AO SEMÁFORO Nº174,BOA VISTA,174,SUBURBIO,COLISÃO FRONTAL,DOIS AUTOS BATEDORES NO LOCAL,3,,,,,,,,,0,,Longo da via,Bom,Sem defeito,Perfeito estado,Seca,Perfeito estado,Faixa de pedestre,Não há placas,60 km/h,Única,Faixa contínua,,,,,,,,
2019-02-25,08:42:00,SEM VÍTIMA,FINALIZADA,SANTO AMARO,AV NORTE,466,,LADO OPOSTO AO G4 MAGOS,AV NORTE,466,LADO OPOSTO AO G4 MAGOS,SANTO AMARO,34,CIDADE,ABALROAMENTO LONGITUDINAL,COLSÃO ENTRE DOIS AUTOS,2,,,,,,,,,0,,Longo da via,Bom,Sem defeito,Perfeito estado,Seca,Perfeito estado,Agente,R-6a,,Dupla,Canteiro central,,,,,,,,
2019-02-25,08:49:00,SEM VÍTIMA,FINALIZADA,IPSEP,RUA SAO NICOLAU,,AV RECIFE,SEMÁFORO 016,RUA SAO NICOLAU,,SEMÁFORO 016,IPSEP,,,COLISÃO TRASEIRA,SEM VÍTIMAS. SUB BONIFACIO ( PONTO FIXO) NO LOCAL.,1,,,,,1,,,,0,,Longo da via,Bom,Sem defeito,Perfeito estado,Seca,Perfeito estado,Agente,Não há placas,,Única,Não existe,,,,,,,,
2019-02-25,09:04:00,COM VÍTIMA,FINALIZADA,SANTO AMARO,RUA CAPITAO LIMA,434,AV CRUZ CABUGA,AO LADO DA ASSEMBLEIA DE DEUS EM FRENTE AO ESCRITORIO DA UBER,RUA CAPITAO LIMA,434,AO LADO DA ASSEMBLEIA DE DEUS EM FRENTE AO ESCRITORIO DA UBER,SANTO AMARO,523,CIDADE,ABALROAMENTO LONGITUDINAL,COLISÃO ENVOLVENDO AUTO E MOTO.,1,1,,,,,,,,1,,Cruzamento,Bom,Sem defeito,Perfeito estado,Seca,Perfeito estado,Não existe,Placas Pare,,Dupla,Canteiro central,,,,,,,,
2019-02-25,09:21:00,SEM VÍTIMA,FINALIZADA,PINA,RUA CACILDA IOLANDA PORCIUNCULA,,,AO LADO DA SEDE DA POLÍCIA RODOVIÁRIA FEDERAL,RUA CACILDA IOLANDA PORCIUNCULA,,AO LADO DA SEDE DA POLÍCIA RODOVIÁRIA FEDERAL,PINA,,CIDADE,COLISÃO TRASEIRA,DOIS AUTOS,2,,,,,,,,,0,,Longo da via,Bom,Não existe,Perfeito estado,Seca,Perfeito estado,Não existe,Placas Pare,,Única,,,,,,,,,
2019-02-25,09:30:00,COM VÍTIMA,FINALIZADA,MADALENA,AV CAXANGA,731,,E/F AO PLAZA VEÍCULOS, SENTIDO DERBY. LADO OPOSTO A G1 VEÍCULOS.,AV CAXANGA,731,E/F AO PLAZA VEÍCULOS, SENTIDO DERBY. LADO OPOSTO A G1 VEÍCULOS.,MADALENA,,CIDADE,ATROPELAMENTO,ATROPELAMENTO ENTRE CAMIONETE E PEDESTRE.,1,,,,1,,,,,1,,Longo da via,Bom,Sem defeito,Perfeito estado,Seca,Perfeito estado,Faixa de pedestre,Outras,,Única,Faixa seccionada,Canteiro central,,,,,
2019-02-25,09:29:00,COM VÍTIMA,FINALIZADA,SÃO JOSÉ,RUA FLORIANO PEIXOTO,308,RUA BARAO DA VITORIA,PRÓXIMO A CASA DA CULTURA. LADO OPOSTO A ESTAÇÃO FERROVIÁRIA.,RUA FLORIANO PEIXOTO,308,PRÓXIMO A CASA DA CULTURA. LADO OPOSTO A ESTAÇÃO FERROVIÁRIA.,SÃO JOSÉ,12,SUBURBIO,COLISÃO TRASEIRA,COLISÃO ENVOLVENDO AUTO E MOTO.,1,1,,,,,,,,1,,Longo da via,Bom,Sem defeito,Perfeito estado,Seca,Perfeito estado,Faixa de pedestre,R-6a,,Única,Não existe,,,,,,,,