data,hora,natureza_acidente,situacao,bairro,endereco,numero,detalhe_endereco_acidente,complemento,endereco_cruzamento,numero_cruzamento,referencia_cruzamento,bairro_cruzamento,num_semaforo,sentido_via,tipo,descricao,auto,moto,ciclom,ciclista,pedestre,onibus,caminhao,viatura,outros,vitimas,vitimasfatais,acidente_verificado,tempo_clima,situacao_semaforo,sinalizacao,condicao_via,conservacao_via,ponto_controle,situacao_placa,velocidade_max_via,mao_direcao,divisao_via1,divisao_via2,divisao_via3,,,,,,
2019-03-07,07:58:00,SEM VÍTIMA,CANCELADA,ILHA DO LEITE,RUA FRANCISCO ALVES,38,,PROX AO HOSPITAL ESPERANÇA EM FRENTE A LOJA OTICA DE DINIZ,RUA FRANCISCO ALVES,38,PROX AO HOSPITAL ESPERANÇA EM FRENTE A LOJA OTICA DE DINIZ,ILHA DO LEITE,,CIDADE,COLISÃO,COLISÃO SEM VITIMAS,2,,,,,,,,,0,,,,,,,,,,,,,,,,,,,,
2019-03-07,08:20:00,SEM VÍTIMA,FINALIZADA,SANTO AMARO,AV ENGENHEIRO AGAMENON DE MAGALHAES MELO,,,PISTA CENTRAL , AO LADO DA PARADA DE ÔNIBUS,AV ENGENHEIRO AGAMENON DE MAGALHAES MELO,,PISTA CENTRAL , AO LADO DA PARADA DE ÔNIBUS,SANTO AMARO,,CIDADE,ABALROAMENTO LONGITUDINAL,COLISÃO SEM VITIMAS,1,,,,,1,,,,0,,Longo da via,Bom,Não existe,Perfeito estado,Seca,Perfeito estado,Não existe,Não há placas,60 km/h,Dupla,Canteiro central,,,,,,
2019-03-07,08:30:00,,,SANTO ANTÔNIO,CAIS DO APOLO,220,,EM FRENTE AO Nº 220,CAIS DO APOLO,220,EM FRENTE AO Nº 220,SANTO ANTÔNIO,,SUBURBIO,ABALROAMENTO LONGITUDINAL,,1,,,,,,1,,,,,Longo da via,Bom,Não existe,Perfeito estado,Seca,Perfeito estado,Não existe,Não há placas,,Dupla,Canteiro central,,,,,,,,
2019-03-07,08:50:00,SEM VÍTIMA,FINALIZADA,DOIS UNIDOS,RUA PEREIRA BARRETO,38,,EM FRENTE A IGREJA PRIMITIVA PENTECOSTAL,RUA PEREIRA BARRETO,38,EM FRENTE A IGREJA PRIMITIVA PENTECOSTAL,DOIS UNIDOS,,CIDADE,ABALROAMENTO LONGITUDINAL,MOTO / ONIBUS / AUTO PASSEIO,1,1,,,,1,,,,0,,Longo da via,Bom,Não existe,Perfeito estado,Seca,Perfeito estado,Não existe,Não há placas,,Dupla,Não existe,,,,,,,,
2019-03-07,08:57:00,SEM VÍTIMA,FINALIZADA,ESPINHEIRO,AV CONS ROSA E SILVA,,RUA BRUNO MAIA,,AV CONS ROSA E SILVA,,,ESPINHEIRO,,SUBURBIO,ABALROAMENTO LONGITUDINAL,SEM VITIMAS,2,,,,,,,,,0,,,Bom,Não existe,Perfeito estado,Seca,Perfeito estado,Não existe,Outras,,Única,Faixa seccionada,,,,,,,,
2019-03-07,08:58:00,SEM VÍTIMA,FINALIZADA,IPSEP,RUA DR GONZAGA MARANHAO,244,RUA LANDELINO CAMARA,,RUA DR GONZAGA MARANHAO,244,,IPSEP,,SUBURBIO,ABALROAMENTO TRANSVERSAL,COLISÃO SEM VITIMAS,2,,,,,,,,,0,,Cruzamento,Bom,Não existe,Perfeito estado,Seca,Perfeito estado,Faixa de pedestre,Placas Pare,,Dupla,,,,,,,,,
2019-03-07,09:07:00,COM VÍTIMA,FINALIZADA,COELHOS,RUA DR JOSE MARIANO,595,,EM FRENTE A LOJA MADER CENTER,RUA DR JOSE MARIANO,595,EM FRENTE A LOJA MADER CENTER,COELHOS,,CIDADE,ABALROAMENTO LONGITUDINAL,COLISÃO ENVOLVENDO AUTOMÓVEL E MOTOCICLETA.,1,1,,,,,,,,2,,Longo da via,Bom,Não existe,Incompleta,Seca,Mal conservada,Não existe,Não há placas,,Única,Não existe,,,,,,,,
2019-03-07,09:49:00,SEM VÍTIMA,FINALIZADA,BOA VIAGEM,RUA COSMORAMA,175,,EM FRENTE A ESCOLA AUGUSTO SEVERO,RUA COSMORAMA,175,EM FRENTE A ESCOLA AUGUSTO SEVERO,BOA VIAGEM,,CIDADE,COLISÃO TRASEIRA,SEM VITIMAS,2,,,,,,,,,0,,Longo da via,Bom,Não existe,Perfeito estado,Seca,Perfeito estado,Outros,R-6a,,Dupla,Faixa seccionada,,,,,,,,
2019-03-07,10:10:00,SEM VÍTIMA,FINALIZADA,BONGI,AV ENGENHEIRO ABDIAS DE CARVALHO,,,EM FRENTE A FACULDADE ESTÁCIO,AV ENGENHEIRO ABDIAS DE CARVALHO,,EM FRENTE A FACULDADE ESTÁCIO,BONGI,328,SUBURBIO,ABALROAMENTO LONGITUDINAL,,1,,,,,,,1,,0,,Longo da via,Bom,Sem defeito,Perfeito estado,Seca,Perfeito estado,Não existe,Não há placas,60 km/h,Única,Faixa seccionada,,,,,,,,
2019-03-07,11:00:00,SEM VÍTIMA,FINALIZADA,BOA VIAGEM,AV CONSELHEIRO AGUIAR,,,AO LADO DA CASA DO PARÁ,AV CONSELHEIRO AGUIAR,,AO LADO DA CASA DO PARÁ,BOA VIAGEM,,CIDADE,ABALROAMENTO LONGITUDINAL,SEM VITIMAS/CTTU VT 13 VAI FAZER O B.O,2,,,,,,,,,0,,Longo da via,Bom,Não existe,Perfeito estado,Seca,Perfeito estado,Não existe,R-6a,60 km/h,Única,Faixa seccionada,,,,,,,,
2019-03-07,12:29:00,SEM VÍTIMA,FINALIZADA,BOA VISTA,AV GOVERNADOR AGAMENON MAGALHAES,,RUA DR BANDEIRA FILHO,,AV GOVERNADOR AGAMENON MAGALHAES,,,BOA VISTA,173,,COLISÃO TRASEIRA,DOIS AUTOS,2,,,,,,,,,0,,Cruzamento,Bom,Sem defeito,Perfeito estado,Seca,Perfeito estado,Faixa de pedestre,R-6a,,Dupla,Canteiro central,,,,,,,,
2019-03-07,12:29:00,SEM VÍTIMA,FINALIZADA,BOA VISTA,RUA PRINCESA IZABEL,,RUA DA UNIAO,SEMÁFORO 167,RUA PRINCESA IZABEL,,SEMÁFORO 167,BOA VISTA,167,CIDADE,COLISÃO TRASEIRA,ENTRE AUTOS S/V,2,,,,,,,,,0,,Cruzamento,Bom,Sem defeito,Perfeito estado,Seca,Perfeito estado,Faixa de pedestre,Não há placas,40 km/h,Única,Faixa contínua,,,,,,,,
2019-03-07,12:52:00,SEM VÍTIMA,FINALIZADA,BAIRRO DO RECIFE,RUA MARIZ E BARROS,181,,PRÓX EXCELSIOR SEGUROS,RUA MARIZ E BARROS,181,PRÓX EXCELSIOR SEGUROS,BAIRRO DO RECIFE,,SUBURBIO,ABALROAMENTO LONGITUDINAL,ENTRE AUTOS S/V,2,,,,,,,,,0,,Longo da via,Bom,Não existe,,,,,,,,,,,,,,,,
2019-03-07,12:55:00,SEM VÍTIMA,FINALIZADA,PARNAMIRIM,AV PARNAMIRIM,,,SEMÁFORO 010,AV PARNAMIRIM,,SEMÁFORO 010,PARNAMIRIM,10,CIDADE,ABALROAMENTO LONGITUDINAL,AUTO E MOTO S/V,1,1,,,,,,,,0,,Cruzamento,Bom,Sem defeito,Perfeito estado,Seca,Perfeito estado,Agente,R-6a,,Única,,,,,,,,,
2019-03-07,13:25:00,SEM VÍTIMA,FINALIZADA,BOA VIAGEM,AV ENGENHEIRO DOMINGOS FERREIRA,,,LADO OPOSTO AO POSTO SHELL,AV ENGENHEIRO DOMINGOS FERREIRA,,LADO OPOSTO AO POSTO SHELL,BOA VIAGEM,,CIDADE,ABALROAMENTO LONGITUDINAL,AUTO X MOTO S/V,1,1,,,,,,,,0,,Longo da via,Bom,Sem defeito,Perfeito estado,Seca,Perfeito estado,,,,Única,Canteiro central,,,,,,,,
2019-03-07,13:50:00,SEM VÍTIMA,CANCELADA,VÁRZEA,RUA MENDES MARTINS,92,,EM FRENTE AO SUPERMERCADO ARCO-IRIS,RUA MENDES MARTINS,92,EM FRENTE AO SUPERMERCADO ARCO-IRIS,VÁRZEA,,CIDADE,COLISÃO,,1,1,,,,,,,,0,,,,,,,,,,,,,,,,,,,,
2019-03-07,14:11:00,SEM VÍTIMA,FINALIZADA,BOA VIAGEM,AV ENGENHEIRO DOMINGOS FERREIRA,90,,,AV ENGENHEIRO DOMINGOS FERREIRA,90,,BOA VIAGEM,,SUBURBIO,ABALROAMENTO LONGITUDINAL,DOIS AUTOS,2,,,,,,,,,0,,Longo da via,Bom,Não existe,Perfeito estado,Seca,Perfeito estado,Não existe,R-6a,,Única,Faixa seccionada,,,,,,,,
2019-03-07,14:44:00,SEM VÍTIMA,FINALIZADA,BOA VISTA,RUA PRINCESA IZABEL,,,SOBRE A PONTE PRINCESA ISABEL,RUA PRINCESA IZABEL,,SOBRE A PONTE PRINCESA ISABEL,BOA VISTA,,SUBURBIO,COLISÃO TRASEIRA,ENTRE AUTOS S/V,2,,,,,,,,,0,,Ponte,Bom,Não existe,Perfeito estado,Seca,Perfeito estado,Não existe,Não há placas,40 km/h,Dupla,Faixa contínua,,,,,,,,
2019-03-07,15:01:00,SEM VÍTIMA,FINALIZADA,TAMARINEIRA,AV NORTE,,RUA GOMES COUTINHO,NO POSTO DE GASOLINA BR,AV NORTE,,NO POSTO DE GASOLINA BR,TAMARINEIRA,643,CIDADE,ABALROAMENTO LONGITUDINAL,DOIS AUTOS,2,,,,,,,,,0,,Cruzamento,Bom,Sem defeito,Perfeito estado,Seca,Perfeito estado,Faixa de pedestre,R-6a,60 km/h,Única,Faixa seccionada,,,,,,,,
2019-03-07,15:02:00,SEM VÍTIMA,CANCELADA,SANTO AMARO,AV NORTE,,,EM FRENTE A ESTAÇAO DA JUVENTUDE, SENTIDO CASA AMARELA,AV NORTE,,EM FRENTE A ESTAÇAO DA JUVENTUDE, SENTIDO CASA AMARELA,SANTO AMARO,,,CHOQUE,CAMINHAO SE CHOCOU EM UM POSTE, E O POSTE E ESTA PRESO PELA FIAÇAO, PRESTES A CAIR NA VIA, O CAMINHAO E DA PREFEITURA, E SAIU DO LOCAL,,,,,,,,,,0,,,,,,,,,,,,,,
2019-03-07,15:43:00,SEM VÍTIMA,FINALIZADA,MADALENA,RUA BENFICA,1108,RUA JOAO IVO DA SILVA,EM FRENTE AO MUSEU DA ABOLIÇÃO,RUA BENFICA,1108,EM FRENTE AO MUSEU DA ABOLIÇÃO,MADALENA,257,CIDADE,ABALROAMENTO LONGITUDINAL,ÔNIBUS X AUTO S/V,1,,,,,1,,,,0,,Cruzamento,Bom,Sem defeito,Perfeito estado,Seca,Perfeito estado,Faixa de pedestre,Outras,,Dupla,Faixa seccionada,,,,,,,,
2019-03-07,16:37:00,SEM VÍTIMA,FINALIZADA,SANTO AMARO,AV GOVERNADOR AGAMENON MAGALHAES,,,EM FRENTE AO TACARUNA,AV GOVERNADOR AGAMENON MAGALHAES,,EM FRENTE AO TACARUNA,SANTO AMARO,,SUBURBIO,ABALROAMENTO LONGITUDINAL,DOIS AUTOS,2,,,,,,,,,0,,Viaduto,Bom,Não existe,Perfeito estado,Seca,Perfeito estado,Não existe,Não há placas,60 km/h,Dupla,Canteiro central,,,,,,,,
2019-03-07,17:05:00,SEM VÍTIMA,FINALIZADA,CORDEIRO,EST DO FORTE DO ARRAIAL N. DO B. JESUS,1187,,,EST DO FORTE DO ARRAIAL N. DO B. JESUS,1187,,CORDEIRO,,,COLISÃO TRASEIRA,DOIS AUTOS E MOTO,2,1,,,,,,,,0,,Longo da via,Bom,Sem defeito,Perfeito estado,Seca,Perfeito estado,Faixa de pedestre,Outras,,Dupla,Faixa contínua,Faixa seccionada,,,,,,,
2019-03-07,17:11:00,SEM VÍTIMA,FINALIZADA,VÁRZEA,RUA GASTAO VIDIGAL,,AV CAXANGA,EM FRENTE À UPA DA CAXANGÁ,RUA GASTAO VIDIGAL,,EM FRENTE À UPA DA CAXANGÁ,VÁRZEA,281,,ABALROAMENTO LONGITUDINAL,AUTO X CAMINHÃO S/V,1,,,,,,1,,,0,,Longo da via,Bom,Sem defeito,Perfeito estado,Seca,Perfeito estado,Faixa de pedestre,Não há placas,,Dupla,Não existe,,,,,,,,
2019-03-07,17:34:00,SEM VÍTIMA,EQUIPE EM DESLOCAMENTO,PINA,AV ANTONIO DE GOES,,,EM FRENTE AO DNIT E AO POSTO PETROBRAS,AV ANTONIO DE GOES,,EM FRENTE AO DNIT E AO POSTO PETROBRAS,PINA,,,COLISÃO,COLISÃO SEM VÍTIMA,1,,,,,,1,,,0,,,,,,,,,,,,,,,,,,,,
2019-03-07,17:41:00,SEM VÍTIMA,FINALIZADA,CABANGA,AV SUL,,,AO LADO DO Nº 209,AV SUL,,AO LADO DO Nº 209,CABANGA,,CIDADE,COLISÃO TRASEIRA,ENTRE 2 AUTOS S/V,2,,,,,,,,,0,,Longo da via,Bom,Não existe,Perfeito estado,Seca,Perfeito estado,,,60 km/h,Dupla,Canteiro central,,,,,,,,
2019-03-07,17:43:00,SEM VÍTIMA,FINALIZADA,BOA VIAGEM,RUA DHALIA,303,,,RUA DHALIA,303,,BOA VIAGEM,,CIDADE,ABALROAMENTO TRANSVERSAL,ENTRE AUTOS S/V,2,,,,,,,,,0,,Longo da via,Bom,Não existe,Perfeito estado,Seca,Perfeito estado,Não existe,Não há placas,40 km/h,Única,Não existe,,,,,,,,
2019-03-07,18:04:00,SEM VÍTIMA,CANCELADA,SANCHO,RUA APRIGIO GUIMARAES,,RUA PAULINO DE FARIAS,PRÓX AO HOSPITAL OTÁVIO DE FREITAS / SEMAFORO 157,RUA APRIGIO GUIMARAES,,PRÓX AO HOSPITAL OTÁVIO DE FREITAS / SEMAFORO 157,SANCHO,,,COLISÃO,ENTRE AUTO E MOTO,1,1,,,,,,,,0,,,,,,,,,,,,,,,,,,,,
2019-03-07,18:14:00,SEM VÍTIMA,CANCELADA,BARRO,AV DR JOSE RUFINO,,,PRÓX AO HOTEL OLIMPICOS, SNT JABOATÃO / POR CIMA DO VIADUTO,AV DR JOSE RUFINO,,PRÓX AO HOTEL OLIMPICOS, SNT JABOATÃO / POR CIMA DO VIADUTO,BARRO,,,COLISÃO,ENTRE AUTO E ÕNIBUS, S/V,1,,,,,1,,,,0,,,,,,,,,,,,,,,,,
2019-03-07,18:43:00,SEM VÍTIMA,FINALIZADA,BOA VIAGEM,AV DOM JOAO VI,,,SHOPP RECIFE, LADO OPOSTO SENTIDO PIEDADE,AV DOM JOAO VI,,SHOPP RECIFE, LADO OPOSTO SENTIDO PIEDADE,BOA VIAGEM,,,COLISÃO TRASEIRA,COLISÃO SEM VÍTIMA,2,,,,,,,,,0,,Longo da via,Bom,Não existe,Perfeito estado,Seca,Perfeito estado,Não existe,Não há placas,,Dupla,Canal,,,,,,
2019-03-07,19:15:00,SEM VÍTIMA,FINALIZADA,SANTO AMARO,AV GOVERNADOR AGAMENON MAGALHAES,,,DESCIDA DO VIADUTO,AV GOVERNADOR AGAMENON MAGALHAES,,DESCIDA DO VIADUTO,SANTO AMARO,,,CHOQUE VEÍCULO PARADO,,,,,,,1,1,,,0,,Longo da via,Bom,,Perfeito estado,Seca,Perfeito estado,,,,Dupla,Canal,,,,,,,,
2019-03-07,19:21:00,SEM VÍTIMA,FINALIZADA,MADALENA,EST DOS REMEDIOS,,AV JOSE GONCALVES DE MEDEIROS,SOB O SEMÁFORO 353,EST DOS REMEDIOS,,SOB O SEMÁFORO 353,MADALENA,353,CIDADE,ABALROAMENTO TRANSVERSAL,ENTRE 2 AUTOS S/V,2,,,,,,,,,0,,Longo da via,Bom,Sem defeito,Perfeito estado,Seca,Perfeito estado,,Outras,,Única,Faixa seccionada,,,,,,,,
2019-03-07,20:03:00,SEM VÍTIMA,FINALIZADA,ARRUDA,AV BEBERIBE,,RUA ALEGRE,SEMÁFORO 064,AV BEBERIBE,,SEMÁFORO 064,ARRUDA,64,,ABALROAMENTO LONGITUDINAL,ENTRE AUTO E ÕNIBUS, S/V,1,,,,,1,,,,0,,Cruzamento,Bom,Sem defeito,Perfeito estado,Seca,Perfeito estado,Faixa de pedestre,Não há placas,,Dupla,Faixa contínua,,,,,,,
2019-03-07,20:30:00,SEM VÍTIMA,FINALIZADA,MADALENA,RUA ALIADOS,57,,,RUA ALIADOS,57,,MADALENA,,,CHOQUE VEÍCULO PARADO,COLISÃO SEM VITIMAS,2,,,,,,,,,0,,Longo da via,Bom,Não existe,Perfeito estado,Seca,Perfeito estado,,,,Dupla,,,,,,,,,
2019-03-07,20:22:00,COM VÍTIMA,CANCELADA,IMBIRIBEIRA,AV MARECHAL MASCARENHAS DE MORAES,,,FERREIRA COSTA,AV MARECHAL MASCARENHAS DE MORAES,,FERREIRA COSTA,IMBIRIBEIRA,,SUBURBIO,COLISÃO,,1,1,,,1,,,,,1,,,,,,,,,,,,,,,,,,,,
2019-03-07,23:22:00,COM VÍTIMA,FINALIZADA,TORRE,RUA JOSE BONIFACIO,776,,EM FRENTE AO RESTAURANTE CANECA FINA,RUA JOSE BONIFACIO,776,EM FRENTE AO RESTAURANTE CANECA FINA,TORRE,,TORRE,COLISÃO COM CICLISTA,COLISÃO ENTRE AUTOMÓVEL E BICICLETA.,1,,,1,,,,,,1,,Longo da via,Bom,Não existe,Perfeito estado,Seca,Perfeito estado,Não existe,Outras,,Única,Faixa seccionada,,,,,,,,
2019-03-07,23:29:00,SEM VÍTIMA,FINALIZADA,BOA VIAGEM,AV ENGENHEIRO DOMINGOS FERREIRA,,RUA FELIX DE BRITO E MELO,SEMÁFORO 545,AV ENGENHEIRO DOMINGOS FERREIRA,,SEMÁFORO 545,BOA VIAGEM,545,SUBURBIO,ABALROAMENTO TRANSVERSAL,COLISÃO SEM VITIMA,1,,,,,1,,,,0,,Cruzamento,Bom,Sem defeito,Perfeito estado,Seca,Perfeito estado,Faixa de pedestre,Outras,50 km/h,Única,Faixa contínua,Canteiro central,,,,,,,
2019-03-08,01:59:00,SEM VÍTIMA,FINALIZADA,SÃO JOSÉ,RUA IMPERIAL,,,EM FRENTE AO POSTE DE Nº 39 CC,RUA IMPERIAL,,EM FRENTE AO POSTE DE Nº 39 CC,SÃO JOSÉ,,SUBURBIO,CHOQUE OBJETO FIXO,VEÍCULO CHOCOU-SE EM UM POSTE S/V,1,,,,,,,,,0,,Longo da via,Bom,,Perfeito estado,Seca,Perfeito estado,,,,Dupla,Canteiro central,,,,,,,,
2019-03-08,07:18:00,SEM VÍTIMA,FINALIZADA,TORREÃO,AV GOVERNADOR AGAMENON MAGALHAES,1500,,EM FRENTE A ACADEMIA DA CIDADE,AV GOVERNADOR AGAMENON MAGALHAES,1500,EM FRENTE A ACADEMIA DA CIDADE,TORREÃO,,CIDADE,ABALROAMENTO LONGITUDINAL,COLISÃO SEM VITIMAS,2,1,,,,,,,,0,,Longo da via,Bom,Não existe,Perfeito estado,Seca,Perfeito estado,Não existe,Placas Pare,60 km/h,Única,Não existe,,,,,,,,
2019-03-08,07:19:00,SEM VÍTIMA,FINALIZADA,COELHOS,RUA DOS COELHOS,,,LADO OPOSTO AO POSTE H027670,RUA DOS COELHOS,,LADO OPOSTO AO POSTE H027670,COELHOS,,CIDADE,COLISÃO TRASEIRA,ONIBUS E AUTO,1,,,,,1,,,,0,,Longo da via,Bom,Não existe,Perfeito estado,Seca,Perfeito estado,,,,Dupla,Faixa contínua,Faixa seccionada,,,,,,,
2019-03-08,07:57:00,SEM VÍTIMA,FINALIZADA,BOA VISTA,RUA CAPITAO RUY LUCENA,,,AO LADO DA RADIO PATRULHA,RUA CAPITAO RUY LUCENA,,AO LADO DA RADIO PATRULHA,BOA VISTA,,CIDADE,ABALROAMENTO LONGITUDINAL,DOIS AUTOS,2,,,,,,,,,0,,Longo da via,Bom,Não existe,Perfeito estado,Seca,Mal conservada,Não existe,R-6a,,Dupla,Não existe,,,,,,,,
2019-03-08,08:52:00,SEM VÍTIMA,FINALIZADA,IMBIRIBEIRA,RUA JOSE DA SILVA LUCENA,241,RUA SARGENTO SILVINO DE MACEDO,,RUA JOSE DA SILVA LUCENA,241,,IMBIRIBEIRA,,SUBURBIO,ABALROAMENTO TRANSVERSAL,DOIS AUTOS,2,,,,,,,,,0,,Cruzamento,Bom,Não existe,Incompleta,Seca,Perfeito estado,,Placas Pare,,Dupla,Não existe,,,,,,,,
2019-03-08,09:01:00,SEM VÍTIMA,FINALIZADA,TORREÃO,RUA CRISTOVAO JAQUES,82,,,RUA CRISTOVAO JAQUES,82,,TORREÃO,,CIDADE,COLISÃO TRASEIRA,COLISÃO SEM VITIMAS,2,,,,,,,1,,0,,Longo da via,Bom,Não existe,Perfeito estado,Seca,Perfeito estado,Não existe,Não há placas,40 km/h,Dupla,Não existe,,,,,,,,
2019-03-08,09:27:00,SEM VÍTIMA,FINALIZADA,IMBIRIBEIRA,AV PRESIDENTE DUTRA,,RUA ARCELINA DE OLIVEIRA,,AV PRESIDENTE DUTRA,,,IMBIRIBEIRA,,SUBURBIO,COLISÃO TRASEIRA,DOIS AUTOS,2,,,,,,,,,0,,Longo da via,Bom,Não existe,Perfeito estado,Seca,Perfeito estado,Não existe,Não há placas,60 km/h,Única,Não existe,,,,,,,,
2019-03-08,09:28:00,SEM VÍTIMA,FINALIZADA,DERBY,AV GOVERNADOR AGAMENON MAGALHAES,,,ODONTOCAP,AV GOVERNADOR AGAMENON MAGALHAES,,ODONTOCAP,DERBY,,SUBURBIO,ABALROAMENTO LONGITUDINAL,SEM VITIMAS,1,,,,,1,,,,0,,Longo da via,Bom,Não existe,Perfeito estado,Seca,Perfeito estado,Não existe,Não há placas,,Única,Canteiro central,,,,,,,,
2019-03-08,09:30:00,COM VÍTIMA,FINALIZADA,AFOGADOS,RUA AUGUSTO CALHEIROS,,,EM FRENTE A LOJA REI DOS FAROIS,RUA AUGUSTO CALHEIROS,,EM FRENTE A LOJA REI DOS FAROIS,AFOGADOS,553,SUBURBIO,COLISÃO TRASEIRA,COLISÃO ENTRE AUTOMÓVEL E MOTOCICLETA.,1,1,,,,,,,,1,,Longo da via,Bom,Sem defeito,Perfeito estado,Seca,Perfeito estado,Faixa de retenção,Não há placas,40 km/h,Única,Faixa,,,,,,,,
2019-03-08,09:54:00,SEM VÍTIMA,FINALIZADA,BOA VIAGEM,AV FERNANDO SIMOES BARBOSA,874,,NÚMERO 874,AV FERNANDO SIMOES BARBOSA,874,NÚMERO 874,BOA VIAGEM,,SUBURBIO,ABALROAMENTO LONGITUDINAL,COLISÃO SEM VITIMAS,1,1,,,,,,,,0,,Longo da via,Bom,Não existe,Perfeito estado,Seca,Perfeito estado,Não existe,Não há placas,,Dupla,Canteiro central,,,,,,,,
2019-03-08,09:54:00,SEM VÍTIMA,CANCELADA,ARRUDA,EST VELHA DE AGUA FRIA,1029,,,EST VELHA DE AGUA FRIA,1029,,ARRUDA,,,COLISÃO,COLISÃO ENTRE AUTO E MOTO SEM VÍTIMAS,1,1,,,,,,,,0,,,,,,,,,,,,,,,,,,,,
2019-03-08,09:58:00,COM VÍTIMA,FINALIZADA,SANTO ANTÔNIO,AV DANTAS BARRETO,,,LADO OPOSTO AO BANCO DO BRASIL, EM FRENTE AO ANTIGO BANCO SAFRA.,AV DANTAS BARRETO,,LADO OPOSTO AO BANCO DO BRASIL, EM FRENTE AO ANTIGO BANCO SAFRA.,SANTO ANTÔNIO,,,COLISÃO,COLISÃO ENTRE UM ÔNIBUS E UMA CARROÇA.,,,,,,1,,,1,1,,Longo da via,Bom,Sem defeito,Perfeito estado,Seca,Perfeito estado,Não existe,Não há placas,,Dupla,Canteiro central,,,,,,
2019-03-08,10:00:00,SEM VÍTIMA,FINALIZADA,CASA AMARELA,RUA FERNANDO DE SOUZA CAETE,146,,,RUA FERNANDO DE SOUZA CAETE,146,,CASA AMARELA,,CIDADE,ABALROAMENTO LONGITUDINAL,AUTO E MOTO,1,1,,,,,,,,0,,Longo da via,Bom,Não existe,Não existente,Seca,Perfeito estado,Não existe,Não há placas,20 km/h,Dupla,,,,,,,,,
2019-03-08,10:02:00,SEM VÍTIMA,FINALIZADA,ILHA DO RETIRO,RUA TABAIARES,233,,,RUA TABAIARES,233,,ILHA DO RETIRO,,CIDADE,ABALROAMENTO LONGITUDINAL,SEM VITIMAS,2,,,,,,,,,0,,Longo da via,Bom,Não existe,Não existente,Seca,Perfeito estado,Não existe,Não há placas,,Dupla,Não existe,,,,,,,,
2019-03-08,10:24:00,COM VÍTIMA,FINALIZADA,ESPINHEIRO,RUA DO ESPINHEIRO,151,,AO LADO DA CLINICA HAPVIDA,RUA DO ESPINHEIRO,151,AO LADO DA CLINICA HAPVIDA,ESPINHEIRO,,CIDADE,ABALROAMENTO LONGITUDINAL,COLISÃO ENTRE AUTOMÓVEL E MOTOCICLETA.,1,1,,,,,,,,1,,Longo da via,Bom,Não existe,Perfeito estado,Seca,Perfeito estado,Não existe,Outras,,Única,Faixa seccionada,,,,,,,,
2019-03-08,10:38:00,SEM VÍTIMA,FINALIZADA,DERBY,RUA JOAQUIM NABUCO,,,EM FRENTE AO HOSPITAL SANTA JOANA,RUA JOAQUIM NABUCO,,EM FRENTE AO HOSPITAL SANTA JOANA,DERBY,,,ABALROAMENTO LONGITUDINAL,COLISÃO SEM VITIMAS,2,,,,,,,,,0,,Longo da via,Bom,Não existe,Perfeito estado,Seca,Perfeito estado,Não existe,Não há placas,,Única,Faixa seccionada,,,,,,,,
2019-03-08,10:42:00,SEM VÍTIMA,FINALIZADA,IPUTINGA,RUA MAURICIO DE NASSAU,,RUA SAO MATEUS,,RUA MAURICIO DE NASSAU,,,IPUTINGA,239,CIDADE,ABALROAMENTO LONGITUDINAL,SEM VITIMAS,2,,,,,,,,,0,,Cruzamento,Bom,Sem defeito,Perfeito estado,Seca,Perfeito estado,Faixa de pedestre,R-6a,40 km/h,Dupla,Faixa contínua,,,,,,,,
2019-03-08,11:05:00,SEM VÍTIMA,FINALIZADA,DERBY,RUA JENER DE SOUZA,635,RUA DA BAIXA VERDE,LADO OPOSTO AO QUARTEL DO DERBY,RUA JENER DE SOUZA,635,LADO OPOSTO AO QUARTEL DO DERBY,DERBY,,CIDADE,ABALROAMENTO LONGITUDINAL,SEM VITIMAS,2,,,,,,,,,0,,Cruzamento,Bom,Não existe,Perfeito estado,Seca,Perfeito estado,Não existe,Outras,,Dupla,Canteiro central,,,,,,,,
2019-03-08,11:32:00,SEM VÍTIMA,FINALIZADA,CORDEIRO,AV CAXANGA,,,EM FRENTE AO POSTO DE COMBUSTÍVEL POTENCIAL,AV CAXANGA,,EM FRENTE AO POSTO DE COMBUSTÍVEL POTENCIAL,CORDEIRO,,CIDADE,ABALROAMENTO LONGITUDINAL,SEM VITIMAS,1,1,,,,,,,,0,,Longo da via,Bom,Não existe,Ilegível,Seca,Perfeito estado,Não existe,R-6a,,Dupla,Canteiro central,,,,,,,,
2019-03-08,11:24:00,SEM VÍTIMA,FINALIZADA,SANTO AMARO,RUA TREZE DE MAIO,304,,EM FRENTE AO MINISTERIO PUBLICO,RUA TREZE DE MAIO,304,EM FRENTE AO MINISTERIO PUBLICO,SANTO AMARO,,SUBURBIO,ABALROAMENTO LONGITUDINAL,COLISÃO SEM VITIMAS,1,1,,,,,,,,0,,Longo da via,Bom,Não existe,Perfeito estado,Seca,Perfeito estado,Agente,Não há placas,40 km/h,Dupla,Faixa contínua,,,,,,,,
2019-03-08,11:35:00,SEM VÍTIMA,FINALIZADA,BOA VIAGEM,RUA DOS NAVEGANTES,4470,,PROX. AO HOTEL CANARIUS PALACE HOTEL,RUA DOS NAVEGANTES,4470,PROX. AO HOTEL CANARIUS PALACE HOTEL,BOA VIAGEM,,SUBURBIO,ABALROAMENTO LONGITUDINAL,DOIS AUTOS,2,,,,,,,,,0,,Longo da via,Bom,Não existe,Perfeito estado,Seca,Perfeito estado,Não existe,Placas Pare,,Única,Faixa seccionada,,,,,,,,