data,hora,natureza_acidente,situacao,bairro,endereco,numero,detalhe_endereco_acidente,complemento,endereco_cruzamento,numero_cruzamento,referencia_cruzamento,bairro_cruzamento,num_semaforo,sentido_via,tipo,descricao,auto,moto,ciclom,ciclista,pedestre,onibus,caminhao,viatura,outros,vitimas,vitimasfatais,acidente_verificado,tempo_clima,situacao_semaforo,sinalizacao,condicao_via,conservacao_via,ponto_controle,situacao_placa,velocidade_max_via,mao_direcao,divisao_via1,divisao_via2,divisao_via3,,,,,,
2019-03-08,11:44:00,SEM VÍTIMA,FINALIZADA,GRAÇAS,RUA MONSENHOR AMBROZINO LEITE,,,FRENTE AO CENTRO DE ASSISTENCIA SOCIAL DA PMPE,RUA MONSENHOR AMBROZINO LEITE,,FRENTE AO CENTRO DE ASSISTENCIA SOCIAL DA PMPE,GRAÇAS,,CIDADE,COLISÃO TRASEIRA,CAMINHAO E AUTO,1,,,,,,1,,,0,,Longo da via,Bom,Não existe,Não existente,Seca,Perfeito estado,Não existe,Não há placas,,Única,,,,,,,,,
2019-03-08,12:08:00,SEM VÍTIMA,FINALIZADA,JAQUEIRA,RUA DO FUTURO,,,EM FRENTE À LIVRARIA JAQUEIRA,RUA DO FUTURO,,EM FRENTE À LIVRARIA JAQUEIRA,JAQUEIRA,,CIDADE,ABALROAMENTO LONGITUDINAL,ENTRE AUTOS S/V,2,,,,,,,,,0,,Longo da via,Bom,Não existe,Perfeito estado,Seca,Perfeito estado,Não existe,Não há placas,40 km/h,Única,Faixa seccionada,,,,,,,,
2019-03-08,12:10:00,SEM VÍTIMA,FINALIZADA,BOMBA DO HEMETÉRIO,RUA SAO BENTO,,,ESTRADA VELHA DE ÁGUA FRIA,RUA SAO BENTO,,ESTRADA VELHA DE ÁGUA FRIA,BOMBA DO HEMETÉRIO,,CIDADE,ABALROAMENTO LONGITUDINAL,COLISÃO SEM VÍTIMAS,1,,,,,1,,,,0,,Cruzamento,Bom,Não existe,Perfeito estado,Seca,Perfeito estado,Outros,Outras,,Única,Faixa seccionada,,,,,,,,
2019-03-08,12:22:00,COM VÍTIMA,FINALIZADA,VÁRZEA,RUA MARECHAL MANOEL LUIS OSORIO,,RUA PROFESSOR ANTONIO COELHO,EM FRENTE AO COLÉGIO PONTUAL,RUA MARECHAL MANOEL LUIS OSORIO,,EM FRENTE AO COLÉGIO PONTUAL,VÁRZEA,,,ABALROAMENTO TRANSVERSAL,COLISÃO ENTRE AUTOMÓVEL E MOTOCICLETA.,1,1,,,,,,,,1,,Cruzamento,Bom,Não existe,Perfeito estado,Seca,Perfeito estado,Não existe,Não há placas,,Dupla,Faixa contínua,,,,,,,,
2019-03-08,13:15:00,COM VÍTIMA,FINALIZADA,TEJIPIÓ,AV DR JOSE RUFINO,3152,,EM FRENTE AO QUARTEL 4º BCOM,AV DR JOSE RUFINO,3152,EM FRENTE AO QUARTEL 4º BCOM,TEJIPIÓ,208,CIDADE,ABALROAMENTO LONGITUDINAL,COLISÃO COM VITIMA, AGUARDANDO ATENDIMENTO NO LOCAL,1,1,,,,,,,,1,,Longo da via,Bom,Sem defeito,Perfeito estado,Seca,Perfeito estado,Faixa de pedestre,Não há placas,,Dupla,Faixa contínua,Faixa seccionada,,,,,,
2019-03-08,13:32:00,SEM VÍTIMA,FINALIZADA,BOA VIAGEM,RUA ELADIO RAMOS,99,RUA FREI CASANOVA,,RUA ELADIO RAMOS,99,,BOA VIAGEM,,,ABALROAMENTO TRANSVERSAL,COLISÃO SEM VITIMAS,2,,,,,,,,,0,,Cruzamento,Bom,Não existe,Perfeito estado,Seca,Perfeito estado,Não existe,Não há placas,,Dupla,Não existe,,,,,,,,
2019-03-08,13:32:00,SEM VÍTIMA,FINALIZADA,CAXANGÁ,AV CAXANGA,,,,AV CAXANGA,,,CAXANGÁ,232,CIDADE,COLISÃO TRASEIRA,ENTRE AUTOS S/V,2,,,,,,,,,0,,Longo da via,Bom,Sem defeito,Perfeito estado,Seca,Perfeito estado,Faixa de retenção,R-6a,,Dupla,Canteiro central,,,,,,,,
2019-03-08,13:57:00,SEM VÍTIMA,FINALIZADA,BOA VIAGEM,AV CONSELHEIRO AGUIAR,4189,,ANTES DO CRUZAMENTO COM RUA RIBEIRO DE BRITO,AV CONSELHEIRO AGUIAR,4189,ANTES DO CRUZAMENTO COM RUA RIBEIRO DE BRITO,BOA VIAGEM,147,CIDADE,ABALROAMENTO LONGITUDINAL,ENTRE AUTOS S/V,2,,,,,,,,,0,,Longo da via,Bom,Sem defeito,Perfeito estado,Seca,Perfeito estado,Agente,,,Única,,,,,,,,,
2019-03-08,13:58:00,COM VÍTIMA,FINALIZADA,TAMARINEIRA,RUA DR JOSE MARIA,1096,,EM FRENTE AO COLÉGIO BOA VIAGEM,RUA DR JOSE MARIA,1096,EM FRENTE AO COLÉGIO BOA VIAGEM,TAMARINEIRA,,SUBURBIO,ABALROAMENTO TRANSVERSAL,COLISÃO ENTRE AUTOMÓVEL E MOTOCICLETA.,1,1,,,,,,,,1,,Longo da via,Bom,Não existe,Perfeito estado,Seca,Perfeito estado,Não existe,Outras,,Dupla,Não existe,,,,,,,,
2019-03-08,14:07:00,SEM VÍTIMA,FINALIZADA,IMBIRIBEIRA,AV MARECHAL MASCARENHAS DE MORAES,,,SOB O VIADUTO TANCREDO NEVES,AV MARECHAL MASCARENHAS DE MORAES,,SOB O VIADUTO TANCREDO NEVES,IMBIRIBEIRA,,SUBURBIO,COLISÃO TRASEIRA,ENTRE AUTOS S/V,2,,,,,,,,,0,,Longo da via,Bom,Não existe,Perfeito estado,Seca,Perfeito estado,Não existe,R-6a,60 km/h,Dupla,Canteiro central,,,,,,,,
2019-03-08,14:09:00,SEM VÍTIMA,FINALIZADA,BOA VIAGEM,AV BOA VIAGEM,,,,AV BOA VIAGEM,,,BOA VIAGEM,84,CIDADE,COLISÃO TRASEIRA,COLISÃO SEM VITIMAS,2,,,,,,,,,0,,Longo da via,Bom,Sem defeito,Perfeito estado,Seca,Perfeito estado,Faixa de pedestre,Outras,60 km/h,Única,Faixa seccionada,,,,,,,,
2019-03-08,14:30:00,SEM VÍTIMA,FINALIZADA,BOA VIAGEM,AV ENGENHEIRO DOMINGOS FERREIRA,,RUA FELIX DE BRITO E MELO,,AV ENGENHEIRO DOMINGOS FERREIRA,,,BOA VIAGEM,545,SUBURBIO,COLISÃO TRASEIRA,ENTRE AUTOS S/V,2,,,,,,,,,0,,Longo da via,Bom,Sem defeito,Perfeito estado,Seca,Perfeito estado,Faixa de pedestre,R-6a,60 km/h,Única,Canteiro central,,,,,,,,
2019-03-08,15:04:00,SEM VÍTIMA,FINALIZADA,VÁRZEA,RUA GENERAL POLIDORO,365,RUA MARECHAL MANOEL LUIS OSORIO,,RUA GENERAL POLIDORO,365,,VÁRZEA,,SUBURBIO,ABALROAMENTO LONGITUDINAL,COLISÃO ENVOLVENDO AUTO E MOTOCICLETA SEM VÍTIMA,1,1,,,,,,,,0,,Longo da via,Bom,Não existe,Perfeito estado,Seca,Perfeito estado,Não existe,Outras,,Dupla,Não existe,,,,,,,,
2019-03-08,15:04:00,SEM VÍTIMA,FINALIZADA,BOA VIAGEM,RUA TENENTE DOMINGOS DE BRITO,443,,AO LADO DO EDF SHOPP RECIFE PRINCE/ SAÍDA DO SHOPP B. VIAGEM,RUA TENENTE DOMINGOS DE BRITO,443,AO LADO DO EDF SHOPP RECIFE PRINCE/ SAÍDA DO SHOPP B. VIAGEM,BOA VIAGEM,,CIDADE,COLISÃO TRASEIRA,COLISÃO SEM VITIMAS,2,,,,,,,,,0,,Longo da via,Bom,Não existe,Não existente,Seca,Perfeito estado,Não existe,Não há placas,,Única,Não existe,,,,,,,,
2019-03-08,15:27:00,SEM VÍTIMA,FINALIZADA,AFLITOS,RUA MANUEL DE CARVALHO,322,,POR TRÁS DO CAMPO DO NAUTICO,RUA MANUEL DE CARVALHO,322,POR TRÁS DO CAMPO DO NAUTICO,AFLITOS,,CIDADE,CHOQUE VEÍCULO PARADO,ENTRE AUTOS S/V,1,,,,,,1,,,0,,Longo da via,Bom,Não existe,Incompleta,Seca,Perfeito estado,Não existe,Outras,,Única,Não existe,,,,,,,,
2019-03-08,15:38:00,SEM VÍTIMA,FINALIZADA,IPSEP,RUA JEAN EMILE FAVRE,885,,EM FRENTE A FARMACIA PERMANENTE,RUA JEAN EMILE FAVRE,885,EM FRENTE A FARMACIA PERMANENTE,IPSEP,,SUBURBIO,COLISÃO TRASEIRA,COLISÃO SEM VÍTIMA,2,,,,,,,,,0,,Longo da via,Bom,Não existe,Perfeito estado,Seca,Perfeito estado,Não existe,R-6a,,Dupla,Faixa contínua,,,,,,,,
2019-03-08,15:57:00,SEM VÍTIMA,FINALIZADA,BOA VIAGEM,RUA RIBEIRO DE BRITO,4060,,EM FRENTE A MAPFRE SEGUROS,RUA RIBEIRO DE BRITO,4060,EM FRENTE A MAPFRE SEGUROS,BOA VIAGEM,,SUBURBIO,ABALROAMENTO LONGITUDINAL,ENTRE AUTOS S/V,2,,,,,,,,,0,,Longo da via,Bom,Sem defeito,Perfeito estado,Seca,Perfeito estado,Faixa de pedestre,R-6a,,Única,Faixa seccionada,,,,,,,,
2019-03-08,16:33:00,SEM VÍTIMA,CANCELADA,GRAÇAS,RUA CARDEAL ARCOVERDE,,AV RUI BARBOSA,PROX. A PIZZARIA ATLÂNTICO,RUA CARDEAL ARCOVERDE,,PROX. A PIZZARIA ATLÂNTICO,GRAÇAS,,,COLISÃO,COLISÃO SEM VITIMAS,2,,,,,,,,,0,,,,,,,,,,,,,,,,,,,,
2019-03-08,17:11:00,SEM VÍTIMA,FINALIZADA,AFOGADOS,AV SUL,,,CAIXA ECONÔMICA FEDERAL,AV SUL,,CAIXA ECONÔMICA FEDERAL,AFOGADOS,,SUB/CID,ABALROAMENTO LONGITUDINAL,COLISÃO SEM VITIMAS,1,,,,,,1,,,0,,Longo da via,Bom,Não existe,Perfeito estado,Seca,Perfeito estado,,Outras,,Única,Faixa,,,,,,,,
2019-03-08,17:23:00,SEM VÍTIMA,FINALIZADA,DERBY,RUA HENRIQUE DIAS,,AV GOVERNADOR AGAMENON MAGALHAES,,RUA HENRIQUE DIAS,,,DERBY,68,CIDADE,ABALROAMENTO LONGITUDINAL,SEM VÍTIMAS.,1,1,,,,1,,,,0,,Cruzamento,Bom,Sem defeito,Perfeito estado,Seca,Perfeito estado,Faixa de pedestre,Outras,60 km/h,Única,Não existe,,,,,,,,
2019-03-08,17:31:00,SEM VÍTIMA,FINALIZADA,GRAÇAS,AV RUI BARBOSA,,RUA DAS CREOULAS,,AV RUI BARBOSA,,,GRAÇAS,102,CIDADE,ABALROAMENTO TRANSVERSAL,ENTRE AUTOS S/V,2,,,,,,,,,0,,Cruzamento,Bom,Sem defeito,Perfeito estado,Seca,Perfeito estado,Faixa de pedestre,Não há placas,60 km/h,Única,Faixa seccionada,,,,,,,,
2019-03-08,18:43:00,SEM VÍTIMA,FINALIZADA,IMBIRIBEIRA,AV MARECHAL MASCARENHAS DE MORAES,,,LADO OPOSTO LOCALIZA HERTZ,AV MARECHAL MASCARENHAS DE MORAES,,LADO OPOSTO LOCALIZA HERTZ,IMBIRIBEIRA,,SUBURBIO,COLISÃO TRASEIRA,TAXI X FIAT CRONOS X FIESTA,3,,,,,,,,,0,,Longo da via,Bom,Não existe,Perfeito estado,Seca,Perfeito estado,Não existe,Não há placas,,Dupla,Canteiro central,,,,,,,,
2019-03-08,18:48:00,SEM VÍTIMA,FINALIZADA,NOVA DESCOBERTA,RUA NOVA DESCOBERTA,368,,EM FRENTE AO IMÓVEL Nº 368,RUA NOVA DESCOBERTA,368,EM FRENTE AO IMÓVEL Nº 368,NOVA DESCOBERTA,,SUBURBIO,ABALROAMENTO LONGITUDINAL,COLISÃO SEM VITIMAS,,,,,,1,,,1,0,,Longo da via,Bom,Não existe,Incompleta,Seca,Perfeito estado,,R-6a,30 km/h,Dupla,Não existe,,,,,,,,
2019-03-08,19:02:00,SEM VÍTIMA,FINALIZADA,BOA VIAGEM,RUA CAPITAO ZUZINHA,,AV MARECHAL JUAREZ TAVORA,,RUA CAPITAO ZUZINHA,,,BOA VIAGEM,437,CIDADE,COLISÃO TRASEIRA,MOTO X CAMINHAO // OBS : BATEDORES NO LOCAL (17-11),,1,,,,,1,,,0,,Longo da via,Bom,Sem defeito,Perfeito estado,Seca,Perfeito estado,Faixa de retenção,Não há placas,,Única,Faixa seccionada,,,,,,,,
2019-03-08,19:25:00,SEM VÍTIMA,CANCELADA,CAMPO GRANDE,RUA CATULO DA PAIXAO CEARENSE,,,EM FRENTE A IGREJA UNIVERSAL,RUA CATULO DA PAIXAO CEARENSE,,EM FRENTE A IGREJA UNIVERSAL,CAMPO GRANDE,,,COLISÃO,COLISÃO SEM VITIMAS,2,,,,,,,,,0,,,,,,,,,,,,,,,,,,,,
2019-03-08,22:04:00,SEM VÍTIMA,FINALIZADA,AREIAS,AV RECIFE,,,CONJUNTO RESIDENCIAL INEZ ANDREAZA,AV RECIFE,,CONJUNTO RESIDENCIAL INEZ ANDREAZA,AREIAS,,SUBURBIO,ABALROAMENTO LONGITUDINAL,MICRO-ONIBUS X CLASSIC,1,,,,,1,,,,0,,Longo da via,Bom,Não existe,Perfeito estado,Seca,Perfeito estado,,Não há placas,60 km/h,Dupla,Canteiro central,,,,,,,,
2019-03-08,22:18:00,COM VÍTIMA,FINALIZADA,MADALENA,AV BEIRA RIO,825,RUA DOM JOAO DE SOUZA,PROX AO CONJUNTO RESIDENCIAL POWER,AV BEIRA RIO,825,PROX AO CONJUNTO RESIDENCIAL POWER,MADALENA,,SUBURBIO,ABALROAMENTO LONGITUDINAL,COLISÃO ENTRE AUTOMÓVEL E MOTOCICLETA.,1,1,,,,,,,,1,,Longo da via,Bom,Não existe,Perfeito estado,Seca,Perfeito estado,,Placas Pare,,Dupla,Faixa contínua,,,,,,,,
2019-03-09,01:57:00,VÍTIMA FATAL,FINALIZADA,ILHA JOANA BEZERRA,AV GOVERNADOR AGAMENON MAGALHAES,,PTE JOSE DE BARROS LIMA,SOBRE A PONTE JOSE DE BARROS LIMA,AV GOVERNADOR AGAMENON MAGALHAES,,SOBRE A PONTE JOSE DE BARROS LIMA,ILHA JOANA BEZERRA,,CIDADE,COLISÃO COM CICLISTA,VEÍCULO COLIDIU COM DOIS CICLISTAS E EVADIU-SE DO LOCAL.,1,,,2,,,,,,1,1,Viaduto,Bom,Não existe,Perfeito estado,Seca,Perfeito estado,Não existe,Não há placas,,Dupla,Faixa seccionada,Canteiro central,,,,,,,
2019-03-09,07:29:00,SEM VÍTIMA,FINALIZADA,BOA VIAGEM,AV ENGENHEIRO DOMINGOS FERREIRA,3042,RUA ANTONIO FALCAO,EM FRENTE AO SANTANDER/,AV ENGENHEIRO DOMINGOS FERREIRA,3042,EM FRENTE AO SANTANDER/,BOA VIAGEM,145,SUBURBIO,ABALROAMENTO LONGITUDINAL,COLISÃO SEM VÍTIMA,,,,,,1,1,,,0,,Cruzamento,Bom,Sem defeito,Perfeito estado,Seca,Perfeito estado,Faixa de pedestre,Outras,60 km/h,Única,Faixa contínua,,,,,,,,
2019-03-09,07:37:00,COM VÍTIMA,FINALIZADA,BOMBA DO HEMETÉRIO,RUA BOMBA DO HEMETERIO,192,RUA SAO SEBASTIAO,EM FRENTE AO MERCADO COMPRE MAIS,RUA BOMBA DO HEMETERIO,192,EM FRENTE AO MERCADO COMPRE MAIS,BOMBA DO HEMETÉRIO,,,ABALROAMENTO TRANSVERSAL,COLISÃO ENTRE UMA MOTOCICLETA E UMA MOTONETA.,,1,1,,,,,,,2,,Longo da via,Bom,Sem defeito,Perfeito estado,Seca,Perfeito estado,Não existe,Não há placas,,Dupla,Faixa seccionada,,,,,,,,
2019-03-09,07:59:00,SEM VÍTIMA,FINALIZADA,BOA VIAGEM,AV ENGENHEIRO DOMINGOS FERREIRA,2200,RUA JOSE MARIA DE MIRANDA,,AV ENGENHEIRO DOMINGOS FERREIRA,2200,,BOA VIAGEM,484,SUBURBIO,ABALROAMENTO TRANSVERSAL,DOIS AUTOS,2,,,,,,,,,0,,Cruzamento,Bom,Com defeito,Ilegível,Seca,Perfeito estado,Faixa de pedestre,,,Única,Faixa contínua,Canteiro central,,,,,,,
2019-03-09,08:55:00,SEM VÍTIMA,FINALIZADA,ILHA DO RETIRO,AV ENGENHEIRO ABDIAS DE CARVALHO,150,,,AV ENGENHEIRO ABDIAS DE CARVALHO,150,,ILHA DO RETIRO,,CIDADE,COLISÃO TRASEIRA,AUTO E CAMINHAO DA CELPE S/V,1,,,,,,1,,,0,,Longo da via,Bom,Não existe,Perfeito estado,Seca,Perfeito estado,Não existe,Não há placas,60 km/h,Dupla,Canteiro central,,,,,,,,
2019-03-09,09:13:00,COM VÍTIMA,FINALIZADA,BOA VIAGEM,AV DOM JOAO VI,,,PROX. AO TUNEL, EM FRENTE A SAIDA 3 DO SHOPPING CENTER RECIFE.,AV DOM JOAO VI,,PROX. AO TUNEL, EM FRENTE A SAIDA 3 DO SHOPPING CENTER RECIFE.,BOA VIAGEM,,SUBURBIO,CHOQUE OBJETO FIXO,CONDUTOR SE CHOCOU EM UMA ARVORE. COM O IMPACTO ELE FICOU INCONSCIENTE.,,1,,,,,,,,1,,Longo da via,Chuvoso,Não existe,Perfeito estado,Molhada,Perfeito estado,Não existe,Não há placas,50 km/h,Única,Faixa seccionada,Canteiro central,,,,,
2019-03-09,09:13:00,SEM VÍTIMA,FINALIZADA,ILHA DO RETIRO,RUA BENFICA,,,SPORT CLUB,RUA BENFICA,,SPORT CLUB,ILHA DO RETIRO,,SUBURBIO,ABALROAMENTO LONGITUDINAL,DOIS AUTOS,2,,,,,,,,,0,,Longo da via,Bom,Não existe,Perfeito estado,Seca,Perfeito estado,Faixa de pedestre,R-6a,,Única,Blocos,,,,,,,,
2019-03-09,09:25:00,SEM VÍTIMA,FINALIZADA,JOANA BEZERRA,AV BEIRA RIO,,,,AV BEIRA RIO,,,JOANA BEZERRA,308,CIDADE,COLISÃO TRASEIRA,COLISÃO SEM VÍTIMA,2,,,,,,,,,0,,Longo da via,Bom,Sem defeito,Perfeito estado,Seca,Perfeito estado,Faixa de retenção,Outras,,Dupla,Faixa seccionada,,,,,,,,
2019-03-09,09:31:00,SEM VÍTIMA,DUPLICIDADE,ILHA DO RETIRO,RUA BENFICA,,AV PREFEITO LIMA CASTRO,AO LADO DO ESTADIO DA ILHA DO RETIRO, PROX. AO TUNEL CHICO SCIENCE,RUA BENFICA,,AO LADO DO ESTADIO DA ILHA DO RETIRO, PROX. AO TUNEL CHICO SCIENCE,ILHA DO RETIRO,,,COLISÃO,SEM VÍTIMAS,2,,,,,,,,,0,,,,,,,,,,,,,,,,,,
2019-03-09,09:57:00,COM VÍTIMA,FINALIZADA,PAISSANDU,RUA PAISSANDU,738,,EM FRENTE AO HOSPITAL DO CAPIBARIBE.,RUA PAISSANDU,738,EM FRENTE AO HOSPITAL DO CAPIBARIBE.,PAISSANDU,,CIDADE,ABALROAMENTO LONGITUDINAL,COLISÃO ENTRE AUTOMÓVEL E MOTOCICLETA.,1,1,,,,,,,,1,,Longo da via,Bom,Não existe,Perfeito estado,Seca,Perfeito estado,,R-6a,,Dupla,Blocos,,,,,,,,
2019-03-09,10:07:00,COM VÍTIMA,FINALIZADA,BOA VISTA,AV GOVERNADOR AGAMENON MAGALHAES,,,EM FRENTE AO MINISTERIO DO TRABALHO E CÍRCULO MILITAR.,AV GOVERNADOR AGAMENON MAGALHAES,,EM FRENTE AO MINISTERIO DO TRABALHO E CÍRCULO MILITAR.,BOA VISTA,,SUBURBIO,COLISÃO TRASEIRA,COLISÃO ENTRE AUTOMÓVEL E MOTOCICLETA.,1,1,,,,,,,,1,,Longo da via,Bom,Não existe,Perfeito estado,Seca,Perfeito estado,Não existe,Outras,,Dupla,Faixa seccionada,Canal,,,,,,,
2019-03-09,10:10:00,SEM VÍTIMA,FINALIZADA,BOA VIAGEM,RUA DOS NAVEGANTES,1847,RUA ANTONIO FALCAO,,RUA DOS NAVEGANTES,1847,,BOA VIAGEM,,SUBURBIO,ABALROAMENTO TRANSVERSAL,SEM VÍTIMAS,2,,,,,,,,,0,,Cruzamento,Bom,Não existe,Ilegível,Seca,Perfeito estado,Não existe,Placas Pare,,Única,Faixa contínua,,,,,,,,
2019-03-09,10:15:00,SEM VÍTIMA,FINALIZADA,MADALENA,RUA MENEZES DRUMOND,,,AO LADO DO Nº 60,RUA MENEZES DRUMOND,,AO LADO DO Nº 60,MADALENA,,,ABALROAMENTO LONGITUDINAL,DOIS AUTOS S/V,2,,,,,,,,,0,,Longo da via,Bom,Não existe,Perfeito estado,Seca,Perfeito estado,Não existe,Não há placas,30 km/h,Única,Não existe,,,,,,,,
2019-03-09,10:37:00,SEM VÍTIMA,FINALIZADA,MACAXEIRA,AV NORTE,,RUA MARIA CANDIDA,EM FRENTE AO SEMÁFORO 296,AV NORTE,,EM FRENTE AO SEMÁFORO 296,MACAXEIRA,296,CIDADE,COLISÃO TRASEIRA,COLISÃO SEM VÍTIMA,1,,,,,1,,,,0,,Longo da via,Bom,Sem defeito,Perfeito estado,Seca,Perfeito estado,Faixa de pedestre,,,Única,Canteiro central,,,,,,,,
2019-03-09,10:57:00,SEM VÍTIMA,FINALIZADA,BOA VIAGEM,AV ENGENHEIRO DOMINGOS FERREIRA,200,RUA TOME GIBSON,SEMÁFORO 200,AV ENGENHEIRO DOMINGOS FERREIRA,200,SEMÁFORO 200,BOA VIAGEM,200,,ABALROAMENTO LONGITUDINAL,COLISÃO SEM VÍTIMA,1,1,,,,,,,,0,,Cruzamento,Bom,Sem defeito,Perfeito estado,Seca,Perfeito estado,Faixa de pedestre,Outras,60 km/h,Única,Canteiro central,,,,,,,,
2019-03-09,11:01:00,SEM VÍTIMA,DUPLICIDADE,BOA VIAGEM,AV ENGENHEIRO DOMINGOS FERREIRA,,RUA TOME GIBSON,PROX. AO ARMAZEM BOA VIAGEM,AV ENGENHEIRO DOMINGOS FERREIRA,,PROX. AO ARMAZEM BOA VIAGEM,BOA VIAGEM,200,,COLISÃO,AUTO E MOTO,1,1,,,,,,,,0,,,,,,,,,,,,,,,,,,,,
2019-03-09,11:06:00,SEM VÍTIMA,FINALIZADA,CORDEIRO,RUA GREGORIO JUNIOR,,RUA BRASILANDIA,RES BRASILÂNDIA,RUA GREGORIO JUNIOR,,RES BRASILÂNDIA,CORDEIRO,236,CIDADE,ABALROAMENTO LONGITUDINAL,COLISÃO SEM VÍTIMA,1,,,,,,,,1,0,,Longo da via,Bom,Não existe,Perfeito estado,Seca,Perfeito estado,Não existe,R-6a,,Única,Faixa contínua,,,,,,,,
2019-03-09,12:13:00,COM VÍTIMA,CANCELADA,BOA VIAGEM,AV BOA VIAGEM,500,,EM FRENTE AO EDF ELDORADO,AV BOA VIAGEM,500,EM FRENTE AO EDF ELDORADO,BOA VIAGEM,,,COLISÃO,MOTO E AUTO,1,1,,,,,,,,1,,,,,,,,,,,,,,,,,,,,
2019-03-09,13:04:00,SEM VÍTIMA,FINALIZADA,JOANA BEZERRA,VDO PAPA JOAO PAULO II,,,,VDO PAPA JOAO PAULO II,,,JOANA BEZERRA,,SUBURBIO,COLISÃO TRASEIRA,DOIS AUTOS,2,,,,,,,,,0,,Viaduto,Bom,Não existe,Perfeito estado,Seca,Perfeito estado,Não existe,Não há placas,,Única,Faixa seccionada,,,,,,,,
2019-03-09,13:12:00,SEM VÍTIMA,FINALIZADA,ZUMBI,RUA GREGORIO JUNIOR,224,,,RUA GREGORIO JUNIOR,224,,ZUMBI,,,ABALROAMENTO LONGITUDINAL,COLISÃO SEM VITIMAS,2,,,,,,,,,0,,Longo da via,Bom,Não existe,Perfeito estado,Seca,Perfeito estado,Não existe,R-6a,,Única,Não existe,,,,,,,,
2019-03-09,14:24:00,SEM VÍTIMA,FINALIZADA,ILHA DO RETIRO,AV JOSE GONCALVES DE MEDEIROS,,,AO LADO DO EXTRA,AV JOSE GONCALVES DE MEDEIROS,,AO LADO DO EXTRA,ILHA DO RETIRO,,SUBURBIO,ABALROAMENTO LONGITUDINAL,COLISÃO SEM VITIMAS,2,,,,,,,,,0,,Longo da via,Bom,Não existe,Perfeito estado,Seca,Perfeito estado,Outros,Não há placas,,Dupla,Faixa contínua,,,,,,,,
2019-03-09,14:30:00,SEM VÍTIMA,CANCELADA,BOA VIAGEM,AV BOA VIAGEM,2234,RUA HENRIQUE CAPITULINO,PRÓX AO EDIFÍCIO ÁLVARO COSTA E AO POSTO 5.,AV BOA VIAGEM,2234,PRÓX AO EDIFÍCIO ÁLVARO COSTA E AO POSTO 5.,BOA VIAGEM,,,COLISÃO,ENTRE AUTOS S/V,2,,,,,,,,,0,,,,,,,,,,,,,,,,,,,,
2019-03-09,15:10:00,COM VÍTIMA,FINALIZADA,ESTÂNCIA,AV RECIFE,5005,,EM FRENTE AO MACKO,AV RECIFE,5005,EM FRENTE AO MACKO,ESTÂNCIA,461,SUBURBIO,COLISÃO TRASEIRA,COLISÃO ENTRE AUTOMÓVEL E MOTOCICLETA.,1,1,,,,,,,,2,,Longo da via,Bom,Sem defeito,Perfeito estado,Seca,Perfeito estado,Faixa de pedestre,R-6a,,Dupla,Faixa seccionada,,,,,,,,
2019-03-09,15:14:00,SEM VÍTIMA,FINALIZADA,COHAB,AV PERNAMBUCO,348,,FITEIRO DE MARCOS,AV PERNAMBUCO,348,FITEIRO DE MARCOS,COHAB,,SUBURBIO,ABALROAMENTO LONGITUDINAL,COLISÃO SEM VITIMAS,1,1,,,,,,,,0,,Longo da via,Bom,Não existe,Incompleta,Seca,Perfeito estado,Não existe,R-6a,30 km/h,Dupla,Faixa seccionada,,,,,,,,
2019-03-09,15:26:00,SEM VÍTIMA,CANCELADA,ESTÂNCIA,AV RECIFE,59,,APÓS O HOSPITAL GERAL DE AREIAS,AV RECIFE,59,APÓS O HOSPITAL GERAL DE AREIAS,ESTÂNCIA,,,COLISÃO,ENTRE AUTOS S/V.,2,,,,,,,,,0,,,,,,,,,,,,,,,,,,,,
2019-03-09,17:07:00,COM VÍTIMA,FINALIZADA,PORTO DA MADEIRA,AV BEBERIBE,3377,,SEMÁFORO,AV BEBERIBE,3377,SEMÁFORO,PORTO DA MADEIRA,388,CIDADE,COLISÃO TRASEIRA,COLISÃO COM VITIMA A ESPERA DO SAMU,1,1,,,,,,,,1,,Longo da via,Bom,Sem defeito,Perfeito estado,Seca,Perfeito estado,Faixa de pedestre,R-6a,,Dupla,Faixa contínua,Faixa seccionada,,,,,,,
2019-03-09,16:26:00,SEM VÍTIMA,FINALIZADA,AFOGADOS,RUA JOAQUIM DE VASCONCELOS PEREIRA,132,,CARTÓRIO DE AFOGADOS,RUA JOAQUIM DE VASCONCELOS PEREIRA,132,CARTÓRIO DE AFOGADOS,AFOGADOS,,,CHOQUE VEÍCULO PARADO,ENTRE AUTOS S/V.,2,,,,,,,,,0,,Longo da via,Bom,Não existe,Perfeito estado,Seca,Perfeito estado,Não existe,Não há placas,,Única,Não existe,,,,,,,,
2019-03-09,17:21:00,COM VÍTIMA,FINALIZADA,IPUTINGA,AV CAXANGA,3372,,APOS O PARQUE DE EXPOSIÇÃO DO CORDEIRO EM FRENTE AO BANCO SANTANDER,AV CAXANGA,3372,APOS O PARQUE DE EXPOSIÇÃO DO CORDEIRO EM FRENTE AO BANCO SANTANDER,IPUTINGA,,SUBURBIO,ABALROAMENTO LONGITUDINAL,COLISÃO ENTRE AUTOMÓVEL E MOTOCICLETA.,1,1,,,,,,,,1,,Longo da via,Bom,Não existe,Perfeito estado,Seca,Perfeito estado,,R-25d,,Dupla,Faixa seccionada,,,,,,,,