data,hora,natureza_acidente,situacao,bairro,endereco,numero,detalhe_endereco_acidente,complemento,endereco_cruzamento,numero_cruzamento,referencia_cruzamento,bairro_cruzamento,num_semaforo,sentido_via,tipo,descricao,auto,moto,ciclom,ciclista,pedestre,onibus,caminhao,viatura,outros,vitimas,vitimasfatais,acidente_verificado,tempo_clima,situacao_semaforo,sinalizacao,condicao_via,conservacao_via,ponto_controle,situacao_placa,velocidade_max_via,mao_direcao,divisao_via1,divisao_via2,divisao_via3,,,,,,
2019-03-16,02:05:00,COM VÍTIMA,FINALIZADA,BOA VIAGEM,RUA SA E SOUZA,,RUA LUIZ PIMENTEL,VERD FRUT,RUA SA E SOUZA,,VERD FRUT,BOA VIAGEM,,CIDADE,COLISÃO TRASEIRA,COLISÃO ENTRE UTO E MOTO C/V,1,1,,,,,,,,1,,Longo da via,Bom,Não existe,Perfeito estado,Seca,Perfeito estado,Não existe,Não há placas,,Dupla,Faixa contínua,Faixa seccionada,,,,,,,
2019-03-16,03:33:00,SEM VÍTIMA,FINALIZADA,GRAÇAS,AV CONS ROSA E SILVA,,RUA AMELIA,SEMÁFORO 46,AV CONS ROSA E SILVA,,SEMÁFORO 46,GRAÇAS,46,SUBURBIO,ABALROAMENTO TRANSVERSAL,COLISÃO ENTRE DOIS AUTOS, SEM VÍTIMAS,2,,,,,,,,,0,,Cruzamento,,Sem defeito,Perfeito estado,Molhada,Perfeito estado,Faixa de pedestre,Não há placas,,Única,Faixa seccionada,,,,,,,
2019-03-16,05:20:00,SEM VÍTIMA,FINALIZADA,IMBIRIBEIRA,AV MARECHAL MASCARENHAS DE MORAES,2284,,FRENTE AO Nº 2284,AV MARECHAL MASCARENHAS DE MORAES,2284,FRENTE AO Nº 2284,IMBIRIBEIRA,386,SUBURBIO,ABALROAMENTO LONGITUDINAL,COLISÃO ENTRE AUTO E ÔNIBUS, SEM VÍTIMAS,1,,,,,1,,,,0,,Longo da via,Bom,Sem defeito,Perfeito estado,Seca,Perfeito estado,,Outras,,Dupla,Canteiro central,,,,,,,
2019-03-16,07:27:00,SEM VÍTIMA,CANCELADA,IMBIRIBEIRA,AV MARECHAL MASCARENHAS DE MORAES,2305,,EM FRENTE A LOJA TRATOR PARTS,AV MARECHAL MASCARENHAS DE MORAES,2305,EM FRENTE A LOJA TRATOR PARTS,IMBIRIBEIRA,,PRAZERES,COLISÃO,COLISÃO SEM VITIMAS,2,,,,,,,,,0,,,,,,,,,,,,,,,,,,,,
2019-03-16,08:23:00,SEM VÍTIMA,FINALIZADA,CURADO,AV LIBERDADE,,,211,AV LIBERDADE,,211,CURADO,440,CIDADE,COLISÃO TRASEIRA,SEM VÍTIMAS,1,,,,,,1,,,0,,Longo da via,Bom,Sem defeito,Perfeito estado,Seca,Perfeito estado,Não existe,Placas Pare,,Dupla,Não existe,,,,,,,,
2019-03-16,08:30:00,COM VÍTIMA,FINALIZADA,PONTO DE PARADA,AV BEBERIBE,441,RUA PROFESSOR JERONIMO GUEIROS,AO LADO DA ACADEMIA MEDICI,AV BEBERIBE,441,AO LADO DA ACADEMIA MEDICI,PONTO DE PARADA,,SUBURBIO,ABALROAMENTO TRANSVERSAL,COM UMA VITIMA/VT 07 DA CTTU NO LOCAL,1,1,,,,,,,,1,,,Bom,Sem defeito,Perfeito estado,Seca,Perfeito estado,Não existe,Não há placas,,Dupla,Faixa seccionada,,,,,,,,
2019-03-16,09:49:00,SEM VÍTIMA,FINALIZADA,CASA FORTE,AV DEZESSETE DE AGOSTO,,,EM FRENTE A MACDONALD'S,AV DEZESSETE DE AGOSTO,,EM FRENTE A MACDONALD'S,CASA FORTE,345,,COLISÃO FRONTAL,COLISÃO SEM VITIMAS,2,,,,,,,,,0,,Longo da via,Bom,Sem defeito,Perfeito estado,Seca,Perfeito estado,Faixa de pedestre,Placas Dê a preferência,,Dupla,Faixa contínua,,,,,,,,
2019-03-16,10:06:00,SEM VÍTIMA,FINALIZADA,POÇO DA PANELA,RUA MARIA DA PAZ,200,RUA MEDICO MARIO GUIMARAES,POSTE E 022100,RUA MARIA DA PAZ,200,POSTE E 022100,POÇO DA PANELA,,CIDADE,ABALROAMENTO TRANSVERSAL,COLISÃO SEM VITIMAS,1,1,,,,,,,,0,,Cruzamento,Bom,Não existe,Perfeito estado,Seca,Perfeito estado,Não existe,Outras,,Dupla,Não existe,,,,,,,,
2019-03-16,10:45:00,SEM VÍTIMA,CANCELADA,FUNDÃO,AV BEBERIBE,2817,,EM FRENTE A IGREJA BATISTA DO FUNDÃO,AV BEBERIBE,2817,EM FRENTE A IGREJA BATISTA DO FUNDÃO,FUNDÃO,,CIDADE,COLISÃO,SEM VITIMAS,1,,,,,,1,,,0,,,,,,,,,,,,,,,,,,,,
2019-03-16,10:48:00,SEM VÍTIMA,CANCELADA,AREIAS,AV DR JOSE RUFINO,,,SENTIDO CAVALEIRO E/F AO ARCOMIX,AV DR JOSE RUFINO,,SENTIDO CAVALEIRO E/F AO ARCOMIX,AREIAS,506,,COLISÃO,SEM VÍTIMAS,1,,,,,1,,,,0,,,,,,,,,,,,,,,,,,,,
2019-03-16,12:57:00,SEM VÍTIMA,CANCELADA,SÃO JOSÉ,AV MARTINS DE BARROS,,,EM FRENTE AO CAIS DE SANTA RITA S,AV MARTINS DE BARROS,,EM FRENTE AO CAIS DE SANTA RITA S,SÃO JOSÉ,,CIDADE,COLISÃO,COLISAO ENTRE AUTO E MOTO,1,1,,,,,,,,0,,,,,,,,,,,,,,,,,,,,
2019-03-16,12:57:00,SEM VÍTIMA,CANCELADA,IPSEP,AV RECIFE,3405,,E/F AO MARTELINHO DE OURO S/T BR,AV RECIFE,3405,E/F AO MARTELINHO DE OURO S/T BR,IPSEP,,,CHOQUE,CHOQUE ENTRE QUATRO AUTOS S/V,4,,,,,,,,,0,,,,,,,,,,,,,,,,,,,,
2019-03-16,14:02:00,SEM VÍTIMA,CANCELADA,DERBY,PRC DO DERBY,63,,E/F AO CENTRO DE REPRODUÇAO HUMANA S/T OLINDA,PRC DO DERBY,63,E/F AO CENTRO DE REPRODUÇAO HUMANA S/T OLINDA,DERBY,,,COLISÃO,COLISAO ENTRE DOIS AUTOS S/V,2,,,,,,,,,0,,,,,,,,,,,,,,,,,,,,
2019-03-16,14:47:00,SEM VÍTIMA,CANCELADA,BOA VIAGEM,AV ENGENHEIRO DOMINGOS FERREIRA,,,EM FRENTE A FARMACIA INDEPENDENTE/ PISTA DA DIREITA,AV ENGENHEIRO DOMINGOS FERREIRA,,EM FRENTE A FARMACIA INDEPENDENTE/ PISTA DA DIREITA,BOA VIAGEM,,,COLISÃO,COLISÃO SEM VÍTIMA,1,1,,,,,,,,0,,,,,,,,,,,,,,,,,,,,
2019-03-16,14:57:00,SEM VÍTIMA,CANCELADA,CASA FORTE,RUA PROFESSOR ALVARO LIMA,1325,EST DO ENCANAMENTO,E/F A CASA DE FESTA ESTRIPULIA BUFFET,RUA PROFESSOR ALVARO LIMA,1325,E/F A CASA DE FESTA ESTRIPULIA BUFFET,CASA FORTE,,,COLISÃO,COLISAO ENTRE DOIS AUTOS S/V,2,,,,,,,,,0,,,,,,,,,,,,,,,,,,,,
2019-03-16,15:34:00,SEM VÍTIMA,FINALIZADA,ESTÂNCIA,AV DR JOSE RUFINO,,,SOB O VIADUTO DA AV RECIFE,AV DR JOSE RUFINO,,SOB O VIADUTO DA AV RECIFE,ESTÂNCIA,491,CIDADE,COLISÃO TRASEIRA,COLISÃO SEM VÍTIMA,2,,,,,,,,,0,,Longo da via,Bom,Sem defeito,Perfeito estado,Seca,Perfeito estado,Faixa de pedestre,Outras,60 km/h,Dupla,Faixa seccionada,,,,,,,,
2019-03-16,16:15:00,SEM VÍTIMA,FINALIZADA,SANTO ANTÔNIO,PRC DA REPUBLICA,,AV DANTAS BARRETO,AO LADO DA CAIXA ECONOMICA,PRC DA REPUBLICA,,AO LADO DA CAIXA ECONOMICA,SANTO ANTÔNIO,,CIDADE,COLISÃO TRASEIRA,COLISÃO SEM VÍTIMA,2,,,,,,,,,0,,,Bom,Não existe,Perfeito estado,Seca,Perfeito estado,Não existe,Outras,,Única,Faixa seccionada,,,,,,,,
2019-03-16,16:43:00,SEM VÍTIMA,FINALIZADA,SANTO AMARO,RUA TREZE DE MAIO,967 B,RUA FREI CASSIMIRO,FÁCIL PNEUS,RUA TREZE DE MAIO,967 B,FÁCIL PNEUS,SANTO AMARO,,SUBURBIO,CHOQUE VEÍCULO PARADO,CHOQUE EM VEICULO PARADO,1,,,,,,1,,,0,,Longo da via,Bom,Sem defeito,Perfeito estado,Seca,Perfeito estado,Não existe,Outras,,Dupla,,,,,,,,,
2019-03-16,16:54:00,SEM VÍTIMA,FINALIZADA,IPUTINGA,RUA PROFESSOR JULIO OLIVEIRA,7770,,ESQUINA BR 101,RUA PROFESSOR JULIO OLIVEIRA,7770,ESQUINA BR 101,IPUTINGA,,SUBURBIO,ABALROAMENTO LONGITUDINAL,COLISAO ENTRE AUTO E CAMINHAO,1,,,,,,1,,1,0,,Longo da via,Bom,Não existe,Perfeito estado,Seca,Perfeito estado,Não existe,Não há placas,,Única,Não existe,,,,,,,,
2019-03-16,17:18:00,SEM VÍTIMA,CANCELADA,AFOGADOS,LARGO DA PAZ,,,EM FRENTE AO BANCO ITAU E A PRAÇA DA PAZ,LARGO DA PAZ,,EM FRENTE AO BANCO ITAU E A PRAÇA DA PAZ,AFOGADOS,,,COLISÃO,COLISÃO SEM VÍTIMA,2,,,,,,,,,0,,,,,,,,,,,,,,,,,,,,
2019-03-16,17:32:00,COM VÍTIMA,EQUIPE EM DESLOCAMENTO,TORRE,RUA DOM MANOEL DA COSTA,468,,POR TRAS DA IGREJA DA TORRE E PROXIMO AO BAR DO AGENOR,RUA DOM MANOEL DA COSTA,468,POR TRAS DA IGREJA DA TORRE E PROXIMO AO BAR DO AGENOR,TORRE,,CIDADE,CHOQUE VEÍCULO PARADO,COLISÃO COM VÍTIMA,1,1,,,,,,,,2,,Longo da via,Bom,Não existe,Perfeito estado,Seca,Perfeito estado,Não existe,R-6a,,Única,Faixa seccionada,,,,,,,,
2019-03-16,17:44:00,SEM VÍTIMA,FINALIZADA,ALTO JOSÉ BONIFÁCIO,RUA ALTO DA SERRINHA,,,EM FRENTE AO TERMINAL DO ALTO JOSE BONIFACIO,RUA ALTO DA SERRINHA,,EM FRENTE AO TERMINAL DO ALTO JOSE BONIFACIO,ALTO JOSÉ BONIFÁCIO,,SUBURBIO,ABALROAMENTO LONGITUDINAL,COLISÃO SEM VÍTIMA,1,,,,,1,,,,0,,Longo da via,Bom,Não existe,Perfeito estado,Seca,Perfeito estado,Não existe,Não há placas,40 km/h,Dupla,Não existe,,,,,,,,
2019-03-16,18:57:00,SEM VÍTIMA,FINALIZADA,ARRUDA,RUA SAO BENTO,,AV BEBERIBE,SEMÁFORO Nº 064,RUA SAO BENTO,,SEMÁFORO Nº 064,ARRUDA,64,SUBURBIO,ABALROAMENTO LONGITUDINAL,ONIBUS GLOBO X FIESTA,1,,,,,1,,,,0,,Cruzamento,Bom,Sem defeito,Perfeito estado,Seca,Perfeito estado,Faixa de pedestre,R-6a,30 km/h,Única,,,,,,,,,
2019-03-16,19:29:00,COM VÍTIMA,FINALIZADA,IPUTINGA,RUA MAURICIO DE NASSAU,500,RUA DR JOSE ANASTACIO DA SILVA GUIMARAES,PROX AO PARQUE CAIARA,RUA MAURICIO DE NASSAU,500,PROX AO PARQUE CAIARA,IPUTINGA,,SUBURBIO,ABALROAMENTO LONGITUDINAL,ONIX X MOTO,1,1,,,,,,,,1,,Longo da via,Bom,Não existe,,Seca,Perfeito estado,,Não há placas,,Dupla,Faixa,,,,,,,,
2019-03-16,20:27:00,SEM VÍTIMA,FINALIZADA,ARRUDA,AV BEBERIBE,,AV PROFESSOR JOSE DOS ANJOS,SEMÁFORO 131,AV BEBERIBE,,SEMÁFORO 131,ARRUDA,131,,COLISÃO TRASEIRA,ENTRE 2 AUTOS. S/V,2,,,,,,,,,0,,Cruzamento,Bom,Sem defeito,Perfeito estado,Seca,Perfeito estado,Faixa de pedestre,R-6a,40 km/h,Dupla,Faixa contínua,,,,,,,,
2019-03-16,21:16:00,SEM VÍTIMA,FINALIZADA,LINHA DO TIRO,RUA ALTO DOS COQUEIROS,76,,,RUA ALTO DOS COQUEIROS,76,,LINHA DO TIRO,,,ABALROAMENTO LONGITUDINAL,COBALT X SANDEIRO,2,,,,,,,,,0,,Longo da via,Bom,Não existe,Não existente,Seca,Mal iluminada,Não existe,Não há placas,,Dupla,Não existe,,,,,,,,
2019-03-16,21:17:00,VÍTIMA FATAL,FINALIZADA,SÃO JOSÉ,RUA IMPERIAL,1210,RUA LOURENCO DA SILVA,PRÓX AO FEIRÃO E PADARIA PÃO PÃO / ANTES DO VIADUTO,RUA IMPERIAL,1210,PRÓX AO FEIRÃO E PADARIA PÃO PÃO / ANTES DO VIADUTO,SÃO JOSÉ,,SUBURBIO,ABALROAMENTO TRANSVERSAL,ENTRE CARRETA E MOTO. C/V,,1,,,,,1,,,,1,Cruzamento,Bom,Não existe,Não existente,Seca,Perfeito estado,,Não há placas,40 km/h,Única,,,,,,,,,
2019-03-16,22:14:00,COM VÍTIMA,FINALIZADA,CORDEIRO,AV GENERAL SAN MARTIN,,AV ENGENHEIRO ABDIAS DE CARVALHO,SEMÁFORO 058, SNT CURADO,AV GENERAL SAN MARTIN,,SEMÁFORO 058, SNT CURADO,CORDEIRO,58,SUBURBIO,COLISÃO TRASEIRA,ENTRE AUTO E MOTO. C/V,1,1,,,,,,,,1,,Longo da via,Bom,Sem defeito,Perfeito estado,Seca,Perfeito estado,Faixa de pedestre,Outras,,Única,Faixa seccionada,,,,,,
2019-03-17,01:10:00,SEM VÍTIMA,FINALIZADA,BOA VISTA,RUA BARAO DE SAO BORJA,,RUA JOSE DE ALENCAR,,RUA BARAO DE SAO BORJA,,,BOA VISTA,,SUBURBIO,ABALROAMENTO TRANSVERSAL,COLISÃO ENTRE DOIS AUTOS, SEM VÍTIMAS.,2,,,,,,,,,0,,Cruzamento,Bom,Não existe,Incompleta,Seca,Perfeito estado,Não existe,,,Única,Não existe,,,,,,,
2019-03-17,04:21:00,SEM VÍTIMA,FINALIZADA,BOA VISTA,RUA GONCALVES MAIA,,,E/F AO POSTO SHELL,RUA GONCALVES MAIA,,E/F AO POSTO SHELL,BOA VISTA,,SUBURBIO,COLISÃO TRASEIRA,ENTRE 2 AUTOS. S/V,2,,,,,,,,,0,,Longo da via,Bom,,,Seca,Perfeito estado,,Não há placas,,Única,Não existe,,,,,,,,
2019-03-17,08:54:00,COM VÍTIMA,FINALIZADA,AREIAS,AV RECIFE,1040,,EM FRENTE AO HIPER BOMPREÇO,AV RECIFE,1040,EM FRENTE AO HIPER BOMPREÇO,AREIAS,494,CIDADE,COLISÃO TRASEIRA,COM UMA VITIMA AGUARDANDO SAMU,1,1,,,,,,,,1,,Longo da via,Bom,Sem defeito,Perfeito estado,Seca,Perfeito estado,Não existe,Não há placas,,Dupla,Canteiro central,,,,,,,,
2019-03-17,09:52:00,SEM VÍTIMA,FINALIZADA,AREIAS,AV RECIFE,,,,AV RECIFE,,,AREIAS,494,,COLISÃO TRASEIRA,SEM VITIMAS,VT27 DA CTTU NO LOCAL,2,,,,,,,,,0,,,Bom,Sem defeito,Perfeito estado,Seca,Perfeito estado,Faixa de pedestre,Não há placas,,Dupla,Canteiro central,,,,,,,
2019-03-17,09:58:00,SEM VÍTIMA,FINALIZADA,AREIAS,AV RECIFE,1040,,DEPOIS DO BOMPREÇO DA CAXANGÁ,AV RECIFE,1040,DEPOIS DO BOMPREÇO DA CAXANGÁ,AREIAS,494,CIDADE,COLISÃO TRASEIRA,COLISÃO SEM VITIMAS,2,,,,,,,,,0,,Longo da via,Bom,Sem defeito,Não existente,Seca,Perfeito estado,Faixa de pedestre,Não há placas,60 km/h,Dupla,Canteiro central,,,,,,,,
2019-03-17,10:19:00,SEM VÍTIMA,FINALIZADA,FUNDÃO,AV BEBERIBE,2665,,EM FRENTE A GRAVATA MOVEIS,AV BEBERIBE,2665,EM FRENTE A GRAVATA MOVEIS,FUNDÃO,,CIDADE,COLISÃO TRASEIRA,COLISÃO SEM VITIMAS,3,,,,,,,,,0,,Longo da via,Bom,Sem defeito,Perfeito estado,Seca,Perfeito estado,Faixa de pedestre,Outras,,,Faixa contínua,Faixa seccionada,,,,,,,
2019-03-17,12:13:00,SEM VÍTIMA,CANCELADA,IMBIRIBEIRA,RUA CORONEL FABRICIANO,4115,,AO LADO DO ATACADOS DOS PRESENTES,RUA CORONEL FABRICIANO,4115,AO LADO DO ATACADOS DOS PRESENTES,IMBIRIBEIRA,,,COLISÃO,COLISÃO SEM VÍTIMA,2,,,,,,,,,0,,,,,,,,,,,,,,,,,,,,
2019-03-17,12:22:00,SEM VÍTIMA,FINALIZADA,PARNAMIRIM,AV PARNAMIRIM,,,EM FRENTE AO BANCO SANTANDER,AV PARNAMIRIM,,EM FRENTE AO BANCO SANTANDER,PARNAMIRIM,,,ABALROAMENTO LONGITUDINAL,COLISÃO SEM VÍTIMA,2,,,,,,,,,0,,Longo da via,Bom,Não existe,Perfeito estado,Seca,Perfeito estado,Não existe,Outras,40 km/h,Única,,,,,,,,,
2019-03-17,13:40:00,SEM VÍTIMA,FINALIZADA,,EST VELHA DE AGUA FRIA,,,SEMÁFORO 306,EST VELHA DE AGUA FRIA,,SEMÁFORO 306,,306,SUBURBIO,COLISÃO TRASEIRA,DUAS MOTOS S/V,,2,,,,,,,,0,,Longo da via,Bom,Sem defeito,Perfeito estado,Seca,Perfeito estado,Faixa de pedestre,,,Dupla,Canteiro central,,,,,,,,
2019-03-17,14:43:00,SEM VÍTIMA,FINALIZADA,PINA,AV ANTONIO DE GOES,,,EM FRENTE AO RESTAURANTE BARGAÇO,AV ANTONIO DE GOES,,EM FRENTE AO RESTAURANTE BARGAÇO,PINA,,CIDADE,CHOQUE VEÍCULO PARADO,ENTRE DOIS AUTOS S/V,2,,,,,,,,,0,,Longo da via,Bom,Sem defeito,Perfeito estado,Seca,Perfeito estado,Não existe,Não há placas,40 km/h,Única,Canteiro central,,,,,,,,
2019-03-17,15:23:00,SEM VÍTIMA,CANCELADA,IMBIRIBEIRA,RUA PROF PEDRO AUGUSTO CARNEIRO LEAO,,RUA SOLDADO SINESIO DE ARAGAO,EM FRENTE AO SUBESTAÇÃO RIO JORDÃO DA CELPE E EM FRENTE AO CONJUNTO RESIDENCIAL BOA VIAGEM,RUA PROF PEDRO AUGUSTO CARNEIRO LEAO,,EM FRENTE AO SUBESTAÇÃO RIO JORDÃO DA CELPE E EM FRENTE AO CONJUNTO RESIDENCIAL BOA VIAGEM,IMBIRIBEIRA,,,COLISÃO,COLISÃO SEM VÍTIMA,2,,,,,,,,,0,,,,,,,,,,,,,,,,,,,,
2019-03-17,15:40:00,SEM VÍTIMA,FINALIZADA,IMBIRIBEIRA,AV MARECHAL MASCARENHAS DE MORAES,,,LADO OPOSTO AO AEROPORTO,AV MARECHAL MASCARENHAS DE MORAES,,LADO OPOSTO AO AEROPORTO,IMBIRIBEIRA,218,CIDADE,COLISÃO TRASEIRA,ENTRE DOIS AUTOS S/V,2,,,,,,,,,0,,Longo da via,Bom,Sem defeito,Perfeito estado,Seca,Perfeito estado,Faixa de pedestre,R-6a,60 km/h,Dupla,Faixa contínua,,,,,,,,
2019-03-17,15:43:00,SEM VÍTIMA,FINALIZADA,CASA AMARELA,AV NORTE,6721,RUA COSTA LIMA,LADO OPOSTO A FATIMA REFORMAS E VENDAS DE ESTOFADOS,AV NORTE,6721,LADO OPOSTO A FATIMA REFORMAS E VENDAS DE ESTOFADOS,CASA AMARELA,,CIDADE,COLISÃO TRASEIRA,AUTO E MOTO S/V,1,1,,,,,,,,0,,Longo da via,Bom,Não existe,Perfeito estado,Seca,Perfeito estado,Outros,R-6a,,Dupla,Faixa seccionada,,,,,,,,
2019-03-17,16:48:00,SEM VÍTIMA,CANCELADA,MACAXEIRA,AV NORTE,,,NA ENTRADA DO TI MACAXEIRA,AV NORTE,,NA ENTRADA DO TI MACAXEIRA,MACAXEIRA,,,COLISÃO,ENTRE DOIS ONIBUS S/V,,,,,,,,,,0,,,,,,,,,,,,,,,,,,,,
2019-03-17,16:57:00,SEM VÍTIMA,CANCELADA,CIDADE UNIVERSITÁRIA,RUA MARECHAL MANOEL LUIS OSORIO,447,RUA PROFESSOR ANTONIO COELHO,EM FRENTE AO COLEGIO PONTUAL,RUA MARECHAL MANOEL LUIS OSORIO,447,EM FRENTE AO COLEGIO PONTUAL,CIDADE UNIVERSITÁRIA,,,COLISÃO,ENTRE DOIS AUTOS S/V,2,,,,,,,,,0,,,,,,,,,,,,,,,,,,,,
2019-03-17,17:49:00,SEM VÍTIMA,CANCELADA,CORDEIRO,AV CAXANGA,,,EM FRENTE O TI,AV CAXANGA,,EM FRENTE O TI,CORDEIRO,,CIDADE,COLISÃO,SEM VÍTIMA,2,,,,,,,,,0,,,,,,,,,,,,,,,,,,,,
2019-03-17,19:47:00,COM VÍTIMA,FINALIZADA,ALTO JOSÉ BONIFÁCIO,RUA CORREGO DO EUCLIDES,127,,PROX A FEIRA DA RODINHA,RUA CORREGO DO EUCLIDES,127,PROX A FEIRA DA RODINHA,ALTO JOSÉ BONIFÁCIO,,SUBURBIO,COLISÃO FRONTAL,COLISÃO ENTRE AUTOMÓVEL E MOTOCICLETA.,1,1,,,,,,,,1,,Outros,Bom,Não existe,Incompleta,Seca,Mal iluminada,Outros,Não há placas,30 km/h,Dupla,Não existe,,,,,,,,
2019-03-17,20:09:00,COM VÍTIMA,FINALIZADA,BOMBA DO HEMETÉRIO,RUA JACYARA,408,RUA RIOLANDIA,,RUA JACYARA,408,,BOMBA DO HEMETÉRIO,,SUBURBIO,COLISÃO FRONTAL,COLISÃO ENTRE AUTOMÓVEL E MOTOCICLETA. O VEÍCULO É UMA VIATURA POLICIAL. SEGUNDO INFORMAÇÕES, UM MOTOQUEIRO EM FUGA COLIDIU NELA.,,1,,,,,,1,,1,,Cruzamento,Bom,Não existe,Perfeito estado,Seca,Perfeito estado,,,,Dupla,,,,,,,,
2019-03-17,21:43:00,SEM VÍTIMA,FINALIZADA,,AV GOVERNADOR AGAMENON MAGALHAES,,,SEMÁFORO 037,AV GOVERNADOR AGAMENON MAGALHAES,,SEMÁFORO 037,,37,SUBURBIO,COLISÃO TRASEIRA,HONDA CIT X RENAULT CLIO,2,,,,,,,,,0,,Longo da via,Bom,Sem defeito,Perfeito estado,Seca,Perfeito estado,Faixa de pedestre,Não há placas,,Única,Faixa contínua,Faixa seccionada,Canteiro central,,,,,,
2019-03-17,21:52:00,SEM VÍTIMA,FINALIZADA,ARRUDA,AV BEBERIBE,,AV PROFESSOR JOSE DOS ANJOS,SEMÁFORO 131,AV BEBERIBE,,SEMÁFORO 131,ARRUDA,131,SUBURBIO,ABALROAMENTO LONGITUDINAL,ENTRE AUTO E ÔNIBUS. S/V,1,,,,,1,,,,0,,Cruzamento,Bom,Sem defeito,Perfeito estado,Seca,Perfeito estado,Faixa de retenção,R-6a,60 km/h,Única,Faixa seccionada,,,,,,,,
2019-03-17,22:05:00,SEM VÍTIMA,FINALIZADA,TAMARINEIRA,RUA CONEGO BARATA,,,ENF A FERREIRA COSTA,RUA CONEGO BARATA,,ENF A FERREIRA COSTA,TAMARINEIRA,,SUBURBIO,ABALROAMENTO LONGITUDINAL,DOIS AUTO,2,,,,,,,,,0,,Longo da via,Bom,Não existe,Perfeito estado,Seca,Perfeito estado,Não existe,Não há placas,,Única,Faixa contínua,Faixa seccionada,Canteiro central,,,,,,
2019-03-18,00:15:00,SEM VÍTIMA,FINALIZADA,PINA,AV HERCULANO BANDEIRA,,,,AV HERCULANO BANDEIRA,,,PINA,660,SUBURBIO,CHOQUE VEÍCULO PARADO,COLISÃO ENTRE AUTO E CAMINHÃO S/V,1,,,,,,1,,,0,,Longo da via,Bom,Sem defeito,Perfeito estado,Seca,Perfeito estado,Faixa de retenção,Não há placas,,Única,Faixa contínua,,,,,,,,
2019-03-18,04:17:00,SEM VÍTIMA,CANCELADA,IMBIRIBEIRA,AV MARECHAL MASCARENHAS DE MORAES,,,E FRENTE AO SAMS CLUB, AO LADO DO POSTO PETROBRAS,AV MARECHAL MASCARENHAS DE MORAES,,E FRENTE AO SAMS CLUB, AO LADO DO POSTO PETROBRAS,IMBIRIBEIRA,,SUBURBIO,COLISÃO,COLISÃO ENTRE DOIS AUTOS S/V,2,,,,,,,,,0,,,,,,,,,,,,,,,,,,
2019-03-18,07:10:00,SEM VÍTIMA,FINALIZADA,JARDIM SÃO PAULO,AV RECIFE,5536,,5536,AV RECIFE,5536,5536,JARDIM SÃO PAULO,,CIDADE,COLISÃO FRONTAL,SEM VITIMAS,VEICULOS VÃO SE DIRIGIR PARA O POSTO BR AO LADO.,3,,,,,,,,,0,,Longo da via,Chuvoso,Sem defeito,Perfeito estado,Molhada,Perfeito estado,Não existe,Outras,,Dupla,Faixa seccionada,Canteiro central,,,,,,
2019-03-18,07:10:00,SEM VÍTIMA,FINALIZADA,ENCRUZILHADA,AV NORTE,,,EM FRENTE A JACAUNA,AV NORTE,,EM FRENTE A JACAUNA,ENCRUZILHADA,,CIDADE,ABALROAMENTO LONGITUDINAL,COLISÃO COM VITIMA,1,,,,,1,,,,0,,Longo da via,Chuvoso,Não existe,Perfeito estado,Molhada,Perfeito estado,Não existe,Não há placas,,Única,Faixa seccionada,,,,,,,,
2019-03-18,07:33:00,SEM VÍTIMA,FINALIZADA,CORDEIRO,RUA GOMES TABORDA,,RUA FIRMINO DE BARROS,,RUA GOMES TABORDA,,,CORDEIRO,,SUBURBIO,ABALROAMENTO LONGITUDINAL,SEM VÍTIMAS,2,,,,,,,,,0,,Cruzamento,Chuvoso,Não existe,Perfeito estado,Molhada,Perfeito estado,Não existe,R-6a,,Dupla,Faixa seccionada,,,,,,,,
2019-03-18,07:34:00,SEM VÍTIMA,FINALIZADA,MADALENA,RUA JOAO IVO DA SILVA,294,,,RUA JOAO IVO DA SILVA,294,,MADALENA,,,COLISÃO TRASEIRA,ONIBUS E AUTO,1,,,,,1,,,,0,,Longo da via,Chuvoso,Não existe,Perfeito estado,Molhada,Perfeito estado,Não existe,,,Única,Faixa seccionada,,,,,,,,
2019-03-18,07:56:00,SEM VÍTIMA,FINALIZADA,ESTÂNCIA,RUA JOAO TEIXEIRA,292,AV DR JOSE RUFINO,,RUA JOAO TEIXEIRA,292,,ESTÂNCIA,82,,ABALROAMENTO LONGITUDINAL,AUTO E CAMINHAO DA EMLURB,1,,,,,,1,,,0,,,Bom,Sem defeito,Perfeito estado,Molhada,Perfeito estado,Faixa de pedestre,R-6a,,Única,Faixa seccionada,,,,,,,,
2019-03-18,08:01:00,SEM VÍTIMA,FINALIZADA,PRADO,AV ENGENHEIRO ABDIAS DE CARVALHO,,RUA JOAO IVO DA SILVA,,AV ENGENHEIRO ABDIAS DE CARVALHO,,,PRADO,132,SUBURBIO,COLISÃO TRASEIRA,SEM VÍTIMAS,2,,,,,,,,,0,,Cruzamento,Chuvoso,Sem defeito,Perfeito estado,Molhada,Perfeito estado,Faixa de pedestre,,,Dupla,Faixa seccionada,Canteiro central,,,,,,,
2019-03-18,08:05:00,SEM VÍTIMA,DUPLICIDADE,PRADO,RUA GOMES TABORDA,1758,,EM FRENTE A PANIFICADORA PRIMORINA,RUA GOMES TABORDA,1758,EM FRENTE A PANIFICADORA PRIMORINA,PRADO,,,COLISÃO,SEM VITIMAS.,2,,,,,,,,,0,,,,,,,,,,,,,,,,,,,,
2019-03-18,08:09:00,SEM VÍTIMA,DUPLICIDADE,BAIRRO DO RECIFE,CAIS DO APOLO,,,EM FRENTE AO TRF,CAIS DO APOLO,,EM FRENTE AO TRF,BAIRRO DO RECIFE,,,COLISÃO,SEM VITIMAS,3,,,,,,,,,0,,,,,,,,,,,,,,,,,,,,