data,hora,natureza_acidente,situacao,bairro,endereco,numero,detalhe_endereco_acidente,complemento,endereco_cruzamento,numero_cruzamento,referencia_cruzamento,bairro_cruzamento,num_semaforo,sentido_via,tipo,descricao,auto,moto,ciclom,ciclista,pedestre,onibus,caminhao,viatura,outros,vitimas,vitimasfatais,acidente_verificado,tempo_clima,situacao_semaforo,sinalizacao,condicao_via,conservacao_via,ponto_controle,situacao_placa,velocidade_max_via,mao_direcao,divisao_via1,divisao_via2,divisao_via3,,,,,,
2019-03-22,08:06:00,SEM VÍTIMA,FINALIZADA,ILHA DO LEITE,RUA GENERAL JOAQUIM INACIO,,,E/F A FARMACIA IDEPENDENTE,RUA GENERAL JOAQUIM INACIO,,E/F A FARMACIA IDEPENDENTE,ILHA DO LEITE,,SUBURBIO,ABALROAMENTO LONGITUDINAL,SEM VÍTIMAS,1,1,,,,,,,,0,,Longo da via,Bom,Sem defeito,Perfeito estado,Seca,Perfeito estado,Faixa de pedestre,R-6a,,Única,Faixa seccionada,,,,,,,,
2019-03-25,09:52:00,SEM VÍTIMA,FINALIZADA,ENCRUZILHADA,AV BEBERIBE,,,SOB O SEMÁFORO Nº 186/ AO LADO DA FARMÁCIA PAGUE MENOS,AV BEBERIBE,,SOB O SEMÁFORO Nº 186/ AO LADO DA FARMÁCIA PAGUE MENOS,ENCRUZILHADA,186,SUBURBIO,COLISÃO TRASEIRA,SEM VÍTIMAS.,1,1,,,,,,,,0,,Longo da via,Bom,Sem defeito,Perfeito estado,Seca,Perfeito estado,Agente,R-6a,60 km/h,Única,,,,,,,,,
2019-03-22,08:50:00,SEM VÍTIMA,FINALIZADA,ENGENHO DO MEIO,RUA AMARO LOPES MADEIRA,14,,,RUA AMARO LOPES MADEIRA,14,,ENGENHO DO MEIO,,SUBURBIO,ABALROAMENTO LONGITUDINAL,SE MVÍTIMAS,2,,,,,,,,,0,,Longo da via,Bom,Não existe,Não existente,Seca,Perfeito estado,Não existe,Não há placas,30 km/h,Dupla,Não existe,,,,,,,,
2019-03-22,09:27:00,SEM VÍTIMA,CANCELADA,CASA AMARELA,RUA PADRE LEMOS,420,,EM FRENTE A LOJA FIGUEIRAS CALÇADOS,RUA PADRE LEMOS,420,EM FRENTE A LOJA FIGUEIRAS CALÇADOS,CASA AMARELA,,AV NORTE,COLISÃO,COLISÃO SEM VITIMAS,,2,,,,,,,,0,,,,,,,,,,,,,,,,,,,,
2019-03-22,10:10:00,COM VÍTIMA,FINALIZADA,DERBY,RUA BENFICA,285,,,RUA BENFICA,285,,DERBY,,CIDADE,COLISÃO TRASEIRA,COLISÃO COM VITIMA A ESPERA DO SAMU,1,1,,,,,,,,1,,Longo da via,Bom,Não existe,Perfeito estado,Seca,Perfeito estado,Faixa de pedestre,R-6a,,Única,Faixa seccionada,,,,,,,,
2019-03-22,10:21:00,SEM VÍTIMA,FINALIZADA,BOA VIAGEM,AV HELIO FALCAO,352,,EM FRENTE AO EDF GUIMARÃES ROSA,AV HELIO FALCAO,352,EM FRENTE AO EDF GUIMARÃES ROSA,BOA VIAGEM,,CIDADE,ABALROAMENTO TRANSVERSAL,SEM VITIMAS,2,,,,,,,,,0,,Longo da via,Bom,Não existe,Não existente,Seca,Mal conservada,Não existe,Não há placas,30 km/h,Dupla,Não existe,,,,,,,,
2019-03-22,11:02:00,SEM VÍTIMA,FINALIZADA,PINA,AV ENGENHEIRO DOMINGOS FERREIRA,604,RUA PEREIRA DA COSTA,,AV ENGENHEIRO DOMINGOS FERREIRA,604,,PINA,142,SUBURBIO,ABALROAMENTO LONGITUDINAL,DOIS AUTOS,2,,,,,,,,,0,,Cruzamento,Bom,Sem defeito,Perfeito estado,Seca,Perfeito estado,Faixa de pedestre,Não há placas,,Única,Faixa seccionada,Canteiro central,,,,,,,
2019-03-22,11:05:00,COM VÍTIMA,CANCELADA,TORREÃO,AV GOVERNADOR AGAMENON MAGALHAES,,,EM FRENTE AO POSTO DE GASOLINA BR,AV GOVERNADOR AGAMENON MAGALHAES,,EM FRENTE AO POSTO DE GASOLINA BR,TORREÃO,,,COLISÃO,COLISÃO COM VITIMA A ESPERA DO SAMU,1,1,,,,,,,,1,,,,,,,,,,,,,,,,,,,,
2019-03-22,11:06:00,SEM VÍTIMA,FINALIZADA,SANTO AMARO,RUA FRANCISCO JACINTO,115,,,RUA FRANCISCO JACINTO,115,,SANTO AMARO,,CIDADE,ABALROAMENTO TRANSVERSAL,SEM VITIMAS,2,,,,,,,,,0,,Cruzamento,Bom,Não existe,Não existente,Seca,Perfeito estado,Não existe,Não há placas,40 km/h,Dupla,Não existe,,,,,,,,
2019-03-22,11:32:00,SEM VÍTIMA,CANCELADA,ILHA DO LEITE,RUA SENADOR JOSE HENRIQUE,224,,EM FRENTE AO EMPRESARIAL CHARLES DARWIN,RUA SENADOR JOSE HENRIQUE,224,EM FRENTE AO EMPRESARIAL CHARLES DARWIN,ILHA DO LEITE,,,COLISÃO,COLISÃO SEM VITIMAS,2,,,,,,,,,0,,,,,,,,,,,,,,,,,,,,
2019-03-22,11:53:00,SEM VÍTIMA,FINALIZADA,IMBIRIBEIRA,AV MARECHAL MASCARENHAS DE MORAES,,,EM FRENTE A LOJA GRILLO,AV MARECHAL MASCARENHAS DE MORAES,,EM FRENTE A LOJA GRILLO,IMBIRIBEIRA,396,CIDADE,ABALROAMENTO LONGITUDINAL,COLISÃO SEM VITIMAS,2,,,,,,,,,0,,Longo da via,Bom,Sem defeito,Perfeito estado,Seca,Perfeito estado,Não existe,R-19,60 km/h,Dupla,Canteiro central,,,,,,,,
2019-03-22,12:21:00,COM VÍTIMA,FINALIZADA,IBURA,RUA EXP FRANCISCO VITORIANO,48,,EM FRENTE A MARCOS BOMBAS, UR5. EM FRENTE A IGREJA DE CRISTO PENTECOSTAL DO BRASIL.,RUA EXP FRANCISCO VITORIANO,48,EM FRENTE A MARCOS BOMBAS, UR5. EM FRENTE A IGREJA DE CRISTO PENTECOSTAL DO BRASIL.,IBURA,,SUBURBIO,COLISÃO TRASEIRA,COLISÃO ENTRE AUTOMÓVEL E MOTOCICLETA.,1,1,,,,,,,,1,,Longo da via,Bom,Não existe,Perfeito estado,Seca,Perfeito estado,Não existe,,40 km/h,Dupla,Não existe,,,,,,
2019-03-22,12:25:00,SEM VÍTIMA,FINALIZADA,DOIS IRMÃOS,RUA MANUEL DE MEDEIROS,,,EM FRENTE A UFRPE,RUA MANUEL DE MEDEIROS,,EM FRENTE A UFRPE,DOIS IRMÃOS,,,COLISÃO,COLISÃO ENTRE AUTO E MOTO SEM VÍTIMAS,,,,,,,,,,0,,,,,,,,,,,,,,,,,,,,
2019-03-22,12:29:00,SEM VÍTIMA,CANCELADA,BOA VIAGEM,AV FERNANDO SIMOES BARBOSA,,,NO SEMAFORO 183,AV FERNANDO SIMOES BARBOSA,,NO SEMAFORO 183,BOA VIAGEM,,,COLISÃO,COLISAO ENTRE ONIBUS E AUTO S/V,1,,,,,1,,,,0,,,,,,,,,,,,,,,,,,,,
2019-03-22,12:45:00,SEM VÍTIMA,CANCELADA,BOA VIAGEM,AV ENGENHEIRO DOMINGOS FERREIRA,,,EM FRENTE AO WALMART/ PISTA DA ESQUERDA,AV ENGENHEIRO DOMINGOS FERREIRA,,EM FRENTE AO WALMART/ PISTA DA ESQUERDA,BOA VIAGEM,303,,COLISÃO,COLISÃO SEM VÍTIMA,2,,,,,,,,,0,,,,,,,,,,,,,,,,,,,,
2019-03-22,13:02:00,SEM VÍTIMA,CANCELADA,TORRE,AV VISCONDE DE ALBUQUERQUE,796,,APOS O HOSPITAL D´ÁVILA,AV VISCONDE DE ALBUQUERQUE,796,APOS O HOSPITAL D´ÁVILA,TORRE,,,COLISÃO,COLISAO ENTRE ONIBUS E AUTO S/V,1,,,,,1,,,,0,,,,,,,,,,,,,,,,,,,,
2019-03-22,13:05:00,SEM VÍTIMA,FINALIZADA,MADALENA,RUA PESSOA DE MELO,,RUA JANUARIO BARBOSA,,RUA PESSOA DE MELO,,,MADALENA,,SUBURBIO,COLISÃO TRASEIRA,COLISAO ENTRE DOIS AUTO S/V,2,,,,,,,,,0,,Longo da via,Bom,Não existe,Perfeito estado,Seca,Perfeito estado,Não existe,Placas Pare,,Dupla,Não existe,,,,,,,,
2019-03-22,13:39:00,SEM VÍTIMA,FINALIZADA,SANTO AMARO,AV MARIO MELO,,RUA SAO GERALDO,EM FRENTE ESCOLA ESTADUAL SYLVIO RABELLO,AV MARIO MELO,,EM FRENTE ESCOLA ESTADUAL SYLVIO RABELLO,SANTO AMARO,,SUBURBIO,ABALROAMENTO LONGITUDINAL,ENTRE DOIS AUTOS S/V,2,,,,,,,,,0,,Longo da via,Bom,Não existe,Incompleta,Seca,Perfeito estado,Não existe,Outras,,Dupla,Canteiro central,,,,,,,,
2019-03-22,14:01:00,SEM VÍTIMA,FINALIZADA,GRAÇAS,AV RUI BARBOSA,,,PRAÇA DO ENTRONCAMENTO,AV RUI BARBOSA,,PRAÇA DO ENTRONCAMENTO,GRAÇAS,,,COLISÃO TRASEIRA,ENTRE TRES AUTOS S/V,3,,,,,,,,,0,,Longo da via,Bom,Não existe,Perfeito estado,Seca,Perfeito estado,Faixa de pedestre,Não há placas,40 km/h,Única,Não existe,,,,,,,,
2019-03-22,14:04:00,SEM VÍTIMA,FINALIZADA,SAN MARTIN,RUA NOVA EUROPA,191,RUA ARSENIO CALACA,,RUA NOVA EUROPA,191,,SAN MARTIN,,,ABALROAMENTO TRANSVERSAL,COLISÃO SEM VÍTIMA,2,,,,,,,,,0,,Cruzamento,Bom,Não existe,Não existente,Seca,Perfeito estado,Não existe,Não há placas,,Dupla,Não existe,,,,,,,,
2019-03-22,14:29:00,SEM VÍTIMA,FINALIZADA,BOA VIAGEM,AV FERNANDO SIMOES BARBOSA,,RUA ERNESTO DE PAULA SANTOS,SEM 329,AV FERNANDO SIMOES BARBOSA,,SEM 329,BOA VIAGEM,,SUBURBIO,ABALROAMENTO LONGITUDINAL,COLISÃO SEM VÍTIMA,2,,,,,,,,,0,,Longo da via,Bom,Sem defeito,Perfeito estado,Seca,Perfeito estado,,,,,Faixa seccionada,,,,,,,,
2019-03-22,14:33:00,SEM VÍTIMA,FINALIZADA,CASA AMARELA,AV NORTE,,,EM FRENTE A PRAÇA DO TRABALHO,AV NORTE,,EM FRENTE A PRAÇA DO TRABALHO,CASA AMARELA,,CIDADE,COLISÃO TRASEIRA,COLISAO ENTRE DOIS AUTOS S/V,2,,,,,,,,,0,,Longo da via,Bom,Não existe,Perfeito estado,Seca,Perfeito estado,Não existe,Não há placas,60 km/h,Dupla,Canteiro central,,,,,,,,
2019-03-22,14:37:00,COM VÍTIMA,FINALIZADA,SÃO JOSÉ,PRC DAS CINCO PONTAS,,RUA VIDAL DE NEGREIROS,EM FRENTE AO TRE,PRC DAS CINCO PONTAS,,EM FRENTE AO TRE,SÃO JOSÉ,,,ABALROAMENTO LONGITUDINAL,COLISÃO ENTRE AUTOMÓVEL E MOTOCICLETA.,1,1,,,,,,,,1,,Longo da via,Bom,Não existe,Não existente,Seca,Perfeito estado,Não existe,Não há placas,,Única,Blocos,,,,,,,,
2019-03-22,14:54:00,SEM VÍTIMA,FINALIZADA,LINHA DO TIRO,RUA URIEL DE HOLANDA,526,,APOS A UPINHA 24 H,RUA URIEL DE HOLANDA,526,APOS A UPINHA 24 H,LINHA DO TIRO,,CIDADE,ABALROAMENTO LONGITUDINAL,ONIBUS DA CAXANGA E MOTO S/V,,1,,,,1,,,,0,,Longo da via,Bom,Não existe,Incompleta,Seca,Perfeito estado,Não existe,R-6a,,Dupla,Não existe,,,,,,,,
2019-03-22,14:58:00,SEM VÍTIMA,CANCELADA,TORRÕES,RUA TOTA VENTURA,40,,PROXIMO A ACADEMIA DA CIDADE,RUA TOTA VENTURA,40,PROXIMO A ACADEMIA DA CIDADE,TORRÕES,,,COLISÃO,COLISÃO SEM VÍTIMA,2,,,,,,,,,0,,,,,,,,,,,,,,,,,,,,
2019-03-22,15:06:00,COM VÍTIMA,FINALIZADA,ESTÂNCIA,RUA MAESTRO ALCIDES LEAO,,,EM FRENTE AO HOTEL ESTORIL, E AO MULTI POSTO. AO LADO DA FLORICULTURA LAROUSSE FLORES.,RUA MAESTRO ALCIDES LEAO,,EM FRENTE AO HOTEL ESTORIL, E AO MULTI POSTO. AO LADO DA FLORICULTURA LAROUSSE FLORES.,ESTÂNCIA,,,CHOQUE VEÍCULO PARADO,CHOQUE ENTRE AUTOMÓVEL E MOTOCICLETA.,1,1,,,,,,,,1,,Longo da via,Bom,Não existe,Não existente,Seca,Perfeito estado,Não existe,Não há placas,,Única,Não existe,,,,,,
2019-03-22,15:12:00,COM VÍTIMA,FINALIZADA,TEJIPIÓ,RUA FALCAO DE LACERDA,,,EM FRENTE A IGREJA DE TEJIPIO,RUA FALCAO DE LACERDA,,EM FRENTE A IGREJA DE TEJIPIO,TEJIPIÓ,91,CIDADE,ATROPELAMENTO,ATROPELAMENTO DE MOTOCICLETA E PEDESTRE,,1,,,1,,,,,1,,Longo da via,Bom,Sem defeito,Ilegível,Seca,Perfeito estado,Faixa de pedestre,Não há placas,,Dupla,Faixa contínua,,,,,,,,
2019-03-22,15:18:00,SEM VÍTIMA,FINALIZADA,PINA,RUA SAO LUIZ,,AV HERCULANO BANDEIRA,,RUA SAO LUIZ,,,PINA,,SUBURBIO,ABALROAMENTO LONGITUDINAL,COLISAO ENTRE ONIBUS E AUTO S/V,1,,,,,1,,,,0,,,Bom,Não existe,Perfeito estado,Seca,Mal conservada,,Placas Pare,,Dupla,Faixa seccionada,,,,,,,,
2019-03-22,15:26:00,SEM VÍTIMA,CANCELADA,BOA VISTA,RUA CLOVIS DA SILVEIRA BARROS,,,EM FRENTE A FARMACIA PERMANENTE E DROGARIA SÃO PAULO,RUA CLOVIS DA SILVEIRA BARROS,,EM FRENTE A FARMACIA PERMANENTE E DROGARIA SÃO PAULO,BOA VISTA,,,COLISÃO,COLISÃO SEM VÍTIMA,2,,,,,,,,,0,,,,,,,,,,,,,,,,,,,,
2019-03-22,15:41:00,SEM VÍTIMA,FINALIZADA,GRAÇAS,RUA DAS PERNAMBUCANAS,265,,EM FRENTE AO CAFE SÃO BRAZ,RUA DAS PERNAMBUCANAS,265,EM FRENTE AO CAFE SÃO BRAZ,GRAÇAS,,SUBURBIO,ABALROAMENTO LONGITUDINAL,COLISÃO SEM VÍTIMA,2,,,,,,,,,0,,Longo da via,Bom,Não existe,Perfeito estado,Seca,Perfeito estado,Não existe,Outras,,Única,Faixa seccionada,,,,,,,,
2019-03-22,15:43:00,SEM VÍTIMA,FINALIZADA,MACAXEIRA,AV NORTE,7142,,,AV NORTE,7142,,MACAXEIRA,424,SUBURBIO,COLISÃO TRASEIRA,COLISAO ENTRE ONIBUS E AUTO S/V,1,,,,,1,,,,0,,Longo da via,Bom,Sem defeito,Perfeito estado,Seca,Perfeito estado,Outros,Outras,,Dupla,Canal,,,,,,,,
2019-03-22,15:48:00,SEM VÍTIMA,FINALIZADA,BOA VISTA,LGO DA SANTA CRUZ,432,,EM FRENTE A CLINICA GOUVEIA DE BARROS,LGO DA SANTA CRUZ,432,EM FRENTE A CLINICA GOUVEIA DE BARROS,BOA VISTA,,SUBURBIO,ABALROAMENTO LONGITUDINAL,AUTO E CAMINHAO,1,,,,,,1,,,0,,Longo da via,Bom,Sem defeito,Perfeito estado,Seca,Perfeito estado,Faixa de pedestre,Não há placas,40 km/h,Única,Não existe,,,,,,,,
2019-03-22,15:50:00,SEM VÍTIMA,FINALIZADA,AFOGADOS,AV SUL,,,EM FRENTE POLICLINICA AGAMENON MAGALHAES,AV SUL,,EM FRENTE POLICLINICA AGAMENON MAGALHAES,AFOGADOS,,CIDADE,ABALROAMENTO LONGITUDINAL,COLISÃO SEM VÍTIMA,2,,,,,,,,,0,,Longo da via,Bom,Não existe,Perfeito estado,Seca,Perfeito estado,Não existe,Não há placas,60 km/h,Única,Faixa seccionada,,,,,,,,
2019-03-22,16:14:00,SEM VÍTIMA,FINALIZADA,AFOGADOS,RUA COSME VIANA,235,,,RUA COSME VIANA,235,,AFOGADOS,,SUBURBIO,COLISÃO TRASEIRA,COLISAO ENTRE DOIS AUTOS S/V,2,,,,,,,,,0,,Longo da via,Bom,Não existe,Perfeito estado,Seca,Perfeito estado,Não existe,Não há placas,60 km/h,Única,Faixa seccionada,,,,,,,,
2019-03-22,16:25:00,SEM VÍTIMA,FINALIZADA,BOA VIAGEM,AV CONSELHEIRO AGUIAR,,RUA CORONEL BENEDITO CHAVES,SEM 114,AV CONSELHEIRO AGUIAR,,SEM 114,BOA VIAGEM,114,CIDADE,ABALROAMENTO LONGITUDINAL,ENTRE DOIS AUTOS S/V,2,,,,,,,,,0,,Cruzamento,Bom,Sem defeito,Perfeito estado,Seca,Perfeito estado,Faixa de pedestre,,60 km/h,,Faixa contínua,,,,,,,,
2019-03-22,16:31:00,SEM VÍTIMA,FINALIZADA,IPUTINGA,AV CAXANGA,,,EM FRENTE A CAXANGA VEICULOS,AV CAXANGA,,EM FRENTE A CAXANGA VEICULOS,IPUTINGA,,CIDADE,ABALROAMENTO LONGITUDINAL,AUTO E ONIBUS DA MOBI,1,,,,,1,,,,0,,Longo da via,Bom,Não existe,Ilegível,Seca,Perfeito estado,Não existe,R-6a,,Dupla,Canteiro central,,,,,,,,
2019-03-22,17:43:00,SEM VÍTIMA,CANCELADA,ILHA DO RETIRO,TUNEL CHICO SCIENCE,,,NO GIRADOURO,TUNEL CHICO SCIENCE,,NO GIRADOURO,ILHA DO RETIRO,,,COLISÃO,COLISAO ENTRE AUTO E MOTO S/V,1,1,,,,,,,,0,,,,,,,,,,,,,,,,,,,,
2019-03-22,18:18:00,SEM VÍTIMA,FINALIZADA,BOA VIAGEM,RUA ANTONIO FALCAO,,RUA DOS NAVEGANTES,ENF A ESCOLA ESTADUAL SARGENTO CAMARGO,RUA ANTONIO FALCAO,,ENF A ESCOLA ESTADUAL SARGENTO CAMARGO,BOA VIAGEM,,SUBURBIO,ABALROAMENTO LONGITUDINAL,PALIO X SAVEIRO,2,,,,,,,,,0,,Longo da via,Bom,Não existe,Perfeito estado,Seca,Perfeito estado,Não existe,Placas Pare,,Única,Faixa seccionada,,,,,,,,
2019-03-22,19:27:00,SEM VÍTIMA,FINALIZADA,ESTÂNCIA,AV ESTANCIA,,RUA MORAIS E SILVA,,AV ESTANCIA,,,ESTÂNCIA,,,ABALROAMENTO TRANSVERSAL,ENTRE 2 AUTOS. S/V,2,,,,,,,,,0,,Cruzamento,Bom,Não existe,Ilegível,Seca,Mal iluminada,Não existe,Não há placas,,Única,Faixa seccionada,,,,,,,,
2019-03-22,20:52:00,SEM VÍTIMA,FINALIZADA,PAISSANDU,AV GOVERNADOR AGAMENON MAGALHAES,,,E/F AO HOSPITAL PORTUGUÊS,AV GOVERNADOR AGAMENON MAGALHAES,,E/F AO HOSPITAL PORTUGUÊS,PAISSANDU,69,SUBURBIO,COLISÃO TRASEIRA,ENTRE 2 AUTOS. S/V,2,,,,,,,,,0,,Longo da via,Bom,Sem defeito,Perfeito estado,Seca,Perfeito estado,Faixa de pedestre,Outras,,Única,Faixa seccionada,,,,,,,,
2019-03-22,21:11:00,SEM VÍTIMA,CANCELADA,BOA VISTA,AV MANOEL BORBA,209,RUA GERVASIO PIRES,ENF AO HOTEL CENTRAL,AV MANOEL BORBA,209,ENF AO HOTEL CENTRAL,BOA VISTA,,,COLISÃO,TAXI X CORSA,2,,,,,,,,,0,,,,,,,,,,,,,,,,,,,,
2019-03-22,21:58:00,SEM VÍTIMA,FINALIZADA,BONGI,EST DO BONGI,,AV MANOEL GONCALVES DA LUZ,E/F A IGREJA BATISTA DO BONGI,EST DO BONGI,,E/F A IGREJA BATISTA DO BONGI,BONGI,,SUBURBIO,ABALROAMENTO TRANSVERSAL,ENTRE AUTO E MOTO. S/V,1,1,,,,,,,,0,,,Bom,Não existe,Perfeito estado,Seca,Perfeito estado,Não existe,,30 km/h,Dupla,Faixa contínua,,,,,,,,
2019-03-23,00:51:00,COM VÍTIMA,FINALIZADA,IBURA,RUA RIO ACIMA,,RUA RIBEIRAO DAS NEVES,E/F A EDSON CONSTRUÇÕES / ESQUINA COM A PADARIA PAN RAQUEL E MERCADINHO SANTA FÉ,RUA RIO ACIMA,,E/F A EDSON CONSTRUÇÕES / ESQUINA COM A PADARIA PAN RAQUEL E MERCADINHO SANTA FÉ,IBURA,,SUBURBIO,ABALROAMENTO TRANSVERSAL,COLISÃO ENTRE KOMBI E SHINERAY.,1,,1,,,,,,,2,,Cruzamento,Bom,Não existe,Incompleta,Seca,Mal iluminada,,Não há placas,,Dupla,Não existe,,,,,,,,
2019-03-23,01:32:00,SEM VÍTIMA,FINALIZADA,IPUTINGA,AV CAXANGA,,RUA AMBROSIO MACHADO,E/F A SEMINOVOS MOVIDA / AUTO ESCOLA PILOTO,AV CAXANGA,,E/F A SEMINOVOS MOVIDA / AUTO ESCOLA PILOTO,IPUTINGA,,SUBURBIO,ABALROAMENTO LONGITUDINAL,ENTRE 2 AUTOS ( UM DOS ENVOLVIDOS ESCAPOU DO LOCAL, PORÉM, ABANDONOU O VEÍCULO NA VIA) S/V,2,,,,,,,,,0,,Longo da via,Bom,Sem defeito,Perfeito estado,Seca,Perfeito estado,Faixa de pedestre,Outras,,Única,Faixa contínua,,,,,,
2019-03-23,02:22:00,SEM VÍTIMA,CANCELADA,CASA FORTE,AV DEZESSETE DE AGOSTO,,,E/F AO ESTACIONAMENTO DO SHOPPING PLAZA,AV DEZESSETE DE AGOSTO,,E/F AO ESTACIONAMENTO DO SHOPPING PLAZA,CASA FORTE,,,COLISÃO,COLISÃO ENTRE VIATURA DOS BOMBEIROS E TÁXI, SEM VÍTIMAS,1,,,,,,,1,,0,,,,,,,,,,,,,,,,,,,
2019-03-23,06:45:00,SEM VÍTIMA,FINALIZADA,IPSEP,AV RECIFE,1540,,SOBRE A PONTE,AV RECIFE,1540,SOBRE A PONTE,IPSEP,,,CHOQUE OBJETO FIXO,VEICULO CHOCOU-SE COM MURETA E FOI ABANDONADO NA CONTRA-MÃO,1,,,,,,,,,0,,Ponte,Bom,Não existe,Perfeito estado,Seca,Perfeito estado,Não existe,Não há placas,,Dupla,Canteiro central,,,,,,,,
2019-03-23,07:50:00,SEM VÍTIMA,FINALIZADA,BOA VIAGEM,RUA DOS NAVEGANTES,4070,RUA ERNESTO DE PAULA SANTOS,,RUA DOS NAVEGANTES,4070,,BOA VIAGEM,,SUBURBIO,ABALROAMENTO TRANSVERSAL,SEM VÍTIMAS,2,,,,,,,,,0,,Cruzamento,Bom,Não existe,Perfeito estado,Seca,Perfeito estado,Faixa de retenção,Placas Pare,,Única,Faixa seccionada,,,,,,,,
2019-03-23,10:26:00,COM VÍTIMA,FINALIZADA,ILHA DO LEITE,AV BEIRA RIO,,,APÓS O HOSPITAL PORTUGuÊS. SOB O VIADUTO JOSÉ DE BARROS LIMA,AV BEIRA RIO,,APÓS O HOSPITAL PORTUGuÊS. SOB O VIADUTO JOSÉ DE BARROS LIMA,ILHA DO LEITE,,CIDADE,ACID. DE PERCURSO,,,1,,,,,,,,1,,Longo da via,Bom,Sem defeito,Perfeito estado,Seca,Perfeito estado,Não existe,Não há placas,,Única,Não existe,,,,,,,,
2019-03-23,10:31:00,SEM VÍTIMA,CANCELADA,SANTO AMARO,AV GOVERNADOR AGAMENON MAGALHAES,1302,,EM FRENTE AO POSTO DE GASOLINA BR,AV GOVERNADOR AGAMENON MAGALHAES,1302,EM FRENTE AO POSTO DE GASOLINA BR,SANTO AMARO,,BOA VIAGEM,COLISÃO,COLISÃO SEM VITIMAS,1,,,,,,1,,,0,,,,,,,,,,,,,,,,,,,,
2019-03-23,11:22:00,SEM VÍTIMA,FINALIZADA,BOA VIAGEM,RUA BARAO DE SOUZA LEAO,75,,,RUA BARAO DE SOUZA LEAO,75,,BOA VIAGEM,,SUBURBIO,COLISÃO TRASEIRA,SEM VÍTIMAS.,1,,,,,1,,,,0,,Longo da via,Bom,Sem defeito,Perfeito estado,Seca,Perfeito estado,Faixa de pedestre,R-6a,,Única,,,,,,,,,
2019-03-23,11:38:00,SEM VÍTIMA,FINALIZADA,SAN MARTIN,AV GENERAL SAN MARTIN,2156,,EM FRENTE A LAVANDERIA CRISTAL,AV GENERAL SAN MARTIN,2156,EM FRENTE A LAVANDERIA CRISTAL,SAN MARTIN,,SUBURBIO,CHOQUE VEÍCULO PARADO,DOIUS AUTOS,2,,,,,,,,,0,,Longo da via,Bom,Não existe,Perfeito estado,Seca,Perfeito estado,Não existe,Outras,,Dupla,Faixa contínua,,,,,,,,
2019-03-23,11:42:00,SEM VÍTIMA,FINALIZADA,CAMPO GRANDE,EST DE BELEM,,RUA BARAO DE VERA CRUZ,EM FRENTE AO SUPERMERCADO STTYLLO,EST DE BELEM,,EM FRENTE AO SUPERMERCADO STTYLLO,CAMPO GRANDE,,CIDADE,ABALROAMENTO TRANSVERSAL,COLISÃO SEM VITIMAS,1,,,,,,,1,,0,,Cruzamento,Bom,Não existe,Perfeito estado,Seca,Perfeito estado,Faixa de pedestre,R-6a,,Dupla,Faixa contínua,Faixa seccionada,,,,,,,
2019-03-23,12:18:00,COM VÍTIMA,FINALIZADA,PINA,RUA JOSE RODRIGUES,54,,PROXIMO AO CONVENTO FREI DAMIÃO,RUA JOSE RODRIGUES,54,PROXIMO AO CONVENTO FREI DAMIÃO,PINA,,SUBURBIO,ABALROAMENTO LONGITUDINAL,COLISÃO ENTRE VEÍCULO DE PLACA QUE EVADIU-SE DO LOCAL SEGUNDO POPULARES E UMA MOTOCICLETA.,,1,,,,,,,,1,,Longo da via,Bom,Não existe,Não existente,Seca,Mal conservada,Não existe,Não há placas,,Dupla,Não existe,,,,,,,,
2019-03-23,12:33:00,SEM VÍTIMA,FINALIZADA,AREIAS,RUA IPOJUCA,632,RUA SOLIMOES,,RUA IPOJUCA,632,,AREIAS,,SUBURBIO,ABALROAMENTO TRANSVERSAL,COROLA X MOTO,1,1,,,,,,,,0,,Cruzamento,Bom,Não existe,Incompleta,Seca,Perfeito estado,Não existe,Outras,,Dupla,Não existe,,,,,,,,
2019-03-23,13:00:00,COM VÍTIMA,CANCELADA,CAXANGÁ,AV CAXANGA,,,LADO OPOSTO A UPA,AV CAXANGA,,LADO OPOSTO A UPA,CAXANGÁ,,,COLISÃO,AUTO X MOTO,1,1,,,,,,,,1,,,,,,,,,,,,,,,,,,,,
2019-03-23,13:13:00,COM VÍTIMA,FINALIZADA,TAMARINEIRA,RUA DR JOSE MARIA,1038,RUA GENERAL ABREU E LIMA,PROX AO EDF QUINTA DA JAQUEIRA,RUA DR JOSE MARIA,1038,PROX AO EDF QUINTA DA JAQUEIRA,TAMARINEIRA,,SUBURBIO,ABALROAMENTO LONGITUDINAL,HB 20 X MOTO,1,1,,,,,,,,1,,Cruzamento,Bom,Não existe,Perfeito estado,Seca,Perfeito estado,Não existe,R-6a,40 km/h,Dupla,Não existe,,,,,,,,
2019-03-23,13:46:00,SEM VÍTIMA,CANCELADA,BOA VIAGEM,RUA DES JOAO PAES,,RUA VISCONDE DE JEQUITINHONHA,AO LADO DO CALDISSIMO,RUA DES JOAO PAES,,AO LADO DO CALDISSIMO,BOA VIAGEM,,,COLISÃO,COLISÃO SEM VÍTIMA,2,,,,,,,,,0,,,,,,,,,,,,,,,,,,,,
2019-03-23,17:03:00,COM VÍTIMA,FINALIZADA,TAMARINEIRA,RUA DR JOSE MARIA,70,RUA GENERAL ABREU E LIMA,,RUA DR JOSE MARIA,70,,TAMARINEIRA,,CIDADE,TOMBAMENTO,MOTOCICLISTA CAIU SOZINHO.,,1,,,,,,,,1,,Longo da via,Bom,Não existe,Perfeito estado,Seca,Perfeito estado,Outros,R-6a,,Dupla,Faixa seccionada,,,,,,,,
2019-03-23,18:23:00,SEM VÍTIMA,FINALIZADA,IPUTINGA,AV CAXANGA,,,HOSPITAL SANTA TEREZINHA,AV CAXANGA,,HOSPITAL SANTA TEREZINHA,IPUTINGA,,SUBURBIO,COLISÃO TRASEIRA,ENTRE 2 AUTOS. S/V,2,,,,,,,,,0,,Longo da via,Bom,Não existe,Perfeito estado,Seca,Perfeito estado,Outros,Outras,,Dupla,Faixa seccionada,,,,,,,,