data,hora,natureza_acidente,situacao,bairro,endereco,numero,detalhe_endereco_acidente,complemento,endereco_cruzamento,numero_cruzamento,referencia_cruzamento,bairro_cruzamento,num_semaforo,sentido_via,tipo,descricao,auto,moto,ciclom,ciclista,pedestre,onibus,caminhao,viatura,outros,vitimas,vitimasfatais,acidente_verificado,tempo_clima,situacao_semaforo,sinalizacao,condicao_via,conservacao_via,ponto_controle,situacao_placa,velocidade_max_via,mao_direcao,divisao_via1,divisao_via2,divisao_via3,,,,,,
2019-03-23,19:21:00,SEM VÍTIMA,FINALIZADA,PINA,RUA ELIAS GOMES,68,,,RUA ELIAS GOMES,68,,PINA,,SUBURBIO,ABALROAMENTO LONGITUDINAL,LOGAN X FIESTA,2,,,,,,,,,0,,Longo da via,Bom,Não existe,Incompleta,Seca,Perfeito estado,Não existe,Outras,,Dupla,Não existe,,,,,,,,
2019-03-23,19:29:00,SEM VÍTIMA,FINALIZADA,BOA VIAGEM,AV ENGENHEIRO DOMINGOS FERREIRA,,,ENF A DELEGACIA DE BOA VIAGEM,AV ENGENHEIRO DOMINGOS FERREIRA,,ENF A DELEGACIA DE BOA VIAGEM,BOA VIAGEM,,SUBURBIO,ABALROAMENTO LONGITUDINAL,LOGAN X FIESTA,1,,,,,1,,,,0,,Longo da via,Bom,Não existe,Perfeito estado,Seca,Perfeito estado,Não existe,Não há placas,,Única,Faixa seccionada,Canteiro central,,,,,,,
2019-03-23,20:07:00,COM VÍTIMA,FINALIZADA,TEJIPIÓ,AV DR JOSE RUFINO,,,DE ESQUINA COM A ESTAÇAO TEJIPIO // PROX AO POSTO IPIRANGA,AV DR JOSE RUFINO,,DE ESQUINA COM A ESTAÇAO TEJIPIO // PROX AO POSTO IPIRANGA,TEJIPIÓ,,SUBURBIO,ATROPELAMENTO,ATROPELAMENTO ENTRE MOTOCICLETA E PEDESTRE.,,1,,,1,,,,,1,,Longo da via,Bom,Sem defeito,Perfeito estado,Seca,Perfeito estado,Faixa de pedestre,Não há placas,40 km/h,Dupla,Faixa seccionada,,,,,,,,
2019-03-23,19:59:00,SEM VÍTIMA,FINALIZADA,IMBIRIBEIRA,RUA ARQUITETO LUIZ NUNES,,AV ENGENHEIRO ALVES DE SOUZA,SEMÁFORO 634,RUA ARQUITETO LUIZ NUNES,,SEMÁFORO 634,IMBIRIBEIRA,634,SUBURBIO,ABALROAMENTO TRANSVERSAL,ENTRE 2 AUTOS. S/V,2,,,,,,,,,0,,Cruzamento,Bom,Sem defeito,Perfeito estado,Seca,Perfeito estado,Faixa de pedestre,Não há placas,,Dupla,Faixa contínua,,,,,,,,
2019-03-23,22:23:00,SEM VÍTIMA,CANCELADA,ENCRUZILHADA,AV BEBERIBE,,,E/F AO BAR DO DRAGÃO,AV BEBERIBE,,E/F AO BAR DO DRAGÃO,ENCRUZILHADA,,,COLISÃO,ENTRE 2 AUTO.S/V,2,,,,,,,,,0,,,,,,,,,,,,,,,,,,,,
2019-03-24,02:03:00,SEM VÍTIMA,FINALIZADA,CORDEIRO,RUA GOMES TABORDA,,RUA CLAUDIO BROTHERHOOD,,RUA GOMES TABORDA,,,CORDEIRO,,SUBURBIO,ABALROAMENTO TRANSVERSAL,COLISÃO ENTRE DOIS AUTOS S/V,2,,,,,,,,,0,,Cruzamento,Bom,Não existe,Incompleta,Seca,Perfeito estado,Não existe,Não há placas,,Dupla,Não existe,,,,,,,,
2019-03-24,10:47:00,SEM VÍTIMA,FINALIZADA,ESPINHEIRO,RUA ALFREDO DE MEDEIROS,44,,EM FRENTE AO POSTO SHELL,RUA ALFREDO DE MEDEIROS,44,EM FRENTE AO POSTO SHELL,ESPINHEIRO,,SUBURBIO,ABALROAMENTO LONGITUDINAL,SEM VITIMAS,2,,,,,,,,,0,,Longo da via,Bom,Não existe,Perfeito estado,Seca,Perfeito estado,Não existe,Outras,,Dupla,Não existe,,,,,,,,
2019-03-24,13:22:00,COM VÍTIMA,FINALIZADA,TORRE,RUA JOSE BONIFACIO,1210,,EM FRENTE AO CARREFUR,RUA JOSE BONIFACIO,1210,EM FRENTE AO CARREFUR,TORRE,,SUBURBIO,COLISÃO TRASEIRA,COLISÃO ENTRE QUATRO AUTOMÓVEIS.,4,,,,,,,,,1,,Longo da via,Bom,Não existe,Perfeito estado,Seca,Perfeito estado,Não existe,Outras,30 km/h,Única,Faixa,,,,,,,,
2019-03-24,13:43:00,SEM VÍTIMA,FINALIZADA,SANTO AMARO,AV GOVERNADOR AGAMENON MAGALHAES,,,,AV GOVERNADOR AGAMENON MAGALHAES,,,SANTO AMARO,49,,ABALROAMENTO LONGITUDINAL,COLISÃO SEM VITIMA,1,,,,,2,,,,0,,Longo da via,Bom,Sem defeito,Perfeito estado,Seca,Perfeito estado,Faixa de pedestre,,60 km/h,Dupla,Faixa contínua,,,,,,,,
2019-03-24,14:10:00,SEM VÍTIMA,FINALIZADA,SÃO JOSÉ,RUA SAO JOAO,,AV DANTAS BARRETO,,RUA SAO JOAO,,,SÃO JOSÉ,54,SUBURBIO,ABALROAMENTO TRANSVERSAL,COLISÃO SEM VITIMA,1,,,,,1,,,,0,,Cruzamento,Bom,Sem defeito,Perfeito estado,Seca,Perfeito estado,Não existe,Não há placas,,Única,Não existe,,,,,,,,
2019-03-24,14:35:00,SEM VÍTIMA,FINALIZADA,CORDEIRO,AV GENERAL SAN MARTIN,,,EM FRENTE AO HOSP. GERTULIO VARGAS,AV GENERAL SAN MARTIN,,EM FRENTE AO HOSP. GERTULIO VARGAS,CORDEIRO,,SUBURBIO,ABALROAMENTO LONGITUDINAL,COLISÃO SEM VITIMA,1,1,,,,,,,,0,,Longo da via,Bom,Não existe,Perfeito estado,Seca,Perfeito estado,Não existe,Outras,40 km/h,Dupla,Blocos,,,,,,,,
2019-03-24,16:09:00,SEM VÍTIMA,FINALIZADA,JARDIM SÃO PAULO,AV LIBERDADE,612,,PRÓXIMO A ASSEMBLEIA DE DEUS,AV LIBERDADE,612,PRÓXIMO A ASSEMBLEIA DE DEUS,JARDIM SÃO PAULO,,SUBURBIO,COLISÃO TRASEIRA,COLISÃO SEM VITIMAS,2,,,,,,,,,0,,Longo da via,Bom,Não existe,Não existente,Seca,Perfeito estado,Não existe,Não há placas,40 km/h,Dupla,Não existe,,,,,,,,
2019-03-24,16:51:00,SEM VÍTIMA,FINALIZADA,SÃO JOSÉ,RUA IMPERIAL,1217,RUA LOURENCO DA SILVA,,RUA IMPERIAL,1217,,SÃO JOSÉ,,SUBURBIO,ABALROAMENTO TRANSVERSAL,COLISÃO SEM VITIMAS,2,,,,,,,,,0,,Cruzamento,Bom,Não existe,Perfeito estado,Seca,Perfeito estado,Agente,Não há placas,,Única,Faixa seccionada,,,,,,,,
2019-03-24,18:41:00,SEM VÍTIMA,FINALIZADA,SÃO JOSÉ,AV SUL,,,LADO OPOSTO AO GRANDE RECIFE,AV SUL,,LADO OPOSTO AO GRANDE RECIFE,SÃO JOSÉ,,CIDADE,ABALROAMENTO LONGITUDINAL,ENTRE 2 AUTOS. S/V,2,,,,,,,,,0,,Longo da via,Bom,Não existe,Ilegível,Seca,Mal iluminada,Não existe,Não há placas,60 km/h,Dupla,Canteiro central,,,,,,,,
2019-03-24,18:49:00,SEM VÍTIMA,FINALIZADA,TEJIPIÓ,RUA FALCAO DE LACERDA,447,,,RUA FALCAO DE LACERDA,447,,TEJIPIÓ,285,CIDADE,CHOQUE VEÍCULO PARADO,ONIBUS METROPOLITANA X GOL,1,,,,,1,,,,0,,Longo da via,Bom,Sem defeito,Incompleta,Seca,Mal iluminada,Faixa de pedestre,R-6a,50 km/h,Dupla,Faixa contínua,,,,,,,,
2019-03-24,22:34:00,COM VÍTIMA,FINALIZADA,IMBIRIBEIRA,AV RECIFE,451,AV PRESIDENTE DUTRA,PROX AO SAL E BRASA BEM NA BIFURCAÇAO // SENTIDO IMBIRIBEIRA,AV RECIFE,451,PROX AO SAL E BRASA BEM NA BIFURCAÇAO // SENTIDO IMBIRIBEIRA,IMBIRIBEIRA,,CIDADE,ABALROAMENTO LONGITUDINAL,COLISÃO ENTRE AUTOMÓVEL E MOTOCICLETA.,1,1,,,,,,,,1,,Longo da via,Bom,Não existe,Perfeito estado,Seca,Perfeito estado,,,,Dupla,Canteiro central,,,,,,,,
2019-03-24,23:29:00,COM VÍTIMA,FINALIZADA,BOA VIAGEM,RUA FELIX DE BRITO E MELO,346,AV ENGENHEIRO DOMINGOS FERREIRA,ENF. A MEDICINA DIAGNOSTICO,RUA FELIX DE BRITO E MELO,346,ENF. A MEDICINA DIAGNOSTICO,BOA VIAGEM,,CIDADE,COLISÃO TRASEIRA,TAXI X MOTO,1,1,,,,,,,,1,,Longo da via,Bom,Sem defeito,Perfeito estado,Seca,Perfeito estado,Faixa de pedestre,Placas Pare,,Única,Faixa contínua,,,,,,,,
2019-03-25,07:06:00,SEM VÍTIMA,FINALIZADA,JAQUEIRA,RUA DO FUTURO,913,RUA DEPUTADO PEDRO PIRES FERREIRA,EM FRENTE AO JAQUEIRA PARK CENTER,RUA DO FUTURO,913,EM FRENTE AO JAQUEIRA PARK CENTER,JAQUEIRA,,CIDADE,ABALROAMENTO TRANSVERSAL,SEM VITIMAS,2,,,,,,,,,0,,Cruzamento,Bom,Não existe,Perfeito estado,Seca,Perfeito estado,Não existe,Placas Pare,30 km/h,Única,Não existe,,,,,,,,
2019-03-25,07:53:00,SEM VÍTIMA,FINALIZADA,BOA VISTA,RUA DO HOSPICIO,,RUA PRINCESA IZABEL,,RUA DO HOSPICIO,,,BOA VISTA,31,SUBURBIO,ABALROAMENTO TRANSVERSAL,,1,,,,,1,,,,0,,Longo da via,Bom,Sem defeito,Perfeito estado,Seca,Perfeito estado,Faixa de pedestre,R-6a,,Dupla,Faixa contínua,Canteiro central,,,,,,,
2019-03-25,08:14:00,SEM VÍTIMA,DUPLICIDADE,SANTO ANTÔNIO,RUA PRINCESA IZABEL,,,EM FRENTE A CAMARA DOS VEREADORES,RUA PRINCESA IZABEL,,EM FRENTE A CAMARA DOS VEREADORES,SANTO ANTÔNIO,,,COLISÃO,COLISÃO SEM VITIMAS,1,,,,,1,,,,0,,,,,,,,,,,,,,,,,,,,
2019-03-25,08:18:00,SEM VÍTIMA,FINALIZADA,TORRE,RUA REAL DA TORRE,1645,RUA VISCONDE DE ITAPARICA,EM FRENTE A ESCOLA DESPERTAR,RUA REAL DA TORRE,1645,EM FRENTE A ESCOLA DESPERTAR,TORRE,,CIDADE,ABALROAMENTO LONGITUDINAL,DOIS AUTOS,2,,,,,,,,,0,,Cruzamento,Bom,Não existe,Não existente,Seca,Perfeito estado,Não existe,Não há placas,,Única,Não existe,,,,,,,,
2019-03-25,08:51:00,SEM VÍTIMA,FINALIZADA,CAMPO GRANDE,EST DE BELEM,1251,,IGREJA EVANGÉLICA BRASILEIRA,EST DE BELEM,1251,IGREJA EVANGÉLICA BRASILEIRA,CAMPO GRANDE,,CIDADE,COLISÃO FRONTAL,COLISÃO SEM VITIMAS,3,,,,,,,,,0,,Longo da via,Bom,Não existe,Perfeito estado,Seca,Perfeito estado,Não existe,Não há placas,,Dupla,Faixa contínua,,,,,,,,
2019-03-25,10:38:00,SEM VÍTIMA,FINALIZADA,IMBIRIBEIRA,AV MARECHAL MASCARENHAS DE MORAES,,RUA JOAO FONTES,,AV MARECHAL MASCARENHAS DE MORAES,,,IMBIRIBEIRA,471,CIDADE,ABALROAMENTO LONGITUDINAL,AUTO MOTO,1,1,,,,,,,,0,,Cruzamento,Bom,Sem defeito,Perfeito estado,Seca,Perfeito estado,,Não há placas,60 km/h,Única,Canteiro central,,,,,,,,
2019-03-25,10:44:00,SEM VÍTIMA,FINALIZADA,PINA,AV ENGENHEIRO DOMINGOS FERREIRA,,RUA VINTE E SEIS DE JANEIRO,E/F A FARMACIA FARMASUL,AV ENGENHEIRO DOMINGOS FERREIRA,,E/F A FARMACIA FARMASUL,PINA,,SUBURBIO,ABALROAMENTO LONGITUDINAL,SEM VÍTIMAS,1,,,,,,1,,,0,,Longo da via,Bom,Não existe,Não existente,Seca,Perfeito estado,Não existe,Não há placas,60 km/h,Única,Faixa seccionada,Canteiro central,,,,,,,
2019-03-25,10:51:00,SEM VÍTIMA,FINALIZADA,DOIS IRMÃOS,RUA MANUEL DE MEDEIROS,,,UNIVERSIDADE FEDERAL RURAL DE PE,RUA MANUEL DE MEDEIROS,,UNIVERSIDADE FEDERAL RURAL DE PE,DOIS IRMÃOS,,SUBURBIO,ABALROAMENTO LONGITUDINAL,,1,1,,,,,,,,0,,Longo da via,Bom,Não existe,Incompleta,Seca,Perfeito estado,Não existe,Outras,,Dupla,Não existe,,,,,,,,
2019-03-25,10:57:00,SEM VÍTIMA,CANCELADA,DERBY,RUA BARAO DE GOIANA,102,RUA HENRIQUE DIAS,EM FRENTE A CASA DO ESTUDANTE,RUA BARAO DE GOIANA,102,EM FRENTE A CASA DO ESTUDANTE,DERBY,,,COLISÃO,SEM VITIMAS,2,,,,,,,,,0,,,,,,,,,,,,,,,,,,,,
2019-03-25,10:59:00,SEM VÍTIMA,FINALIZADA,SANTO ANTÔNIO,PRC DA REPUBLICA,,,LADO OPOSTO A CAIXA ECONÔMICA FEDERAL,PRC DA REPUBLICA,,LADO OPOSTO A CAIXA ECONÔMICA FEDERAL,SANTO ANTÔNIO,,CIDADE,ABALROAMENTO LONGITUDINAL,,2,,,,,,,,,0,,,Bom,Não existe,Perfeito estado,Seca,Perfeito estado,Não existe,Outras,,Única,Faixa seccionada,,,,,,,,
2019-03-25,11:47:00,SEM VÍTIMA,FINALIZADA,AFOGADOS,AV SUL,950,,,AV SUL,950,,AFOGADOS,73,CIDADE,COLISÃO TRASEIRA,COLISÃO SEM VITIMAS,3,,,,,,,,,0,,Longo da via,Bom,Sem defeito,Perfeito estado,Seca,Perfeito estado,Faixa de pedestre,Outras,,Única,Faixa contínua,Faixa seccionada,,,,,,,
2019-03-25,12:41:00,SEM VÍTIMA,FINALIZADA,SANTO ANTÔNIO,PTE PRINCESA IZABEL,,,SOBRE A PONTE,PTE PRINCESA IZABEL,,SOBRE A PONTE,SANTO ANTÔNIO,,,COLISÃO TRASEIRA,DOIS AUTOS,2,,,,,,,,,0,,Ponte,Bom,Não existe,Perfeito estado,Seca,Perfeito estado,Não existe,Não há placas,30 km/h,Dupla,Faixa contínua,,,,,,,,
2019-03-25,12:44:00,SEM VÍTIMA,CANCELADA,AREIAS,AV DR JOSE RUFINO,,,AO LADO DO COLEGIO VISAO,AV DR JOSE RUFINO,,AO LADO DO COLEGIO VISAO,AREIAS,,,COLISÃO,COLISAO ENTRE AUTO E CARRETA S/V,1,,,,,,1,,,0,,,,,,,,,,,,,,,,,,,,
2019-03-25,13:28:00,SEM VÍTIMA,CANCELADA,BOA VISTA,RUA DO HOSPICIO,,,EM FRENTE AO HOSPITAL DO EXERCITO,RUA DO HOSPICIO,,EM FRENTE AO HOSPITAL DO EXERCITO,BOA VISTA,,,COLISÃO,DOIS AUTOS,2,,,,,,,,,0,,,,,,,,,,,,,,,,,,,,
2019-03-25,13:30:00,SEM VÍTIMA,FINALIZADA,COELHOS,RUA DOS COELHOS,,,EM FRENTE AO POSTE DE ILUMINAÇÃO PÚBLICA Nº B 023749,RUA DOS COELHOS,,EM FRENTE AO POSTE DE ILUMINAÇÃO PÚBLICA Nº B 023749,COELHOS,359,SUBURBIO,ABALROAMENTO LONGITUDINAL,AUTO E CAMINHAO S/V,1,,,,,,1,,,0,,Longo da via,Bom,Sem defeito,Perfeito estado,Seca,Perfeito estado,Faixa de pedestre,,,Dupla,Faixa contínua,,,,,,,,
2019-03-25,14:20:00,SEM VÍTIMA,CANCELADA,GRAÇAS,PRC DO ENTRONCAMENTO,,,EM FRENTE A FARMACIA FORMULA,PRC DO ENTRONCAMENTO,,EM FRENTE A FARMACIA FORMULA,GRAÇAS,,,COLISÃO,DOIS AUTOS,2,,,,,,,,,0,,,,,,,,,,,,,,,,,,,,
2019-03-25,14:47:00,SEM VÍTIMA,FINALIZADA,SÃO JOSÉ,AV DANTAS BARRETO,,RUA SAO JOAO,,AV DANTAS BARRETO,,,SÃO JOSÉ,54,SUBURBIO,ABALROAMENTO TRANSVERSAL,COLISÃO SEM VÍTIMA,2,,,,,,,,,0,,Cruzamento,Bom,Sem defeito,Incompleta,Seca,Perfeito estado,,Outras,40 km/h,Dupla,Canteiro central,,,,,,,,
2019-03-25,15:03:00,SEM VÍTIMA,FINALIZADA,SÃO JOSÉ,RUA IMPERIAL,,,EM FRENTE AO POSTE B015065,RUA IMPERIAL,,EM FRENTE AO POSTE B015065,SÃO JOSÉ,,SUBURBIO,COLISÃO TRASEIRA,DUAS VT-PM,,,,,,,,2,,0,,Longo da via,Bom,Não existe,Perfeito estado,Seca,Perfeito estado,,Não há placas,40 km/h,Única,Faixa seccionada,,,,,,,,
2019-03-25,15:05:00,SEM VÍTIMA,FINALIZADA,CAMPO GRANDE,RUA ODORICO MENDES,598,,,RUA ODORICO MENDES,598,,CAMPO GRANDE,,CIDADE,COLISÃO TRASEIRA,ENGAVETAMENTO DE TRES AUTOS S/V,3,,,,,,,,,0,,Longo da via,Bom,Não existe,Perfeito estado,Seca,Perfeito estado,Não existe,R-6a,60 km/h,Dupla,Faixa contínua,,,,,,,,
2019-03-25,15:26:00,SEM VÍTIMA,FINALIZADA,BOA VISTA,RUA AURORA,1633,,EM FRENTE AO Nº 1633 (ITB),RUA AURORA,1633,EM FRENTE AO Nº 1633 (ITB),BOA VISTA,,CIDADE,COLISÃO TRASEIRA,,2,,,,,,,,,0,,Longo da via,Bom,Não existe,Perfeito estado,Seca,Perfeito estado,Não existe,Não há placas,40 km/h,Dupla,Canteiro central,,,,,,,,
2019-03-25,15:35:00,SEM VÍTIMA,FINALIZADA,IPSEP,AV RECIFE,2322,,EM FRENTE MARTELINHO DE OURO,AV RECIFE,2322,EM FRENTE MARTELINHO DE OURO,IPSEP,16,SUBURBIO,COLISÃO TRASEIRA,DOIS AUTOS,2,,,,,,,,,0,,Longo da via,Bom,Sem defeito,Perfeito estado,Seca,Perfeito estado,Agente,R-6a,,Dupla,Canteiro central,,,,,,,,
2019-03-25,15:43:00,SEM VÍTIMA,FINALIZADA,BOA VIAGEM,AV ENGENHEIRO DOMINGOS FERREIRA,,,AO LADO DO RESTAURANTE CASA D'ITALIA,AV ENGENHEIRO DOMINGOS FERREIRA,,AO LADO DO RESTAURANTE CASA D'ITALIA,BOA VIAGEM,,SUBURBIO,ABALROAMENTO LONGITUDINAL,UMA COLISAO EM UM CRUZAMENTO ENTRE DOIS AUTOS PASSEIOS, UM DO VEICULOS QUE COLIDIU PERDEU O CONTROLE, E ATINGIU UM TERCEIRO VEICULO OFICIAL DO CB. S/V,2,,,,,,,1,,0,,Longo da via,Bom,Sem defeito,Perfeito estado,Seca,Perfeito estado,,,60 km/h,Única,Faixa contínua,,,,,,
2019-03-25,16:33:00,SEM VÍTIMA,FINALIZADA,SÃO JOSÉ,RUA DO RANGEL,154,,ESTABELECIMENTO ZERO ZERO SETE,RUA DO RANGEL,154,ESTABELECIMENTO ZERO ZERO SETE,SÃO JOSÉ,,CIDADE,CHOQUE VEÍCULO PARADO,ENTRE DOIS AUTOS S/V,2,,,,,,,,,0,,Longo da via,Bom,Não existe,Perfeito estado,Seca,Perfeito estado,Não existe,R-6b,,Única,Não existe,,,,,,,,
2019-03-25,16:34:00,SEM VÍTIMA,FINALIZADA,CAMPO GRANDE,EST DE BELEM,,,EM FRENTE AO MERCADINHO TRES CORAÇÕES,EST DE BELEM,,EM FRENTE AO MERCADINHO TRES CORAÇÕES,CAMPO GRANDE,,CIDADE,ABALROAMENTO LONGITUDINAL,COLISÃO SEM VÍTIMA,1,,,,,1,,,,0,,Longo da via,Bom,Sem defeito,Perfeito estado,Seca,Perfeito estado,Agente,R-6a,,Dupla,Faixa seccionada,,,,,,,,
2019-03-25,16:40:00,SEM VÍTIMA,FINALIZADA,ESTÂNCIA,AV DR JOSE RUFINO,,,EM FRENTE AO COLEGIO DECISÃO,AV DR JOSE RUFINO,,EM FRENTE AO COLEGIO DECISÃO,ESTÂNCIA,,,ABALROAMENTO LONGITUDINAL,COLISÃO SEM VÍTIMA,1,,,,,,1,,,0,,Longo da via,Bom,Sem defeito,Perfeito estado,Seca,Perfeito estado,Faixa de pedestre,Não há placas,,Dupla,Faixa contínua,,,,,,,,
2019-03-25,16:53:00,SEM VÍTIMA,CANCELADA,AREIAS,RUA GENERAL MANUEL RABELO,246,,AO LADO DO COLEGIO VISÃO,RUA GENERAL MANUEL RABELO,246,AO LADO DO COLEGIO VISÃO,AREIAS,,,COLISÃO,CAMINHÃO E AUTO,1,,,,,,1,,,0,,,,,,,,,,,,,,,,,,,,
2019-03-25,18:08:00,SEM VÍTIMA,FINALIZADA,,AV RIO SAO FRANCISCO,186,,AO LADO DO MERCADINHO MINI PREÇO,AV RIO SAO FRANCISCO,186,AO LADO DO MERCADINHO MINI PREÇO,,,SUBURBIO,ABALROAMENTO LONGITUDINAL,ÔNIBUS X AUTO S/V.,1,,,,,1,,,,0,,Longo da via,Bom,Não existe,Perfeito estado,Seca,Perfeito estado,Não existe,Não há placas,,Dupla,Faixa seccionada,,,,,,,,
2019-03-25,18:17:00,SEM VÍTIMA,FINALIZADA,BOA VISTA,RUA DOM BOSCO,,,EM FRENTE AO SEMÁFORO 174,RUA DOM BOSCO,,EM FRENTE AO SEMÁFORO 174,BOA VISTA,,,COLISÃO TRASEIRA,COLISÃO SEM VÍTIMA,1,1,,,,,,,,0,,Longo da via,Bom,Sem defeito,Perfeito estado,Seca,Perfeito estado,,Não há placas,,Única,Faixa contínua,,,,,,,,
2019-03-25,18:26:00,SEM VÍTIMA,FINALIZADA,BOA VIAGEM,RUA BARAO DE SOUZA LEAO,626,,EM FRENTE AO EDIFÍCIO COSTA DOURADA,RUA BARAO DE SOUZA LEAO,626,EM FRENTE AO EDIFÍCIO COSTA DOURADA,BOA VIAGEM,,SUBURBIO,ABALROAMENTO LONGITUDINAL,S/V.,1,,,,,1,,,,0,,Longo da via,Bom,Não existe,Perfeito estado,Seca,Perfeito estado,Não existe,Outras,,Única,Faixa seccionada,,,,,,,,
2019-03-25,18:28:00,SEM VÍTIMA,FINALIZADA,ESPINHEIRO,RUA DO ESPINHEIRO,,RUA QUARENTA E OITO,SOB O SEM Nº 166,RUA DO ESPINHEIRO,,SOB O SEM Nº 166,ESPINHEIRO,166,SUBURBIO,ABALROAMENTO LONGITUDINAL,COLISÃO SEM VÍTIMA,2,,,,,,,,,0,,Longo da via,Bom,Sem defeito,Perfeito estado,Seca,Perfeito estado,Faixa de pedestre,Outras,,Única,Faixa contínua,,,,,,,,
2019-03-25,18:39:00,SEM VÍTIMA,FINALIZADA,SANTO ANTÔNIO,AV MARTINS DE BARROS,,,POSTO CERPE Nº B015042,AV MARTINS DE BARROS,,POSTO CERPE Nº B015042,SANTO ANTÔNIO,,SUBURBIO,COLISÃO TRASEIRA,ENTRE 2 AUTOS. S/V,2,,,,,,,,,0,,Longo da via,Bom,Sem defeito,Perfeito estado,Seca,Perfeito estado,Faixa de pedestre,Não há placas,,Dupla,Faixa seccionada,Canteiro central,,,,,,,
2019-03-25,18:58:00,SEM VÍTIMA,FINALIZADA,TORRE,RUA JOSE DE HOLANDA,,,EM FRENTE AO Nº 561,RUA JOSE DE HOLANDA,,EM FRENTE AO Nº 561,TORRE,,SUBURBIO,CHOQUE VEÍCULO PARADO,COLISÃO SEM VITIMAS,2,,,,,,,,,0,,Longo da via,Bom,Não existe,Perfeito estado,Seca,Perfeito estado,Não existe,Não há placas,,Única,Não existe,,,,,,,,
2019-03-25,19:09:00,SEM VÍTIMA,FINALIZADA,BOA VISTA,AV GOVERNADOR AGAMENON MAGALHAES,,,EM FRENTE AO COLÉGIO AMERICANO BATISTA,AV GOVERNADOR AGAMENON MAGALHAES,,EM FRENTE AO COLÉGIO AMERICANO BATISTA,BOA VISTA,,,ABALROAMENTO LONGITUDINAL,ENTRE AUTOS S/V.,2,,,,,,,,,0,,Longo da via,Bom,Sem defeito,Perfeito estado,Seca,Perfeito estado,,,,Dupla,Canteiro central,,,,,,,,
2019-03-25,20:42:00,COM VÍTIMA,FINALIZADA,PARNAMIRIM,AV PARNAMIRIM,,,PRÓX AO SHOPPING PARNAMIRIM E HOSPITAL MARIA LUCINDA / SEMÁFORO 010,AV PARNAMIRIM,,PRÓX AO SHOPPING PARNAMIRIM E HOSPITAL MARIA LUCINDA / SEMÁFORO 010,PARNAMIRIM,,CIDADE,COLISÃO COM CICLISTA,COLISÃO ENTRE AUTOMÓVEL E MOTOCICLETA.,1,1,,1,,,,,,1,,Longo da via,Bom,Sem defeito,Perfeito estado,Seca,Perfeito estado,Faixa de pedestre,R-6a,,Única,Faixa contínua,,,,,,,,
2019-03-25,21:27:00,SEM VÍTIMA,CANCELADA,NOVA DESCOBERTA,AV VEREADOR OTACILIO AZEVEDO,54,,ATRÁS DA GARAGEM DA GLOBO/ PRÓX A CELPE,AV VEREADOR OTACILIO AZEVEDO,54,ATRÁS DA GARAGEM DA GLOBO/ PRÓX A CELPE,NOVA DESCOBERTA,,,COLISÃO,ENTRE 2 AUTOS. S/V,2,,,,,,,,,0,,,,,,,,,,,,,,,,,,,,
2019-03-25,21:31:00,SEM VÍTIMA,FINALIZADA,IPSEP,AV RECIFE,,,EM FRENTEAO Nº 2826,AV RECIFE,,EM FRENTEAO Nº 2826,IPSEP,,SUBURBIO,ABALROAMENTO LONGITUDINAL,COLISÃO SEM VITIMA,1,1,,,,,,,,0,,Longo da via,Bom,Sem defeito,Perfeito estado,Seca,Perfeito estado,Faixa de pedestre,Não há placas,,Dupla,Canteiro central,,,,,,,,
2019-03-25,21:32:00,SEM VÍTIMA,FINALIZADA,BREJO DE BEBERIBE,RUA ALTO DO REFUGIO,,RUA FRANCISCO CAMARINO,TERMINAL DE ÔNIBUS,RUA ALTO DO REFUGIO,,TERMINAL DE ÔNIBUS,BREJO DE BEBERIBE,,CIDADE,ABALROAMENTO TRANSVERSAL,ENTRE 2 AUTOS. S/V,2,,,,,,,,,0,,,Bom,Não existe,Perfeito estado,Seca,Perfeito estado,,,,Dupla,,,,,,,,,
2019-03-25,21:45:00,SEM VÍTIMA,CANCELADA,VÁRZEA,RUA CONEGO JOSE FERNANDES MACHADO,222,,PRÓX A ANTENA DA CLARO E CAMPO DA GRANJA,RUA CONEGO JOSE FERNANDES MACHADO,222,PRÓX A ANTENA DA CLARO E CAMPO DA GRANJA,VÁRZEA,,,COLISÃO,ENTRE 2 AUTOS. S/V,2,,,,,,,,,0,,,,,,,,,,,,,,,,,,,,
2019-03-25,21:59:00,SEM VÍTIMA,CANCELADA,CAXANGÁ,AV JOAQUIM RIBEIRO,740,,E/F AO EDF MARCO FREIRE E MINERAL DA CAXANGÁ, SNT CAMARAGIBE / APÓS O PADRE CÍCERO,AV JOAQUIM RIBEIRO,740,E/F AO EDF MARCO FREIRE E MINERAL DA CAXANGÁ, SNT CAMARAGIBE / APÓS O PADRE CÍCERO,CAXANGÁ,,,COLISÃO,ENTRE 2 AUTOS. S/V,2,,,,,,,,,0,,,,,,,,,,,,,,,,,,
2019-03-25,22:10:00,SEM VÍTIMA,FINALIZADA,BOA VIAGEM,AV VINTE E TRES DE OUTUBRO,,,EM FRENTE AO POSTE H008431,AV VINTE E TRES DE OUTUBRO,,EM FRENTE AO POSTE H008431,BOA VIAGEM,,CIDADE,COLISÃO TRASEIRA,COLISÃO SEM VITIMA,2,,,,,,,,,0,,Longo da via,Bom,Não existe,Incompleta,Seca,Mal iluminada,Não existe,Não há placas,,Única,Faixa seccionada,,,,,,,,