data,hora,natureza_acidente,situacao,bairro,endereco,numero,detalhe_endereco_acidente,complemento,endereco_cruzamento,numero_cruzamento,referencia_cruzamento,bairro_cruzamento,num_semaforo,sentido_via,tipo,descricao,auto,moto,ciclom,ciclista,pedestre,onibus,caminhao,viatura,outros,vitimas,vitimasfatais,acidente_verificado,tempo_clima,situacao_semaforo,sinalizacao,condicao_via,conservacao_via,ponto_controle,situacao_placa,velocidade_max_via,mao_direcao,divisao_via1,divisao_via2,divisao_via3,,,,,,
2019-03-28,17:36:00,SEM VÍTIMA,CANCELADA,DERBY,AV GOVERNADOR AGAMENON MAGALHAES,,,EM FRENTE AO WALMART,AV GOVERNADOR AGAMENON MAGALHAES,,EM FRENTE AO WALMART,DERBY,,,COLISÃO,ENTRE MOTO E ONIBUS CAXANGA,,,,,,,,,,0,,,,,,,,,,,,,,,,,,,,
2019-03-28,18:39:00,SEM VÍTIMA,FINALIZADA,CIDADE UNIVERSITÁRIA,RUA MARECHAL MANOEL LUIS OSORIO,,RUA PROFESSOR ANTONIO COELHO,COLÉGIO PONTUAL,RUA MARECHAL MANOEL LUIS OSORIO,,COLÉGIO PONTUAL,CIDADE UNIVERSITÁRIA,,SUBURBIO,ABALROAMENTO TRANSVERSAL,ENTRE 2 ÕNIBUS. S/V,,,,,,2,,,,0,,Cruzamento,Bom,Não existe,Incompleta,Seca,Mal iluminada,,Não há placas,,Dupla,Não existe,,,,,,,,
2019-03-28,18:53:00,COM VÍTIMA,FINALIZADA,AFOGADOS,RUA COSME VIANA,,EST DO BONGI,SEMÁFORO 100 / E/F A IMBIRIBEIRA VEÍCULOS,RUA COSME VIANA,,SEMÁFORO 100 / E/F A IMBIRIBEIRA VEÍCULOS,AFOGADOS,100,SUBURBIO,COLISÃO FRONTAL,COLISÃO ENTRE AUTOMÓVEL E MOTOCICLETA.,1,1,,,,,,,,1,,Cruzamento,Bom,Sem defeito,Perfeito estado,Seca,Perfeito estado,Faixa de pedestre,Outras,,Dupla,Outros,,,,,,,,
2019-03-28,19:13:00,COM VÍTIMA,FINALIZADA,SÃO JOSÉ,AV DANTAS BARRETO,,RUA IMPERIAL,NO SEMAFORO 035,AV DANTAS BARRETO,,NO SEMAFORO 035,SÃO JOSÉ,35,SUBURBIO,ATROPELAMENTO ANIMAL,BATEDOR DA POLICIA ATROPELOU UM ANIMAL E CAIU NA VIA,,,,,,,,1,,1,,Cruzamento,Bom,Sem defeito,Perfeito estado,Seca,Perfeito estado,Faixa de pedestre,,,Dupla,Faixa contínua,,,,,,,,
2019-03-28,19:48:00,SEM VÍTIMA,CANCELADA,TORRE,RUA REAL DA TORRE,,RUA JOSE OSORIO,E/F AO POSTO PETROBRAS,RUA REAL DA TORRE,,E/F AO POSTO PETROBRAS,TORRE,,,COLISÃO,COLISAO ENTRE AUTO E MOTO S/V,1,1,,,,,,,,0,,,,,,,,,,,,,,,,,,,,
2019-03-28,21:11:00,SEM VÍTIMA,FINALIZADA,BOA VIAGEM,AVENIDA CELSO FURTADO (VIA MANGUE),,,SOBRE A ALÇA DE ACESSO A RUA ANTONIO FALCÃO,AVENIDA CELSO FURTADO (VIA MANGUE),,SOBRE A ALÇA DE ACESSO A RUA ANTONIO FALCÃO,BOA VIAGEM,,SUBURBIO,COLISÃO TRASEIRA,ENTRE 2 AUTOS. S/V,2,,,,,,,,,0,,Viaduto,Bom,Não existe,Não existente,Seca,Mal iluminada,Não existe,Não há placas,,Única,Não existe,,,,,,,,
2019-03-28,21:43:00,SEM VÍTIMA,CANCELADA,IPSEP,AV SALDANHA MARINHO,652,,NA RUA DO BAR DO LUNA E AMOEDO DISTRIBUIÇÃO / PRÓX AO POSTO BR,AV SALDANHA MARINHO,652,NA RUA DO BAR DO LUNA E AMOEDO DISTRIBUIÇÃO / PRÓX AO POSTO BR,IPSEP,,,COLISÃO,ENTRE 2 AUTOS. S/V,2,,,,,,,,,0,,,,,,,,,,,,,,,,,,,,
2019-03-28,22:22:00,COM VÍTIMA,FINALIZADA,CABANGA,AV SATURNINO DE BRITO,371,,EM FRENTE AO BAR ESTELITA / ANTES DO VIADUTO DO RIO MAR,AV SATURNINO DE BRITO,371,EM FRENTE AO BAR ESTELITA / ANTES DO VIADUTO DO RIO MAR,CABANGA,,SUBURBIO,CHOQUE VEÍCULO PARADO,CHOQUE ENTRE AUTOMÓVEL E MOTOCICLETA.,1,1,,,,,,,,1,,Longo da via,Bom,Não existe,Perfeito estado,Seca,Mal iluminada,Não existe,Não há placas,,Única,Não existe,,,,,,,,
2019-03-29,05:26:00,COM VÍTIMA,FINALIZADA,SANTO AMARO,AV CRUZ CABUGA,,,EM FRENTE A ANTIGA HONDA MOTOSHOP.,AV CRUZ CABUGA,,EM FRENTE A ANTIGA HONDA MOTOSHOP.,SANTO AMARO,,CIDADE,ATROPELAMENTO,ATROPELAMENTO ENTRE MOTOCICLETA E PEDESTRE.,,1,,,2,,,,,3,,Longo da via,Chuvoso,Sem defeito,Perfeito estado,Molhada,Perfeito estado,,R-6a,40 km/h,Dupla,Faixa contínua,,,,,,,,
2019-03-29,06:57:00,SEM VÍTIMA,FINALIZADA,AREIAS,AV CAPITAO GREGORIO DE CALDAS,,,SUPERMERCADO WALMART,AV CAPITAO GREGORIO DE CALDAS,,SUPERMERCADO WALMART,AREIAS,,SUBURBIO,ABALROAMENTO LONGITUDINAL,COLISÃO SEM VITIMAS,2,,,,,,,,,0,,Longo da via,Bom,Não existe,Perfeito estado,Seca,Perfeito estado,Faixa de pedestre,Não há placas,,Dupla,Canteiro central,,,,,,,,
2019-03-29,07:08:00,COM VÍTIMA,FINALIZADA,AREIAS,AV DR JOSE RUFINO,1244,,EM FRENTE AO SUPERMERCADO ARCOMIX,AV DR JOSE RUFINO,1244,EM FRENTE AO SUPERMERCADO ARCOMIX,AREIAS,,SUBURBIO,COLISÃO TRASEIRA,COLISÃO ENTRE AUTOMÓVEL E MOTOCICLETA.,1,1,,,,,,,,1,,Longo da via,Bom,Não existe,Perfeito estado,Seca,Perfeito estado,Não existe,Não há placas,,Dupla,Faixa contínua,,,,,,,,
2019-03-29,07:18:00,SEM VÍTIMA,DUPLICIDADE,CAÇOTE,AV CAPITAO GREGORIO DE CALDAS,,,E/F AO WALMART, SENTIDO AV RECIFE,AV CAPITAO GREGORIO DE CALDAS,,E/F AO WALMART, SENTIDO AV RECIFE,CAÇOTE,,,COLISÃO,SEM VÍTIMAS,2,,,,,,,,,0,,,,,,,,,,,,,,,,,,
2019-03-29,07:36:00,SEM VÍTIMA,FINALIZADA,ESPINHEIRO,AV JOAO DE BARROS,1629,RUA ALFREDO DE CASTRO,EM FRENTE A FEDERAÇÃO ESPIRITA DE PERNAMBUCO,AV JOAO DE BARROS,1629,EM FRENTE A FEDERAÇÃO ESPIRITA DE PERNAMBUCO,ESPINHEIRO,,SUBURBIO,COLISÃO TRASEIRA,COLISÃO SEM VITIMAS,2,,,,,,,,,0,,,Bom,Não existe,Perfeito estado,Seca,Perfeito estado,Não existe,R-6a,,Única,Faixa seccionada,,,,,,,,
2019-03-29,07:44:00,SEM VÍTIMA,CANCELADA,AREIAS,AV RECIFE,1644,,EM FRENTE AO RESTAURANTE GALETUS,AV RECIFE,1644,EM FRENTE AO RESTAURANTE GALETUS,AREIAS,,BOA VIAGEM,COLISÃO,COLISÃO SEM VITIMAS,2,,,,,,,,,0,,,,,,,,,,,,,,,,,,,,
2019-03-29,08:45:00,SEM VÍTIMA,FINALIZADA,VÁRZEA,AV CAXANGA,,,LADO OPOSTO AO CAXANGÁ GOLF CLUB,AV CAXANGA,,LADO OPOSTO AO CAXANGÁ GOLF CLUB,VÁRZEA,,CIDADE,ABALROAMENTO LONGITUDINAL,SEM VÍTIMAS. VT 24 NO LOCAL.,1,,,,,,1,,,0,,Longo da via,Chuvoso,Sem defeito,Perfeito estado,Molhada,Perfeito estado,Não existe,Não há placas,,Única,Faixa seccionada,,,,,,,,
2019-03-29,08:48:00,COM VÍTIMA,FINALIZADA,SÃO JOSÉ,AV MARTINS DE BARROS,S/N,C SANTA RITA,EM FRETE AO TERMINAL DE ÔNIBUS DE SANTA RITA. PISTA LOCAL DA SAÍDA DOS ÔNIBUS.,AV MARTINS DE BARROS,S/N,EM FRETE AO TERMINAL DE ÔNIBUS DE SANTA RITA. PISTA LOCAL DA SAÍDA DOS ÔNIBUS.,SÃO JOSÉ,,SUBURBIO,ATROPELAMENTO,FATO UMA MOTO CONDUZIDA PELO SR. - ATROPELOU, UMA JOVEM SENHORA DE 40 ANOS. QUE ATRAVESSA FORA DA FAIXA. VITIMA GRAVE SEM CONSCIÊNCIA PORÉM COM SINAIS VITAIS.,,1,,,1,,,,,1,,Longo da via,Bom,Sem defeito,Perfeito estado,Seca,Perfeito estado,,R-6c,,Dupla,Canteiro central,,,,,,,
2019-03-29,08:50:00,SEM VÍTIMA,FINALIZADA,GRAÇAS,AV GOVERNADOR AGAMENON MAGALHAES,,RUA JOAQUIM NABUCO,ESCOLA ESTADUAL BARBOSA LIMA,AV GOVERNADOR AGAMENON MAGALHAES,,ESCOLA ESTADUAL BARBOSA LIMA,GRAÇAS,114,,ABALROAMENTO LONGITUDINAL,,2,,,,,,,,,0,,,Bom,Sem defeito,Perfeito estado,Seca,Perfeito estado,Agente,Outras,60 km/h,Dupla,Canteiro central,Blocos,Canal,,,,,,
2019-03-29,09:27:00,COM VÍTIMA,FINALIZADA,PRADO,EST DOS REMEDIOS,2034,AV ENGENHEIRO ABDIAS DE CARVALHO,RECIFE NÁUTICA.,EST DOS REMEDIOS,2034,RECIFE NÁUTICA.,PRADO,,CIDADE,COLISÃO TRASEIRA,COLISÃO ENTRE CAMINHÃO E MOTOCICLETA.,,1,,,,,1,,,1,,Longo da via,Bom,Sem defeito,Perfeito estado,Seca,Perfeito estado,Agente,Outras,,Única,Faixa,,,,,,,,
2019-03-29,09:31:00,SEM VÍTIMA,FINALIZADA,AFOGADOS,LARGO DA PAZ,,,EMBAIXO DA ESTAÇÃO LARGO DA PAZ,LARGO DA PAZ,,EMBAIXO DA ESTAÇÃO LARGO DA PAZ,AFOGADOS,,CIDADE,ABALROAMENTO LONGITUDINAL,SEM VITIMAS,1,,,,,1,,,,0,,Longo da via,Bom,Não existe,Perfeito estado,Seca,Perfeito estado,Não existe,R-6a,,Única,,,,,,,,,
2019-03-29,09:40:00,SEM VÍTIMA,FINALIZADA,IMBIRIBEIRA,AV MARECHAL MASCARENHAS DE MORAES,,,LOCADORA LOCALIZA,AV MARECHAL MASCARENHAS DE MORAES,,LOCADORA LOCALIZA,IMBIRIBEIRA,570,CIDADE,COLISÃO TRASEIRA,COLISÃO S EM VITIMAS,2,,,,,,,,,0,,Longo da via,Bom,Sem defeito,Perfeito estado,Seca,Perfeito estado,Faixa de pedestre,Não há placas,60 km/h,Dupla,Canteiro central,,,,,,,,
2019-03-29,09:40:00,COM VÍTIMA,FINALIZADA,ILHA DO LEITE,PTE JOSE DE BARROS LIMA,S/N,AV GOVERNADOR AGAMENON MAGALHAES,INICIO DA PONTE JOSÉ DE BARROS LIMA LOGO APÓS O HOSP. PORTUGUÊS,PTE JOSE DE BARROS LIMA,S/N,INICIO DA PONTE JOSÉ DE BARROS LIMA LOGO APÓS O HOSP. PORTUGUÊS,ILHA DO LEITE,,SUBURBIO,ABALROAMENTO LONGITUDINAL,COLISÃO ENTRE DUAS MOTOCICLETAS.,,2,,,,,,,,1,,Longo da via,Bom,Não existe,Perfeito estado,Seca,Perfeito estado,,Não há placas,60 km/h,Dupla,Canteiro central,,,,,,,,
2019-03-29,09:58:00,SEM VÍTIMA,FINALIZADA,BOA VIAGEM,AV FERNANDO SIMOES BARBOSA,374,,,AV FERNANDO SIMOES BARBOSA,374,,BOA VIAGEM,,SUBURBIO,ABALROAMENTO LONGITUDINAL,SEM VITIMAS,VEÍCULOS ESTÃO NO POSTO BR,2,,,,,,,,,0,,Longo da via,Bom,Não existe,Perfeito estado,Seca,Perfeito estado,Não existe,R-6a,,Única,Faixa seccionada,,,,,,,
2019-03-29,10:09:00,SEM VÍTIMA,CANCELADA,PINA,AV CONSELHEIRO AGUIAR,1015,,EM FRENTE AO HOTEL UZI MAR,AV CONSELHEIRO AGUIAR,1015,EM FRENTE AO HOTEL UZI MAR,PINA,,,COLISÃO,SEM VITIMAS,2,,,,,,,,,0,,,,,,,,,,,,,,,,,,,,
2019-03-29,10:35:00,SEM VÍTIMA,FINALIZADA,IMBIRIBEIRA,AV MARECHAL MASCARENHAS DE MORAES,,,SOB O SEMÁFORO 471,AV MARECHAL MASCARENHAS DE MORAES,,SOB O SEMÁFORO 471,IMBIRIBEIRA,471,CIDADE,COLISÃO TRASEIRA,,2,,,,,,,,,0,,Longo da via,Bom,Sem defeito,Perfeito estado,Seca,Perfeito estado,Faixa de pedestre,Outras,60 km/h,Dupla,Canteiro central,,,,,,,,
2019-03-29,10:36:00,SEM VÍTIMA,FINALIZADA,IMBIRIBEIRA,AV MARECHAL MASCARENHAS DE MORAES,4631,,JUSTIÇA DO TRABALHO,AV MARECHAL MASCARENHAS DE MORAES,4631,JUSTIÇA DO TRABALHO,IMBIRIBEIRA,471,CIDADE,COLISÃO TRASEIRA,,1,1,,,,,,,,0,,Longo da via,Bom,Sem defeito,Perfeito estado,Seca,Perfeito estado,Faixa de pedestre,Outras,60 km/h,Dupla,Canteiro central,,,,,,,,
2019-03-29,10:38:00,SEM VÍTIMA,FINALIZADA,IMBIRIBEIRA,RUA ARQUITETO LUIZ NUNES,265,RUA ENGENHEIRO JOSE BRANDAO CAVALCANTE,,RUA ARQUITETO LUIZ NUNES,265,,IMBIRIBEIRA,,SUBURBIO,ABALROAMENTO LONGITUDINAL,SEM VITIMAS,1,,,,,,1,,,0,,Cruzamento,Bom,Sem defeito,Perfeito estado,Seca,Perfeito estado,Não existe,Outras,,Única,Faixa contínua,Faixa seccionada,,,,,,,
2019-03-29,12:18:00,COM VÍTIMA,FINALIZADA,ENGENHO DO MEIO,RUA ANTONIO CURADO,448,,PROX. A PRAÇA DE ENGENHO DO MEIO. EM FRENTE A IGREJA EVANGÉLICA JESUS É A ESPERANÇA.,RUA ANTONIO CURADO,448,PROX. A PRAÇA DE ENGENHO DO MEIO. EM FRENTE A IGREJA EVANGÉLICA JESUS É A ESPERANÇA.,ENGENHO DO MEIO,,SUBURBIO,ATROPELAMENTO,ATROPELAMENTO ENTRE MOTOCICLETA E PEDESTRE.,,1,,,1,,,,,1,,Longo da via,Bom,Não existe,Perfeito estado,Seca,Perfeito estado,,Outras,30 km/h,Dupla,Não existe,,,,,,,,
2019-03-29,12:39:00,SEM VÍTIMA,CANCELADA,CASA FORTE,AV DEZESSETE DE AGOSTO,,,EM FRENTE A CULTURA INGLESA,AV DEZESSETE DE AGOSTO,,EM FRENTE A CULTURA INGLESA,CASA FORTE,,,COLISÃO,COLISÃO SEM VÍTIMA,2,,,,,,,,,0,,,,,,,,,,,,,,,,,,,,
2019-03-29,12:54:00,COM VÍTIMA,FINALIZADA,IMBIRIBEIRA,RUA BARAO DE AGUA BRANCA,,RUA DUQUE ESTRADA,EM FRENTE A POUSADA SOL E MAR,RUA BARAO DE AGUA BRANCA,,EM FRENTE A POUSADA SOL E MAR,IMBIRIBEIRA,,BOA VIAGEM,ABALROAMENTO TRANSVERSAL,COLISÃO ENTRE CAMIONETA E AUTOMÓVEL PASSEIO.,2,,,,,,,,,1,,Cruzamento,Bom,Não existe,Perfeito estado,Seca,Perfeito estado,Não existe,Não há placas,,Dupla,Não existe,,,,,,,,
2019-03-29,13:13:00,SEM VÍTIMA,FINALIZADA,SANTO AMARO,AV GOVERNADOR AGAMENON MAGALHAES,2108,,PRÓX A CAIXA ECONÔMICA FEDERAL,AV GOVERNADOR AGAMENON MAGALHAES,2108,PRÓX A CAIXA ECONÔMICA FEDERAL,SANTO AMARO,,,COLISÃO TRASEIRA,,3,,,,,,,,,0,,Longo da via,Bom,,Perfeito estado,Seca,Perfeito estado,Não existe,Não há placas,,Dupla,Faixa seccionada,,,,,,,,
2019-03-29,13:23:00,COM VÍTIMA,FINALIZADA,MADALENA,RUA JOSE OSORIO,111,RUA DEMOCRITO DE SOUZA FILHO,PRÓX AO EMPÓRIO DOCE. LADO OPOSTO A DUNLOP PNEUS.,RUA JOSE OSORIO,111,PRÓX AO EMPÓRIO DOCE. LADO OPOSTO A DUNLOP PNEUS.,MADALENA,,SUBURBIO,ABALROAMENTO LONGITUDINAL,COLISÃO ENTRE AUTOMÓVEL E MOTOCICLETA.,1,1,,,,,,,,1,,Longo da via,Bom,Não existe,Perfeito estado,Seca,Perfeito estado,Não existe,R-6a,40 km/h,Única,,,,,,,,,
2019-03-29,14:05:00,SEM VÍTIMA,CANCELADA,IBURA,RUA JORNALISTA EDSON REGIS,1485,,NA ENTRADA DA FREVO E/F AO POSTO MAIS,RUA JORNALISTA EDSON REGIS,1485,NA ENTRADA DA FREVO E/F AO POSTO MAIS,IBURA,,,COLISÃO,COLISAO ONIBUS E CARRETA S/V,,,,,,1,1,,,0,,,,,,,,,,,,,,,,,,,,
2019-03-29,14:38:00,SEM VÍTIMA,FINALIZADA,CASA AMARELA,RUA CONS NABUCO,276,RUA ANTONIO DE CASTRO,,RUA CONS NABUCO,276,,CASA AMARELA,,SUBURBIO,ABALROAMENTO LONGITUDINAL,ENTRE DOIS AUTOS S/V,2,,,,,,,,,0,,Cruzamento,Bom,Não existe,Perfeito estado,Seca,Perfeito estado,Não existe,R-6a,,Dupla,Não existe,,,,,,,,
2019-03-29,14:40:00,SEM VÍTIMA,CANCELADA,BOA VIAGEM,AV BOA VIAGEM,,,E/F AO HOSPITAL DA AERONAÚTICA,AV BOA VIAGEM,,E/F AO HOSPITAL DA AERONAÚTICA,BOA VIAGEM,,,COLISÃO,COLISAO ENTRE DOIS AUTOS S/V,2,,,,,,,,,0,,,,,,,,,,,,,,,,,,,,
2019-03-29,14:41:00,SEM VÍTIMA,FINALIZADA,CAXANGÁ,AV CAXANGA,5368,,EM FRENTE AO CAXANGA GOLF CLUB,AV CAXANGA,5368,EM FRENTE AO CAXANGA GOLF CLUB,CAXANGÁ,,SUBURBIO,ABALROAMENTO LONGITUDINAL,RENAULT DUSTER PLACA X CAMINHÃO,1,,,,,,1,,,0,,Longo da via,Bom,Sem defeito,Perfeito estado,Seca,Perfeito estado,Não existe,,,Única,Faixa seccionada,Canteiro central,,,,,,,
2019-03-29,15:00:00,COM VÍTIMA,FINALIZADA,ARRUDA,RUA DAS MOCAS,600,RUA DO TRIUNFO,POR TRAS DO CAMPO DO ARRUDA,RUA DAS MOCAS,600,POR TRAS DO CAMPO DO ARRUDA,ARRUDA,,SUBURBIO,ABALROAMENTO LONGITUDINAL,COLISÃO ENTRE AUTOMÓVEL E MOTOCICLETA.,1,1,,,,,,,,1,,Esquina,Bom,Não existe,Perfeito estado,Seca,Perfeito estado,,R-6a,30 km/h,Dupla,Faixa seccionada,,,,,,,,
2019-03-29,15:10:00,COM VÍTIMA,FINALIZADA,SANTO AMARO,AV CRUZ CABUGA,,,EM FRENTE A CASA DA INDUSTRIA,AV CRUZ CABUGA,,EM FRENTE A CASA DA INDUSTRIA,SANTO AMARO,,CIDADE,ATROPELAMENTO,ATROPELAMENTO ENTRE MOTOCICLETA E PEDESTRE.,,1,,,1,,,,,1,,Longo da via,Bom,Não existe,Perfeito estado,Seca,Perfeito estado,Não existe,Outras,60 km/h,Dupla,Faixa contínua,,,,,,,,
2019-03-29,15:14:00,SEM VÍTIMA,CANCELADA,ENCRUZILHADA,RUA PROFESSOR OTAVIO DE FREITAS,72,,EM FRENTE A BATISTA ADVOGADOS,RUA PROFESSOR OTAVIO DE FREITAS,72,EM FRENTE A BATISTA ADVOGADOS,ENCRUZILHADA,,,COLISÃO,COLISÃO SEM VÍTIMA,2,,,,,,,,,0,,,,,,,,,,,,,,,,,,,,
2019-03-29,15:24:00,SEM VÍTIMA,FINALIZADA,APIPUCOS,RUA DE APIPUCOS,685,,RESERVA DE APIPUCOS,RUA DE APIPUCOS,685,RESERVA DE APIPUCOS,APIPUCOS,,CIDADE,COLISÃO TRASEIRA,ENTRE TRES AUTOS S/V,3,,,,,,,,,0,,Longo da via,Bom,Não existe,Perfeito estado,Seca,Perfeito estado,Não existe,R-6a,60 km/h,Dupla,Faixa seccionada,,,,,,,,
2019-03-29,15:29:00,SEM VÍTIMA,CANCELADA,IBURA,AV RECIFE,,,E/F A CASA DE FESTA MAK DIVERCOES,AV RECIFE,,E/F A CASA DE FESTA MAK DIVERCOES,IBURA,,,COLISÃO,COLISAO ENTRE DOIS AUTOS S/V BATEDOR DA MOTO 02/ 20 NO LOCAL,2,,,,,,,,,0,,,,,,,,,,,,,,,,,,,,
2019-03-29,15:38:00,SEM VÍTIMA,FINALIZADA,BOA VISTA,RUA DO PROGRESSO,269,RUA DAS NINFAS,AO LADO DA GALERIA SQUINA PROGRESSO,RUA DO PROGRESSO,269,AO LADO DA GALERIA SQUINA PROGRESSO,BOA VISTA,,CIDADE,ABALROAMENTO LONGITUDINAL,COLISAO ENTRE TAXI E AUTO S/V,2,,,,,,,,,0,,Cruzamento,Bom,Não existe,Incompleta,Seca,Perfeito estado,Não existe,Placas Pare,,Única,Não existe,,,,,,,,
2019-03-29,15:46:00,SEM VÍTIMA,FINALIZADA,IPSEP,AV RECIFE,2734,,APÓS O SEMÁFORO 016,AV RECIFE,2734,APÓS O SEMÁFORO 016,IPSEP,16,CIDADE,COLISÃO TRASEIRA,ENTRE DOIS AUTOS S/V,2,,,,,,,,,0,,Longo da via,Bom,Sem defeito,Perfeito estado,Seca,Perfeito estado,Agente,R-6a,,Dupla,Canteiro central,,,,,,,,
2019-03-29,15:54:00,COM VÍTIMA,FINALIZADA,CASA AMARELA,AV NORTE,6472,,EM FRENTE A MATERNIDADE BARROS LIMA,AV NORTE,6472,EM FRENTE A MATERNIDADE BARROS LIMA,CASA AMARELA,,CIDADE,ATROPELAMENTO,ATROPELAMENTO ENTRE MOTOCICLETA E PEDESTRE.,,1,,,1,,,,,1,,Longo da via,Bom,Não existe,Perfeito estado,Seca,Perfeito estado,Outros,R-6a,,Dupla,Faixa seccionada,Canteiro central,,,,,,,
2019-03-29,16:11:00,SEM VÍTIMA,FINALIZADA,GRAÇAS,RUA DAS PERNAMBUCANAS,107,,EM FRENTE AO HOSPITAL JAIME DA FONTE,RUA DAS PERNAMBUCANAS,107,EM FRENTE AO HOSPITAL JAIME DA FONTE,GRAÇAS,,SUBURBIO,ABALROAMENTO TRANSVERSAL,COLISÃO SEM VÍTIMA,2,,,,,,,,,0,,Longo da via,Bom,Não existe,Perfeito estado,Seca,Perfeito estado,Não existe,R-6b,30 km/h,Única,Não existe,,,,,,,,
2019-03-29,16:27:00,COM VÍTIMA,FINALIZADA,ENCRUZILHADA,RUA DONA ELVIRA,110,,E/F AO EDF ALDEIA IMPERIAL,RUA DONA ELVIRA,110,E/F AO EDF ALDEIA IMPERIAL,ENCRUZILHADA,,,COLISÃO COM CICLISTA,COLISÃO ENTRE AUTOMÓVEL E BICICLETA.,1,,,1,,,,,,1,,Longo da via,Bom,Não existe,Perfeito estado,Seca,Perfeito estado,,,40 km/h,Dupla,Não existe,,,,,,,,
2019-03-29,16:29:00,SEM VÍTIMA,FINALIZADA,BOA VIAGEM,AV DES JOSE NEVES,,RUA BARAO DE TEFE,,AV DES JOSE NEVES,,,BOA VIAGEM,,SUBURBIO,COLISÃO TRASEIRA,SEM VÍTIMAS.,1,,,,,,1,,,0,,Cruzamento,Bom,Não existe,Perfeito estado,Seca,Perfeito estado,Não existe,Não há placas,,Dupla,Canteiro central,Canal,,,,,,,
2019-03-29,16:33:00,SEM VÍTIMA,FINALIZADA,SANTO AMARO,AV GOVERNADOR AGAMENON MAGALHAES,,,,AV GOVERNADOR AGAMENON MAGALHAES,,,SANTO AMARO,465,SUBURBIO,COLISÃO TRASEIRA,COLISAO ENTRE DOIS AUTOS S/V,2,,,,,,,,,0,,Longo da via,Bom,Sem defeito,Perfeito estado,Seca,Perfeito estado,Faixa de pedestre,Outras,60 km/h,Dupla,Canal,,,,,,,,
2019-03-29,16:34:00,SEM VÍTIMA,DUPLICIDADE,GRAÇAS,RUA DAS PERNAMBUCANAS,207,,EM FRENTE AO JAIME DA FONTE,RUA DAS PERNAMBUCANAS,207,EM FRENTE AO JAIME DA FONTE,GRAÇAS,,,COLISÃO,COLISÃO SEM VÍTIMA,2,,,,,,,,,0,,,,,,,,,,,,,,,,,,,,
2019-03-29,16:38:00,SEM VÍTIMA,FINALIZADA,CAMPO GRANDE,AV PROFESSOR JOSE DOS ANJOS,816,,APÓS O SEMÁFORO Nº 642,AV PROFESSOR JOSE DOS ANJOS,816,APÓS O SEMÁFORO Nº 642,CAMPO GRANDE,642,SUBURBIO,COLISÃO TRASEIRA,ENTRE AUTOS S/V.,2,,,,,,,,,0,,Longo da via,Bom,Não existe,Perfeito estado,Seca,Perfeito estado,Agente,Placas Pare,,Dupla,Canal,,,,,,,,
2019-03-29,16:45:00,SEM VÍTIMA,CANCELADA,MADALENA,AV BEIRA RIO,80,,EM FRENTE AO PREDIO GIARDINO BEIRA RIO,AV BEIRA RIO,80,EM FRENTE AO PREDIO GIARDINO BEIRA RIO,MADALENA,,,COLISÃO,ENTRE DOIS AUTOS S/V,2,,,,,,,,,0,,,,,,,,,,,,,,,,,,,,
2019-03-29,17:01:00,SEM VÍTIMA,FINALIZADA,BOA VIAGEM,AVENIDA CELSO FURTADO (VIA MANGUE),,,POR TRAS DO EXTRA,AVENIDA CELSO FURTADO (VIA MANGUE),,POR TRAS DO EXTRA,BOA VIAGEM,,SUBURBIO,ABALROAMENTO LONGITUDINAL,COLISÃO SEM VÍTIMA,2,,,,,,,,,0,,Longo da via,Bom,Não existe,Perfeito estado,Seca,Perfeito estado,Outros,Outras,60 km/h,Dupla,Canteiro central,,,,,,,,
2019-03-29,17:09:00,COM VÍTIMA,FINALIZADA,COELHOS,RUA DOS COELHOS,351,,E/F AO IMIP,RUA DOS COELHOS,351,E/F AO IMIP,COELHOS,,CIDADE,ATROPELAMENTO,ATROPELAMENTO ENTRE ÔNIBUS E PEDESTRE.,,,,,1,1,,,,1,,Longo da via,Bom,Não existe,Perfeito estado,Seca,Perfeito estado,Não existe,Não há placas,,Dupla,Faixa seccionada,,,,,,,,
2019-03-29,17:51:00,SEM VÍTIMA,FINALIZADA,BOA VIAGEM,RUA BARAO DE SOUZA LEAO,,,AO LADO DO MEDICAL CENTER,RUA BARAO DE SOUZA LEAO,,AO LADO DO MEDICAL CENTER,BOA VIAGEM,,SUBURBIO,ABALROAMENTO LONGITUDINAL,COLISÃO SEM VÍTIMA,1,,,,,1,,,,0,,Longo da via,Bom,Sem defeito,Perfeito estado,Seca,Perfeito estado,,Não há placas,,Única,Não existe,,,,,,,,
2019-03-29,17:57:00,SEM VÍTIMA,FINALIZADA,VÁRZEA,RUA MARECHAL MANOEL LUIS OSORIO,,RUA PROFESSOR ANTONIO COELHO,,RUA MARECHAL MANOEL LUIS OSORIO,,,VÁRZEA,,SUBURBIO,ABALROAMENTO TRANSVERSAL,AUTO E ONIBUS DA METROPOLITANA,1,,,,,1,,,,0,,Cruzamento,Bom,Não existe,Não existente,Seca,Perfeito estado,Não existe,Não há placas,,Dupla,Não existe,,,,,,,,
2019-03-29,18:13:00,SEM VÍTIMA,FINALIZADA,CABANGA,PTE GOVERNADOR PAULO GUERRA,,,SOBRE A PONTE,PTE GOVERNADOR PAULO GUERRA,,SOBRE A PONTE,CABANGA,,SUBURBIO,COLISÃO TRASEIRA,ENTRE VT E AUTO PASSEIO. S/V,1,,,,,,,1,,0,,Longo da via,Bom,Sem defeito,Perfeito estado,Seca,Perfeito estado,Não existe,Outras,60 km/h,Única,Faixa seccionada,,,,,,,,