data,hora,natureza_acidente,situacao,bairro,endereco,numero,detalhe_endereco_acidente,complemento,endereco_cruzamento,numero_cruzamento,referencia_cruzamento,bairro_cruzamento,num_semaforo,sentido_via,tipo,descricao,auto,moto,ciclom,ciclista,pedestre,onibus,caminhao,viatura,outros,vitimas,vitimasfatais,acidente_verificado,tempo_clima,situacao_semaforo,sinalizacao,condicao_via,conservacao_via,ponto_controle,situacao_placa,velocidade_max_via,mao_direcao,divisao_via1,divisao_via2,divisao_via3,,,,,,
2019-04-01,12:26:00,SEM VÍTIMA,FINALIZADA,SANTO ANTÔNIO,RUA DO SOL,,,EM FRENTE AO POSTE Nº B019343,RUA DO SOL,,EM FRENTE AO POSTE Nº B019343,SANTO ANTÔNIO,,CIDADE,ABALROAMENTO LONGITUDINAL,COLISÃO SEM VITIMAS,1,,,,,1,,,,0,,Longo da via,Chuvoso,Sem defeito,Perfeito estado,Molhada,Perfeito estado,Não existe,Não há placas,40 km/h,Única,Faixa contínua,,,,,,,,
2019-04-01,12:29:00,SEM VÍTIMA,FINALIZADA,BAIRRO DO RECIFE,RUA MARIZ E BARROS,181,RUA TOMAZINA,,RUA MARIZ E BARROS,181,,BAIRRO DO RECIFE,,SUBURBIO,ABALROAMENTO LONGITUDINAL,COLISÃO SEM VITIMAS,2,,,,,,,,,0,,Longo da via,Chuvoso,Não existe,Perfeito estado,Molhada,Perfeito estado,Não existe,Outras,30 km/h,Única,Não existe,,,,,,,,
2019-04-01,12:34:00,SEM VÍTIMA,FINALIZADA,CORDEIRO,AV CAXANGA,,RUA N S DA SAUDE,,AV CAXANGA,,,CORDEIRO,234,SUBURBIO,ABALROAMENTO TRANSVERSAL,COLISÃO SEM VITIMAS,,,,,,,,1,1,0,,,,,,,,Faixa de pedestre,Não há placas,,,,,,,,,,,
2019-04-01,12:49:00,SEM VÍTIMA,FINALIZADA,GRAÇAS,RUA ALBERTO PAIVA,299,,EM FRENTE A SORVETERIA FRI SABOR,RUA ALBERTO PAIVA,299,EM FRENTE A SORVETERIA FRI SABOR,GRAÇAS,,SUBURBIO,COLISÃO TRASEIRA,COLISÃO SEM VITIMAS,2,,,,,,,,,0,,Longo da via,Chuvoso,Sem defeito,Perfeito estado,Molhada,Perfeito estado,Não existe,Outras,,Única,Faixa seccionada,,,,,,,,
2019-04-01,13:01:00,SEM VÍTIMA,FINALIZADA,IMBIRIBEIRA,AV MARECHAL MASCARENHAS DE MORAES,,,AO LADO DA FAC. UNIVERSO,AV MARECHAL MASCARENHAS DE MORAES,,AO LADO DA FAC. UNIVERSO,IMBIRIBEIRA,,SUBURBIO,ABALROAMENTO LONGITUDINAL,COLISÃO SEM VITIMAS,2,,,,,,,,1,0,,Longo da via,Chuvoso,Não existe,Perfeito estado,Molhada,Mal conservada,,Não há placas,,Dupla,Canteiro central,,,,,,,,
2019-04-01,13:09:00,COM VÍTIMA,CANCELADA,ILHA DO RETIRO,RUA SPORT CLUBE DO RECIFE,,,EM FRENTE AO SPORT,RUA SPORT CLUBE DO RECIFE,,EM FRENTE AO SPORT,ILHA DO RETIRO,,,COLISÃO,COLISÃO COM VITIMA - SITUAÇÃO CHEGOU VIA BAIXA- VITIMA AO SOLO,1,1,,,,,,,,1,,,,,,,,,,,,,,,,,,,,
2019-04-01,14:11:00,COM VÍTIMA,FINALIZADA,IPSEP,AV RECIFE,2330,AV DOM HELDER CAMARA,NA ENTRADA DO IBURA NO SEMAFORO 016,AV RECIFE,2330,NA ENTRADA DO IBURA NO SEMAFORO 016,IPSEP,,SUBURBIO,COLISÃO COM CICLISTA,ATROPELAMENTO ENTRE ÔNIBUS E CICLISTA,,,,1,,1,,,,1,,Longo da via,Bom,,Perfeito estado,Seca,Perfeito estado,Agente,Não há placas,,Dupla,Canteiro central,,,,,,,,
2019-04-01,14:14:00,SEM VÍTIMA,FINALIZADA,IMBIRIBEIRA,VIADUTO TANCREDO NEVES,,,ALÇA DE ACESSO A AVENIDA MASCARENHAS DE MORAIS,VIADUTO TANCREDO NEVES,,ALÇA DE ACESSO A AVENIDA MASCARENHAS DE MORAIS,IMBIRIBEIRA,,SUBURBIO,ABALROAMENTO LONGITUDINAL,COLISAO ENTRE DOIS AUTOS S/V,2,,,,,,,,,0,,Viaduto,Nublado,Não existe,Não existente,Molhada,Perfeito estado,Não existe,Não há placas,,Dupla,,,,,,,,,
2019-04-01,14:22:00,SEM VÍTIMA,FINALIZADA,GRAÇAS,RUA ANTONIO NOVAIS,75,,PIZZARIA DOMINO'S,RUA ANTONIO NOVAIS,75,PIZZARIA DOMINO'S,GRAÇAS,,SUBURBIO,COLISÃO TRASEIRA,COLISÃO SEM COLISÃO,2,,,,,,,,,0,,Longo da via,Bom,Não existe,Perfeito estado,Seca,Perfeito estado,Não existe,Outras,,Única,Não existe,,,,,,,,
2019-04-01,14:34:00,SEM VÍTIMA,FINALIZADA,GRAÇAS,AV GOVERNADOR AGAMENON MAGALHAES,3835,,BANCO DO BRASIL,AV GOVERNADOR AGAMENON MAGALHAES,3835,BANCO DO BRASIL,GRAÇAS,,SUBURBIO,COLISÃO TRASEIRA,COLISÃO SEM VITIMAS,2,,,,,,,,,0,,Longo da via,Chuvoso,Sem defeito,Perfeito estado,Molhada,Perfeito estado,Agente,,,Única,Não existe,,,,,,,,
2019-04-01,14:35:00,SEM VÍTIMA,FINALIZADA,PINA,AV BOA VIAGEM,914,,QUADRA DE TÊNIS,AV BOA VIAGEM,914,QUADRA DE TÊNIS,PINA,,CIDADE,ABALROAMENTO LONGITUDINAL,COLISÃO SEM VÍTIMA,1,1,,,,,,,,0,,Longo da via,Bom,Não existe,Perfeito estado,Seca,Perfeito estado,Outros,Outras,60 km/h,Única,Faixa seccionada,,,,,,,,
2019-04-01,14:44:00,SEM VÍTIMA,FINALIZADA,CORDEIRO,AV GENERAL SAN MARTIN,,,APÓS O SEMÁFORO 058 / AO LADO DO COMPAZ,AV GENERAL SAN MARTIN,,APÓS O SEMÁFORO 058 / AO LADO DO COMPAZ,CORDEIRO,,SUBURBIO,COLISÃO TRASEIRA,COLISÃO SEM VÍTIMA,1,1,,,,,,,,0,,Longo da via,Bom,Não existe,Não existente,Seca,Perfeito estado,Não existe,Não há placas,40 km/h,Dupla,Faixa contínua,,,,,,,,
2019-04-01,15:07:00,SEM VÍTIMA,FINALIZADA,SANTO AMARO,AV CRUZ CABUGA,343,,Nº 347,AV CRUZ CABUGA,343,Nº 347,SANTO AMARO,,CIDADE,ABALROAMENTO LONGITUDINAL,COLISÃO SEM VÍTIMAS ENVOLVENDO CINCO VEÍCULOS,4,1,,,,,,,,0,,Longo da via,Chuvoso,Não existe,Perfeito estado,Molhada,Perfeito estado,Não existe,Outras,,Dupla,Faixa contínua,,,,,,,,
2019-04-01,15:08:00,SEM VÍTIMA,FINALIZADA,SANTO ANTÔNIO,PTE CONDE MAURICIO DE NASSAU,,AV MARTINS DE BARROS,SEMÁFORO 194,PTE CONDE MAURICIO DE NASSAU,,SEMÁFORO 194,SANTO ANTÔNIO,194,SUBURBIO,ABALROAMENTO LONGITUDINAL,COLISÃO SEM VÍTIMA,2,,,,,,,,,0,,Ponte,Bom,Sem defeito,Perfeito estado,Seca,Perfeito estado,Faixa de pedestre,,,Única,Faixa contínua,,,,,,,,
2019-04-01,15:25:00,SEM VÍTIMA,FINALIZADA,IPSEP,RUA RIO AMAZONAS,,,E/F A PADARIA AMAZONAS,RUA RIO AMAZONAS,,E/F A PADARIA AMAZONAS,IPSEP,,SUBURBIO,ABALROAMENTO LONGITUDINAL,COLISAO ENTRE ONIBUS E AUTOS S/V,1,,,,,1,,,,0,,Longo da via,Bom,Sem defeito,Perfeito estado,Seca,Perfeito estado,Não existe,,,Dupla,Não existe,,,,,,,,
2019-04-01,15:26:00,SEM VÍTIMA,FINALIZADA,IMBIRIBEIRA,RUA ARQUITETO LUIZ NUNES,,,EM FRENTE AO BAR DO EDSON,RUA ARQUITETO LUIZ NUNES,,EM FRENTE AO BAR DO EDSON,IMBIRIBEIRA,,SUBURBIO,COLISÃO TRASEIRA,COLISÃO SEM VÍTIMA,3,,,,,,,,,0,,Longo da via,Nublado,Sem defeito,Perfeito estado,Seca,Perfeito estado,Não existe,Não há placas,50 km/h,Dupla,Faixa contínua,Faixa seccionada,,,,,,,
2019-04-01,15:47:00,SEM VÍTIMA,FINALIZADA,DERBY,PRC DO DERBY,,,LADO OPOSTO A PRAÇ ADO DERBY,PRC DO DERBY,,LADO OPOSTO A PRAÇ ADO DERBY,DERBY,,CIDADE,COLISÃO TRASEIRA,COLISÃO SEM VÍTIMA,1,,,,,1,,,,0,,Longo da via,Nublado,Sem defeito,,Seca,Perfeito estado,Outros,Não há placas,,Dupla,,,,,,,,,
2019-04-01,16:09:00,COM VÍTIMA,FINALIZADA,IPSEP,RUA IRAPUA,420,RUA DR RAPOSO PINTO,PROX AO ANTIGO 19 BATALHAO,RUA IRAPUA,420,PROX AO ANTIGO 19 BATALHAO,IPSEP,,,ABALROAMENTO TRANSVERSAL,COLISAO ENTRE AUTO E MOTO COM UMA VITIMA,1,1,,,,,,,,1,,Cruzamento,Bom,Não existe,Perfeito estado,Seca,Perfeito estado,Faixa de retenção,Placas Pare,,Dupla,Faixa,,,,,,,,
2019-04-01,16:18:00,SEM VÍTIMA,FINALIZADA,CAXANGÁ,AV PROFESSOR MORAES REGO,,,AO LADO DO POSTO DE COMBUSTIVEL DA PETROBRAZ, E A SUPRANOR,AV PROFESSOR MORAES REGO,,AO LADO DO POSTO DE COMBUSTIVEL DA PETROBRAZ, E A SUPRANOR,CAXANGÁ,4038,,COLISÃO,COLISÃO SEM VÍTIMA,1,,,,,,1,,,0,,,,,,,,,,,,,,,,,,
2019-04-01,16:33:00,SEM VÍTIMA,CANCELADA,IMBIRIBEIRA,RUA ANTONIO FALCAO,113 A,,EM FRENTE AO POSTO IPIRANGA, SENTIDO IPSEP,RUA ANTONIO FALCAO,113 A,EM FRENTE AO POSTO IPIRANGA, SENTIDO IPSEP,IMBIRIBEIRA,,,COLISÃO,COLISÃO SEM VÍTIMA,1,,,,,,1,,,0,,,,,,,,,,,,,,,,,,
2019-04-01,16:49:00,SEM VÍTIMA,FINALIZADA,AFOGADOS,RUA SAO MIGUEL,268,,E/F AO DEPATRI,RUA SAO MIGUEL,268,E/F AO DEPATRI,AFOGADOS,,SUBURBIO,ABALROAMENTO LONGITUDINAL,COLISAO ENTRE AUTO E ONIBUS S/V,1,,,,,1,,,,0,,Longo da via,Bom,Não existe,Perfeito estado,Seca,Perfeito estado,Não existe,R-6a,,Dupla,Faixa seccionada,,,,,,,,
2019-04-01,17:01:00,SEM VÍTIMA,CANCELADA,CIDADE UNIVERSITÁRIA,AV REITOR JOAQUIM AMAZONAS,,,NO GIRADOR DA REITORIA DA UNIVERSIDADE FEDERAL,AV REITOR JOAQUIM AMAZONAS,,NO GIRADOR DA REITORIA DA UNIVERSIDADE FEDERAL,CIDADE UNIVERSITÁRIA,,,COLISÃO,COLISÃO SEM VITIMAS,1,,,,,,1,,,0,,,,,,,,,,,,,,,,,,,,
2019-04-01,17:23:00,SEM VÍTIMA,CANCELADA,VÁRZEA,AV INACIO DE BARROS BARRETO,384,,NA RUA DO MUSEU DO BRENNAND,AV INACIO DE BARROS BARRETO,384,NA RUA DO MUSEU DO BRENNAND,VÁRZEA,,,COLISÃO,COLISAO ENTRE AUTO E CAMINHAO S/V,1,,,,,,1,,,0,,,,,,,,,,,,,,,,,,,,
2019-04-01,18:22:00,SEM VÍTIMA,FINALIZADA,ARRUDA,AV BEBERIBE,,AV PROFESSOR JOSE DOS ANJOS,,AV BEBERIBE,,,ARRUDA,131,SUBURBIO,ABALROAMENTO LONGITUDINAL,COLISÃO SEM VITIMAS,1,,,,,,1,,,0,,Longo da via,Bom,Sem defeito,Perfeito estado,Seca,Perfeito estado,Faixa de pedestre,Não há placas,,Dupla,Faixa contínua,,,,,,,,
2019-04-01,19:20:00,SEM VÍTIMA,FINALIZADA,CORDEIRO,AV CAXANGA,1314,,DIGITAL CENTER ASSISTÊNCIA TÉCNICA,AV CAXANGA,1314,DIGITAL CENTER ASSISTÊNCIA TÉCNICA,CORDEIRO,,SUBURBIO,ABALROAMENTO LONGITUDINAL,ENTRE AUTO PASSEIO E ÔNIBUS. S/V,1,,,,,1,,,,0,,Longo da via,Bom,Não existe,Perfeito estado,Seca,Perfeito estado,Não existe,Não há placas,,Dupla,Canteiro central,,,,,,,,
2019-04-01,20:10:00,SEM VÍTIMA,FINALIZADA,TORRE,RUA CONDE DE IRAJA,330,,SAMSUNG SYSTE CELL,RUA CONDE DE IRAJA,330,SAMSUNG SYSTE CELL,TORRE,91,SUBURBIO,COLISÃO TRASEIRA,HONDA CIT X HB 20,2,,,,,,,,,0,,Longo da via,Bom,Sem defeito,Perfeito estado,Seca,Perfeito estado,Faixa de pedestre,Outras,,Única,Faixa contínua,,,,,,,,
2019-04-01,21:06:00,SEM VÍTIMA,FINALIZADA,TORRE,AV BEIRA RIO,,,CURVA DA COMPESA,AV BEIRA RIO,,CURVA DA COMPESA,TORRE,,SUBURBIO,COLISÃO TRASEIRA,SIENA X FORD K,2,,,,,,,,,0,,Longo da via,Bom,Não existe,Perfeito estado,Seca,Perfeito estado,Não existe,Não há placas,,Dupla,Faixa contínua,,,,,,,,
2019-04-02,06:25:00,SEM VÍTIMA,FINALIZADA,BOA VISTA,RUA DO PRINCIPE,,RUA GERVASIO PIRES,,RUA DO PRINCIPE,,,BOA VISTA,41,,ABALROAMENTO LONGITUDINAL,COLISÃO SEM VITIMAS,1,,,,,1,,,,0,,Cruzamento,Bom,Sem defeito,Perfeito estado,Seca,Perfeito estado,Faixa de pedestre,,60 km/h,Única,Faixa contínua,,,,,,,,
2019-04-02,06:54:00,SEM VÍTIMA,FINALIZADA,AREIAS,AV RECIFE,,,ARMAZEM CORAL,AV RECIFE,,ARMAZEM CORAL,AREIAS,,SUBURBIO,COLISÃO TRASEIRA,TRES AUTOS,3,,,,,,,,,0,,Viaduto,Bom,Não existe,Perfeito estado,Seca,Perfeito estado,Não existe,Não há placas,60 km/h,Única,Faixa seccionada,,,,,,,,
2019-04-02,07:11:00,SEM VÍTIMA,FINALIZADA,BOA VIAGEM,AV ENGENHEIRO DOMINGOS FERREIRA,,RUA TOME GIBSON,ESCOLA MUNICIPAL OSWALDO LIMA FILHO,AV ENGENHEIRO DOMINGOS FERREIRA,,ESCOLA MUNICIPAL OSWALDO LIMA FILHO,BOA VIAGEM,200,SUBURBIO,ABALROAMENTO TRANSVERSAL,DOIS AUTOS,2,,,,,,,,,0,,Cruzamento,Bom,Sem defeito,Perfeito estado,Seca,Mal conservada,Faixa de pedestre,Não há placas,,Única,Faixa seccionada,Canteiro central,,,,,,,
2019-04-02,07:35:00,SEM VÍTIMA,FINALIZADA,CASA AMARELA,AV PROFESSOR JOSE DOS ANJOS,,,,AV PROFESSOR JOSE DOS ANJOS,,,CASA AMARELA,,SUBURBIO,ABALROAMENTO LONGITUDINAL,DOIS AUTOS,2,,,,,,,,,0,,Cruzamento,Bom,Não existe,Perfeito estado,Seca,Perfeito estado,,Placas Pare,,Dupla,Faixa seccionada,,,,,,,,
2019-04-02,09:06:00,SEM VÍTIMA,FINALIZADA,PRADO,RUA MANOEL DE ARRUDA CAMARA,120,RUA JOAO IVO DA SILVA,,RUA MANOEL DE ARRUDA CAMARA,120,,PRADO,,SUBURBIO,ABALROAMENTO LONGITUDINAL,AUTO E ONIBUS,1,,,,,1,,,,0,,,Bom,Não existe,Perfeito estado,Seca,Perfeito estado,Não existe,,,Única,,,,,,,,,
2019-04-02,10:59:00,COM VÍTIMA,FINALIZADA,DERBY,AV GOVERNADOR AGAMENON MAGALHAES,,RUA HENRIQUE DIAS,EM FRENTE AO SPETTOS,AV GOVERNADOR AGAMENON MAGALHAES,,EM FRENTE AO SPETTOS,DERBY,68,SUBURBIO,ABALROAMENTO LONGITUDINAL,COLISÃO ENTRE AUTOMÓVEL E MOTOCICLETA.,1,1,,,,,,,,1,,Cruzamento,Bom,Sem defeito,Incompleta,Seca,Perfeito estado,Faixa de pedestre,R-19,60 km/h,Dupla,Canal,,,,,,,,
2019-04-02,11:24:00,SEM VÍTIMA,FINALIZADA,DERBY,RUA JENER DE SOUZA,,PRC DO DERBY,,RUA JENER DE SOUZA,,,DERBY,,SUBURBIO,COLISÃO TRASEIRA,COLISÃO SEM VITIMAS,2,,,,,,,,,0,,,Bom,Não existe,Não existente,Seca,Perfeito estado,Não existe,Não há placas,40 km/h,Dupla,Canteiro central,,,,,,,,
2019-04-02,11:52:00,SEM VÍTIMA,FINALIZADA,BOA VIAGEM,RUA PROFESSOR AUGUSTO LINS E SILVA,125,,EM FRENTE AO ESPAÇO INFANTIL ADOLETA,RUA PROFESSOR AUGUSTO LINS E SILVA,125,EM FRENTE AO ESPAÇO INFANTIL ADOLETA,BOA VIAGEM,,,COLISÃO,CAMINHÃO E AUTO,1,,,,,,1,,,0,,,,,,,,,,,,,,,,,,,,
2019-04-02,11:41:00,SEM VÍTIMA,FINALIZADA,SANTO ANTÔNIO,AV MARTINS DE BARROS,,,EM FRENTE AO BANCO SANTANDER,AV MARTINS DE BARROS,,EM FRENTE AO BANCO SANTANDER,SANTO ANTÔNIO,,SUBURBIO,ABALROAMENTO LONGITUDINAL,DOIS AUTOS,2,,,,,,,,,0,,Longo da via,Bom,Não existe,Perfeito estado,Seca,Perfeito estado,Não existe,,,Única,Faixa seccionada,,,,,,,,
2019-04-02,12:28:00,SEM VÍTIMA,CANCELADA,CASA AMARELA,AV PEDRO ALLAIN,80,,EM FRENTE A GALERIA CAIRUTAS,AV PEDRO ALLAIN,80,EM FRENTE A GALERIA CAIRUTAS,CASA AMARELA,,,COLISÃO,COLISÃO SEM VÍTIMA,2,,,,,,,,,0,,,,,,,,,,,,,,,,,,,,
2019-04-02,12:35:00,COM VÍTIMA,CANCELADA,BOA VIAGEM,AV BOA VIAGEM,,,NO SEMAFORO 001 E/F AO PARQUE DONA LINDÚ,AV BOA VIAGEM,,NO SEMAFORO 001 E/F AO PARQUE DONA LINDÚ,BOA VIAGEM,,,ATROPELAMENTO,ATROPELAMENTO VEICULO E PEDESTRE,1,,,,1,,,,,1,,,,,,,,,,,,,,,,,,,,
2019-04-02,12:36:00,SEM VÍTIMA,FINALIZADA,SAN MARTIN,AV ENGENHEIRO ABDIAS DE CARVALHO,899,,EM FRENTE A FUNASE,AV ENGENHEIRO ABDIAS DE CARVALHO,899,EM FRENTE A FUNASE,SAN MARTIN,,CIDADE,COLISÃO TRASEIRA,COLISÃO SEM VÍTIMA,1,,,,,,1,,,0,,Longo da via,Bom,Não existe,Perfeito estado,Seca,Perfeito estado,Faixa de pedestre,Outras,60 km/h,Única,Faixa contínua,Canteiro central,,,,,,,
2019-04-02,12:45:00,SEM VÍTIMA,FINALIZADA,AREIAS,AV RECIFE,832,,EM FRENTE A FARMACIA PAGUE MENOS,AV RECIFE,832,EM FRENTE A FARMACIA PAGUE MENOS,AREIAS,,SUBURBIO,COLISÃO,COLISÃO SEM VITIMAS,2,,,,,,,,,0,,,,,,,,,,,,,,,,,,,,
2019-04-02,12:51:00,SEM VÍTIMA,FINALIZADA,GRAÇAS,AV CONS ROSA E SILVA,,RUA RICARDO HARDMAN,E/F AO CAFÉ CAFÉ,AV CONS ROSA E SILVA,,E/F AO CAFÉ CAFÉ,GRAÇAS,522,SUBURBIO,ABALROAMENTO LONGITUDINAL,COLISAO ENTRE DOIS AUTOS S/V,1,1,,,,,,,,0,,Longo da via,Bom,Sem defeito,Perfeito estado,Seca,Perfeito estado,Faixa de pedestre,R-6a,,Dupla,Faixa contínua,,,,,,,,
2019-04-02,12:54:00,SEM VÍTIMA,FINALIZADA,SANTO AMARO,RUA DOS PALMARES,,RUA MAJOR CODECEIRA,,RUA DOS PALMARES,,,SANTO AMARO,,CIDADE,ABALROAMENTO TRANSVERSAL,COLISÃO SEM VITIMAS,1,1,,,,,,,,0,,Cruzamento,Bom,Não existe,Perfeito estado,Seca,Perfeito estado,Não existe,R-6a,30 km/h,Única,Não existe,,,,,,,,
2019-04-02,13:25:00,COM VÍTIMA,FINALIZADA,SANTO ANTÔNIO,AV DANTAS BARRETO,321,AV GUARARAPES,PRAÇA DO DIARIO. EM FRENTE A SUBWAY.,AV DANTAS BARRETO,321,PRAÇA DO DIARIO. EM FRENTE A SUBWAY.,SANTO ANTÔNIO,15,SUBURBIO,ATROPELAMENTO,ATROPELAMENTO ENTRE ÔNIBUS E PEDESTRE.,,,,,1,1,,,,1,,Longo da via,Bom,Não existe,Perfeito estado,Seca,Perfeito estado,Faixa de pedestre,R-6a,,Dupla,Canteiro central,,,,,,,,
2019-04-02,13:55:00,SEM VÍTIMA,FINALIZADA,BOA VIAGEM,AV CONSELHEIRO AGUIAR,2205,,BANCO BRADESCO,AV CONSELHEIRO AGUIAR,2205,BANCO BRADESCO,BOA VIAGEM,,CIDADE,ABALROAMENTO LONGITUDINAL,COLISÃO SEM VÍTIMA,2,,,,,,,,,0,,Longo da via,Bom,Não existe,Perfeito estado,Seca,Perfeito estado,Não existe,Outras,60 km/h,Única,Faixa contínua,,,,,,,,
2019-04-02,14:05:00,SEM VÍTIMA,FINALIZADA,BOA VISTA,RUA HENRIQUE DIAS,895A,,E/F AO EXTRA SUPERMERCADO,RUA HENRIQUE DIAS,895A,E/F AO EXTRA SUPERMERCADO,BOA VISTA,,CIDADE,ABALROAMENTO TRANSVERSAL,COLISAO ENTRE CAMINHAO E AUTO S/V,1,,,,,,1,,,0,,Longo da via,Bom,Não existe,Perfeito estado,Seca,Perfeito estado,Não existe,Não há placas,,Única,Não existe,,,,,,,,
2019-04-02,14:44:00,SEM VÍTIMA,FINALIZADA,MADALENA,RUA BENFICA,,,EM FRENTE AO POSTO BR,RUA BENFICA,,EM FRENTE AO POSTO BR,MADALENA,629,SUBURBIO,COLISÃO TRASEIRA,COLISÃO SEM VÍTIMA,2,,,,,,,,,0,,Longo da via,Bom,Sem defeito,Perfeito estado,Seca,Perfeito estado,Faixa de pedestre,Outras,,Única,Faixa seccionada,,,,,,,,
2019-04-02,15:13:00,SEM VÍTIMA,FINALIZADA,IMBIRIBEIRA,AV GENERAL MAC ARTHUR,,RUA JORGE DE LIMA,SEMÁFORO 402,AV GENERAL MAC ARTHUR,,SEMÁFORO 402,IMBIRIBEIRA,402,SUBURBIO,ABALROAMENTO TRANSVERSAL,COLISAO ENTRE DOIS AUTOS S/V,2,,,,,,,,,0,,Cruzamento,Bom,Sem defeito,Perfeito estado,Seca,Perfeito estado,Não existe,Não há placas,,Única,Faixa seccionada,,,,,,,,
2019-04-02,15:14:00,SEM VÍTIMA,FINALIZADA,VASCO DA GAMA,RUA VASCO DA GAMA,,AV NORTE,,RUA VASCO DA GAMA,,,VASCO DA GAMA,66,SUBURBIO,ABALROAMENTO LONGITUDINAL,COLISÃO SEM VÍTIMA,1,,,,,1,,,,0,,Cruzamento,Bom,Sem defeito,Perfeito estado,Seca,Perfeito estado,Faixa de pedestre,Outras,60 km/h,Única,Faixa contínua,,,,,,,,
2019-04-02,16:19:00,SEM VÍTIMA,FINALIZADA,ROSARINHO,AV NORTE,3435,,EM FRENTE AO Nº 3435,AV NORTE,3435,EM FRENTE AO Nº 3435,ROSARINHO,,CIDADE,ABALROAMENTO LONGITUDINAL,COLISIÃO DE DOIS AUTO SEM VITIMAS,2,,,,,,,,,0,,Longo da via,Bom,Sem defeito,Perfeito estado,Seca,,Não existe,Não há placas,,Dupla,Canteiro central,,,,,,,,
2019-04-02,16:23:00,SEM VÍTIMA,FINALIZADA,ILHA DO RETIRO,AV ENGENHEIRO ABDIAS DE CARVALHO,,,EM FRENTE AO SPORT,AV ENGENHEIRO ABDIAS DE CARVALHO,,EM FRENTE AO SPORT,ILHA DO RETIRO,355,CIDADE,COLISÃO TRASEIRA,COLISÃO SEM VITIMAS,3,,,,,,,,,0,,Longo da via,Bom,Sem defeito,Perfeito estado,Seca,Perfeito estado,Faixa de pedestre,Outras,60 km/h,Única,Faixa contínua,Canteiro central,,,,,,,
2019-04-02,16:46:00,SEM VÍTIMA,FINALIZADA,CASA AMARELA,AV NORTE,6139,,EM FRENTE AO Nº 6139,AV NORTE,6139,EM FRENTE AO Nº 6139,CASA AMARELA,,CIDADE,COLISÃO TRASEIRA,COLISÃO SEM VITIMAS,2,,,,,,,,,0,,Longo da via,Bom,Não existe,Perfeito estado,Seca,Perfeito estado,Faixa de pedestre,R-6a,,Dupla,Canteiro central,,,,,,,,
2019-04-02,17:13:00,COM VÍTIMA,FINALIZADA,CAXANGÁ,RUA ENGENHO POETA,,AV CAXANGA,AO LADO DA MULT AVE SAUDE AMBIENTAL. PRÓXIMO AO CAXANGÁ COUNTRY GOLF CLUB.,RUA ENGENHO POETA,,AO LADO DA MULT AVE SAUDE AMBIENTAL. PRÓXIMO AO CAXANGÁ COUNTRY GOLF CLUB.,CAXANGÁ,,SUBURBIO,ABALROAMENTO LONGITUDINAL,COLISÃO ENTRE DUAS MOTOCICLETAS.,,2,,,,,,,,1,,Longo da via,Bom,Não existe,Perfeito estado,Seca,Perfeito estado,Não existe,Não há placas,,Dupla,Canteiro central,,,,,,,,
2019-04-02,17:17:00,COM VÍTIMA,FINALIZADA,CABANGA,VIADUTO CAPITAO TEMUDO,,,SOBRE O VIADUTO,VIADUTO CAPITAO TEMUDO,,SOBRE O VIADUTO,CABANGA,,,COLISÃO TRASEIRA,DOIS AUTOS PASSEIO,2,,,,,,,,,2,,Viaduto,Bom,Não existe,Perfeito estado,Seca,Perfeito estado,Não existe,Não há placas,40 km/h,Única,Faixa seccionada,,,,,,,,
2019-04-02,18:10:00,COM VÍTIMA,FINALIZADA,SANTO ANTÔNIO,AV GUARARAPES,,RUA DO SOL,EM FRENTE AOS CORREIOS,AV GUARARAPES,,EM FRENTE AOS CORREIOS,SANTO ANTÔNIO,14,CIDADE,ABALROAMENTO TRANSVERSAL,COLISÃO ENTRE AUTOMÓVEL E MOTOCICLETA.,1,1,,,,,,,,1,,Longo da via,Bom,Sem defeito,Perfeito estado,Seca,Perfeito estado,Não existe,Não há placas,,Dupla,Não existe,,,,,,,,
2019-04-02,18:20:00,SEM VÍTIMA,FINALIZADA,BOA VIAGEM,AV ENGENHEIRO DOMINGOS FERREIRA,,,EM FRENTE AO BRADESCO,AV ENGENHEIRO DOMINGOS FERREIRA,,EM FRENTE AO BRADESCO,BOA VIAGEM,,SUBURBIO,ABALROAMENTO LONGITUDINAL,ONIBUS E AUTO SEM VITIMAS,1,,,,,1,,,,0,,Longo da via,Bom,Não existe,Perfeito estado,Seca,Perfeito estado,,Não há placas,60 km/h,Única,Faixa contínua,,,,,,,,
2019-04-02,18:26:00,SEM VÍTIMA,FINALIZADA,TORRE,RUA JOSE BONIFACIO,636,,ENF AO CARLITOS BURGUER,RUA JOSE BONIFACIO,636,ENF AO CARLITOS BURGUER,TORRE,,SUBURBIO,COLISÃO TRASEIRA,HB 20 X SIENA,2,,,,,,,,,0,,Longo da via,Bom,Sem defeito,Perfeito estado,Seca,Perfeito estado,Faixa de pedestre,R-6a,40 km/h,Única,Faixa seccionada,,,,,,,,
2019-04-02,18:38:00,SEM VÍTIMA,CANCELADA,CAMPINA DO BARRETO,RUA TENENTE WANDERLEY,669,,NO TERMINAL DA CAMPINA DO BARRETO,RUA TENENTE WANDERLEY,669,NO TERMINAL DA CAMPINA DO BARRETO,CAMPINA DO BARRETO,,,COLISÃO,ONIBUS E AUTO SEM VITIMAS,1,,,,,1,,,,0,,,,,,,,,,,,,,,,,,,,