data,hora,natureza_acidente,situacao,bairro,endereco,numero,detalhe_endereco_acidente,complemento,endereco_cruzamento,numero_cruzamento,referencia_cruzamento,bairro_cruzamento,num_semaforo,sentido_via,tipo,descricao,auto,moto,ciclom,ciclista,pedestre,onibus,caminhao,viatura,outros,vitimas,vitimasfatais,acidente_verificado,tempo_clima,situacao_semaforo,sinalizacao,condicao_via,conservacao_via,ponto_controle,situacao_placa,velocidade_max_via,mao_direcao,divisao_via1,divisao_via2,divisao_via3,,,,,,
2019-04-04,13:57:00,SEM VÍTIMA,CANCELADA,AREIAS,AV DR JOSE RUFINO,15,,NA ENTRADA DA VILA CARDEAL E SILVA E/F AO POSTO BR,AV DR JOSE RUFINO,15,NA ENTRADA DA VILA CARDEAL E SILVA E/F AO POSTO BR,AREIAS,,,COLISÃO,COLISAO ENTRE AUTO E CAMINHAO,1,,,,,,1,,,0,,,,,,,,,,,,,,,,,,,,
2019-04-04,14:20:00,SEM VÍTIMA,FINALIZADA,BOA VIAGEM,AV ENGENHEIRO DOMINGOS FERREIRA,,,AO LADO DA EXTRAFARMA,AV ENGENHEIRO DOMINGOS FERREIRA,,AO LADO DA EXTRAFARMA,BOA VIAGEM,,CIDADE,ABALROAMENTO LONGITUDINAL,COLISAO ENTRE CAMINHAO E AUTO S/V,1,,,,,,1,,,0,,Longo da via,Bom,Sem defeito,Perfeito estado,Seca,Perfeito estado,,Não há placas,,Dupla,Não existe,,,,,,,,
2019-04-04,14:20:00,SEM VÍTIMA,DUPLICIDADE,BOA VIAGEM,RUA ERNESTO DE PAULA SANTOS,,AV ENGENHEIRO DOMINGOS FERREIRA,RESTAURANTE DOM FERREIRO,RUA ERNESTO DE PAULA SANTOS,,RESTAURANTE DOM FERREIRO,BOA VIAGEM,,,COLISÃO,COLISÃO SEM VITIMAS,1,,,,,,1,,,0,,,,,,,,,,,,,,,,,,,,
2019-04-04,14:41:00,SEM VÍTIMA,FINALIZADA,BOA VISTA,RUA DR JOSE MARIANO,,,EM FRENTE AO Nº 228,RUA DR JOSE MARIANO,,EM FRENTE AO Nº 228,BOA VISTA,,CIDADE,COLISÃO TRASEIRA,COLISAO ENTRE REBOQUE E AUTO S/V,2,,,,,,1,,,0,,Longo da via,Bom,Sem defeito,Perfeito estado,Seca,Perfeito estado,Não existe,,,Única,Faixa seccionada,,,,,,,,
2019-04-04,14:50:00,SEM VÍTIMA,FINALIZADA,AFOGADOS,RUA VISCONDE DE PELOTAS,17,,,RUA VISCONDE DE PELOTAS,17,,AFOGADOS,,,COLISÃO TRASEIRA,COLISAO SEM VITIMAS,2,,,,,1,,,,0,,Longo da via,Bom,,Perfeito estado,Seca,Perfeito estado,Não existe,Não há placas,,Única,Faixa seccionada,,,,,,,,
2019-04-04,15:27:00,SEM VÍTIMA,FINALIZADA,JOANA BEZERRA,AV ADVOGADO JOSE PAULO CAVALCANTI,,,E/F AO FORUM JOANA BEZERRA,AV ADVOGADO JOSE PAULO CAVALCANTI,,E/F AO FORUM JOANA BEZERRA,JOANA BEZERRA,,CIDADE,ABALROAMENTO LONGITUDINAL,COLISAO ENTRE ONIBUS E AUTO S/V,1,,,,,1,,,,0,,Longo da via,Bom,Não existe,Perfeito estado,Seca,Perfeito estado,Faixa de pedestre,Placas Pare,,Única,Canteiro central,,,,,,,,
2019-04-04,15:46:00,SEM VÍTIMA,FINALIZADA,CASA AMARELA,RUA BELA VISTA,5121,,ESPAÇO CONFORTO,RUA BELA VISTA,5121,ESPAÇO CONFORTO,CASA AMARELA,,SUBURBIO,ABALROAMENTO LONGITUDINAL,COLISAO SEM VITIMAS,1,,,,,1,,,,0,,Longo da via,Bom,Não existe,Incompleta,Seca,Perfeito estado,Não existe,Outras,40 km/h,Dupla,Não existe,,,,,,,,
2019-04-04,15:58:00,SEM VÍTIMA,FINALIZADA,MADALENA,AV VISCONDE DE ALBUQUERQUE,,,EM FRENTE AO HOSPITAL D AVILA,AV VISCONDE DE ALBUQUERQUE,,EM FRENTE AO HOSPITAL D AVILA,MADALENA,,SUBURBIO,ABALROAMENTO TRANSVERSAL,COLISÃO SEM VITIMAS,1,,,,,1,,,,0,,Longo da via,Bom,Não existe,Perfeito estado,Seca,Perfeito estado,Não existe,Não há placas,,Única,Faixa contínua,,,,,,,,
2019-04-04,16:54:00,SEM VÍTIMA,FINALIZADA,IPSEP,RUA PAMPULHA,,RUA ITAJAI,PANIFICADORA VALE DO RIO DOCE,RUA PAMPULHA,,PANIFICADORA VALE DO RIO DOCE,IPSEP,,SUBURBIO,ABALROAMENTO TRANSVERSAL,COLISAO SEM VITIMAS,2,,,,,,,,,0,,Cruzamento,Bom,Não existe,Perfeito estado,Seca,Perfeito estado,,Placas Pare,,Única,Faixa seccionada,,,,,,,,
2019-04-04,16:58:00,SEM VÍTIMA,CANCELADA,BOA VIAGEM,AV ENGENHEIRO DOMINGOS FERREIRA,,,EM FRENTE A ESCOLA MUNICIPAL OSWALDO LIMA FILHO/ PISTA DIRETA,AV ENGENHEIRO DOMINGOS FERREIRA,,EM FRENTE A ESCOLA MUNICIPAL OSWALDO LIMA FILHO/ PISTA DIRETA,BOA VIAGEM,,,COLISÃO,COLISÃO SEM VÍTIMA,1,,,,,1,,,,0,,,,,,,,,,,,,,,,,,,,
2019-04-04,17:31:00,SEM VÍTIMA,FINALIZADA,IMBIRIBEIRA,RUA PAMPULHA,,RUA IZABEL DE SOUZA,ATRAS DA EUROVIA SEMINIVOS,RUA PAMPULHA,,ATRAS DA EUROVIA SEMINIVOS,IMBIRIBEIRA,450,SUBURBIO,COLISÃO,COLISAO SEM VITIMAS,1,,,,,,1,,,0,,,,,,,,,,,,,,,,,,,,
2019-04-04,19:08:00,COM VÍTIMA,FINALIZADA,VÁRZEA,RUA ACADEMICO HELIO RAMOS,,RUA JOAO FRANCISCO LISBOA,PROX AO TERMINAL DE ONIBUS CDU CAXANGA,RUA ACADEMICO HELIO RAMOS,,PROX AO TERMINAL DE ONIBUS CDU CAXANGA,VÁRZEA,,SUBURBIO,ABALROAMENTO TRANSVERSAL,MOTO X JETTA,1,1,,,,,,,,1,,Longo da via,Bom,Não existe,Incompleta,Seca,,Não existe,Placas Dê a preferência,,Dupla,Faixa seccionada,,,,,,,,
2019-04-04,19:22:00,SEM VÍTIMA,CANCELADA,JORDÃO,RUA JOSE MARTORANO,87,,PROX AO POSTO DE SAUDE DO JORDAO BAIXO,RUA JOSE MARTORANO,87,PROX AO POSTO DE SAUDE DO JORDAO BAIXO,JORDÃO,,,COLISÃO,MOTO X DOIS AUTO,2,1,,,,,,,,0,,,,,,,,,,,,,,,,,,,,
2019-04-04,19:27:00,SEM VÍTIMA,CANCELADA,CAXANGÁ,AV CAXANGA,,RUA PROFESSOR ANTONIO COELHO,AO LADO DA CHEVROLET, SNT CID / PRÓX AO POSTO DISLUB,AV CAXANGA,,AO LADO DA CHEVROLET, SNT CID / PRÓX AO POSTO DISLUB,CAXANGÁ,,,COLISÃO,,2,,,,,,,,,0,,,,,,,,,,,,,,,,,,
2019-04-04,19:41:00,COM VÍTIMA,FINALIZADA,ÁGUA FRIA,AV BEBERIBE,,,PROX A FEIRA NOVA DE AGUA FRIA E MAGAZINE LUIZA,AV BEBERIBE,,PROX A FEIRA NOVA DE AGUA FRIA E MAGAZINE LUIZA,ÁGUA FRIA,405,CIDADE,COLISÃO COM CICLISTA,AUTO E CICLISTA,1,,,1,,,,,,1,,Cruzamento,Bom,Sem defeito,Perfeito estado,Seca,Perfeito estado,Faixa de pedestre,Não há placas,,Dupla,Faixa contínua,,,,,,,,
2019-04-04,19:45:00,SEM VÍTIMA,FINALIZADA,VÁRZEA,RUA ABATIA,182,,ACADEMIA PLATAFORMA,RUA ABATIA,182,ACADEMIA PLATAFORMA,VÁRZEA,,SUBURBIO,COLISÃO TRASEIRA,ENTRE 2 AUTOS. S/V,2,,,,,,,,,0,,Longo da via,Bom,Não existe,Perfeito estado,Seca,Perfeito estado,Não existe,Não há placas,,Dupla,Não existe,,,,,,,,
2019-04-05,05:32:00,SEM VÍTIMA,FINALIZADA,AREIAS,RUA DR GIL RODRIGUES DOS SANTOS,,,PRÓX AO TERMINAL DE ÔNIBUS VILA TAMANDARÉ,RUA DR GIL RODRIGUES DOS SANTOS,,PRÓX AO TERMINAL DE ÔNIBUS VILA TAMANDARÉ,AREIAS,,SUBURBIO,CHOQUE VEÍCULO PARADO,CONDUTOR PERDEU O CONTROLE DO VEÍCULO E CHOCOU-SE CONTRA UM VEÍCULO ESTACIONADO,2,,,,,,,,,0,,Longo da via,Bom,Não existe,Perfeito estado,Seca,Perfeito estado,Não existe,Outras,,,Faixa seccionada,,,,,,,,
2019-04-05,07:33:00,SEM VÍTIMA,FINALIZADA,IBURA,AV DOIS RIOS,96,,EM FRENTE A AUTO ESCOLA PILOTO,AV DOIS RIOS,96,EM FRENTE A AUTO ESCOLA PILOTO,IBURA,,CIDADE,ABALROAMENTO TRANSVERSAL,MOTO E AUTO,1,1,,,,,,,,0,,Longo da via,Bom,Sem defeito,Perfeito estado,Seca,Perfeito estado,Não existe,Não há placas,,Dupla,Faixa contínua,,,,,,,,
2019-04-05,07:43:00,SEM VÍTIMA,FINALIZADA,SANTO AMARO,AV GOVERNADOR AGAMENON MAGALHAES,2615,,EM FRENTE AO EMPRESARIAL BURLE MARX,AV GOVERNADOR AGAMENON MAGALHAES,2615,EM FRENTE AO EMPRESARIAL BURLE MARX,SANTO AMARO,,CIDADE,ABALROAMENTO LONGITUDINAL,UM AUTO E UM ONIBUS,1,,,,,1,,,,0,,Longo da via,Bom,Não existe,,Seca,Perfeito estado,Não existe,Não há placas,,Dupla,Faixa contínua,Canteiro central,,,,,,,
2019-04-05,07:47:00,SEM VÍTIMA,FINALIZADA,CAXANGÁ,AV CAXANGA,,,LADO OPOSTO AO CAXANGÁ GOL CLUBE,AV CAXANGA,,LADO OPOSTO AO CAXANGÁ GOL CLUBE,CAXANGÁ,,CIDADE,ABALROAMENTO LONGITUDINAL,DOIS AUTOS,2,,,,,,,,,0,,Longo da via,Bom,Não existe,Perfeito estado,Seca,Perfeito estado,Não existe,Não há placas,60 km/h,Dupla,Canteiro central,,,,,,,,
2019-04-05,08:10:00,SEM VÍTIMA,FINALIZADA,CORDEIRO,EST DO FORTE DO ARRAIAL N. DO B. JESUS,,RUA ADELINO FRUTUOSO,,EST DO FORTE DO ARRAIAL N. DO B. JESUS,,,CORDEIRO,,SUBURBIO,COLISÃO COM CICLISTA,MOTO E CICLISTA,,1,,1,,,,,,0,,Cruzamento,Bom,Não existe,Perfeito estado,Seca,Perfeito estado,,,,Dupla,Faixa seccionada,,,,,,,,
2019-04-05,08:23:00,SEM VÍTIMA,FINALIZADA,BOA VIAGEM,AV CONSELHEIRO AGUIAR,4368,,EDF NORMANDIE,AV CONSELHEIRO AGUIAR,4368,EDF NORMANDIE,BOA VIAGEM,,SUBURBIO,ABALROAMENTO LONGITUDINAL,ONIBUS E AUTO,1,,,,,1,,,,0,,Longo da via,Bom,Não existe,Perfeito estado,Seca,Perfeito estado,Não existe,R-6a,,Única,Faixa contínua,Faixa seccionada,,,,,,,
2019-04-05,08:39:00,SEM VÍTIMA,FINALIZADA,IMBIRIBEIRA,AV MARECHAL MASCARENHAS DE MORAES,1310,,COLÉGIO SANTA BARBARA,AV MARECHAL MASCARENHAS DE MORAES,1310,COLÉGIO SANTA BARBARA,IMBIRIBEIRA,,SUBURBIO,COLISÃO TRASEIRA,DOIS AUTOS,3,,,,,,,,,0,,Longo da via,Bom,Sem defeito,Perfeito estado,Seca,Mal conservada,,R-6a,60 km/h,Dupla,Canteiro central,,,,,,,,
2019-04-05,08:59:00,SEM VÍTIMA,CANCELADA,ESTÂNCIA,AV RECIFE,5516,,EM FRENTE A IMPERIAL EQUIPAMENTOS,AV RECIFE,5516,EM FRENTE A IMPERIAL EQUIPAMENTOS,ESTÂNCIA,,BR 101,COLISÃO,UM CAMINHAO E AUTO,1,,,,,1,,,,0,,,,,,,,,,,,,,,,,,,,
2019-04-05,09:21:00,SEM VÍTIMA,FINALIZADA,IMBIRIBEIRA,RUA JOAQUIM BANDEIRA,268,AV SUL,MICHELLY PEDROSA ADVOGADOS ASSOCIADOS,RUA JOAQUIM BANDEIRA,268,MICHELLY PEDROSA ADVOGADOS ASSOCIADOS,IMBIRIBEIRA,,CIDADE,ABALROAMENTO LONGITUDINAL,DOIS AUTOS BATEDORES NO LOCAL,2,,,,,,,,,0,,Cruzamento,Bom,Não existe,Incompleta,Seca,Mal conservada,Não existe,Não há placas,,Única,Faixa seccionada,,,,,,,,
2019-04-05,09:22:00,COM VÍTIMA,FINALIZADA,BOA VIAGEM,RUA CORONEL BENEDITO CHAVES,801,RUA DOS NAVEGANTES,POR TRAS DO CASTELINHO,RUA CORONEL BENEDITO CHAVES,801,POR TRAS DO CASTELINHO,BOA VIAGEM,,SUBURBIO,ABALROAMENTO TRANSVERSAL,MOTO E AUTO,1,1,,,,,,,,1,,Cruzamento,Bom,Não existe,Perfeito estado,Seca,Perfeito estado,Não existe,Não há placas,40 km/h,Única,Não existe,,,,,,,,
2019-04-05,09:26:00,COM VÍTIMA,FINALIZADA,PINA,AV ANTONIO DE GOES,,,EM FRENTE AO JCPM,AV ANTONIO DE GOES,,EM FRENTE AO JCPM,PINA,226,CIDADE,ABALROAMENTO LONGITUDINAL,COM UMA VITIMA/CTTU NO LOCAL,1,1,,,,,,,,1,,Longo da via,Bom,Sem defeito,Perfeito estado,Seca,Perfeito estado,Agente,Não há placas,60 km/h,Única,Canteiro central,,,,,,,,
2019-04-05,09:44:00,SEM VÍTIMA,FINALIZADA,CASA FORTE,AV DEZESSETE DE AGOSTO,,RUA SAMUEL FARIAS,,AV DEZESSETE DE AGOSTO,,,CASA FORTE,,SUBURBIO,ABALROAMENTO TRANSVERSAL,DOIS AUTOS,2,,,,,,,,,0,,Longo da via,Bom,Não existe,Perfeito estado,Seca,Perfeito estado,Não existe,Outras,40 km/h,Dupla,Faixa contínua,,,,,,,,
2019-04-05,10:35:00,SEM VÍTIMA,FINALIZADA,CORDEIRO,AV GENERAL SAN MARTIN,,,COMPAZ,AV GENERAL SAN MARTIN,,COMPAZ,CORDEIRO,,CIDADE,ABALROAMENTO LONGITUDINAL,DOIS AUTOS,2,,,,,,,,,0,,Longo da via,Bom,Sem defeito,Perfeito estado,Seca,Perfeito estado,,R-6a,,Dupla,,,,,,,,,
2019-04-05,11:20:00,COM VÍTIMA,FINALIZADA,ILHA DO LEITE,AV FREI MATIAS TEVES,210,RUA JORNALISTA TRAJANO CHACON,EM FRENTE AO EMPRESARIAL ALFREDO NOBEL,AV FREI MATIAS TEVES,210,EM FRENTE AO EMPRESARIAL ALFREDO NOBEL,ILHA DO LEITE,,SUBURBIO,ABALROAMENTO TRANSVERSAL,DUAS MOTOS,,2,,,,,,,,1,,Cruzamento,Bom,Não existe,Não existente,Seca,Perfeito estado,Não existe,Placas Pare,30 km/h,Única,Faixa,,,,,,,,
2019-04-05,11:30:00,SEM VÍTIMA,FINALIZADA,BOA VISTA,RUA AURORA,,RUA DO RIACHUELO,SEMÁFORO 579,RUA AURORA,,SEMÁFORO 579,BOA VISTA,579,,ABALROAMENTO TRANSVERSAL,ONIBUS E AUTO,1,,,,,1,,,,0,,Cruzamento,Bom,Sem defeito,Ilegível,Seca,Perfeito estado,Faixa de pedestre,Outras,,Única,,,,,,,,,
2019-04-05,11:35:00,SEM VÍTIMA,FINALIZADA,IMBIRIBEIRA,AV MARECHAL MASCARENHAS DE MORAES,2690,,EM FRENTE AO POSTO SHELL,AV MARECHAL MASCARENHAS DE MORAES,2690,EM FRENTE AO POSTO SHELL,IMBIRIBEIRA,,SUBURBIO,COLISÃO TRASEIRA,DOIS AUTOS,2,,,,,,,,,0,,Longo da via,Bom,Sem defeito,Perfeito estado,Seca,Perfeito estado,Agente,Não há placas,60 km/h,Dupla,Canteiro central,,,,,,,,
2019-04-05,11:38:00,SEM VÍTIMA,FINALIZADA,IPUTINGA,RUA MARECHAL MANOEL LUIS OSORIO,495,RUA PROFESSOR ANTONIO COELHO,,RUA MARECHAL MANOEL LUIS OSORIO,495,,IPUTINGA,,SUBURBIO,ABALROAMENTO LONGITUDINAL,DOIS AUTOS,2,,,,,,,,,0,,Cruzamento,Bom,Não existe,Não existente,Seca,Perfeito estado,Não existe,Não há placas,,Dupla,Não existe,,,,,,,,
2019-04-05,11:47:00,SEM VÍTIMA,FINALIZADA,IPSEP,RUA GONCALVES DE MAGALHAES,522,RUA PRESIDENTE EPITACIO,,RUA GONCALVES DE MAGALHAES,522,,IPSEP,,CIDADE,COLISÃO TRASEIRA,DOIS AUTOS,2,,,,,,,,,0,,,Bom,Não existe,Perfeito estado,Seca,Perfeito estado,,Não há placas,40 km/h,Única,Não existe,,,,,,,,
2019-04-05,12:01:00,SEM VÍTIMA,FINALIZADA,ILHA DO RETIRO,AV ENGENHEIRO ABDIAS DE CARVALHO,,,EM FRENTA A LOJA SEDE DO SPORT,AV ENGENHEIRO ABDIAS DE CARVALHO,,EM FRENTA A LOJA SEDE DO SPORT,ILHA DO RETIRO,,SUBURBIO,COLISÃO,MOTOCICLETA E CARRO,1,1,,,,,,,,0,,,,,,,,,,,,,,,,,,,,
2019-04-05,12:03:00,SEM VÍTIMA,CANCELADA,TAMARINEIRA,EST VELHA DE AGUA FRIA,1018,AV PROFESSOR JOSE DOS ANJOS,PROX AO DNOCS,EST VELHA DE AGUA FRIA,1018,PROX AO DNOCS,TAMARINEIRA,,,COLISÃO,COLISAO ENTRE ONIBUS E AUTO S/V,1,,,,,1,,,,0,,,,,,,,,,,,,,,,,,,,
2019-04-05,12:06:00,SEM VÍTIMA,FINALIZADA,IPUTINGA,EST DO BARBALHO,,RUA MAURICIO DE NASSAU,SOB O SEMÁFORO 246,EST DO BARBALHO,,SOB O SEMÁFORO 246,IPUTINGA,246,SUBURBIO,ABALROAMENTO TRANSVERSAL,COLISAO ENTRE ONIBUS E AUTO,1,,,,,1,,,,0,,Cruzamento,Bom,Sem defeito,Perfeito estado,Seca,Perfeito estado,Faixa de retenção,Não há placas,40 km/h,Dupla,Não existe,,,,,,,,
2019-04-05,12:15:00,SEM VÍTIMA,FINALIZADA,BOA VIAGEM,AV DOM JOAO VI,,,AO LADO DO SHOPPING CENTER RECIFE,AV DOM JOAO VI,,AO LADO DO SHOPPING CENTER RECIFE,BOA VIAGEM,670,CIDADE,ABALROAMENTO LONGITUDINAL,AUTO E CAMINHÃO BAÚ,1,,,,,,1,,,0,,Longo da via,Bom,Sem defeito,Perfeito estado,Seca,Perfeito estado,Não existe,Outras,,Dupla,Faixa seccionada,,,,,,,,
2019-04-05,12:38:00,SEM VÍTIMA,FINALIZADA,IMBIRIBEIRA,AV MARECHAL MASCARENHAS DE MORAES,,RUA ANTONIO EDUARDO AMORIM,EM FRENTE A PIRELLE,AV MARECHAL MASCARENHAS DE MORAES,,EM FRENTE A PIRELLE,IMBIRIBEIRA,161,SUBURBIO,COLISÃO TRASEIRA,DOIS AUTOS,2,,,,,,,,,0,,Longo da via,Bom,Sem defeito,Perfeito estado,Seca,Perfeito estado,Não existe,Outras,60 km/h,Dupla,Canteiro central,,,,,,,,
2019-04-05,12:47:00,SEM VÍTIMA,FINALIZADA,IPUTINGA,RUA PADRE DEHON,215,,,RUA PADRE DEHON,215,,IPUTINGA,,CIDADE,CHOQUE VEÍCULO PARADO,DOIS AUTOS,1,,,,,,1,,,0,,Longo da via,Bom,Não existe,Incompleta,Seca,Perfeito estado,Não existe,Não há placas,,Dupla,Não existe,,,,,,,,
2019-04-05,13:31:00,SEM VÍTIMA,FINALIZADA,PAISSANDU,RUA PAISSANDU,,,EM FRENTE AO COLEGIO GGE,RUA PAISSANDU,,EM FRENTE AO COLEGIO GGE,PAISSANDU,,,ABALROAMENTO LONGITUDINAL,,1,1,,,,,,,,0,,Longo da via,Bom,Não existe,Perfeito estado,Seca,Perfeito estado,,R-6a,,Dupla,Canteiro central,,,,,,,,
2019-04-05,,SEM VÍTIMA,CANCELADA,BOA VIAGEM,RUA RIBEIRO DE BRITO,,,APÓS A FERNANDO SIMÕES BARBOSA,RUA RIBEIRO DE BRITO,,APÓS A FERNANDO SIMÕES BARBOSA,BOA VIAGEM,,,COLISÃO,,2,,,,,,,,,0,,,,,,,,,,,,,,,,,,,,
2019-04-05,13:37:00,SEM VÍTIMA,FINALIZADA,CASA AMARELA,AV DR EURICO CHAVES,,AV NORTE,,AV DR EURICO CHAVES,,,CASA AMARELA,,,ABALROAMENTO TRANSVERSAL,COLISAO DE DOIS AUTOS,2,,,,,,,,,0,,Cruzamento,Bom,Não existe,Perfeito estado,Seca,Perfeito estado,Não existe,Outras,,Dupla,Não existe,,,,,,,,
2019-04-05,14:45:00,SEM VÍTIMA,FINALIZADA,ARRUDA,AV PROFESSOR JOSE DOS ANJOS,,AV BEBERIBE,,AV PROFESSOR JOSE DOS ANJOS,,,ARRUDA,131,,COLISÃO TRASEIRA,COLISÃO SEM VITIMAS,2,,,,,,,,,0,,Cruzamento,Bom,Sem defeito,Perfeito estado,Seca,Perfeito estado,Faixa de pedestre,R-6a,,Dupla,Canteiro central,,,,,,,,
2019-04-05,14:52:00,SEM VÍTIMA,CANCELADA,PARNAMIRIM,RUA TITO ROSAS,,,E/F A BREMEN VOLKWAGEN,RUA TITO ROSAS,,E/F A BREMEN VOLKWAGEN,PARNAMIRIM,,,COLISÃO,COLISAO ENTRE DOIS AUTOS S/V,2,,,,,,,,,0,,,,,,,,,,,,,,,,,,,,
2019-04-05,15:19:00,SEM VÍTIMA,FINALIZADA,AFOGADOS,RUA SAO MIGUEL,,EST DOS REMEDIOS,,RUA SAO MIGUEL,,,AFOGADOS,53,SUBURBIO,ABALROAMENTO LONGITUDINAL,COLISÃO SEM VITIMAS,1,,,,,1,,,,0,,Longo da via,Bom,Sem defeito,Perfeito estado,Seca,Perfeito estado,Faixa de pedestre,R-6a,,Dupla,Faixa seccionada,,,,,,,,
2019-04-05,16:41:00,SEM VÍTIMA,FINALIZADA,IMBIRIBEIRA,AV MARECHAL MASCARENHAS DE MORAES,,,E/F A UPA,AV MARECHAL MASCARENHAS DE MORAES,,E/F A UPA,IMBIRIBEIRA,,,ABALROAMENTO LONGITUDINAL,COLISAO ENTRE DOIS AUTOS S/V,1,,,,,1,,,,0,,Longo da via,Bom,Não existe,,Seca,Perfeito estado,,,60 km/h,Dupla,Faixa contínua,,,,,,,,
2019-04-05,16:52:00,SEM VÍTIMA,FINALIZADA,BOA VIAGEM,RUA PADRE CABRAL,45,RUA ALDEMAR DA COSTA ALMEIDA,,RUA PADRE CABRAL,45,,BOA VIAGEM,,SUBURBIO,ABALROAMENTO LONGITUDINAL,AUTO E MOTO SEM VITIMAS,1,1,,,,,,,,0,,Longo da via,Bom,Não existe,Ilegível,Seca,Perfeito estado,Não existe,R-6a,,Dupla,Não existe,,,,,,,,
2019-04-05,16:53:00,SEM VÍTIMA,FINALIZADA,PRADO,EST DOS REMEDIOS,1918,RUA DR JOAO MARQUES,L.A FITNESS,EST DOS REMEDIOS,1918,L.A FITNESS,PRADO,,,ABALROAMENTO TRANSVERSAL,COLISÃO SEM VITIMAS,2,,,,,,,,,0,,Cruzamento,Bom,Não existe,,Seca,Perfeito estado,Não existe,R-6a,,Única,,,,,,,,,
2019-04-05,18:32:00,SEM VÍTIMA,FINALIZADA,JAQUEIRA,AV DR MALAQUIAS,1600,AV CONS ROSA E SILVA,AO LADO DO Nº 1600,AV DR MALAQUIAS,1600,AO LADO DO Nº 1600,JAQUEIRA,214,CIDADE,ABALROAMENTO LONGITUDINAL,ENTRE 2 AUTOS. S/V,2,,,,,,,,,0,,Longo da via,Bom,Sem defeito,Perfeito estado,Seca,Perfeito estado,Faixa de pedestre,Outras,,Única,Não existe,,,,,,,,
2019-04-05,19:07:00,SEM VÍTIMA,FINALIZADA,DOIS IRMÃOS,RUA MANUEL DE MEDEIROS,,,E/F A COMPESA,RUA MANUEL DE MEDEIROS,,E/F A COMPESA,DOIS IRMÃOS,,SUBURBIO,ABALROAMENTO LONGITUDINAL,ENTRE 2 AUTOS. S/V,2,,,,,,,,,0,,Longo da via,Bom,Não existe,Ilegível,Seca,Perfeito estado,Não existe,Não há placas,30 km/h,Dupla,Não existe,,,,,,,,
2019-04-05,19:35:00,SEM VÍTIMA,FINALIZADA,AFOGADOS,RUA SAO MIGUEL,516,,PRÓX AO CORREIOS,RUA SAO MIGUEL,516,PRÓX AO CORREIOS,AFOGADOS,,SUBURBIO,ABALROAMENTO LONGITUDINAL,TAXI X ONIBUS DA EMPRESA 1002,1,,,,,1,,,,0,,Longo da via,Bom,Sem defeito,Perfeito estado,Seca,Perfeito estado,Não existe,Não há placas,,Única,Faixa contínua,,,,,,,,
2019-04-05,19:57:00,SEM VÍTIMA,FINALIZADA,BOA VISTA,AV GOVERNADOR CARLOS DE LIMA CAVALCANTI,,,ENF A FACULDADE DOS GUARARAPES,AV GOVERNADOR CARLOS DE LIMA CAVALCANTI,,ENF A FACULDADE DOS GUARARAPES,BOA VISTA,,CIDADE,ABALROAMENTO LONGITUDINAL,FIAT UNO X MICRO-ONIBUS DA FACULDADE,1,,,,,1,,,,0,,Longo da via,Bom,Não existe,Perfeito estado,Seca,Perfeito estado,,,40 km/h,Dupla,Canteiro central,,,,,,,,
2019-04-05,20:04:00,COM VÍTIMA,FINALIZADA,ILHA DO RETIRO,RUA TABAIARES,360,RUA JOAO ELISIO RAMOS,E/F AO SEBRAE / PRÓX AO CAMPO DA ILHA DO RETIRO E LUAN PROMOÇÕES E EVENTOS,RUA TABAIARES,360,E/F AO SEBRAE / PRÓX AO CAMPO DA ILHA DO RETIRO E LUAN PROMOÇÕES E EVENTOS,ILHA DO RETIRO,,SUBURBIO,ABALROAMENTO TRANSVERSAL,ENTRE AUTO E MOTO. C/V,1,1,,,,,,,,1,,Cruzamento,Bom,Não existe,Não existente,Seca,Mal iluminada,Não existe,Não há placas,,Dupla,Não existe,,,,,,,,
2019-04-05,20:09:00,SEM VÍTIMA,FINALIZADA,BOA VIAGEM,RUA ANTONIO FALCAO,384,,AO LADO DO CARREFOUR,RUA ANTONIO FALCAO,384,AO LADO DO CARREFOUR,BOA VIAGEM,,CIDADE,ABALROAMENTO LONGITUDINAL,FORD K X SIENA,2,,,,,,,,,0,,Longo da via,Bom,Não existe,Perfeito estado,Seca,Perfeito estado,Não existe,Não há placas,40 km/h,Única,Faixa seccionada,,,,,,,,
2019-04-05,20:47:00,SEM VÍTIMA,FINALIZADA,ENCRUZILHADA,RUA DONA ELVIRA,,RUA FREDERICO,PROX AO BARZINHO SR: FRED,RUA DONA ELVIRA,,PROX AO BARZINHO SR: FRED,ENCRUZILHADA,,CID/SUB,ABALROAMENTO TRANSVERSAL,HOND CIVIC X LOGAN,2,,,,,,,,,0,,Cruzamento,Bom,Não existe,Incompleta,Seca,Mal iluminada,,Placas Pare,30 km/h,Dupla,Não existe,,,,,,,,
2019-04-05,22:50:00,SEM VÍTIMA,CANCELADA,CABANGA,AV SATURNINO DE BRITO,385,,ENF A BOATE ESTELITA,AV SATURNINO DE BRITO,385,ENF A BOATE ESTELITA,CABANGA,,,COLISÃO,KADETT X GOL,2,,,,,,,,,0,,,,,,,,,,,,,,,,,,,,
2019-04-05,23:15:00,SEM VÍTIMA,FINALIZADA,JORDÃO,AV MARIA IRENE,1670,,,AV MARIA IRENE,1670,,JORDÃO,,SUBURBIO,ABALROAMENTO TRANSVERSAL,CORSA X AUTO,2,,,,,,,,,0,,Longo da via,Bom,Não existe,Ilegível,Seca,Mal iluminada,Não existe,Não há placas,,Dupla,Não existe,,,,,,,,
2019-04-05,23:21:00,SEM VÍTIMA,FINALIZADA,POÇO DA PANELA,RUA DRA HELENA MOURA LEITE,,,IMÓVEL 7B,RUA DRA HELENA MOURA LEITE,,IMÓVEL 7B,POÇO DA PANELA,,SUBURBIO,CHOQUE VEÍCULO PARADO,ENTRE 2 AUTOS. S/V,2,,,,,,,,,0,,Longo da via,Bom,Não existe,Não existente,Seca,Perfeito estado,,Não há placas,20 km/h,Dupla,Não existe,,,,,,,,