data,hora,natureza_acidente,situacao,bairro,endereco,numero,detalhe_endereco_acidente,complemento,endereco_cruzamento,numero_cruzamento,referencia_cruzamento,bairro_cruzamento,num_semaforo,sentido_via,tipo,descricao,auto,moto,ciclom,ciclista,pedestre,onibus,caminhao,viatura,outros,vitimas,vitimasfatais,acidente_verificado,tempo_clima,situacao_semaforo,sinalizacao,condicao_via,conservacao_via,ponto_controle,situacao_placa,velocidade_max_via,mao_direcao,divisao_via1,divisao_via2,divisao_via3,,,,,,
2019-04-15,05:20:00,SEM VÍTIMA,FINALIZADA,PARNAMIRIM,RUA TITO ROSAS,,,SEMÁFORO 10,RUA TITO ROSAS,,SEMÁFORO 10,PARNAMIRIM,10,CIDADE,ABALROAMENTO LONGITUDINAL,COLISÃO ENTRE DOIS AUTOS S/V,2,,,,,,,,,0,,Longo da via,Bom,Sem defeito,Perfeito estado,Seca,Perfeito estado,Agente,Outras,,Única,,,,,,,,,
2019-04-15,07:02:00,SEM VÍTIMA,FINALIZADA,BOA VIAGEM,RUA PROF AURELIO DE CASTRO CAVALCANTI,615,AV VINTE DE JANEIRO,RH EXTRA BOM,RUA PROF AURELIO DE CASTRO CAVALCANTI,615,RH EXTRA BOM,BOA VIAGEM,,SUBURBIO,ABALROAMENTO LONGITUDINAL,CAMINHÃO E AUTO,1,,,,,,1,,,0,,Cruzamento,Bom,Não existe,Perfeito estado,Seca,Perfeito estado,Não existe,Não há placas,40 km/h,Dupla,Faixa seccionada,,,,,,,,
2019-04-15,07:16:00,SEM VÍTIMA,FINALIZADA,BOA VISTA,RUA JOAO FERNANDES VIEIRA,,AV GOVERNADOR AGAMENON MAGALHAES,AO LADO DA PRAÇA PARQUE AMORIM,RUA JOAO FERNANDES VIEIRA,,AO LADO DA PRAÇA PARQUE AMORIM,BOA VISTA,,,ABALROAMENTO LONGITUDINAL,DOIS AUTOS,2,,,,,,,,,0,,Longo da via,Bom,Não existe,Não existente,Seca,Perfeito estado,,Não há placas,60 km/h,Única,,,,,,,,,
2019-04-15,07:32:00,SEM VÍTIMA,FINALIZADA,CASA FORTE,EST DO ENCANAMENTO,,RUA ENGENHEIRO OSCAR FERREIRA,,EST DO ENCANAMENTO,,,CASA FORTE,,CIDADE,COLISÃO FRONTAL,DOIS AUTOS,2,,,,,,,,,0,,Cruzamento,Bom,Não existe,Perfeito estado,Seca,Perfeito estado,Faixa de retenção,Placas Pare,,Dupla,Não existe,,,,,,,,
2019-04-15,07:33:00,COM VÍTIMA,FINALIZADA,BEBERIBE,AV BEBERIBE,1753,,LADO OPOSTO AO COLÉGIO E HOTELZINHO QI,AV BEBERIBE,1753,LADO OPOSTO AO COLÉGIO E HOTELZINHO QI,BEBERIBE,,CIDADE,ABALROAMENTO LONGITUDINAL,ACIDENTE ENVOLVENDO AUTOMÓVEL E MOTOCICLETA.,1,1,,,,,,,,1,,Longo da via,Bom,Não existe,Perfeito estado,Seca,Perfeito estado,,Outras,,Dupla,Faixa contínua,,,,,,,,
2019-04-15,08:00:00,COM VÍTIMA,FINALIZADA,AFOGADOS,EST DO BONGI,,RUA COSME VIANA,EM FRENTE A IMBIRIBEIRA VEICULOS,EST DO BONGI,,EM FRENTE A IMBIRIBEIRA VEICULOS,AFOGADOS,100,SUBURBIO,ABALROAMENTO LONGITUDINAL,ACIDENTE ENVOLVENDO AUTOMÓVEL E MOTOCICLETA.,1,1,,,,,,,,1,,Cruzamento,Bom,Sem defeito,Perfeito estado,Seca,Perfeito estado,Faixa de pedestre,Outras,,Única,Faixa seccionada,,,,,,,,
2019-04-15,08:08:00,SEM VÍTIMA,FINALIZADA,,RUA QUINZE DE NOVEMBRO,,,DELÍCIAS CASEIRAS RESTAURANTE,RUA QUINZE DE NOVEMBRO,,DELÍCIAS CASEIRAS RESTAURANTE,,,SUBURBIO,ABALROAMENTO LONGITUDINAL,DOIS AUTOS,2,,,,,,,,,0,,Longo da via,Bom,Não existe,Não existente,Seca,Perfeito estado,Não existe,Não há placas,,Dupla,Não existe,,,,,,,,
2019-04-15,09:01:00,SEM VÍTIMA,FINALIZADA,MADALENA,AV CAXANGA,481,,EM FRENTE A CLINICA NUCLÉO SAÚDE,AV CAXANGA,481,EM FRENTE A CLINICA NUCLÉO SAÚDE,MADALENA,,CIDADE,COLISÃO,SEM VITIMAS,1,,,,,1,,,,0,,,,,,,,,,,,,,,,,,,,
2019-04-15,09:09:00,SEM VÍTIMA,FINALIZADA,MADALENA,EST DOS REMEDIOS,2343,,EM FRENTE A PB AUTOMÓVEL,EST DOS REMEDIOS,2343,EM FRENTE A PB AUTOMÓVEL,MADALENA,,SUBURBIO,ABALROAMENTO LONGITUDINAL,,1,,,,,,1,,,0,,Longo da via,Bom,Sem defeito,Perfeito estado,Seca,Perfeito estado,,Outras,,Única,,,,,,,,,
2019-04-15,09:24:00,SEM VÍTIMA,FINALIZADA,TORRÕES,RUA DR MIGUEL VIEIRA FERREIRA,275,RUA CLAUDIO BROTHERHOOD,,RUA DR MIGUEL VIEIRA FERREIRA,275,,TORRÕES,,,ABALROAMENTO TRANSVERSAL,CAMINHÃO E AUTO,1,,,,,,1,,,0,,Cruzamento,Bom,Não existe,Incompleta,Seca,,Não existe,Outras,30 km/h,Dupla,Não existe,,,,,,,,
2019-04-15,10:26:00,SEM VÍTIMA,FINALIZADA,CAMPO GRANDE,RUA JERONIMO VILELA,784,AV PROFESSOR JOSE DOS ANJOS,,RUA JERONIMO VILELA,784,,CAMPO GRANDE,642,SUBURBIO,ABALROAMENTO LONGITUDINAL,CAMINHÃO E AUTO,1,,,,,,1,,,0,,Cruzamento,Bom,Sem defeito,Perfeito estado,Seca,Perfeito estado,Faixa de pedestre,Outras,,Dupla,Canteiro central,,,,,,,,
2019-04-15,10:42:00,SEM VÍTIMA,FINALIZADA,CASA FORTE,AV FLOR DE SANTANA,614,,,AV FLOR DE SANTANA,614,,CASA FORTE,614,CIDADE,ABALROAMENTO TRANSVERSAL,COLISÃO SEM VITIMAS,2,,,,,,,,,0,,Longo da via,Bom,Sem defeito,Perfeito estado,Seca,Perfeito estado,Faixa de pedestre,Outras,,Dupla,Faixa seccionada,,,,,,,,
2019-04-15,10:57:00,SEM VÍTIMA,CANCELADA,GRAÇAS,RUA DAS GRACAS,182,,EM FRENTE AO EDIFICIO PORTAL DAS GRAÇAS,RUA DAS GRACAS,182,EM FRENTE AO EDIFICIO PORTAL DAS GRAÇAS,GRAÇAS,,,COLISÃO,,1,1,,,,,,,,0,,,,,,,,,,,,,,,,,,,,
2019-04-15,10:56:00,SEM VÍTIMA,FINALIZADA,PINA,AV HERCULANO BANDEIRA,,,EM FRENTE A GUERRA MANUTENÇÃO AUTOMOTIVA,AV HERCULANO BANDEIRA,,EM FRENTE A GUERRA MANUTENÇÃO AUTOMOTIVA,PINA,,SUBURBIO,ABALROAMENTO LONGITUDINAL,SEM VITIMAS,2,,,,,,,,,0,,Longo da via,Bom,Não existe,Perfeito estado,Seca,Perfeito estado,Não existe,Não há placas,,Única,Faixa contínua,,,,,,,,
2019-04-15,11:04:00,SEM VÍTIMA,FINALIZADA,CAMPO GRANDE,RUA PRUDENTE DE MORAES,124,RUA MARQUES DE ABRANTES,,RUA PRUDENTE DE MORAES,124,,CAMPO GRANDE,,SUBURBIO,ABALROAMENTO TRANSVERSAL,CAMINHAO E AUTO PASSEIO,1,,,,,,1,,,0,,Cruzamento,Bom,Não existe,Perfeito estado,Seca,Perfeito estado,Não existe,Placas Pare,40 km/h,Dupla,Faixa seccionada,,,,,,,,
2019-04-15,11:38:00,COM VÍTIMA,FINALIZADA,IPSEP,AV RECIFE,,RUA PINTOR ANTONIO ALBUQUERQUE,LADO OPOSTO AO POSTE DE NÚMERO B034053,AV RECIFE,,LADO OPOSTO AO POSTE DE NÚMERO B034053,IPSEP,,SUBURBIO,ATROPELAMENTO,ATROPELAMENTO ENTRE ÔNIBUS E PEDESTRE.,,,,,1,1,,,,1,,Longo da via,Bom,Não existe,Perfeito estado,Seca,Perfeito estado,Não existe,Não há placas,60 km/h,Única,Faixa seccionada,,,,,,,,
2019-04-15,11:29:00,SEM VÍTIMA,FINALIZADA,BOA VIAGEM,RUA FRANCISCO DA CUNHA,410,RUA PROFESSOR JOSE BRANDAO,EDF JOSE NORONHA,RUA FRANCISCO DA CUNHA,410,EDF JOSE NORONHA,BOA VIAGEM,,SUBURBIO,ABALROAMENTO TRANSVERSAL,COLISÃO SEM VITIMAS,1,,,,,,1,,,0,,Cruzamento,Bom,Não existe,Perfeito estado,Seca,Perfeito estado,Faixa de retenção,Placas Pare,,Única,Não existe,,,,,,,,
2019-04-15,12:03:00,SEM VÍTIMA,FINALIZADA,SANTO AMARO,RUA TREZE DE MAIO,,PRC DO CAMPO SANTO,PRAÇA DO CAMPO SANTO,RUA TREZE DE MAIO,,PRAÇA DO CAMPO SANTO,SANTO AMARO,,,ABALROAMENTO TRANSVERSAL,COLISÃO SEM VITIMAS ( CARRO OFICIAL DO CONSELHO TUTELAR),2,,,,,,,,,0,,Cruzamento,Bom,Não existe,Incompleta,Seca,Perfeito estado,Não existe,Placas Pare,,Dupla,Faixa contínua,Faixa seccionada,,,,,,,
2019-04-15,13:13:00,SEM VÍTIMA,FINALIZADA,CASA AMARELA,AV NORTE,,,COLADO COM A MATERNIDADE BARROS LIMA,AV NORTE,,COLADO COM A MATERNIDADE BARROS LIMA,CASA AMARELA,,CIDADE,COLISÃO,COLISÃO SEM VITIMAS,2,,,,,,,,,0,,,,,,,,,,,,,,,,,,,,
2019-04-15,13:19:00,COM VÍTIMA,FINALIZADA,BOA VIAGEM,RUA FELIX DE BRITO E MELO,,RUA GENERAL EDSON AMANCIO RAMALHO,,RUA FELIX DE BRITO E MELO,,,BOA VIAGEM,,,ABALROAMENTO TRANSVERSAL,COLISÃO COM VITIMAS,2,,,,,,,,,1,,Cruzamento,Bom,Sem defeito,Perfeito estado,Seca,Perfeito estado,,R-6a,,Única,Faixa contínua,,,,,,,,
2019-04-15,14:20:00,SEM VÍTIMA,FINALIZADA,SANTO AMARO,AV CRUZ CABUGA,,,HOSPITAL SANTO AMARO SANTA CASA,AV CRUZ CABUGA,,HOSPITAL SANTO AMARO SANTA CASA,SANTO AMARO,344,SUBURBIO,ABALROAMENTO LONGITUDINAL,COLISAO ENTRE DOIS AUTOS S/V,2,,,,,,,,,0,,Longo da via,Bom,Sem defeito,Perfeito estado,Seca,Perfeito estado,Agente,Placas Pare,,Dupla,Faixa contínua,,,,,,,,
2019-04-15,14:39:00,SEM VÍTIMA,CANCELADA,TORRE,RUA CONDE DE IRAJA,176,,EM FRENTE AO SASSEPE,RUA CONDE DE IRAJA,176,EM FRENTE AO SASSEPE,TORRE,,,COLISÃO,COLISÃO SEM VITIMAS,2,,,,,,,,,0,,,,,,,,,,,,,,,,,,,,
2019-04-15,14:41:00,SEM VÍTIMA,FINALIZADA,SANTO AMARO,AV CRUZ CABUGA,,RUA DONA LEONOR PORTO,,AV CRUZ CABUGA,,,SANTO AMARO,344,,ABALROAMENTO TRANSVERSAL,COLISÃO SEM VITIMA,2,,,,,,,,,0,,Esquina,Bom,Sem defeito,Incompleta,Seca,Mal conservada,,Outras,60 km/h,Dupla,Faixa seccionada,,,,,,,,
2019-04-15,14:45:00,SEM VÍTIMA,CANCELADA,COELHOS,RUA PAULINO DE ANDRADE,,,EM FRENTE A UNIMED RECIFE,RUA PAULINO DE ANDRADE,,EM FRENTE A UNIMED RECIFE,COELHOS,,CIDADE,COLISÃO,COLISAO SEM VITIMAS,2,,,,,,,,,0,,,,,,,,,,,,,,,,,,,,
2019-04-15,14:54:00,SEM VÍTIMA,FINALIZADA,MADALENA,RUA BENFICA,305,,,RUA BENFICA,305,,MADALENA,,SUBURBIO,ABALROAMENTO LONGITUDINAL,COLISÃO SEM VÍTIMA,1,,,,,,1,,,0,,Longo da via,Bom,Não existe,Perfeito estado,Seca,Perfeito estado,Não existe,R-6a,30 km/h,Única,Faixa seccionada,,,,,,,,
2019-04-15,14:55:00,COM VÍTIMA,FINALIZADA,CORDEIRO,AV PROFESSOR ESTEVAO FRANCISCO DA COSTA,,RUA 10 DE NOVEMBRO,AO LADO DA PADARIA RAINHA DA TORRE NO SEMAFORO,AV PROFESSOR ESTEVAO FRANCISCO DA COSTA,,AO LADO DA PADARIA RAINHA DA TORRE NO SEMAFORO,CORDEIRO,280,SUBURBIO,ABALROAMENTO TRANSVERSAL,COLISAO ENTRE DOIS AUTOS S/V,2,,,,,,,,,2,,Esquina,Bom,Sem defeito,Incompleta,Seca,Perfeito estado,Não existe,Outras,,Única,Não existe,,,,,,,,
2019-04-15,15:06:00,SEM VÍTIMA,CANCELADA,BOA VIAGEM,RUA RIBEIRO DE BRITO,,,NO SEMAFORO 331 EDF AO EMPRESARIAL 1002,RUA RIBEIRO DE BRITO,,NO SEMAFORO 331 EDF AO EMPRESARIAL 1002,BOA VIAGEM,,,COLISÃO,COLISAO ENTRE ONIBUS E AUTO S/V,1,,,,,1,,,,0,,,,,,,,,,,,,,,,,,,,
2019-04-15,15:25:00,SEM VÍTIMA,CANCELADA,MANGABEIRA,AV NORTE,,,PROX.AO ARMAZEM CORAL, AS PAERTES ESTÃO NO ESTACIONAMENTO DO ARMAZEM E NO SENTIDO CIDADE,AV NORTE,,PROX.AO ARMAZEM CORAL, AS PAERTES ESTÃO NO ESTACIONAMENTO DO ARMAZEM E NO SENTIDO CIDADE,MANGABEIRA,,CIDADE,COLISÃO,COLISÃO SEM VITIMA,3,,,,,,,,,0,,,,,,,,,,,,,,,,,,
2019-04-15,16:20:00,SEM VÍTIMA,FINALIZADA,BOA VISTA,AV MONTEVIDEU,34,,SUPERMERCADO WALMART,AV MONTEVIDEU,34,SUPERMERCADO WALMART,BOA VISTA,,SUBURBIO,ABALROAMENTO LONGITUDINAL,COLISÃO SEM VÍTIMA,2,,,,,,,,,0,,Longo da via,Bom,Não existe,Não existente,Seca,Perfeito estado,Não existe,Não há placas,,Única,Faixa contínua,,,,,,,,
2019-04-15,16:59:00,COM VÍTIMA,FINALIZADA,BARRO,AV DR JOSE RUFINO,2642,,MERCADINHO OTIMO PREÇO. ANTES DO VIADUTO DA BR 101. LADO OPOSTO AO NÚMERO INFORMADO.,AV DR JOSE RUFINO,2642,MERCADINHO OTIMO PREÇO. ANTES DO VIADUTO DA BR 101. LADO OPOSTO AO NÚMERO INFORMADO.,BARRO,,SUBURBIO,COLISÃO FRONTAL,ACIDENTE ENVOLVENDO AUTOMÓVEL E MOTOCICLETA.,1,1,,,,,,,,1,,Longo da via,Bom,Não existe,Não existente,Seca,Perfeito estado,Não existe,Não há placas,,Dupla,Faixa contínua,,,,,,,,
2019-04-15,17:15:00,SEM VÍTIMA,CANCELADA,ILHA DO LEITE,AV GOVERNADOR AGAMENON MAGALHAES,4775,,E/F AO EMPRESARIAL THOMAS EDSON PISTA LOCAL S/T OLINDA,AV GOVERNADOR AGAMENON MAGALHAES,4775,E/F AO EMPRESARIAL THOMAS EDSON PISTA LOCAL S/T OLINDA,ILHA DO LEITE,,,COLISÃO,COLISAO ENTRE AUTO E MOTO S/V,1,1,,,,,,,,0,,,,,,,,,,,,,,,,,,,,
2019-04-15,17:34:00,SEM VÍTIMA,FINALIZADA,BOA VIAGEM,AV CONSELHEIRO AGUIAR,2620,,GOLD MEDIC,AV CONSELHEIRO AGUIAR,2620,GOLD MEDIC,BOA VIAGEM,,,ABALROAMENTO LONGITUDINAL,COLISÃO SEM VITIMA,2,,,,,,,,,0,,Longo da via,Bom,Não existe,Perfeito estado,Seca,Perfeito estado,Não existe,R-6a,60 km/h,Única,Faixa seccionada,,,,,,,,
2019-04-15,18:02:00,COM VÍTIMA,FINALIZADA,SANTO ANTÔNIO,RUA PRINCESA IZABEL,,,EM FRENTE A FACULDADE DE DIREITO.,RUA PRINCESA IZABEL,,EM FRENTE A FACULDADE DE DIREITO.,SANTO ANTÔNIO,,CIDADE,ABALROAMENTO LONGITUDINAL,ACIDENTE ENVOLVENDO DOIS AUTOMÓVEIS E UMA MOTOCICLETA.,2,1,,,,,,,,1,,Longo da via,Bom,Não existe,Perfeito estado,Seca,Perfeito estado,Não existe,Outras,40 km/h,Única,Faixa seccionada,,,,,,,,
2019-04-15,18:09:00,SEM VÍTIMA,FINALIZADA,TORRE,RUA ALBERTO PAIVA,,RUA AMELIA,,RUA ALBERTO PAIVA,,,TORRE,,SUBURBIO,ABALROAMENTO TRANSVERSAL,ENTRE AUTO E CAMINHÃO. S/V,1,,,,,,1,,,0,,Longo da via,Bom,Não existe,Perfeito estado,Seca,Perfeito estado,Não existe,Não há placas,,Única,Não existe,,,,,,,,
2019-04-15,18:18:00,SEM VÍTIMA,FINALIZADA,ILHA DO RETIRO,EST DOS REMEDIOS,1832,,CASA DO HOMEM DO CAMPO,EST DOS REMEDIOS,1832,CASA DO HOMEM DO CAMPO,ILHA DO RETIRO,,SUBURBIO,COLISÃO TRASEIRA,ONIBUS GLOBO X FOX,1,,,,,1,,,,0,,Longo da via,Bom,Não existe,Perfeito estado,Seca,Perfeito estado,Não existe,Outras,,Única,Faixa seccionada,,,,,,,,
2019-04-15,18:34:00,SEM VÍTIMA,FINALIZADA,IMBIRIBEIRA,RUA ITACARI,,RUA ITAJAI,,RUA ITACARI,,,IMBIRIBEIRA,,SUBURBIO,ABALROAMENTO TRANSVERSAL,ONIX X TOYOTA,2,,,,,,,,,0,,Cruzamento,Bom,Não existe,Perfeito estado,Seca,Perfeito estado,Faixa de pedestre,Placas Pare,,Única,Faixa seccionada,,,,,,,,
2019-04-15,18:59:00,SEM VÍTIMA,FINALIZADA,DOIS UNIDOS,RUA PADRE CICERO,28,,,RUA PADRE CICERO,28,,DOIS UNIDOS,,SUBURBIO,COLISÃO TRASEIRA,CAMINHAO DE GAS DESCONTROLADO DESCI A LADEIRA BATENDO EM ONIX E NO MURO DA RESIDENCIA DO N: -,1,,,,,,1,,1,0,,Longo da via,Bom,Não existe,Ilegível,Seca,Mal iluminada,Não existe,Não há placas,,Dupla,Não existe,,,,,,,,
2019-04-15,20:05:00,SEM VÍTIMA,CANCELADA,CORDEIRO,RUA GOMES TABORDA,,,AO LADO DO MURO DO JOCKEY CLUB / PRÓX A MADEIREIRA SÃO JUDAS TADEU,RUA GOMES TABORDA,,AO LADO DO MURO DO JOCKEY CLUB / PRÓX A MADEIREIRA SÃO JUDAS TADEU,CORDEIRO,,,CHOQUE,ENTRE AUTO E ÁRVORE. A MESMA NÃO CHEGOU A CAIR NA VIA,1,,,,,,,,,0,,,,,,,,,,,,,,,,,,,,
2019-04-15,22:08:00,COM VÍTIMA,FINALIZADA,GRAÇAS,RUA ALBERTO PAIVA,192,RUA ANTONIO NOVAIS,PRÓXIMO A PIZZARIA HUT,RUA ALBERTO PAIVA,192,PRÓXIMO A PIZZARIA HUT,GRAÇAS,360,SUBURBIO,ABALROAMENTO LONGITUDINAL,ACIDENTE ENVOLVENDO AUTOMÓVEL E MOTOCICLETA.,1,1,,,,,,,,1,,Cruzamento,Bom,Sem defeito,Perfeito estado,Seca,Perfeito estado,,R-6a,,Única,Faixa seccionada,,,,,,,,
2019-04-15,22:30:00,COM VÍTIMA,CANCELADA,TEJIPIÓ,AV DR JOSE RUFINO,2802,,PRÓX AO COLÉGIO PAULO GUERRA / POR CIMA DO VIADUTO, SNT BR-101,AV DR JOSE RUFINO,2802,PRÓX AO COLÉGIO PAULO GUERRA / POR CIMA DO VIADUTO, SNT BR-101,TEJIPIÓ,,,COLISÃO,ENTRE CAMINHÃO E MOTO. C/V,1,,,,,,1,,,2,,,,,,,,,,,,,,,,,,
2019-04-16,06:31:00,COM VÍTIMA,FINALIZADA,BOA VIAGEM,RUA RIBEIRO DE BRITO,1034,,AO LADO POSTO DE GASOLINA BR,RUA RIBEIRO DE BRITO,1034,AO LADO POSTO DE GASOLINA BR,BOA VIAGEM,,SUBURBIO,COLISÃO TRASEIRA,COLISÃO ENTRE ÔNIBUS E AUTOMÓVEL.,1,,,,,1,,,,1,,Longo da via,Bom,Não existe,Perfeito estado,Seca,Perfeito estado,Não existe,Não há placas,,Única,Faixa seccionada,,,,,,,,
2019-04-16,07:17:00,SEM VÍTIMA,FINALIZADA,IMBIRIBEIRA,AV GENERAL MAC ARTHUR,1595,,EM FRENTE AO POSTO BR,AV GENERAL MAC ARTHUR,1595,EM FRENTE AO POSTO BR,IMBIRIBEIRA,640,SUBURBIO,COLISÃO TRASEIRA,COLISÃO S/ VITIMA DOIS AUTOS,2,,,,,,,,,0,,Longo da via,Bom,Sem defeito,Perfeito estado,Seca,Perfeito estado,Faixa de retenção,Não há placas,60 km/h,Única,Faixa seccionada,,,,,,,,
2019-04-16,07:36:00,SEM VÍTIMA,FINALIZADA,CAXANGÁ,RUA RIBEIRO PESSOA,,AV CAXANGA,,RUA RIBEIRO PESSOA,,,CAXANGÁ,281,SUBURBIO,ABALROAMENTO LONGITUDINAL,COLISÃO SEM VITIMAS,1,,,,,1,,,,0,,Cruzamento,Bom,Sem defeito,Perfeito estado,Seca,Perfeito estado,Faixa de pedestre,R-6a,,Dupla,Não existe,,,,,,,,
2019-04-16,07:39:00,COM VÍTIMA,FINALIZADA,BOA VIAGEM,AV ENGENHEIRO DOMINGOS FERREIRA,3067,,EM FRENTE AO CARREFOUR,AV ENGENHEIRO DOMINGOS FERREIRA,3067,EM FRENTE AO CARREFOUR,BOA VIAGEM,,,ATROPELAMENTO,DOIS AUTOS COLISÃO SEGUIDO DE ATROPELAMENTO,2,,,,,,,,,1,,,,,,,,,,,,,,,,,,,,
2019-04-16,08:21:00,SEM VÍTIMA,FINALIZADA,AFOGADOS,RUA AUGUSTO CALHEIROS,86,,,RUA AUGUSTO CALHEIROS,86,,AFOGADOS,553,SUBURBIO,COLISÃO TRASEIRA,SEM VITIMAS,2,,,,,,,,,0,,Longo da via,Bom,Sem defeito,Perfeito estado,Seca,Perfeito estado,Não existe,Não há placas,,Única,Faixa contínua,,,,,,,,
2019-04-16,08:22:00,SEM VÍTIMA,FINALIZADA,TEJIPIÓ,AV DR JOSE RUFINO,,,EM FRENTE AO POSTO DE GASOLINA IPIRANGA,AV DR JOSE RUFINO,,EM FRENTE AO POSTO DE GASOLINA IPIRANGA,TEJIPIÓ,434,CIDADE,COLISÃO TRASEIRA,COLISÃO SEM VITIMAS,2,,,,,,,,,0,,Longo da via,Bom,Sem defeito,Perfeito estado,Seca,Perfeito estado,Não existe,Outras,,Dupla,Faixa contínua,,,,,,,,
2019-04-16,08:50:00,SEM VÍTIMA,FINALIZADA,BOA VISTA,RUA DO HOSPICIO,,RUA PRINCESA IZABEL,,RUA DO HOSPICIO,,,BOA VISTA,31,CIDADE,ABALROAMENTO LONGITUDINAL,ONIBUS E AUTO,1,,,,,1,,,,0,,Cruzamento,Bom,Sem defeito,Perfeito estado,Seca,Perfeito estado,Faixa de pedestre,R-6a,,Única,Faixa seccionada,,,,,,,,
2019-04-16,08:51:00,SEM VÍTIMA,FINALIZADA,MADALENA,RUA JOAO IVO DA SILVA,,AV ENGENHEIRO ABDIAS DE CARVALHO,,RUA JOAO IVO DA SILVA,,,MADALENA,,,COLISÃO TRASEIRA,SEM VITIMAS,3,,,,,,,,,0,,Cruzamento,Bom,Sem defeito,Perfeito estado,Seca,Perfeito estado,Faixa de pedestre,Não há placas,,Dupla,Canteiro central,,,,,,,,
2019-04-16,08:55:00,SEM VÍTIMA,FINALIZADA,SANTO ANTÔNIO,RUA SIQUEIRA CAMPOS,,RUA IMPERADOR PEDRO SEGUNDO,,RUA SIQUEIRA CAMPOS,,,SANTO ANTÔNIO,206,SUBURBIO,COLISÃO TRASEIRA,DOIS AUTOS,2,,,,,,,,,0,,Cruzamento,Bom,Sem defeito,Perfeito estado,Seca,Perfeito estado,Outros,Outras,40 km/h,Única,Faixa seccionada,,,,,,,,
2019-04-16,09:14:00,SEM VÍTIMA,FINALIZADA,MADALENA,RUA REAL DA TORRE,246,,BATERIA HELIAR,RUA REAL DA TORRE,246,BATERIA HELIAR,MADALENA,237,CIDADE,ABALROAMENTO LONGITUDINAL,COLISÃO COM VITIMA A ESPERA DOS BOMBEIROS,1,1,,,,,,,,0,,Longo da via,Bom,Sem defeito,Perfeito estado,Seca,Perfeito estado,Faixa de pedestre,Outras,,Única,Faixa seccionada,,,,,,,,
2019-04-16,09:44:00,COM VÍTIMA,FINALIZADA,HIPÓDROMO,RUA DONA ELVIRA,215,RUA PROFESSOR MIRANDA CURIO,EM FRENTE AO EDF DIPLOMATA,RUA DONA ELVIRA,215,EM FRENTE AO EDF DIPLOMATA,HIPÓDROMO,,,ABALROAMENTO LONGITUDINAL,COLISÃO ENTRE AUTOMÓVEL E MOTOCICLETA.,1,1,,,,,,,,1,,Longo da via,Bom,Não existe,Não existente,Seca,Outros,Não existe,Outras,,Dupla,Não existe,,,,,,,,
2019-04-16,09:47:00,SEM VÍTIMA,CANCELADA,ENCRUZILHADA,AV NORTE,,AV JOAO DE BARROS,EM FRENTE AO ETEPAM,AV NORTE,,EM FRENTE AO ETEPAM,ENCRUZILHADA,43,,COLISÃO,DOIS AUTOS,2,,,,,,,,,0,,,,,,,,,,,,,,,,,,,,
2019-04-16,09:48:00,SEM VÍTIMA,CANCELADA,SÃO JOSÉ,RUA VIDAL DE NEGREIROS,63,RUA PASSO DA PATRIA,EM FRENTE A LOJA TUDO NOVIDADE E IGREJA DO TERÇO,RUA VIDAL DE NEGREIROS,63,EM FRENTE A LOJA TUDO NOVIDADE E IGREJA DO TERÇO,SÃO JOSÉ,,,COLISÃO,COLISÃO SEM VITIMAS,2,,,,,,,,,0,,,,,,,,,,,,,,,,,,,,
2019-04-16,09:55:00,SEM VÍTIMA,FINALIZADA,SANTO AMARO,AV CRUZ CABUGA,644,,EM FRENTE AO MARTELINHO DE OURO,AV CRUZ CABUGA,644,EM FRENTE AO MARTELINHO DE OURO,SANTO AMARO,627,CIDADE,COLISÃO TRASEIRA,SEM VITIMAS,2,,,,,,,,,0,,Longo da via,Bom,Sem defeito,Perfeito estado,Seca,Perfeito estado,Faixa de pedestre,Outras,,Dupla,Faixa seccionada,,,,,,,,
2019-04-16,09:59:00,SEM VÍTIMA,FINALIZADA,BOA VIAGEM,AV DES JOSE NEVES,,,EM FRENTE A LOJA FERREIRA PINTO,AV DES JOSE NEVES,,EM FRENTE A LOJA FERREIRA PINTO,BOA VIAGEM,567,CIDADE,ABALROAMENTO LONGITUDINAL,COLISÃO SEM VITIMAS,2,,,,,,,,,0,,Longo da via,Bom,Sem defeito,Perfeito estado,Seca,Perfeito estado,Faixa de pedestre,Não há placas,60 km/h,Única,Faixa seccionada,,,,,,,,
2019-04-16,10:28:00,SEM VÍTIMA,FINALIZADA,CAMPO GRANDE,RUA DR MACHADO,509,,ED PAKARARU,RUA DR MACHADO,509,ED PAKARARU,CAMPO GRANDE,565,SUBURBIO,ABALROAMENTO LONGITUDINAL,SEM VITIMAS,VT 32 CTTU NO LOCAL,2,,,,,,,,,0,,Longo da via,Bom,Sem defeito,Incompleta,Seca,Mal conservada,Faixa de pedestre,Não há placas,,Dupla,Não existe,,,,,,,
2019-04-16,10:28:00,SEM VÍTIMA,FINALIZADA,BOA VIAGEM,RUA SETUBAL,156,,EM FRENTE A CASA DOS DOCES,RUA SETUBAL,156,EM FRENTE A CASA DOS DOCES,BOA VIAGEM,,CIDADE,ABALROAMENTO LONGITUDINAL,COLISÃO SEM VITIMAS,1,,,,,1,,,,0,,Longo da via,Bom,Sem defeito,Perfeito estado,Seca,Perfeito estado,Faixa de pedestre,Não há placas,,Única,Faixa seccionada,,,,,,,,