data,hora,natureza_acidente,situacao,bairro,endereco,numero,detalhe_endereco_acidente,complemento,endereco_cruzamento,numero_cruzamento,referencia_cruzamento,bairro_cruzamento,num_semaforo,sentido_via,tipo,descricao,auto,moto,ciclom,ciclista,pedestre,onibus,caminhao,viatura,outros,vitimas,vitimasfatais,acidente_verificado,tempo_clima,situacao_semaforo,sinalizacao,condicao_via,conservacao_via,ponto_controle,situacao_placa,velocidade_max_via,mao_direcao,divisao_via1,divisao_via2,divisao_via3,,,,,,
2019-04-16,10:43:00,SEM VÍTIMA,FINALIZADA,ESTÂNCIA,AV DR JOSE RUFINO,,RUA HERCILIO DE SOUZA,EM FRENTE A IGREJA SANTA LUZIA,AV DR JOSE RUFINO,,EM FRENTE A IGREJA SANTA LUZIA,ESTÂNCIA,,,ABALROAMENTO LONGITUDINAL,COLISÃO SEM VITIMAS,2,,,,,,,,,0,,Longo da via,Bom,Sem defeito,Perfeito estado,Seca,Perfeito estado,Faixa de pedestre,Não há placas,,Dupla,Faixa contínua,,,,,,,,
2019-04-16,11:15:00,SEM VÍTIMA,FINALIZADA,SANTO AMARO,AV GOVERNADOR AGAMENON MAGALHAES,,,EM FRENTE A UPE,AV GOVERNADOR AGAMENON MAGALHAES,,EM FRENTE A UPE,SANTO AMARO,,SUBURBIO,ABALROAMENTO LONGITUDINAL,SEM VITIMAS.,1,1,,,,,,,,0,,Longo da via,Bom,Não existe,Não existente,Seca,Perfeito estado,Não existe,Não há placas,60 km/h,Dupla,Faixa seccionada,Canteiro central,,,,,,,
2019-04-16,11:52:00,SEM VÍTIMA,FINALIZADA,BOA VIAGEM,AV ENGENHEIRO DOMINGOS FERREIRA,,,LADO OPOSTO AO CANAL DA CONSTRUÇÃO,AV ENGENHEIRO DOMINGOS FERREIRA,,LADO OPOSTO AO CANAL DA CONSTRUÇÃO,BOA VIAGEM,,SUBURBIO,COLISÃO TRASEIRA,TRES AUTOS,3,,,,,,,,,0,,Longo da via,Bom,Não existe,Perfeito estado,Seca,Perfeito estado,Não existe,Não há placas,,Única,Canteiro central,,,,,,,,
2019-04-16,12:21:00,SEM VÍTIMA,FINALIZADA,PINA,AV HERCULANO BANDEIRA,,RUA DOMICIO DA GAMA,LADO OPOSTO AO MARTELINHO DE OURO,AV HERCULANO BANDEIRA,,LADO OPOSTO AO MARTELINHO DE OURO,PINA,,SUBURBIO,ABALROAMENTO LONGITUDINAL,COLISAO ENTRE DOIS AUTOS S/V,2,,,,,,,,,0,,Longo da via,Bom,Não existe,Perfeito estado,Seca,Perfeito estado,Não existe,Não há placas,60 km/h,Única,Não existe,,,,,,,,
2019-04-16,12:24:00,COM VÍTIMA,FINALIZADA,TAMARINEIRA,RUA GOMES COUTINHO,164,RUA TREINADOR CLAUDIO COUTINHO,UMA RUA AO LADO AO EXTRA BOM,RUA GOMES COUTINHO,164,UMA RUA AO LADO AO EXTRA BOM,TAMARINEIRA,,SUBURBIO,ABALROAMENTO LONGITUDINAL,COLISÃO COM VITIMAS ( VT 09 NO LOCAL),1,1,,,,,,,,1,,Esquina,Bom,Sem defeito,Perfeito estado,Seca,Perfeito estado,,R-4b,30 km/h,Única,Faixa seccionada,,,,,,,,
2019-04-16,12:35:00,SEM VÍTIMA,FINALIZADA,CAXANGÁ,RUA EMILIANO BRAGA,,RUA PROFESSOR ANTONIO COELHO,,RUA EMILIANO BRAGA,,,CAXANGÁ,,CIDADE,ABALROAMENTO LONGITUDINAL,COLISAO ENTRE DOIS AUTOS S/V,2,,,,,,,,,0,,Cruzamento,Bom,Não existe,Incompleta,Seca,Perfeito estado,Não existe,Placas Pare,,Única,Não existe,,,,,,,,
2019-04-16,13:26:00,SEM VÍTIMA,FINALIZADA,BOA VISTA,RUA DO HOSPICIO,362,,EM FRENTE AO Nº 362,RUA DO HOSPICIO,362,EM FRENTE AO Nº 362,BOA VISTA,,CIDADE,ABALROAMENTO LONGITUDINAL,COLISÃO SEM VITIMA,1,,,,,,1,,,0,,Longo da via,Bom,Sem defeito,Perfeito estado,Seca,Perfeito estado,Não existe,R-6a,,Única,,,,,,,,,
2019-04-16,13:40:00,SEM VÍTIMA,CANCELADA,TORRE,RUA JOSE BONIFACIO,,,EM FRENTE DO CARREFUR EO POSTO SHELL ,SENTIDO SUBURBIO,RUA JOSE BONIFACIO,,EM FRENTE DO CARREFUR EO POSTO SHELL ,SENTIDO SUBURBIO,TORRE,,,COLISÃO,COLISÃO SEM VITIMA,1,1,,,,,,,,0,,,,,,,,,,,,,,,,,,
2019-04-16,15:32:00,SEM VÍTIMA,FINALIZADA,IMBIRIBEIRA,RUA ENGENHEIRO OTAVIO ARANTES,106,,EM FRENTE AO Nº 106,RUA ENGENHEIRO OTAVIO ARANTES,106,EM FRENTE AO Nº 106,IMBIRIBEIRA,,,ABALROAMENTO LONGITUDINAL,COLISÃO SEM VÍTIMA,1,,,,,,,,,0,,Longo da via,Bom,Não existe,Não existente,,Mal conservada,Não existe,Não há placas,,Dupla,Não existe,,,,,,,,
2019-04-16,15:51:00,SEM VÍTIMA,FINALIZADA,BOA VIAGEM,AV BOA VIAGEM,3984,,E/F AO EDF ADELMAR DA COSTA CARVALHO PROX A JLA CONSTRUÇOES S/T AEROPORTO,AV BOA VIAGEM,3984,E/F AO EDF ADELMAR DA COSTA CARVALHO PROX A JLA CONSTRUÇOES S/T AEROPORTO,BOA VIAGEM,,,COLISÃO,COLISAO ENTRE DOIS AUTOS S/V,2,,,,,,,,,0,,,,,,,,,,,,,,,,,,,,
2019-04-16,15:55:00,SEM VÍTIMA,FINALIZADA,IMBIRIBEIRA,AV MARECHAL MASCARENHAS DE MORAES,5875,,LADO OPOSTO AO AEROPORTO/ SENTIDO CIDADE,AV MARECHAL MASCARENHAS DE MORAES,5875,LADO OPOSTO AO AEROPORTO/ SENTIDO CIDADE,IMBIRIBEIRA,,SUBURBIO,ABALROAMENTO LONGITUDINAL,COLISÃO SEM VÍTIMA,2,,,,,,1,,,0,,Longo da via,Bom,Não existe,Perfeito estado,Seca,Perfeito estado,Não existe,Não há placas,60 km/h,Dupla,Canteiro central,,,,,,,,
2019-04-16,15:55:00,SEM VÍTIMA,FINALIZADA,VÁRZEA,AV PROFESSOR MORAES REGO,150,,EM FRENTE AO SHOP FASHION,AV PROFESSOR MORAES REGO,150,EM FRENTE AO SHOP FASHION,VÁRZEA,,,ABALROAMENTO LONGITUDINAL,COLISÃO SEM VÍTIMA,1,1,,,,,,,,0,,Longo da via,Bom,Não existe,Incompleta,Seca,Perfeito estado,Não existe,Outras,,Única,Não existe,,,,,,,,
2019-04-16,15:58:00,SEM VÍTIMA,FINALIZADA,IMBIRIBEIRA,AV MARECHAL MASCARENHAS DE MORAES,,,LADO OPOSTO A MOVIDA,AV MARECHAL MASCARENHAS DE MORAES,,LADO OPOSTO A MOVIDA,IMBIRIBEIRA,,CIDADE,COLISÃO TRASEIRA,,1,,,,,,1,,,0,,Longo da via,Bom,Não existe,Perfeito estado,Seca,Perfeito estado,Outros,Outras,,Dupla,Canteiro central,,,,,,,,
2019-04-16,16:10:00,SEM VÍTIMA,FINALIZADA,TORRE,RUA JOSE BONIFACIO,,,NA FRENTE DO ATACADÃO DOS PRESENTES,RUA JOSE BONIFACIO,,NA FRENTE DO ATACADÃO DOS PRESENTES,TORRE,,SUBURBIO,COLISÃO,COLISÃO SEM VITIMAS,2,,,,,,,,,0,,,,,,,,,,,,,,,,,,,,
2019-04-16,16:26:00,COM VÍTIMA,FINALIZADA,JIQUIÁ,RUA SAO MIGUEL,1357,RUA MANOEL DE ALBUQUERQUE FERNANDES,PANIFICADORA LISBOA,RUA SAO MIGUEL,1357,PANIFICADORA LISBOA,JIQUIÁ,,CIDADE,ABALROAMENTO TRANSVERSAL,COLISÃO ENTRE AUTOMÓVEL E MOTOCICLETA.,1,1,,,,,,,,1,,Longo da via,Bom,Sem defeito,Perfeito estado,Seca,Perfeito estado,Faixa de pedestre,Não há placas,,Dupla,Faixa contínua,,,,,,,,
2019-04-16,16:46:00,SEM VÍTIMA,FINALIZADA,IBURA,AV DOIS RIOS,72,,LABORATÓRIO GILSON CIDRIM,AV DOIS RIOS,72,LABORATÓRIO GILSON CIDRIM,IBURA,,SUBURBIO,COLISÃO TRASEIRA,COLISÃO SEM VÍTIMA,1,,,,,,1,,,0,,Longo da via,Bom,Não existe,Perfeito estado,Seca,Perfeito estado,Não existe,Não há placas,40 km/h,Dupla,Faixa contínua,,,,,,,,
2019-04-16,16:58:00,SEM VÍTIMA,FINALIZADA,ÁGUA FRIA,RUA DAS MOCAS,897,,,RUA DAS MOCAS,897,,ÁGUA FRIA,,SUBURBIO,ABALROAMENTO LONGITUDINAL,COLISÃO SEM VÍTIMA,1,,,,,1,,,,0,,Longo da via,Bom,Não existe,Perfeito estado,Seca,Perfeito estado,Não existe,R-6a,,Dupla,Faixa seccionada,,,,,,,,
2019-04-16,17:14:00,SEM VÍTIMA,FINALIZADA,VÁRZEA,AV CAXANGA,,RUA RIBEIRO PESSOA,E/F A UPA DA CAXANGA S/T CAMARAGIBE,AV CAXANGA,,E/F A UPA DA CAXANGA S/T CAMARAGIBE,VÁRZEA,281,SUBURBIO,ABALROAMENTO LONGITUDINAL,COLISÃO ENTRE DOIS AUTOS S/V,2,,,,,,,,,0,,Cruzamento,Bom,Sem defeito,Perfeito estado,Seca,Perfeito estado,Faixa de pedestre,,60 km/h,Dupla,Canteiro central,,,,,,,,
2019-04-16,18:22:00,COM VÍTIMA,CANCELADA,CÓRREGO DO JENIPAPO,RUA DAS FLORES,90,,PROXIMIDADES DA UPINHA E INTEGRAÇÃO DA MACAXEIRA,RUA DAS FLORES,90,PROXIMIDADES DA UPINHA E INTEGRAÇÃO DA MACAXEIRA,CÓRREGO DO JENIPAPO,,,COLISÃO,ENTRE AUTO E MOTO. C/V,1,1,,,,,,,,2,,,,,,,,,,,,,,,,,,,,
2019-04-16,18:27:00,SEM VÍTIMA,FINALIZADA,BOA VIAGEM,RUA JOSE MOREIRA LEAL,202,,,RUA JOSE MOREIRA LEAL,202,,BOA VIAGEM,,SUBURBIO,CHOQUE VEÍCULO PARADO,,3,,,,,,,,,0,,Longo da via,Bom,Não existe,Incompleta,Seca,,Não existe,Não há placas,,Dupla,Faixa seccionada,,,,,,,,
2019-04-16,18:39:00,SEM VÍTIMA,FINALIZADA,MADALENA,AV ENGENHEIRO ABDIAS DE CARVALHO,2116,,ENF A DROGASIL,AV ENGENHEIRO ABDIAS DE CARVALHO,2116,ENF A DROGASIL,MADALENA,,SUBURBIO,COLISÃO TRASEIRA,MOTO X GOL,1,1,,,,,,,,0,,Longo da via,Bom,Sem defeito,Perfeito estado,Seca,Perfeito estado,Faixa de pedestre,Outras,60 km/h,Dupla,Canteiro central,,,,,,,,
2019-04-16,18:52:00,COM VÍTIMA,CANCELADA,IPUTINGA,RUA N S DA SAUDE,,RUA MAURICIO DE NASSAU,DEPOID DO GOE,RUA N S DA SAUDE,,DEPOID DO GOE,IPUTINGA,,,ATROPELAMENTO,PEDESTRE X MOTO,,1,,,1,,,,,1,,,,,,,,,,,,,,,,,,,,
2019-04-16,19:04:00,SEM VÍTIMA,CANCELADA,BOA VIAGEM,RUA ERNESTO DE PAULA SANTOS,1368,RUA JONATHAS DE VASCONCELOS,ENF AO POSTO PETROBRAS,RUA ERNESTO DE PAULA SANTOS,1368,ENF AO POSTO PETROBRAS,BOA VIAGEM,,,COLISÃO,COROLA X ECOSPORT,2,,,,,,,,,0,,,,,,,,,,,,,,,,,,,,
2019-04-16,19:06:00,SEM VÍTIMA,FINALIZADA,BOA VIAGEM,RUA ERNESTO DE PAULA SANTOS,,RUA TENENTE DOMINGOS DE BRITO,SEMÁFORO 330,RUA ERNESTO DE PAULA SANTOS,,SEMÁFORO 330,BOA VIAGEM,330,SUBURBIO,COLISÃO TRASEIRA,ENTRE 2 AUTOS. S/V,2,,,,,,,,,0,,Cruzamento,Bom,Sem defeito,Perfeito estado,Seca,Perfeito estado,Faixa de pedestre,Não há placas,,Única,Faixa seccionada,,,,,,,,
2019-04-16,19:27:00,SEM VÍTIMA,FINALIZADA,JORDÃO,RUA DR ANDRADE LYRA,,RUA DES EVANDRO NETTO,,RUA DR ANDRADE LYRA,,,JORDÃO,,CIDADE,ABALROAMENTO LONGITUDINAL,ENTRE AUTO E ÕNIBUS. S./V,1,,,,,1,,,,0,,Longo da via,Bom,Não existe,Perfeito estado,Seca,Perfeito estado,Não existe,R-6a,,Única,Não existe,,,,,,,,
2019-04-16,20:34:00,SEM VÍTIMA,FINALIZADA,AFOGADOS,RUA DA PAZ,,,LADO OPOSTO AO BRADESCO,RUA DA PAZ,,LADO OPOSTO AO BRADESCO,AFOGADOS,,SUBURBIO,CHOQUE VEÍCULO PARADO,2 ONIBUS X 1 AUTO OBS:: SUSPEITA DE EMBRIAGUEZ,1,,,,,2,,,,0,,Longo da via,Bom,Sem defeito,Perfeito estado,Seca,Perfeito estado,Faixa de pedestre,R-6a,,Única,Faixa seccionada,,,,,,,,
2019-04-16,21:02:00,SEM VÍTIMA,FINALIZADA,BONGI,AV ENGENHEIRO ABDIAS DE CARVALHO,,,YOKI GALETOS,AV ENGENHEIRO ABDIAS DE CARVALHO,,YOKI GALETOS,BONGI,375,SUBURBIO,COLISÃO TRASEIRA,ONIX X 2 FAIT,3,,,,,,,,,0,,Longo da via,Bom,Sem defeito,Perfeito estado,Seca,Perfeito estado,Faixa de pedestre,Outras,60 km/h,Dupla,Canteiro central,,,,,,,,
2019-04-16,22:52:00,SEM VÍTIMA,FINALIZADA,IBURA,AV DOIS RIOS,,RUA RIO XINGU,,AV DOIS RIOS,,,IBURA,,SUBURBIO,ABALROAMENTO LONGITUDINAL,ENTRE AUTO E MOTO. C/V,1,1,,,,,,,,0,,Longo da via,Bom,Sem defeito,Perfeito estado,Seca,Perfeito estado,Faixa de pedestre,Não há placas,40 km/h,Dupla,Faixa contínua,,,,,,,,
2019-04-17,01:34:00,SEM VÍTIMA,FINALIZADA,BAIRRO DO RECIFE,AV MARQUES DE OLINDA,,RUA BREJO DA MADRE DE DEUS,,AV MARQUES DE OLINDA,,,BAIRRO DO RECIFE,,SUBURBIO,ABALROAMENTO LONGITUDINAL,COLISÃO ENTRE DOIS AUTOS S/V,2,,,,,,,,,0,,Cruzamento,Bom,Sem defeito,Perfeito estado,Seca,Perfeito estado,Faixa de pedestre,R-6a,,Única,Faixa seccionada,,,,,,,,
2019-04-17,06:09:00,SEM VÍTIMA,FINALIZADA,SANTO ANTÔNIO,RUA IMPERADOR PEDRO SEGUNDO,,,POR TRÁS DO FORUM THOMÁZ DE AQUINO,RUA IMPERADOR PEDRO SEGUNDO,,POR TRÁS DO FORUM THOMÁZ DE AQUINO,SANTO ANTÔNIO,203,CIDADE,ABALROAMENTO LONGITUDINAL,SEM VITIMAS,2,,,,,,,,,0,,Longo da via,Chuvoso,Sem defeito,Perfeito estado,Molhada,Perfeito estado,Faixa de pedestre,Outras,,Única,Faixa seccionada,,,,,,,,
2019-04-17,06:13:00,SEM VÍTIMA,FINALIZADA,IMBIRIBEIRA,AV MARECHAL MASCARENHAS DE MORAES,,,SOB O SEMÁFORO 501,AV MARECHAL MASCARENHAS DE MORAES,,SOB O SEMÁFORO 501,IMBIRIBEIRA,501,CIDADE,COLISÃO TRASEIRA,DOIS AUTOS,2,,,,,,,,,0,,Longo da via,Chuvoso,Intermitente,Perfeito estado,Molhada,Perfeito estado,Faixa de pedestre,,,Dupla,Faixa contínua,Faixa seccionada,Canteiro central,,,,,,
2019-04-17,06:38:00,SEM VÍTIMA,FINALIZADA,IPSEP,AV RECIFE,,RUA GONCALVES DE MAGALHAES,EM FRENTE A AMERICA FILM EQUIPADORA,AV RECIFE,,EM FRENTE A AMERICA FILM EQUIPADORA,IPSEP,393,CIDADE,COLISÃO TRASEIRA,COLISÃO ENTRE DOIS AUTOS S/V,2,,,,,,,,,0,,Cruzamento,Chuvoso,Sem defeito,Perfeito estado,Molhada,Perfeito estado,Faixa de pedestre,Não há placas,60 km/h,Dupla,Canteiro central,,,,,,,,
2019-04-17,07:02:00,COM VÍTIMA,FINALIZADA,BARRO,AV DR JOSE RUFINO,,RUA ANDRE DE ALBUQUERQUE,EM FRENTE À IGREJA DO BARRO,AV DR JOSE RUFINO,,EM FRENTE À IGREJA DO BARRO,BARRO,539,CIDADE,ABALROAMENTO LONGITUDINAL,COLISÃO AUTO X MOTO,1,1,,,,,,,,1,,Esquina,Bom,Sem defeito,Perfeito estado,Seca,Perfeito estado,Faixa de pedestre,R-6a,,Dupla,Faixa contínua,Faixa seccionada,,,,,,,
2019-04-17,07:59:00,COM VÍTIMA,FINALIZADA,DOIS IRMÃOS,RUA MANUEL DE MEDEIROS,,,EM FRENTE A UNIVERSIDADE FEDERAL RURAL DE PERNAMBUCO.,RUA MANUEL DE MEDEIROS,,EM FRENTE A UNIVERSIDADE FEDERAL RURAL DE PERNAMBUCO.,DOIS IRMÃOS,,CIDADE,ABALROAMENTO TRANSVERSAL,COLISÃO COM VÍTIMA ENTRE AUTO E MOTO,1,1,,,,,,,,1,,Longo da via,Chuvoso,Não existe,Perfeito estado,Molhada,Perfeito estado,Não existe,Outras,,Dupla,Faixa contínua,,,,,,,,
2019-04-17,09:37:00,SEM VÍTIMA,FINALIZADA,CORDEIRO,AV INACIO MONTEIRO,,RUA DR MIGUEL VIEIRA FERREIRA,,AV INACIO MONTEIRO,,,CORDEIRO,566,CIDADE,ABALROAMENTO TRANSVERSAL,DOIS AUTOS,2,,,,,,,,1,0,,Cruzamento,Bom,Com defeito,Incompleta,Seca,Perfeito estado,Faixa de retenção,Não há placas,,Dupla,Faixa contínua,,,,,,,,
2019-04-17,09:43:00,COM VÍTIMA,CANCELADA,BONGI,TRV ESTRADA DO BONGI,,RUA COSME VIANA,200 METROS APÓS A FACULDADE NOVA ROMA,TRV ESTRADA DO BONGI,,200 METROS APÓS A FACULDADE NOVA ROMA,BONGI,,,COLISÃO,UM AUTO E UMA MOTO COM DESCARACTERIZAÇÃO DO LOCAL DA COLISÃO,1,1,,,,,,,,1,,,,,,,,,,,,,,,,,,,,
2019-04-17,10:36:00,SEM VÍTIMA,CANCELADA,SANTO ANTÔNIO,PRC DA REPUBLICA,,,EM FRENTE A ENTRADA DO PALACIO DO GOVERNO,PRC DA REPUBLICA,,EM FRENTE A ENTRADA DO PALACIO DO GOVERNO,SANTO ANTÔNIO,,,COLISÃO,SEM VITIMAS,1,2,,,,,,,,0,,,,,,,,,,,,,,,,,,,,
2019-04-17,11:16:00,SEM VÍTIMA,FINALIZADA,PINA,AV ENGENHEIRO DOMINGOS FERREIRA,40,,EM FRENTE AO ARMAZÉM BEIRA MAR,AV ENGENHEIRO DOMINGOS FERREIRA,40,EM FRENTE AO ARMAZÉM BEIRA MAR,PINA,,SUBURBIO,CHOQUE VEÍCULO PARADO,COLISÃO ENTRE DOIS AUTOS, SEGUIDA DE CHOQUE,2,,,,,,,,,0,,Longo da via,Bom,Não existe,Perfeito estado,Seca,Perfeito estado,Não existe,Não há placas,60 km/h,Única,Não existe,,,,,,,
2019-04-17,11:18:00,SEM VÍTIMA,FINALIZADA,JAQUEIRA,RUA DO FUTURO,513,,,RUA DO FUTURO,513,,JAQUEIRA,,CIDADE,ABALROAMENTO TRANSVERSAL,DOIS AUTOS,2,,,,,,,,,0,,Longo da via,Bom,Não existe,Perfeito estado,Seca,Perfeito estado,Não existe,R-6a,40 km/h,Única,Não existe,,,,,,,,
2019-04-17,11:22:00,SEM VÍTIMA,CANCELADA,CAXANGÁ,AV CAXANGA,5034,,EM FRENTE POSTO IPIRANGA,AV CAXANGA,5034,EM FRENTE POSTO IPIRANGA,CAXANGÁ,,CIDADE,COLISÃO,DOIS AUTOS,2,,,,,,,,,0,,,,,,,,,,,,,,,,,,,,
2019-04-17,12:04:00,SEM VÍTIMA,FINALIZADA,SANCHO,RUA APRIGIO GUIMARAES,737,,HOSPITAL OTAVIO DE FREITAS,RUA APRIGIO GUIMARAES,737,HOSPITAL OTAVIO DE FREITAS,SANCHO,,SUBURBIO,COLISÃO TRASEIRA,COLISÃO SEM VITIMA,2,,,,,,,,,0,,Longo da via,Bom,Não existe,Não existente,Seca,Mal conservada,Não existe,Não há placas,,Dupla,Não existe,,,,,,,,
2019-04-17,12:32:00,SEM VÍTIMA,CANCELADA,SANTO ANTÔNIO,RUA BARAO DA VITORIA,460,RUA DA CONCORDIA,EM FRENTE AO MUSEU DA ESTAÇÃO CENTRAL,RUA BARAO DA VITORIA,460,EM FRENTE AO MUSEU DA ESTAÇÃO CENTRAL,SANTO ANTÔNIO,,,COLISÃO,COLISÃO SEM VITIMA,1,,,,,,1,,,0,,,,,,,,,,,,,,,,,,,,
2019-04-17,12:39:00,COM VÍTIMA,FINALIZADA,CIDADE UNIVERSITÁRIA,AV PROFESSOR LUIZ FREIRE,,,AO LADO DO IF, APOS O HOSPITAL DAS CLINICAS. 7ª RM,AV PROFESSOR LUIZ FREIRE,,AO LADO DO IF, APOS O HOSPITAL DAS CLINICAS. 7ª RM,CIDADE UNIVERSITÁRIA,,SUBURBIO,ATROPELAMENTO,AUTO E PEDESTRE,1,,,,1,,,,,1,,Longo da via,Bom,Não existe,Perfeito estado,Seca,Perfeito estado,Não existe,,,Dupla,,Faixa contínua,,,,,
2019-04-17,12:40:00,SEM VÍTIMA,FINALIZADA,IMBIRIBEIRA,AV MARECHAL MASCARENHAS DE MORAES,,,AEROPORTO DO RECIFE,AV MARECHAL MASCARENHAS DE MORAES,,AEROPORTO DO RECIFE,IMBIRIBEIRA,,,ABALROAMENTO LONGITUDINAL,COLISÃO SEM VITIMAS,2,,,,,,,,,0,,Longo da via,Bom,Sem defeito,Perfeito estado,Seca,Perfeito estado,Faixa de pedestre,R-6a,20 km/h,Única,Faixa seccionada,,,,,,,,
2019-04-17,12:43:00,SEM VÍTIMA,FINALIZADA,ESPINHEIRO,RUA QUARENTA E OITO,525,,VIDEO TECNICA,RUA QUARENTA E OITO,525,VIDEO TECNICA,ESPINHEIRO,11,CIDADE,ABALROAMENTO LONGITUDINAL,VEICULO OFICIAL E AUTO PASSEIO SEM VITIMA,2,,,,,,,,,0,,Longo da via,Chuvoso,Sem defeito,Perfeito estado,Molhada,Perfeito estado,Não existe,Outras,,Única,Faixa seccionada,,,,,,,,
2019-04-17,13:05:00,COM VÍTIMA,FINALIZADA,SÃO JOSÉ,C SANTA RITA,,,EM FRENTE AO ARMZEM 16. GALPÃO AGEMAR,C SANTA RITA,,EM FRENTE AO ARMZEM 16. GALPÃO AGEMAR,SÃO JOSÉ,76,CIDADE,TOMBAMENTO,MOTOCICLISTA SOFREU UMA QUEDA, AO PASSAR POR UMA POÇA DE ÁGUA NA PISTA.,,1,,,,,,,,1,,Longo da via,Chuvoso,Sem defeito,Perfeito estado,Molhada,Mal conservada,Não existe,Outras,,Dupla,Canteiro central,,,,,,,
2019-04-17,13:06:00,SEM VÍTIMA,FINALIZADA,BOA VIAGEM,AV CONSELHEIRO AGUIAR,3190,RUA MAMANGUAPE,DROGASIL,AV CONSELHEIRO AGUIAR,3190,DROGASIL,BOA VIAGEM,,CIDADE,ABALROAMENTO TRANSVERSAL,DOIS AUTO SEM VITIMAS,2,,,,,,,,,0,,Cruzamento,Bom,Não existe,Perfeito estado,Seca,Perfeito estado,Outros,Outras,60 km/h,Única,Faixa seccionada,,,,,,,,
2019-04-17,13:13:00,SEM VÍTIMA,CANCELADA,BOA VIAGEM,RUA PROFESSOR JOAO MEDEIROS,,RUA RIBEIRO DE BRITO,PROXIMO AO PERNAMBUCOS MOTOS,RUA PROFESSOR JOAO MEDEIROS,,PROXIMO AO PERNAMBUCOS MOTOS,BOA VIAGEM,332,CIDADE,COLISÃO,DOIS AUTO SEM VITIMAS,2,,,,,,,,,0,,,,,,,,,,,,,,,,,,,,
2019-04-17,13:34:00,SEM VÍTIMA,CANCELADA,SANTO ANTÔNIO,AV MARQUES DE OLINDA,,,EM FRENTE AO MARCO ZERO/ CAIXA CULTURAL,AV MARQUES DE OLINDA,,EM FRENTE AO MARCO ZERO/ CAIXA CULTURAL,SANTO ANTÔNIO,,,COLISÃO,COLISÃO SEM VITIMA,2,,,,,,,,,0,,,,,,,,,,,,,,,,,,,,
2019-04-17,13:36:00,SEM VÍTIMA,FINALIZADA,ILHA DO LEITE,AV GOVERNADOR AGAMENON MAGALHAES,,,APÓS O SEMÁFORO 069,AV GOVERNADOR AGAMENON MAGALHAES,,APÓS O SEMÁFORO 069,ILHA DO LEITE,69,,COLISÃO TRASEIRA,DOIS AUTO SEM VITIMAS,2,,,,,,,,,0,,Longo da via,Bom,Sem defeito,Perfeito estado,Seca,Perfeito estado,,Não há placas,60 km/h,Única,Faixa seccionada,,,,,,,,
2019-04-17,13:37:00,SEM VÍTIMA,FINALIZADA,MADALENA,RUA BENFICA,,,E/F AO QUARTEL D0 CHOQUE,RUA BENFICA,,E/F AO QUARTEL D0 CHOQUE,MADALENA,,,COLISÃO,COLISAO ENTRE DOIS AUTOS S/V,2,,,,,,,,,0,,,,,,,,,,,,,,,,,,,,
2019-04-17,13:46:00,SEM VÍTIMA,FINALIZADA,SANTO AMARO,AV GOVERNADOR AGAMENON MAGALHAES,,,E/F AO POSTO DE GASOLINA DISLUB,AV GOVERNADOR AGAMENON MAGALHAES,,E/F AO POSTO DE GASOLINA DISLUB,SANTO AMARO,,SUBURBIO,ABALROAMENTO LONGITUDINAL,AUTO E MOTO SEM VITIMAS,1,1,,,,,,,,0,,Longo da via,Bom,Não existe,Perfeito estado,Seca,Perfeito estado,Não existe,Outras,60 km/h,Dupla,Faixa seccionada,,,,,,,,
2019-04-17,14:47:00,SEM VÍTIMA,FINALIZADA,MADALENA,RUA BENFICA,,,AO LADO DA DPCA,RUA BENFICA,,AO LADO DA DPCA,MADALENA,,CIDADE,ABALROAMENTO LONGITUDINAL,COLISAO SEM VITIMAS,2,,,,,,,,,0,,Longo da via,Bom,Sem defeito,Perfeito estado,Seca,Perfeito estado,,Outras,,Dupla,Faixa contínua,Faixa seccionada,,,,,,,
2019-04-17,15:01:00,SEM VÍTIMA,FINALIZADA,IMBIRIBEIRA,RUA MURITIBA,,AV MARECHAL MASCARENHAS DE MORAES,AO LADO CASAS BAHIA,RUA MURITIBA,,AO LADO CASAS BAHIA,IMBIRIBEIRA,385,,ABALROAMENTO LONGITUDINAL,AUTO E CAMINHÃO SEM VITIMAS,1,,,,,,1,,,0,,,Bom,Sem defeito,Não existente,Seca,Perfeito estado,,Não há placas,,Única,Não existe,,,,,,,,
2019-04-17,15:53:00,SEM VÍTIMA,FINALIZADA,IBURA,AV DOIS RIOS,,,POSTO BR,AV DOIS RIOS,,POSTO BR,IBURA,351,CIDADE,ABALROAMENTO LONGITUDINAL,COLISÃO SEM VITIMAS,1,,,,,1,,,,0,,Longo da via,Bom,Sem defeito,Perfeito estado,Seca,Perfeito estado,Faixa de pedestre,Não há placas,,Dupla,Faixa contínua,,,,,,,,
2019-04-17,15:57:00,SEM VÍTIMA,FINALIZADA,SANTO AMARO,RUA DR JOAQUIM ARRUDA FALCAO,,,POR TRAS DE CARLOS EQUIPADORA,RUA DR JOAQUIM ARRUDA FALCAO,,POR TRAS DE CARLOS EQUIPADORA,SANTO AMARO,,SUBURBIO,ABALROAMENTO TRANSVERSAL,COLISAO ENTRE DOIS AUTOS S/V,2,,,,,,,,,0,,Longo da via,Bom,Não existe,Perfeito estado,Seca,Perfeito estado,Não existe,Não há placas,40 km/h,Dupla,Faixa seccionada,,,,,,,,
2019-04-17,16:18:00,SEM VÍTIMA,FINALIZADA,AFOGADOS,RUA SAO MIGUEL,,,EM FRENTE AO 14 BLOG,RUA SAO MIGUEL,,EM FRENTE AO 14 BLOG,AFOGADOS,423,CIDADE,COLISÃO TRASEIRA,COLISAO SEM VITIMAS,2,,,,,,,,,0,,Longo da via,Bom,Sem defeito,Perfeito estado,Seca,Perfeito estado,Faixa de pedestre,Não há placas,,Dupla,Faixa contínua,,,,,,,,