data,hora,natureza_acidente,situacao,bairro,endereco,numero,detalhe_endereco_acidente,complemento,endereco_cruzamento,numero_cruzamento,referencia_cruzamento,bairro_cruzamento,num_semaforo,sentido_via,tipo,descricao,auto,moto,ciclom,ciclista,pedestre,onibus,caminhao,viatura,outros,vitimas,vitimasfatais,acidente_verificado,tempo_clima,situacao_semaforo,sinalizacao,condicao_via,conservacao_via,ponto_controle,situacao_placa,velocidade_max_via,mao_direcao,divisao_via1,divisao_via2,divisao_via3,,,,,,
2019-04-22,21:42:00,SEM VÍTIMA,FINALIZADA,SANTO AMARO,RUA DR CARLOS CHAGAS,800,AV JOAO DE BARROS,CENTRO DE ALERGOLOGIA,RUA DR CARLOS CHAGAS,800,CENTRO DE ALERGOLOGIA,SANTO AMARO,,SUBURBIO,ABALROAMENTO LONGITUDINAL,ENTRE 2 AUTOS. S/V,2,,,,,,,,,0,,Longo da via,Bom,Não existe,Incompleta,Seca,Perfeito estado,Não existe,R-6a,,Única,Não existe,,,,,,,,
2019-04-22,21:55:00,COM VÍTIMA,FINALIZADA,BOA VIAGEM,RUA VISCONDE DE JEQUITINHONHA,280,,PRÓX AO PARQUE DONA LINDU, EM FRENTE AO EDF CHARLON, NA FAIXA DA DIREITA .,RUA VISCONDE DE JEQUITINHONHA,280,PRÓX AO PARQUE DONA LINDU, EM FRENTE AO EDF CHARLON, NA FAIXA DA DIREITA .,BOA VIAGEM,,SUBURBIO,ABALROAMENTO LONGITUDINAL,COLISÃO ENTRE AUTOMÓVEL E MOTOCICLETA.,1,1,,,,,,,,1,,Longo da via,Chuvoso,Não existe,Perfeito estado,Molhada,Perfeito estado,Não existe,Não há placas,60 km/h,Única,Faixa contínua,Faixa seccionada,Canteiro central,,
2019-04-22,22:33:00,SEM VÍTIMA,FINALIZADA,IPSEP,RUA PAMPULHA,20,RUA CACHOEIRA,RESIDÊNCIA20,RUA PAMPULHA,20,RESIDÊNCIA20,IPSEP,,SUBURBIO,ABALROAMENTO LONGITUDINAL,HB 20 X SANDERO,2,,,,,,,,,0,,Longo da via,Bom,Não existe,Perfeito estado,Seca,Perfeito estado,Não existe,Não há placas,,Única,Faixa seccionada,,,,,,,,
2019-04-23,07:18:00,SEM VÍTIMA,FINALIZADA,CORDEIRO,AV ENGENHEIRO ABDIAS DE CARVALHO,,,EM FRENTE AO COMPAZ,AV ENGENHEIRO ABDIAS DE CARVALHO,,EM FRENTE AO COMPAZ,CORDEIRO,58,CIDADE,ABALROAMENTO LONGITUDINAL,SEM VITIMAS,1,,,,,,1,,,0,,Longo da via,Bom,Sem defeito,Perfeito estado,Seca,Perfeito estado,Faixa de pedestre,Outras,,Dupla,Canteiro central,,,,,,,,
2019-04-23,07:54:00,SEM VÍTIMA,FINALIZADA,SANTO AMARO,AV DA SAUDADE,,,RUA TREZE DE MAIO,A O LADO DA ESCOLA MUNICIPAL GENERAL EMIDIO DANTAS BARRETO,AV DA SAUDADE,,,A O LADO DA ESCOLA MUNICIPAL GENERAL EMIDIO DANTAS BARRETO,SANTO AMARO,428,CIDADE,ABALROAMENTO LONGITUDINAL,SEM VITIMAS,1,,,,,1,,,,0,,Longo da via,Bom,Sem defeito,Perfeito estado,Molhada,Perfeito estado,Faixa de pedestre,R-6a,,Dupla,Faixa contínua,,,,,,
2019-04-23,08:09:00,SEM VÍTIMA,CANCELADA,MADALENA,RUA MENEZES DRUMOND,32,RUA JOSE HIGINO,EM FRENTE AO MINUTO PÃO DE AÇUCAR,RUA MENEZES DRUMOND,32,EM FRENTE AO MINUTO PÃO DE AÇUCAR,MADALENA,,,COLISÃO,SEM VITIMAS,2,,,,,,,,,0,,,,,,,,,,,,,,,,,,,,
2019-04-23,08:29:00,SEM VÍTIMA,FINALIZADA,AFOGADOS,AV SUL,,,POLÍCLINICA DE AFOGADOS,AV SUL,,POLÍCLINICA DE AFOGADOS,AFOGADOS,,CIDADE,ABALROAMENTO LONGITUDINAL,COLISÃO S/ VITIMA ENTRE UM CAMINHÃO E UM AUTO,1,,,,,,1,,,0,,Longo da via,Bom,Não existe,Não existente,Seca,Perfeito estado,Não existe,Não há placas,,Única,Não existe,,,,,,,,
2019-04-23,08:44:00,SEM VÍTIMA,CANCELADA,PAISSANDU,AV GOVERNADOR AGAMENON MAGALHAES,,,EM FRENTE AO HOSPITAL PORTUGUES, SENT. BOA VIAGEM,AV GOVERNADOR AGAMENON MAGALHAES,,EM FRENTE AO HOSPITAL PORTUGUES, SENT. BOA VIAGEM,PAISSANDU,,,COLISÃO,DOIS AUTOS,2,,,,,,,,,0,,,,,,,,,,,,,,,,,,
2019-04-23,08:45:00,SEM VÍTIMA,FINALIZADA,MADALENA,RUA JOSE OSORIO,,RUA DEMOCRITO DE SOUZA FILHO,LADO OPOSTO AO CECOSNE,RUA JOSE OSORIO,,LADO OPOSTO AO CECOSNE,MADALENA,,,ABALROAMENTO LONGITUDINAL,COLISÃO S/ VITIMA ENTRE UM VEICULO DO TRIBUNBAL E UM AUTO,2,,,,,,,,,0,,,Bom,,Perfeito estado,Seca,Perfeito estado,Não existe,Outras,60 km/h,Única,Faixa seccionada,,,,,,,,
2019-04-23,09:19:00,SEM VÍTIMA,FINALIZADA,DERBY,AV GOVERNADOR AGAMENON MAGALHAES,,,EM FRENTE AO POSTE DE ILUMINAÇÃO PÚBLICA Nº 009239,AV GOVERNADOR AGAMENON MAGALHAES,,EM FRENTE AO POSTE DE ILUMINAÇÃO PÚBLICA Nº 009239,DERBY,,,ABALROAMENTO LONGITUDINAL,SEM VÍTIMA. O VEÍCULO DE PLACA PCU 2606 (I/FIAT CRONOS) SE EVADIU DO LOCAL,2,,,,,,,,,0,,Longo da via,Chuvoso,Não existe,Perfeito estado,Molhada,Perfeito estado,Não existe,Outras,,Dupla,Canteiro central,,,,,,,,
2019-04-23,09:48:00,SEM VÍTIMA,FINALIZADA,JARDIM SÃO PAULO,AV ADOLPHO BLOCH,,,EM FRENTE A NOVA DISTRIBBUIDORA DE MEDICAMENTOS,AV ADOLPHO BLOCH,,EM FRENTE A NOVA DISTRIBBUIDORA DE MEDICAMENTOS,JARDIM SÃO PAULO,,SUBURBIO,ABALROAMENTO LONGITUDINAL,DOIS CAMINHOES,,,,,,,0,,,0,,Longo da via,Bom,Não existe,Perfeito estado,Seca,Perfeito estado,Não existe,Não há placas,,Dupla,Não existe,,,,,,,,
2019-04-23,10:06:00,SEM VÍTIMA,FINALIZADA,SANTO AMARO,AV MARIO MELO,242,RUA SAO GERALDO,EM FRENTE AO COLEGIO SILVIO RABELO,AV MARIO MELO,242,EM FRENTE AO COLEGIO SILVIO RABELO,SANTO AMARO,,SUBURBIO,ABALROAMENTO TRANSVERSAL,DOIS AUTOS,2,,,,,,,,,0,,Longo da via,Bom,Não existe,Perfeito estado,Seca,Perfeito estado,Não existe,Outras,,Dupla,Canteiro central,,,,,,,,
2019-04-23,10:17:00,SEM VÍTIMA,FINALIZADA,IMBIRIBEIRA,AV MARECHAL MASCARENHAS DE MORAES,,,LADO OPOSTO A FARMACIA PAGUE MENOS,AV MARECHAL MASCARENHAS DE MORAES,,LADO OPOSTO A FARMACIA PAGUE MENOS,IMBIRIBEIRA,290,CIDADE,COLISÃO TRASEIRA,VIATURA DESCARECTERIZADA CASA MILITAR / AUTO PASSEIO,2,,,,,,,,,0,,Longo da via,Bom,Sem defeito,Perfeito estado,Seca,Perfeito estado,Não existe,Não há placas,60 km/h,Dupla,Canteiro central,,,,,,,,
2019-04-23,10:20:00,SEM VÍTIMA,FINALIZADA,AREIAS,AV DR JOSE RUFINO,2626,,EM FRENTE AO MOTEL OLIMPIKUS,AV DR JOSE RUFINO,2626,EM FRENTE AO MOTEL OLIMPIKUS,AREIAS,,CIDADE,COLISÃO TRASEIRA,SEM VITIMAS,2,,,,,,,,,0,,Longo da via,Nublado,Sem defeito,Perfeito estado,Seca,,Faixa de pedestre,Outras,,Dupla,,,,,,,,,
2019-04-23,10:44:00,SEM VÍTIMA,FINALIZADA,ESTÂNCIA,AV ESTANCIA,58,RUA MORAIS E SILVA,PROX. A ESTAÇÃO SANTA LUZIA,AV ESTANCIA,58,PROX. A ESTAÇÃO SANTA LUZIA,ESTÂNCIA,,SUBURBIO,COLISÃO TRASEIRA,DOIS AUTOS,2,,,,,,,,,0,,Longo da via,Bom,Não existe,Perfeito estado,Seca,Perfeito estado,Não existe,Não há placas,30 km/h,Única,Não existe,,,,,,,,
2019-04-23,10:49:00,SEM VÍTIMA,FINALIZADA,ILHA DO LEITE,AV LINS PETIT,298,,EM FRENTE A A+ MEDICINA DIAGNÓSTICA,AV LINS PETIT,298,EM FRENTE A A+ MEDICINA DIAGNÓSTICA,ILHA DO LEITE,,SUBURBIO,COLISÃO TRASEIRA,DOIS AUTOS,2,,,,,,,,,0,,Longo da via,Bom,Não existe,Perfeito estado,Seca,Perfeito estado,Não existe,R-6a,,Única,Não existe,,,,,,,,
2019-04-23,11:09:00,SEM VÍTIMA,FINALIZADA,SÃO JOSÉ,AV DANTAS BARRETO,191,,EM FRENTE A GALEGIA SANTO ANTONIO,AV DANTAS BARRETO,191,EM FRENTE A GALEGIA SANTO ANTONIO,SÃO JOSÉ,,SUBURBIO,ABALROAMENTO LONGITUDINAL,DOIS AUTOS,2,,,,,,,,,0,,Longo da via,Bom,Não existe,Perfeito estado,Seca,Perfeito estado,Não existe,Não há placas,,Única,Canteiro central,,,,,,,,
2019-04-23,11:17:00,SEM VÍTIMA,FINALIZADA,IPUTINGA,RUA MAURICEIA,,,AO LADO DA SUDENE,RUA MAURICEIA,,AO LADO DA SUDENE,IPUTINGA,,,COLISÃO TRASEIRA,,2,,,,,,,,,0,,Longo da via,Bom,Não existe,Perfeito estado,Seca,Perfeito estado,Não existe,Placas Pare,,Dupla,Não existe,,,,,,,,
2019-04-23,12:03:00,SEM VÍTIMA,FINALIZADA,TAMARINEIRA,RUA CONEGO BARATA,,,EM FRENTE AO HOSPITAL HELENA MOURA,RUA CONEGO BARATA,,EM FRENTE AO HOSPITAL HELENA MOURA,TAMARINEIRA,,SUBURBIO,ABALROAMENTO LONGITUDINAL,DOIS AUTOS,2,,,,,,,,,0,,Longo da via,Bom,Sem defeito,Perfeito estado,Seca,Perfeito estado,Não existe,R-6a,,Dupla,Canteiro central,,,,,,,,
2019-04-23,13:31:00,SEM VÍTIMA,CANCELADA,BOA VIAGEM,RUA VISCONDE DE JEQUITINHONHA,1418,,E/F EDF CARAVELAS,RUA VISCONDE DE JEQUITINHONHA,1418,E/F EDF CARAVELAS,BOA VIAGEM,,,COLISÃO,DOIS AUTOS SEM VITIMAS,2,,,,,,,,,0,,,,,,,,,,,,,,,,,,,,
2019-04-23,13:40:00,SEM VÍTIMA,FINALIZADA,IPUTINGA,EST DO BARBALHO,1630,RUA SAO MATEUS,,EST DO BARBALHO,1630,,IPUTINGA,,SUBURBIO,ABALROAMENTO LONGITUDINAL,COLISAO ENTRE AUTO E ONIBUS S/V,1,,,,,1,,,,0,,Cruzamento,Bom,Não existe,Não existente,Seca,Perfeito estado,Não existe,Não há placas,,Dupla,Não existe,,,,,,,,
2019-04-23,14:30:00,SEM VÍTIMA,CANCELADA,BONGI,AV ENGENHEIRO ABDIAS DE CARVALHO,1399,,E/F AO PLANETA SHOW S/T CID,AV ENGENHEIRO ABDIAS DE CARVALHO,1399,E/F AO PLANETA SHOW S/T CID,BONGI,,,COLISÃO,COLISAO ENTRE ONIBUS E AUTO S/V,1,,,,,1,,,,0,,,,,,,,,,,,,,,,,,,,
2019-04-23,15:50:00,COM VÍTIMA,FINALIZADA,IPSEP,AV RECIFE,3376,,SAÍDA DO IPSEP- APÓS O CRUZAMENTO DA RAIMUNDO DINIZ. AÇO RECIFE.,AV RECIFE,3376,SAÍDA DO IPSEP- APÓS O CRUZAMENTO DA RAIMUNDO DINIZ. AÇO RECIFE.,IPSEP,,SUBURBIO,COLISÃO TRASEIRA,COLISÃO ENTRE AUTOMÓVEL E MOTOCICLETA.,1,1,,,,,,,,2,,Longo da via,Bom,Não existe,Perfeito estado,Seca,Perfeito estado,Não existe,Outras,60 km/h,Dupla,Canteiro central,,,,,,,,
2019-04-23,16:01:00,SEM VÍTIMA,CANCELADA,ILHA DO LEITE,,,,EM FRENTE AO HOSPITAL DA HAPVIDA ILHA DO LEITE E O SANTANDER,,,EM FRENTE AO HOSPITAL DA HAPVIDA ILHA DO LEITE E O SANTANDER,ILHA DO LEITE,,,COLISÃO,COLISÃO SEM VITIMAS, O SR NO LOCAL ENCONTRA-SE ALTERADO...A LIGAÇÃO CAIU,2,,,,,,,,,0,,,,,,,,,,,,,,,,,,,
2019-04-23,16:05:00,SEM VÍTIMA,CANCELADA,BOA VIAGEM,AV CONSELHEIRO AGUIAR,2770,,E/F A SUBWAY,AV CONSELHEIRO AGUIAR,2770,E/F A SUBWAY,BOA VIAGEM,,,COLISÃO,COLISAO ENTRE ONIBUS E AUTO S/V,1,,,,,1,,,,0,,,,,,,,,,,,,,,,,,,,
2019-04-23,16:18:00,SEM VÍTIMA,DUPLICIDADE,ÁGUA FRIA,RUA MOEMA,2306,,AO LADO DA LOJA SONO FACIL,RUA MOEMA,2306,AO LADO DA LOJA SONO FACIL,ÁGUA FRIA,,,COLISÃO,DOIS AUTO SEM VITIMAS,2,,,,,,,,,0,,,,,,,,,,,,,,,,,,,,
2019-04-23,16:34:00,SEM VÍTIMA,FINALIZADA,IMBIRIBEIRA,AV MARECHAL MASCARENHAS DE MORAES,,,EM FRENTE A LOCALIZA SEMINOVOS,AV MARECHAL MASCARENHAS DE MORAES,,EM FRENTE A LOCALIZA SEMINOVOS,IMBIRIBEIRA,,SUBURBIO,ABALROAMENTO LONGITUDINAL,COLISÃO SEM VITIMAS,,1,,,,,,1,,,0,,Longo da via,Bom,Não existe,Perfeito estado,Seca,Perfeito estado,Não existe,Outras,60 km/h,Dupla,Faixa seccionada,Canteiro central,,,,,,
2019-04-23,16:35:00,SEM VÍTIMA,FINALIZADA,CAMPO GRANDE,RUA FRANKLIN TAVORA,,RUA FARIAS NEVES,,RUA FRANKLIN TAVORA,,,CAMPO GRANDE,,SUBURBIO,COLISÃO FRONTAL,COLISAO ENTRE AUTO E CAMINHAO S/V,1,,,,,,1,,,0,,Cruzamento,Bom,Não existe,Perfeito estado,Seca,Perfeito estado,Faixa de retenção,Placas Pare,30 km/h,Dupla,Faixa contínua,,,,,,,,
2019-04-23,16:36:00,SEM VÍTIMA,FINALIZADA,ÁGUA FRIA,AV BEBERIBE,,,PRÓXIMO A LOJA SONO FRIO COLCHÕES,AV BEBERIBE,,PRÓXIMO A LOJA SONO FRIO COLCHÕES,ÁGUA FRIA,187,CIDADE,COLISÃO TRASEIRA,COLISÃO SEM VITIMAS,2,,,,,,,,,0,,Longo da via,Bom,Sem defeito,Perfeito estado,Seca,Perfeito estado,Não existe,Outras,,Dupla,Faixa contínua,,,,,,,,
2019-04-23,17:24:00,SEM VÍTIMA,FINALIZADA,ENCRUZILHADA,EST DE BELEM,396,RUA VINTE E QUATRO DE JUNHO,,EST DE BELEM,396,,ENCRUZILHADA,,,ABALROAMENTO TRANSVERSAL,COLISAO SEM VITIMA,1,,,,,1,,,,0,,,Chuvoso,Não existe,Perfeito estado,Molhada,Perfeito estado,Não existe,Outras,,Dupla,Faixa contínua,,,,,,,,
2019-04-23,17:53:00,SEM VÍTIMA,FINALIZADA,ILHA DO LEITE,AV LINS PETIT,274,RUA PAULINO DE ANDRADE,,AV LINS PETIT,274,,ILHA DO LEITE,,SUBURBIO,ABALROAMENTO LONGITUDINAL,ENTRE AUTO E CAMINHÃO. S/V,1,,,,,,1,,,0,,,Bom,Não existe,Não existente,Seca,Perfeito estado,Não existe,Não há placas,,Dupla,Não existe,,,,,,,,
2019-04-23,18:09:00,SEM VÍTIMA,FINALIZADA,IMBIRIBEIRA,AV MARECHAL MASCARENHAS DE MORAES,631,,E/F A MARAVILHA MOTOS,AV MARECHAL MASCARENHAS DE MORAES,631,E/F A MARAVILHA MOTOS,IMBIRIBEIRA,,CIDADE,ABALROAMENTO LONGITUDINAL,ENTRE 2 AUTOS. S/V,2,,,,,,,,,0,,Longo da via,Bom,Não existe,Perfeito estado,Seca,Perfeito estado,Outros,Outras,60 km/h,Dupla,Canteiro central,,,,,,,,
2019-04-23,18:14:00,SEM VÍTIMA,FINALIZADA,IMBIRIBEIRA,AV MARECHAL MASCARENHAS DE MORAES,2967,,E/F A FERREIRA COSTA,AV MARECHAL MASCARENHAS DE MORAES,2967,E/F A FERREIRA COSTA,IMBIRIBEIRA,,CIDADE,ABALROAMENTO LONGITUDINAL,ENTRE 2 AUTOS. S/V,2,,,,,,,,,0,,Longo da via,Bom,Não existe,Perfeito estado,Seca,Perfeito estado,Não existe,Não há placas,60 km/h,Dupla,Canteiro central,,,,,,,,
2019-04-23,18:38:00,SEM VÍTIMA,CANCELADA,BOA VIAGEM,AVENIDA CELSO FURTADO (VIA MANGUE),,,NA SUBIDA DO ACESSO DO SHOPPING RECIFE NO FINAL DA VIA MANGUE,AVENIDA CELSO FURTADO (VIA MANGUE),,NA SUBIDA DO ACESSO DO SHOPPING RECIFE NO FINAL DA VIA MANGUE,BOA VIAGEM,,,COLISÃO,FIAT X JEEP X CHEVROLET,3,,,,,,,,,0,,,,,,,,,,,,,,,,,,,,
2019-04-23,19:09:00,SEM VÍTIMA,FINALIZADA,SANTO ANTÔNIO,PTE DUARTE COELHO,,RUA DO SOL,SEMÁFORO 014,PTE DUARTE COELHO,,SEMÁFORO 014,SANTO ANTÔNIO,14,CIDADE,ABALROAMENTO LONGITUDINAL,ONIBUS BORBOREMA X SANDERO,1,,,,,1,,,,0,,Cruzamento,Chuvoso,Sem defeito,Perfeito estado,Molhada,Perfeito estado,Faixa de pedestre,,,Dupla,Faixa contínua,,,,,,,,
2019-04-23,19:22:00,COM VÍTIMA,FINALIZADA,BOA VIAGEM,AV ENGENHEIRO DOMINGOS FERREIRA,1360,,NA FAIXA DA ESQUERDA ENF GALERIA CENTRO SUL,AV ENGENHEIRO DOMINGOS FERREIRA,1360,NA FAIXA DA ESQUERDA ENF GALERIA CENTRO SUL,BOA VIAGEM,303,SUBURBIO,COLISÃO TRASEIRA,COLISÃO ENTRE AUTOMÓVEL E MOTOCICLETA.,1,1,,,,,,,,2,,Longo da via,Chuvoso,Sem defeito,Perfeito estado,Molhada,Perfeito estado,Faixa de pedestre,,60 km/h,,Faixa seccionada,,,,,,,,
2019-04-23,20:20:00,COM VÍTIMA,FINALIZADA,TORREÃO,AV GOVERNADOR AGAMENON MAGALHAES,,,E/F AO ANTIGO UNICORDIS E AO LADO DA IGREJA JESUS CRISTO DOS ÚLTIMOS SÉTIMO DIAS / PRÓX AO POSTO BR/ SNT BV. AO LADO DA ACADEMIA DA CIDADE.,AV GOVERNADOR AGAMENON MAGALHAES,,E/F AO ANTIGO UNICORDIS E AO LADO DA IGREJA JESUS CRISTO DOS ÚLTIMOS SÉTIMO DIAS / PRÓX AO POSTO BR/ SNT BV. AO LADO DA ACADEMIA DA CIDADE.,TORREÃO,,,ABALROAMENTO LONGITUDINAL,COLISÃO ENTRE AUTOMÓVEL E MOTOCICLETA.,1,1,,,,,,,,1,,Longo da via,Bom,Sem defeito,Ilegível,Seca,Perfeito estado,Não existe,Não há placas,,Dupla,Canteiro central,,,,,,,,
2019-04-23,21:02:00,SEM VÍTIMA,CANCELADA,SANTO AMARO,PRC GENERAL CARLOS PINTO,,,NA ENTRADA DO SHOPPING TACARUNA,PRC GENERAL CARLOS PINTO,,NA ENTRADA DO SHOPPING TACARUNA,SANTO AMARO,,,COLISÃO,HB 20 X JAC,2,,,,,,,,,0,,,,,,,,,,,,,,,,,,,,
2019-04-23,23:06:00,SEM VÍTIMA,FINALIZADA,ESTÂNCIA,AV DR JOSE RUFINO,,RUA BALIZA,IGREJA DE SANTA LUZIA,AV DR JOSE RUFINO,,IGREJA DE SANTA LUZIA,ESTÂNCIA,,SUBURBIO,ABALROAMENTO TRANSVERSAL,ENTRE ÔNIBUS E AUTO PASSEIO. S/V,1,,,,,1,,,,0,,,Chuvoso,Não existe,Perfeito estado,Molhada,Perfeito estado,Não existe,R-6a,,Dupla,Faixa contínua,,,,,,,,
2019-04-24,00:02:00,SEM VÍTIMA,FINALIZADA,ARRUDA,RUA PROFESSOR JERONIMO GUEIROS,254,,SEMÁFORO 495,RUA PROFESSOR JERONIMO GUEIROS,254,SEMÁFORO 495,ARRUDA,495,SUBURBIO,COLISÃO TRASEIRA,COLISÃO ENTRE DOIS AUTOS S/V,2,,,,,,,,,0,,Cruzamento,Bom,Sem defeito,Perfeito estado,Seca,Perfeito estado,,Não há placas,,Única,Não existe,,,,,,,,
2019-04-24,00:21:00,COM VÍTIMA,FINALIZADA,BAIRRO DO RECIFE,RUA MADRE DEUS,170,AV MARQUES DE OLINDA,SEMÁFORO Nº020,RUA MADRE DEUS,170,SEMÁFORO Nº020,BAIRRO DO RECIFE,20,,ABALROAMENTO TRANSVERSAL,COLISÃO ENTRE VIATURA DA PM E UM CAMINHÃO.,,,,,,,1,1,,2,,Cruzamento,Bom,Intermitente,Perfeito estado,Seca,Perfeito estado,Faixa de pedestre,,,Única,Faixa seccionada,,,,,,,,
2019-04-24,04:13:00,SEM VÍTIMA,FINALIZADA,BOA VIAGEM,AV CONSELHEIRO AGUIAR,244,AV HERCULANO BANDEIRA,,AV CONSELHEIRO AGUIAR,244,,BOA VIAGEM,138,CIDADE,CHOQUE OBJETO FIXO,VEÍCULO CHOCOU-SE CONTRA O MURO DA RESIDÊNCIA,1,,,,,,,,,0,,Cruzamento,Bom,Sem defeito,Perfeito estado,Seca,Perfeito estado,Faixa de pedestre,,60 km/h,Única,Faixa seccionada,,,,,,,,
2019-04-24,06:31:00,COM VÍTIMA,FINALIZADA,CASA AMARELA,AV NORTE,1049,RUA IMBIRIBA,SENT. CIDADE, NA ENTRADA DO LARGO DONA REGINA. LADO OPOSTO A ENTRADA DE NOVA DESCOBERTA.,AV NORTE,1049,SENT. CIDADE, NA ENTRADA DO LARGO DONA REGINA. LADO OPOSTO A ENTRADA DE NOVA DESCOBERTA.,CASA AMARELA,65,CIDADE,COLISÃO COM CICLISTA,COLISÃO ENTRE ÔNIBUS E BICICLETA.,,,,1,,1,,,,1,,Longo da via,Bom,Sem defeito,Perfeito estado,Seca,Perfeito estado,Faixa de pedestre,R-6a,,Dupla,Canteiro central,,,,,,
2019-04-24,07:02:00,SEM VÍTIMA,FINALIZADA,CAMPO GRANDE,RUA JERONIMO VILELA,199,,PROX. A PADARIA SANTO ANTONIO,RUA JERONIMO VILELA,199,PROX. A PADARIA SANTO ANTONIO,CAMPO GRANDE,,,COLISÃO,DOIS AUTOS,2,,,,,,,,,0,,,,,,,,,,,,,,,,,,,,
2019-04-24,07:13:00,SEM VÍTIMA,FINALIZADA,ILHA DO RETIRO,RUA SENADOR FABIO DE BARROS,,RUA ASTORGA,POSTE DE ILUMINAÇÃO Nº B020607,RUA SENADOR FABIO DE BARROS,,POSTE DE ILUMINAÇÃO Nº B020607,ILHA DO RETIRO,,CIDADE,ABALROAMENTO TRANSVERSAL,SEM VÍTIMA,2,,,,,,,,,0,,Cruzamento,Bom,Não existe,Perfeito estado,Seca,Perfeito estado,Não existe,Não há placas,,Dupla,Não existe,,,,,,,,
2019-04-24,07:58:00,SEM VÍTIMA,FINALIZADA,BOA VISTA,AV JOAO DE BARROS,,RUA TABIRA,EM FRENTE AO CORPO DE BOMBEIROS,AV JOAO DE BARROS,,EM FRENTE AO CORPO DE BOMBEIROS,BOA VISTA,,CIDADE,ABALROAMENTO TRANSVERSAL,ONIBUS E AUTO,1,,,,,1,,,,0,,Longo da via,Nublado,Não existe,Não existente,Seca,Perfeito estado,Não existe,Não há placas,60 km/h,Única,Faixa seccionada,,,,,,,,
2019-04-24,08:44:00,COM VÍTIMA,FINALIZADA,ARRUDA,RUA DO MACHADO,904,RUA MANOEL SILVA,PROX. AO CLUBE DOS IRRESPONSAVEIS,RUA DO MACHADO,904,PROX. AO CLUBE DOS IRRESPONSAVEIS,ARRUDA,,,ABALROAMENTO LONGITUDINAL,COLISÃO ENTRE AUTOMÓVEL E MOTOCICLETA.,1,1,,,,,,,,2,,Esquina,Bom,Não existe,Perfeito estado,Seca,Perfeito estado,Faixa de pedestre,Placas Pare,,Dupla,Não existe,,,,,,,,
2019-04-24,08:53:00,SEM VÍTIMA,FINALIZADA,JOANA BEZERRA,VIADUTO CAPITAO TEMUDO,,,PRÓXIMO A RUA IMPERIAL,VIADUTO CAPITAO TEMUDO,,PRÓXIMO A RUA IMPERIAL,JOANA BEZERRA,,SUBURBIO,ABALROAMENTO LONGITUDINAL,SEM VITIMAS,1,,,,,1,,,,0,,Viaduto,Bom,Não existe,Perfeito estado,Seca,Perfeito estado,Não existe,Não há placas,,Dupla,Faixa seccionada,Blocos,,,,,,,
2019-04-24,10:32:00,SEM VÍTIMA,FINALIZADA,SANTO AMARO,RUA MARQUÊS DO POMBAL,,AV DA SAUDADE,,CEMITERIO SANTO AMARO,RUA MARQUÊS DO POMBAL,,CEMITERIO SANTO AMARO,SANTO AMARO,,SUBURBIO,CHOQUE VEÍCULO PARADO,SEM VITIMAS,1,2,,,,,,,,0,,Longo da via,Bom,Não existe,Perfeito estado,Seca,Perfeito estado,Não existe,Placas Pare,30 km/h,Única,Não existe,,,,,,,
2019-04-24,11:01:00,COM VÍTIMA,FINALIZADA,ENCRUZILHADA,AV NORTE,2141,RUA AFONSO BATISTA,EM FRENTE A CONCESSIONARIA RENAULT E CHINA BAR.,AV NORTE,2141,EM FRENTE A CONCESSIONARIA RENAULT E CHINA BAR.,ENCRUZILHADA,,CIDADE,ABALROAMENTO TRANSVERSAL,COLISÃO ENTRE AUTOMÓVEL E MOTOCICLETA.,1,1,,,,,,,,2,,Esquina,Chuvoso,Não existe,Perfeito estado,Molhada,Perfeito estado,Não existe,R-6a,60 km/h,Dupla,Canteiro central,,,,,,,,
2019-04-24,11:46:00,SEM VÍTIMA,FINALIZADA,BAIRRO DO RECIFE,CAIS DO APOLO,739,,EM FRENTE AO Nº 739,CAIS DO APOLO,739,EM FRENTE AO Nº 739,BAIRRO DO RECIFE,,CIDADE,ABALROAMENTO LONGITUDINAL,SEM VITIMAS,2,,,,,,,,,0,,Longo da via,Bom,Não existe,Perfeito estado,Seca,Perfeito estado,Não existe,Não há placas,,Dupla,Canteiro central,,,,,,,,
2019-04-24,11:58:00,COM VÍTIMA,FINALIZADA,PRADO,RUA GOMES TABORDA,676,RUA ABDIAS DE OLIVEIRA,PROXIMO AO SALÃO STUDIOK E AO BAR DA MAGA.,RUA GOMES TABORDA,676,PROXIMO AO SALÃO STUDIOK E AO BAR DA MAGA.,PRADO,,CIDADE,ABALROAMENTO TRANSVERSAL,COLISÃO ENTRE AUTOMÓVEL E MOTOCICLETA.,1,1,,,,,,,,1,,Cruzamento,Bom,Não existe,Perfeito estado,Seca,Perfeito estado,Outros,Outras,,Dupla,Faixa seccionada,,,,,,,,
2019-04-24,12:30:00,SEM VÍTIMA,FINALIZADA,BOA VIAGEM,AV CONSELHEIRO AGUIAR,1632,,EM FRENTE A MAISON HOME,AV CONSELHEIRO AGUIAR,1632,EM FRENTE A MAISON HOME,BOA VIAGEM,5,SUBURBIO,COLISÃO TRASEIRA,COLISÃO SEM VITIMA,2,,,,,,,,,0,,,Bom,Sem defeito,Perfeito estado,Seca,Perfeito estado,Faixa de pedestre,Outras,,Única,Faixa contínua,Faixa seccionada,,,,,,,
2019-04-25,06:49:00,SEM VÍTIMA,FINALIZADA,SÃO JOSÉ,RUA IMPERIAL,,TRV DO RAPOSO,,RUA IMPERIAL,,,SÃO JOSÉ,510,SUBURBIO,ABALROAMENTO TRANSVERSAL,COLISAO ENTRE AUTO E MOTO S/V,1,1,,,,,,,,0,,Cruzamento,Bom,Sem defeito,Perfeito estado,Seca,Perfeito estado,,,40 km/h,Única,,,,,,,,,