data,hora,natureza_acidente,situacao,bairro,endereco,numero,detalhe_endereco_acidente,complemento,endereco_cruzamento,numero_cruzamento,referencia_cruzamento,bairro_cruzamento,num_semaforo,sentido_via,tipo,descricao,auto,moto,ciclom,ciclista,pedestre,onibus,caminhao,viatura,outros,vitimas,vitimasfatais,acidente_verificado,tempo_clima,situacao_semaforo,sinalizacao,condicao_via,conservacao_via,ponto_controle,situacao_placa,velocidade_max_via,mao_direcao,divisao_via1,divisao_via2,divisao_via3,,,,,,
2019-04-30,15:54:00,SEM VÍTIMA,FINALIZADA,PAISSANDU,RUA EPAMINONDAS DE MELO,219,,EM FRENTE AO Nº 219,RUA EPAMINONDAS DE MELO,219,EM FRENTE AO Nº 219,PAISSANDU,,,ABALROAMENTO LONGITUDINAL,COLISÃO SEM VÍTIMA EM DOIS AUTOS,2,,,,,,,,,0,,Longo da via,Bom,Não existe,Perfeito estado,Seca,Mal conservada,Não existe,Outras,,Única,Não existe,,,,,,,,
2019-04-30,16:30:00,SEM VÍTIMA,FINALIZADA,PINA,AV BRASILIA FORMOSA,51,RUA PARU,,AV BRASILIA FORMOSA,51,,PINA,,,ABALROAMENTO LONGITUDINAL,COLISÃO SEM VÍTIMA,,,,,,1,1,,,0,,Longo da via,Bom,Não existe,Perfeito estado,Seca,Perfeito estado,Outros,R-6a,,Dupla,Faixa seccionada,,,,,,,,
2019-04-30,16:36:00,SEM VÍTIMA,FINALIZADA,MADALENA,RUA BENFICA,140,AV BEIRA RIO,,RUA BENFICA,140,,MADALENA,,,ABALROAMENTO LONGITUDINAL,COLISÃO SEM VÍTIMA ENTRE UM AUTO E UM CAMINHÃO,1,,,,,,1,,,0,,,Bom,Não existe,Perfeito estado,Seca,Perfeito estado,Não existe,,,Dupla,Faixa contínua,,,,,,,,
2019-04-30,16:36:00,SEM VÍTIMA,FINALIZADA,BARRO,AV DR JOSE RUFINO,26,,POR TRÁS DO OLYMPIKUS HOTEL,AV DR JOSE RUFINO,26,POR TRÁS DO OLYMPIKUS HOTEL,BARRO,,SUBURBIO,ABALROAMENTO TRANSVERSAL,COLISAO ENTRE DOIS AUTOS S/V,2,,,,,,,,,0,,Longo da via,Bom,Não existe,Perfeito estado,Seca,Perfeito estado,Outros,Outras,60 km/h,Dupla,Faixa contínua,,,,,,,,
2019-04-30,16:54:00,COM VÍTIMA,FINALIZADA,MADALENA,AV BEIRA RIO,,RUA JOSE OSORIO,SOBRE A PONTE DA CAPUNGA,AV BEIRA RIO,,SOBRE A PONTE DA CAPUNGA,MADALENA,387,SUBURBIO,COLISÃO COM CICLISTA,COLISÃO COM VITIMA,1,,,1,,,,,,1,,Longo da via,Bom,Sem defeito,Perfeito estado,Seca,Perfeito estado,Faixa de pedestre,Outras,,Dupla,Faixa seccionada,,,,,,,,
2019-04-30,17:45:00,SEM VÍTIMA,CANCELADA,TEJIPIÓ,RUA PIRAMBOIA,,,EM FRENTE AO NECROTERIO DO HOSPITAL OTAVIO DE FREITAS,RUA PIRAMBOIA,,EM FRENTE AO NECROTERIO DO HOSPITAL OTAVIO DE FREITAS,TEJIPIÓ,,,COLISÃO,COLISÃO SEM VÍTIMA,2,,,,,,,,,0,,,,,,,,,,,,,,,,,,,,
2019-04-30,19:39:00,SEM VÍTIMA,FINALIZADA,DERBY,RUA DR SEVERINO PINHEIRO,,,PONTE ESTÁCIO COIMBRA,RUA DR SEVERINO PINHEIRO,,PONTE ESTÁCIO COIMBRA,DERBY,,CIDADE,COLISÃO TRASEIRA,DOIS AUTO SEM VITIMAS,2,,,,,,,,,0,,Ponte,Bom,Não existe,Perfeito estado,Seca,Perfeito estado,Outros,Outras,,Dupla,Faixa contínua,,,,,,,,
2019-04-30,19:49:00,SEM VÍTIMA,FINALIZADA,IMBIRIBEIRA,AV MARECHAL MASCARENHAS DE MORAES,,,LADO OPOSTO A MERCEDES BENZ,AV MARECHAL MASCARENHAS DE MORAES,,LADO OPOSTO A MERCEDES BENZ,IMBIRIBEIRA,,CIDADE,ABALROAMENTO LONGITUDINAL,ENTRE AUTO E ÔNIBUS. S/V,1,,,,,1,,,,0,,Longo da via,Bom,Sem defeito,Perfeito estado,Seca,Perfeito estado,,R-6a,,Dupla,Canteiro central,,,,,,,,
2019-04-30,20:00:00,SEM VÍTIMA,CANCELADA,TORRÕES,AV ENGENHEIRO ABDIAS DE CARVALHO,,,E/F A LOMBADAS BAR , SNT SUB / PRÓX A DLP E POSTO SHELL,AV ENGENHEIRO ABDIAS DE CARVALHO,,E/F A LOMBADAS BAR , SNT SUB / PRÓX A DLP E POSTO SHELL,TORRÕES,,,ENGAVETAMENTO,ENTRE 3 AUTOS. S/V,3,,,,,,,,,0,,,,,,,,,,,,,,,,,,
2019-04-30,22:08:00,SEM VÍTIMA,FINALIZADA,BOA VIAGEM,RUA BARAO DE SOUZA LEAO,195,,,RUA BARAO DE SOUZA LEAO,195,,BOA VIAGEM,,SUBURBIO,ABALROAMENTO TRANSVERSAL,MOTO E AUTO SEM VITIMAS,1,1,,,,,,,,0,,Longo da via,Bom,Sem defeito,Perfeito estado,Seca,Perfeito estado,Faixa de pedestre,R-6a,,Única,Faixa seccionada,,,,,,,,
2019-04-30,22:33:00,SEM VÍTIMA,CANCELADA,DOIS UNIDOS,AV HILDEBRANDO DE VASCONCELOS,,,TERMINAL DE ONIBUS DE DOIS UNIDOS,AV HILDEBRANDO DE VASCONCELOS,,TERMINAL DE ONIBUS DE DOIS UNIDOS,DOIS UNIDOS,,,COLISÃO,ONIBUS E MOTO SEM VITIMAS,,1,,,,1,,,,0,,,,,,,,,,,,,,,,,,,,
2019-05-01,08:06:00,SEM VÍTIMA,FINALIZADA,ÁGUA FRIA,AV PROFESSOR JOSE DOS ANJOS,,,LADO OPOSTO AO POSTE Nº B 011023,AV PROFESSOR JOSE DOS ANJOS,,LADO OPOSTO AO POSTE Nº B 011023,ÁGUA FRIA,,SUBURBIO,ABALROAMENTO LONGITUDINAL,COLISÃO S/ VITIMA (VT.08 NO QTH) ENTRE MOTO E AUTO,1,1,,,,,,,,0,,Longo da via,Bom,Não existe,Perfeito estado,Seca,Perfeito estado,Não existe,Não há placas,60 km/h,Única,Faixa seccionada,,,,,,,,
2019-05-01,11:31:00,SEM VÍTIMA,FINALIZADA,BOA VIAGEM,AV ENGENHEIRO DOMINGOS FERREIRA,324,RUA ANTONIO PEDRO DE FIGUEIREDO,,AV ENGENHEIRO DOMINGOS FERREIRA,324,,BOA VIAGEM,324,SUBURBIO,COLISÃO TRASEIRA,COLISÃO S/VITIMA ENTRE DOIS AUTOS,2,,,,,,,,,0,,Longo da via,Bom,Sem defeito,Perfeito estado,Seca,Perfeito estado,Faixa de pedestre,Outras,60 km/h,Única,Canteiro central,,,,,,,,
2019-05-01,15:19:00,COM VÍTIMA,FINALIZADA,BEBERIBE,AV BEBERIBE,,,APÓS A PIZZARIA DO GORDO,AV BEBERIBE,,APÓS A PIZZARIA DO GORDO,BEBERIBE,314,CIDADE,COLISÃO TRASEIRA,COLISÃO ENTRE AUTO E MOTO.,1,1,,,,,,,,1,,Outros,Bom,Sem defeito,Perfeito estado,Seca,Perfeito estado,Faixa de pedestre,Não há placas,60 km/h,Dupla,Faixa,,,,,,,,
2019-05-01,15:30:00,COM VÍTIMA,FINALIZADA,IPSEP,AV RECIFE,2967,,POSTO FEDERAL. LADO OPOSTO AO NÚMERO INFORMADO.,AV RECIFE,2967,POSTO FEDERAL. LADO OPOSTO AO NÚMERO INFORMADO.,IPSEP,,SUBURBIO,ATROPELAMENTO,AUTO E PEDESTRE,1,,,,1,,,,,1,,Longo da via,Bom,Não existe,Perfeito estado,Seca,Perfeito estado,Não existe,Não há placas,,Dupla,Canteiro central,,,,,,,,
2019-05-01,15:35:00,SEM VÍTIMA,CANCELADA,AFLITOS,AV CONS ROSA E SILVA,1294,,EM FRENTE A PARLADELI,AV CONS ROSA E SILVA,1294,EM FRENTE A PARLADELI,AFLITOS,,,COLISÃO,COLISÃO SEM VÍTIMA,2,,,,,,,,,0,,,,,,,,,,,,,,,,,,,,
2019-05-01,15:36:00,COM VÍTIMA,DUPLICIDADE,BEBERIBE,AV BEBERIBE,4093,,APÓS A PIZZARIA DO GORDO,AV BEBERIBE,4093,APÓS A PIZZARIA DO GORDO,BEBERIBE,314,,COLISÃO,AUTO E MOTO COM VITIMAS,1,1,,,,,,,,1,,,,,,,,,,,,,,,,,,,,
2019-05-01,15:37:00,SEM VÍTIMA,FINALIZADA,BOA VIAGEM,AV CONSELHEIRO AGUIAR,,RUA TOME GIBSON,GALETO PEKIN,AV CONSELHEIRO AGUIAR,,GALETO PEKIN,BOA VIAGEM,2,CIDADE,ABALROAMENTO LONGITUDINAL,COLISÃO SEM VITIMA,2,,,,,,,,,0,,Cruzamento,Bom,Sem defeito,Perfeito estado,Seca,Perfeito estado,Faixa de pedestre,Outras,,Única,Faixa contínua,,,,,,,,
2019-05-01,15:37:00,SEM VÍTIMA,CANCELADA,AFOGADOS,RUA VINTE E UM DE ABRIL,121,,PROX AO TERMINAL DE ONIBUS E/F A MULTILAR,RUA VINTE E UM DE ABRIL,121,PROX AO TERMINAL DE ONIBUS E/F A MULTILAR,AFOGADOS,,,COLISÃO,COLISAO ENTRE DOIS AUTOS S/V,1,1,,,,,,,,0,,,,,,,,,,,,,,,,,,,,
2019-05-01,15:40:00,SEM VÍTIMA,FINALIZADA,AFOGADOS,RUA COSME VIANA,,,E/F AO EROS HOTEL,RUA COSME VIANA,,E/F AO EROS HOTEL,AFOGADOS,525,SUBURBIO,COLISÃO TRASEIRA,COLISAO ENTRE TRES AUTO S/V,3,,,,,,,,,0,,Longo da via,Bom,Sem defeito,Perfeito estado,Seca,Perfeito estado,Faixa de pedestre,R-6a,,Única,Faixa seccionada,,,,,,,,
2019-05-01,15:59:00,SEM VÍTIMA,FINALIZADA,CASA FORTE,RUA DONA ANUNCIADA DE MORAIS,445,,PRAÇA DE CASA FORTE,RUA DONA ANUNCIADA DE MORAIS,445,PRAÇA DE CASA FORTE,CASA FORTE,,,CHOQUE VEÍCULO PARADO,COLISÃO SEM VITIMA,1,,,,,,1,,,0,,,Bom,Não existe,Perfeito estado,Seca,Perfeito estado,Faixa de retenção,Placas Pare,,Única,,,,,,,,,
2019-05-01,17:08:00,COM VÍTIMA,FINALIZADA,BOA VISTA,RUA JOAO FERNANDES VIEIRA,73,,LADO OPOSTO A UNI SÃO MIGUEL,RUA JOAO FERNANDES VIEIRA,73,LADO OPOSTO A UNI SÃO MIGUEL,BOA VISTA,,CIDADE,CHOQUE OBJETO FIXO,AUTO CHOCOU-SE COM UMA ARVORE,1,,,,,,,,,1,,Longo da via,Bom,Não existe,Perfeito estado,Seca,Perfeito estado,Faixa de pedestre,Outras,,Única,Faixa seccionada,,,,,,,,
2019-05-01,21:14:00,COM VÍTIMA,FINALIZADA,BOA VISTA,AV GOVERNADOR AGAMENON MAGALHAES,,RUA DR BANDEIRA FILHO,NA ESQUINA DO MC DONALD´S,AV GOVERNADOR AGAMENON MAGALHAES,,NA ESQUINA DO MC DONALD´S,BOA VISTA,,SUBURBIO,ABALROAMENTO LONGITUDINAL,COLISÃO ENTRE ÔNIBUS E MOTO.,,1,,,,1,,,,1,,Esquina,Bom,Sem defeito,Perfeito estado,Seca,Perfeito estado,Faixa de pedestre,Outras,,Dupla,Canteiro central,,,,,,,,
2019-05-01,22:11:00,SEM VÍTIMA,FINALIZADA,CASA FORTE,EST DAS UBAIAS,,332,,EM FRENTE AO IMÓVEL Nº 332,EST DAS UBAIAS,,332,EM FRENTE AO IMÓVEL Nº 332,CASA FORTE,,SUBURBIO,ABALROAMENTO TRANSVERSAL,MOTO X PALIO,1,1,,,,,,,,0,,Longo da via,Bom,Não existe,Perfeito estado,Seca,Perfeito estado,,R-6a,30 km/h,Dupla,Faixa seccionada,,,,,,
2019-05-02,06:25:00,COM VÍTIMA,FINALIZADA,TORRE,RUA REAL DA TORRE,62,RUA DOM MANOEL DA COSTA,,RUA REAL DA TORRE,62,,TORRE,192,CIDADE,COLISÃO COM CICLISTA,ÔNIBUS E CICLISTA.,,,,1,,1,,,,1,,Cruzamento,Bom,Sem defeito,Perfeito estado,Seca,Perfeito estado,Agente,,30 km/h,Única,Faixa,,,,,,,,
2019-05-02,06:44:00,SEM VÍTIMA,FINALIZADA,BARRO,RUA AMADOR ARAUJO,525,RUA DA ESPERANCA,,RUA AMADOR ARAUJO,525,,BARRO,,SUBURBIO,ABALROAMENTO TRANSVERSAL,COLISÃO SEM VITIMA ENTRE DOIS AUTOS,2,,,,,,,,,0,,Cruzamento,Bom,Não existe,Perfeito estado,Seca,Perfeito estado,Outros,Não há placas,30 km/h,Dupla,Não existe,,,,,,,,
2019-05-02,06:47:00,SEM VÍTIMA,FINALIZADA,CASA FORTE,EST DO ENCANAMENTO,,,EM FRENTE AO RESTAURANTE BERCY,EST DO ENCANAMENTO,,EM FRENTE AO RESTAURANTE BERCY,CASA FORTE,462,CIDADE,COLISÃO TRASEIRA,QUATRO AUTOS,3,,,,,,,,,0,,Longo da via,Bom,Sem defeito,Perfeito estado,Seca,Perfeito estado,Faixa de pedestre,Outras,,Única,Faixa seccionada,,,,,,,,
2019-05-02,06:59:00,COM VÍTIMA,FINALIZADA,PINA,AV HERCULANO BANDEIRA,950,,EM FRENTE A JBS VEICULOS,AV HERCULANO BANDEIRA,950,EM FRENTE A JBS VEICULOS,PINA,660,SUBURBIO,CHOQUE OBJETO FIXO,VEICULO CHOCU-SE COM A LOJA.,1,,,,,,,,,1,,Longo da via,Bom,Sem defeito,Perfeito estado,Seca,Perfeito estado,Não existe,Outras,,Única,Faixa seccionada,,,,,,,,
2019-05-02,07:26:00,SEM VÍTIMA,FINALIZADA,BOA VISTA,AV VISCONDE DE SUASSUNA,593,RUA AFONSO PENA,PRÓXIMO A STEALMOAIC,AV VISCONDE DE SUASSUNA,593,PRÓXIMO A STEALMOAIC,BOA VISTA,,SUBURBIO,ABALROAMENTO TRANSVERSAL,COLISÃO S/ VITIMAS ENTRE DOIS AUTOS,2,,,,,,,,,0,,Cruzamento,Bom,Não existe,Perfeito estado,Seca,Perfeito estado,Faixa de retenção,Não há placas,60 km/h,Única,Faixa seccionada,,,,,,,,
2019-05-02,08:22:00,COM VÍTIMA,FINALIZADA,BOA VIAGEM,RUA VISCONDE DE JEQUITINHONHA,1280,RUA CONEGO ROMEU,EM FRENTE A PARADA 19 E EDF. SHALON,RUA VISCONDE DE JEQUITINHONHA,1280,EM FRENTE A PARADA 19 E EDF. SHALON,BOA VIAGEM,,SUBURBIO,COLISÃO COM CICLISTA,AUTO E CICLISTA,1,,,1,,,,,,1,,Cruzamento,Bom,Não existe,Perfeito estado,Seca,Perfeito estado,Não existe,Não há placas,60 km/h,Única,Não existe,,,,,,,,
2019-05-02,08:24:00,SEM VÍTIMA,FINALIZADA,BOA VIAGEM,AV CONSELHEIRO AGUIAR,3197,,EM FRENTE A FARMACIA DROGASIL,AV CONSELHEIRO AGUIAR,3197,EM FRENTE A FARMACIA DROGASIL,BOA VIAGEM,,SUBURBIO,ABALROAMENTO LONGITUDINAL,COLISÃO S/ VITIMAS ENTRE UM ONIBUS E UM AUTO,1,,,,,1,,,,0,,Longo da via,Bom,Não existe,Perfeito estado,Seca,Perfeito estado,Não existe,R-6a,40 km/h,Única,Faixa contínua,,,,,,,,
2019-05-02,08:25:00,COM VÍTIMA,FINALIZADA,IMBIRIBEIRA,RUA OLIVIA MENELAU,270,,EM FRENTE A AUTO ESCOLA NOVA ALIANÇA,RUA OLIVIA MENELAU,270,EM FRENTE A AUTO ESCOLA NOVA ALIANÇA,IMBIRIBEIRA,,CIDADE,COLISÃO COM CICLISTA,,1,,,1,,,,,,1,,Longo da via,Bom,,Perfeito estado,Seca,Perfeito estado,,R-6a,40 km/h,Única,Faixa,,,,,,,,
2019-05-02,08:26:00,SEM VÍTIMA,FINALIZADA,BOA VIAGEM,RUA ALMIRANTE BATISTA LEAO,46 A,,PROX. A BORRACHARIA SETUBAL,RUA ALMIRANTE BATISTA LEAO,46 A,PROX. A BORRACHARIA SETUBAL,BOA VIAGEM,,,COLISÃO TRASEIRA,CAMINHÃO E AUTO,1,,,,,,1,,,0,,Longo da via,Bom,Não existe,Perfeito estado,Seca,Perfeito estado,Não existe,Não há placas,,Dupla,Não existe,,,,,,,,
2019-05-02,09:00:00,COM VÍTIMA,FINALIZADA,MADALENA,AV CAXANGA,1150,RUA JOAO IVO DA SILVA,EM FRENTE AO BANCO BRADESCO E MUSEU DA ABOLIÇÃO,AV CAXANGA,1150,EM FRENTE AO BANCO BRADESCO E MUSEU DA ABOLIÇÃO,MADALENA,257,CIDADE,ABALROAMENTO TRANSVERSAL,COLISÃO ENTRE AUTO E MOTO.,1,1,,,,,,,,1,,Longo da via,Bom,Sem defeito,Perfeito estado,Seca,Perfeito estado,Faixa de pedestre,Não há placas,60 km/h,Única,Faixa contínua,,,,,,,,
2019-05-02,09:01:00,SEM VÍTIMA,FINALIZADA,ILHA DO RETIRO,AV JOSE GONCALVES DE MEDEIROS,,RUA SPORT CLUBE DO RECIFE,,AV JOSE GONCALVES DE MEDEIROS,,,ILHA DO RETIRO,355,SUBURBIO,COLISÃO TRASEIRA,DOIS AUTOS,2,,,,,,,,,0,,Longo da via,Bom,Sem defeito,Perfeito estado,Seca,Perfeito estado,Faixa de retenção,Não há placas,,Dupla,Canteiro central,,,,,,,,
2019-05-02,09:06:00,SEM VÍTIMA,FINALIZADA,HIPÓDROMO,RUA MARTINS RIBEIRO,392,,EM FRENTE AO 392,RUA MARTINS RIBEIRO,392,EM FRENTE AO 392,HIPÓDROMO,,SUBURBIO,CHOQUE VEÍCULO PARADO,CAMINHÃO E AUTO,1,,,,,,1,,,0,,Longo da via,Bom,Não existe,Incompleta,Seca,Perfeito estado,Não existe,Não há placas,,Dupla,Não existe,,,,,,,,
2019-05-02,09:17:00,COM VÍTIMA,FINALIZADA,ENCRUZILHADA,RUA DR EDUARDO WANDERLEY,206,,,RUA DR EDUARDO WANDERLEY,206,,ENCRUZILHADA,,SUBURBIO,COLISÃO TRASEIRA,,1,1,,,,,,,,1,,Longo da via,Bom,Não existe,Não existente,Seca,Perfeito estado,Não existe,Não há placas,,Inglesa,Não existe,,,,,,,,
2019-05-02,10:06:00,SEM VÍTIMA,FINALIZADA,DERBY,PRC DO DERBY,,RUA JENER DE SOUZA,,PRC DO DERBY,,,DERBY,418,CIDADE,ABALROAMENTO LONGITUDINAL,COLISÃO SEM VITIMA,2,,,,,,,,,0,,Cruzamento,Bom,Sem defeito,Perfeito estado,Seca,Perfeito estado,Faixa de pedestre,R-4a,,Dupla,Não existe,,,,,,,,
2019-05-02,11:09:00,SEM VÍTIMA,FINALIZADA,AFOGADOS,RUA SAO MIGUEL,176A,,EM FRENTE A DEPATRI,RUA SAO MIGUEL,176A,EM FRENTE A DEPATRI,AFOGADOS,300,SUBURBIO,ABALROAMENTO LONGITUDINAL,COLISÃO S/ VITIMAS ENTRE UM AUTO E UM CAMINHÃO,2,,,,,,,,,0,,Longo da via,Bom,Sem defeito,Perfeito estado,Seca,Perfeito estado,Faixa de pedestre,Outras,,Dupla,,,,,,,,,
2019-05-02,11:27:00,SEM VÍTIMA,FINALIZADA,COELHOS,RUA DOS COELHOS,160,,EM FRENTE A LBV,RUA DOS COELHOS,160,EM FRENTE A LBV,COELHOS,,SUBURBIO,ABALROAMENTO LONGITUDINAL,COLISÃO S/ VITIMAS ENTRE UM AUTO E UM ONIBUS,2,,,,,,,,,0,,Longo da via,Bom,Não existe,Perfeito estado,Seca,Perfeito estado,,R-6a,,Única,Faixa seccionada,,,,,,,,
2019-05-02,11:28:00,SEM VÍTIMA,FINALIZADA,VÁRZEA,RUA PROFESSOR ANTONIO COELHO,,RUA EMILIANO BRAGA,,RUA PROFESSOR ANTONIO COELHO,,,VÁRZEA,,,ABALROAMENTO TRANSVERSAL,DOIS AUTOS,2,,,,,,,,,0,,Cruzamento,Bom,Não existe,Perfeito estado,Seca,Perfeito estado,Não existe,Placas Pare,,Dupla,Faixa seccionada,,,,,,,,
2019-05-02,11:38:00,SEM VÍTIMA,FINALIZADA,IMBIRIBEIRA,AV ANTONIO TORRES GALVAO,,RUA DUQUE ESTRADA,EM FRENTE A BREMEN,AV ANTONIO TORRES GALVAO,,EM FRENTE A BREMEN,IMBIRIBEIRA,,CIDADE,ABALROAMENTO LONGITUDINAL,DOIS AUTOS,2,,,,,,,,,0,,Longo da via,Bom,Não existe,Ilegível,Seca,Mal conservada,Não existe,Não há placas,,Única,Faixa seccionada,,,,,,,,
2019-05-02,11:45:00,SEM VÍTIMA,DUPLICIDADE,CAXANGÁ,RUA EMILIANO BRAGA,425,,EM FRENTE AO TI DA CAXANGA,RUA EMILIANO BRAGA,425,EM FRENTE AO TI DA CAXANGA,CAXANGÁ,,,COLISÃO,DOIS AUTOS VT 21 NO QTH,2,,,,,,,,,0,,,,,,,,,,,,,,,,,,,,
2019-05-02,11:48:00,SEM VÍTIMA,FINALIZADA,JORDÃO,AV MARIA IRENE,130,,PROX. AO COMERCIAL SOUSA,AV MARIA IRENE,130,PROX. AO COMERCIAL SOUSA,JORDÃO,,SUBURBIO,ABALROAMENTO LONGITUDINAL,CAMINHÃO E AUTO,1,,,,,,1,,,0,,Longo da via,Bom,Não existe,Não existente,Seca,Mal conservada,Não existe,Não há placas,,Dupla,Não existe,,,,,,,,
2019-05-02,11:50:00,SEM VÍTIMA,FINALIZADA,MADALENA,AV VISCONDE DE ALBUQUERQUE,400,RUA LOPES DE CARVALHO,,AV VISCONDE DE ALBUQUERQUE,400,,MADALENA,,SUBURBIO,ABALROAMENTO TRANSVERSAL,COLISÃO SEM VITIMA,2,,,,,,,,,0,,Cruzamento,Bom,Não existe,Perfeito estado,Seca,Perfeito estado,Não existe,Placas Pare,,Única,Faixa seccionada,,,,,,,,
2019-05-02,12:20:00,SEM VÍTIMA,FINALIZADA,AFOGADOS,RUA SAO MIGUEL,92,,CASAS LOJAS AMERICANAS,RUA SAO MIGUEL,92,CASAS LOJAS AMERICANAS,AFOGADOS,300,SUBURBIO,CHOQUE VEÍCULO PARADO,COLISÃO SEM VITIMA,1,,,,,1,,,,0,,Longo da via,Bom,Sem defeito,Perfeito estado,Seca,Perfeito estado,Não existe,Outras,,Única,Faixa seccionada,,,,,,,,
2019-05-02,12:26:00,SEM VÍTIMA,CANCELADA,IBURA,AV RIO LARGO,305,,E/F A ESCOLA MUNICIPAL CRISTIANO CORDEIRO,AV RIO LARGO,305,E/F A ESCOLA MUNICIPAL CRISTIANO CORDEIRO,IBURA,,,COLISÃO,COLISAO ENTRE AUTO E MOTO S/V,1,1,,,,,,,,0,,,,,,,,,,,,,,,,,,,,
2019-05-02,12:32:00,SEM VÍTIMA,DUPLICIDADE,IBURA,AV RIO LARGO,325,,E/F ESCOLA MUNICIPAL CRISTIANO CORDEIRO,AV RIO LARGO,325,E/F ESCOLA MUNICIPAL CRISTIANO CORDEIRO,IBURA,,,COLISÃO,MOTO E AUTO PASSEIO SEM VITIMAS,1,1,,,,,,,,0,,,,,,,,,,,,,,,,,,,,
2019-05-02,13:56:00,COM VÍTIMA,FINALIZADA,BOA VISTA,RUA DA AURORA,,AV CONDE DA BOA VISTA,EM FRENTE A LOJA HELP,RUA DA AURORA,,EM FRENTE A LOJA HELP,BOA VISTA,162,,ATROPELAMENTO,PEDESTRE E ONIBUS.,,,,,1,1,,,,1,,Cruzamento,Bom,Sem defeito,Perfeito estado,Seca,Perfeito estado,Agente,Outras,60 km/h,Dupla,Faixa contínua,,,,,,,,
2019-05-02,14:17:00,SEM VÍTIMA,CANCELADA,IMBIRIBEIRA,AV MARECHAL MASCARENHAS DE MORAES,1080,,E/F GRAU TECNICO,AV MARECHAL MASCARENHAS DE MORAES,1080,E/F GRAU TECNICO,IMBIRIBEIRA,,SUBURBIO,COLISÃO,DOIS ONIBUS SEM VITIMAS,,,,,,2,,,,0,,,,,,,,,,,,,,,,,,,,
2019-05-02,15:08:00,SEM VÍTIMA,FINALIZADA,IMBIRIBEIRA,RUA PINTOR LULA CARDOSO AYRES,4771,,TERMINAL DE CARGAS TAM,RUA PINTOR LULA CARDOSO AYRES,4771,TERMINAL DE CARGAS TAM,IMBIRIBEIRA,,SUBURBIO,ABALROAMENTO LONGITUDINAL,COLISÃO SEM VÍTIMA,2,,,,,,,,,0,,Longo da via,Bom,Não existe,Não existente,Seca,Perfeito estado,Não existe,Não há placas,,Dupla,Não existe,,,,,,,,
2019-05-02,15:25:00,SEM VÍTIMA,FINALIZADA,BOA VIAGEM,RUA FRANCISCO DA CUNHA,440,RUA FRANCISCO DA CUNHA,CRUZAMENTO COM FRANCISCO DA CUNHA,RUA FRANCISCO DA CUNHA,440,CRUZAMENTO COM FRANCISCO DA CUNHA,BOA VIAGEM,,,ABALROAMENTO TRANSVERSAL,DOIS AUTO SEM VITIMAS,2,,,,,,,,,0,,Cruzamento,Bom,Não existe,Perfeito estado,Seca,Perfeito estado,,Placas Pare,40 km/h,Única,Não existe,,,,,,,,
2019-05-02,15:43:00,SEM VÍTIMA,FINALIZADA,VÁRZEA,RUA FRANCISCO LACERDA,218,,,RUA FRANCISCO LACERDA,218,,VÁRZEA,,CIDADE,CHOQUE VEÍCULO PARADO,CAMINHÃO E AUTO PASSEIO SEM VITIMAS,1,,,,,,1,,,0,,Longo da via,Bom,Não existe,Incompleta,Seca,Perfeito estado,Não existe,Placas Pare,,Dupla,Não existe,,,,,,,,
2019-05-02,16:34:00,SEM VÍTIMA,FINALIZADA,BOA VISTA,AV CONDE DA BOA VISTA,1512,RUA PADRE INGLES,,AV CONDE DA BOA VISTA,1512,,BOA VISTA,,SUBURBIO,ABALROAMENTO TRANSVERSAL,DOIS AUTO SEM VITIMAS (CONDUTOR DO CARRO OFICIAL SITOMAS DE EMBRIAGUEZ),2,,,,,,,,,0,,,Bom,Sem defeito,Perfeito estado,Seca,Perfeito estado,Não existe,Placas Pare,,Dupla,Não existe,,,,,,,,
2019-05-02,16:50:00,COM VÍTIMA,FINALIZADA,SANTO AMARO,RUA DOS PALMARES,,RUA TREZE DE MAIO,EM FRENTE A PREVIDENCIA,RUA DOS PALMARES,,EM FRENTE A PREVIDENCIA,SANTO AMARO,30,SUBURBIO,ABALROAMENTO TRANSVERSAL,COLISÃO COM VÍTIMA,2,,,,,,,,1,2,,Cruzamento,Bom,Sem defeito,Perfeito estado,Seca,Perfeito estado,Faixa de pedestre,Outras,40 km/h,Dupla,Canteiro central,,,,,,,,
2019-05-02,16:57:00,SEM VÍTIMA,FINALIZADA,TAMARINEIRA,AV CONS ROSA E SILVA,,RUA CONEGO BARATA,E/F AO SEMÁFORO Nº 061,AV CONS ROSA E SILVA,,E/F AO SEMÁFORO Nº 061,TAMARINEIRA,61,SUBURBIO,ABALROAMENTO LONGITUDINAL,ONIBUS E AUTO PASSEIO,,,,,,1,,,,0,,Longo da via,Bom,Sem defeito,Perfeito estado,Seca,Perfeito estado,Faixa de pedestre,Outras,,Única,Não existe,,,,,,,,
2019-05-02,17:02:00,SEM VÍTIMA,CANCELADA,AFOGADOS,AV SUL,2730,,AO LADO DA ALUMIAÇO RECIFE,AV SUL,2730,AO LADO DA ALUMIAÇO RECIFE,AFOGADOS,,,COLISÃO,EMPILHADEIRA COLIDIU COM UM VEICULO,1,,,,,,,,1,0,,,,,,,,,,,,,,,,,,,,
2019-05-02,17:05:00,SEM VÍTIMA,FINALIZADA,PINA,AV ANTONIO DE GOES,183,,EM FRENTE AO POSTO FEDERAL,AV ANTONIO DE GOES,183,EM FRENTE AO POSTO FEDERAL,PINA,,CIDADE,ABALROAMENTO LONGITUDINAL,ONIBUS E AUTO PASSEIO SEM VITIMAS,1,,,,,1,,,,0,,Longo da via,Bom,Não existe,Perfeito estado,Seca,Perfeito estado,Não existe,Não há placas,60 km/h,Única,Faixa seccionada,Canteiro central,,,,,,,