data,hora,natureza_acidente,situacao,bairro,endereco,numero,detalhe_endereco_acidente,complemento,endereco_cruzamento,numero_cruzamento,referencia_cruzamento,bairro_cruzamento,num_semaforo,sentido_via,tipo,descricao,auto,moto,ciclom,ciclista,pedestre,onibus,caminhao,viatura,outros,vitimas,vitimasfatais,acidente_verificado,tempo_clima,situacao_semaforo,sinalizacao,condicao_via,conservacao_via,ponto_controle,situacao_placa,velocidade_max_via,mao_direcao,divisao_via1,divisao_via2,divisao_via3,,,,,,
2019-05-03,19:49:00,SEM VÍTIMA,CANCELADA,ROSARINHO,RUA REGUEIRA COSTA,52,,E/F A ACADEMIA MAXFORMA,RUA REGUEIRA COSTA,52,E/F A ACADEMIA MAXFORMA,ROSARINHO,,,COLISÃO,ENTRE AUTO E CAMINHÂO. S/V,1,,,,,,1,,,0,,,,,,,,,,,,,,,,,,,,
2019-05-03,21:52:00,SEM VÍTIMA,FINALIZADA,TORRE,RUA REAL DA TORRE,,,E/F AO MERCADO EXTRABOM,RUA REAL DA TORRE,,E/F AO MERCADO EXTRABOM,TORRE,,SUBURBIO,ABALROAMENTO LONGITUDINAL,ENTRE AUTO E CAMINHÂO. S/V,1,,,,,,1,,,0,,Longo da via,Bom,Não existe,Perfeito estado,Seca,Perfeito estado,Não existe,Não há placas,40 km/h,Única,,,,,,,,,
2019-05-06,08:52:00,SEM VÍTIMA,FINALIZADA,CASA AMARELA,AV DR EURICO CHAVES,215,,EM FRENTE AO Nº 215,AV DR EURICO CHAVES,215,EM FRENTE AO Nº 215,CASA AMARELA,,CIDADE,ABALROAMENTO LONGITUDINAL,ONIBUS X ONIX,1,,,,,1,,,,0,,Longo da via,Bom,Não existe,Perfeito estado,Seca,Perfeito estado,Não existe,R-6a,30 km/h,Dupla,Não existe,,,,,,,,
2019-05-04,00:55:00,SEM VÍTIMA,FINALIZADA,ENGENHO DO MEIO,AV CAXANGA,,RUA MANOEL JOAQUIM DE ALMEIDA,,AV CAXANGA,,,ENGENHO DO MEIO,533,CIDADE,ABALROAMENTO TRANSVERSAL,COLISÃO ENTRE DOIS AUTOS, SEM VÍTIMAS.,2,,,,,,,,,0,,Cruzamento,Bom,Sem defeito,Perfeito estado,Seca,Mal iluminada,Faixa de pedestre,Não há placas,60 km/h,Dupla,Canteiro central,,,,,,,
2019-05-04,08:03:00,COM VÍTIMA,FINALIZADA,MACAXEIRA,AV JOSE AMERICO DE ALMEIDA,79,AV NORTE,EM FRENTE A PANICADORA SANTO ANTONIO,AV JOSE AMERICO DE ALMEIDA,79,EM FRENTE A PANICADORA SANTO ANTONIO,MACAXEIRA,,CIDADE,ABALROAMENTO TRANSVERSAL,COLISÃO ENTRE AUTO E MOTO.,1,1,,,,,,,,1,,Outros,Bom,Não existe,Perfeito estado,Seca,Perfeito estado,,Não há placas,,Dupla,Canteiro central,,,,,,,,
2019-05-04,08:11:00,SEM VÍTIMA,FINALIZADA,IMBIRIBEIRA,AV MARECHAL MASCARENHAS DE MORAES,2931,,,AV MARECHAL MASCARENHAS DE MORAES,2931,,IMBIRIBEIRA,631,CIDADE,COLISÃO TRASEIRA,SEM VITIMAS,1,,,,,,1,,,0,,Longo da via,Bom,Com defeito,Perfeito estado,Seca,Perfeito estado,Faixa de retenção,Outras,60 km/h,Única,Faixa contínua,,,,,,,,
2019-05-04,09:09:00,SEM VÍTIMA,FINALIZADA,IMBIRIBEIRA,AV MARECHAL MASCARENHAS DE MORAES,,RUA CORONEL FABRICIANO,AO LADO DO ATACADO DOS PRESENTES,AV MARECHAL MASCARENHAS DE MORAES,,AO LADO DO ATACADO DOS PRESENTES,IMBIRIBEIRA,310,,ABALROAMENTO TRANSVERSAL,SEM VITIMAS,1,,,,,1,,,,0,,Longo da via,Bom,Sem defeito,Perfeito estado,Seca,Perfeito estado,Faixa de pedestre,Não há placas,,Dupla,Canteiro central,,,,,,,,
2019-05-04,09:29:00,COM VÍTIMA,FINALIZADA,IMBIRIBEIRA,AV GENERAL MAC ARTHUR,,RUA JORGE DE LIMA,EM FRENTE A GEOVANE SONDA,AV GENERAL MAC ARTHUR,,EM FRENTE A GEOVANE SONDA,IMBIRIBEIRA,,IMBIRIBEIRA,COLISÃO COM CICLISTA,,1,,,1,,,,,,1,,Cruzamento,Bom,Sem defeito,Perfeito estado,Seca,Perfeito estado,Faixa de retenção,Não há placas,,Única,Faixa seccionada,,,,,,,,
2019-05-04,10:49:00,COM VÍTIMA,FINALIZADA,BARRO,RUA DOM ANTONIO VICOSO,,AV DR JOSE RUFINO,EM FRENTE AO COLEGIO IMACULADA,RUA DOM ANTONIO VICOSO,,EM FRENTE AO COLEGIO IMACULADA,BARRO,,,COLISÃO,COM VITIMA/ A SRº QUE SOLICITOU A V.T FOI AGREDIDA FISICA E VERBAL PELO CONDUTOR DA MOTO...,1,1,,,,,,,,1,,Longo da via,Bom,,Perfeito estado,Seca,Perfeito estado,Não existe,Não há placas,,Dupla,Não existe,,,,,,,,
2019-05-04,11:50:00,SEM VÍTIMA,CANCELADA,IMBIRIBEIRA,AV MARECHAL MASCARENHAS DE MORAES,,RUA JOAQUIM BANDEIRA,EM FRENTE A EUROVIA,AV MARECHAL MASCARENHAS DE MORAES,,EM FRENTE A EUROVIA,IMBIRIBEIRA,,AEROPORTO,COLISÃO,SEM VITIMAS,1,,,,,,1,,,0,,,,,,,,,,,,,,,,,,,,
2019-05-04,12:42:00,SEM VÍTIMA,FINALIZADA,MANGUEIRA,RUA DR JOAO ELISIO,283,,EM FRENTE A MEGA BIKE,RUA DR JOAO ELISIO,283,EM FRENTE A MEGA BIKE,MANGUEIRA,,,COLISÃO TRASEIRA,COLISÃO SEM VÍTIMA,2,,,,,,,,,0,,Longo da via,Bom,Não existe,Perfeito estado,Seca,Perfeito estado,Não existe,Não há placas,,Dupla,Não existe,,,,,,,,
2019-05-04,14:44:00,SEM VÍTIMA,FINALIZADA,BOA VIAGEM,AV ENGENHEIRO DOMINGOS FERREIRA,3904,,,AV ENGENHEIRO DOMINGOS FERREIRA,3904,,BOA VIAGEM,,SUBURBIO,COLISÃO TRASEIRA,COLISÃO SEM VÍTIMA,2,,,,,,,,,0,,Longo da via,Bom,Não existe,Perfeito estado,Seca,Perfeito estado,Não existe,R-6a,60 km/h,Única,Não existe,,,,,,,,
2019-05-04,15:21:00,COM VÍTIMA,FINALIZADA,SANTO AMARO,AV CRUZ CABUGA,,,EM FRENTE AO SANTANDER,AV CRUZ CABUGA,,EM FRENTE AO SANTANDER,SANTO AMARO,,CIDADE,ABALROAMENTO LONGITUDINAL,COLISÃO ENTRE DUAS MOTOS.,,2,,,,,,,,2,,Longo da via,Bom,Sem defeito,Perfeito estado,Seca,Perfeito estado,Outros,R-6a,,Dupla,Faixa seccionada,,,,,,,,
2019-05-04,18:26:00,COM VÍTIMA,CANCELADA,ESPINHEIRO,RUA CONS PORTELA,564,,PRÓX AO PÃO DE AÇÚCAR E RESTAURANTE TOMASEL / E/F AO EDF PORTICO,RUA CONS PORTELA,564,PRÓX AO PÃO DE AÇÚCAR E RESTAURANTE TOMASEL / E/F AO EDF PORTICO,ESPINHEIRO,,,COLISÃO,ENTRE AUTO E MOTO. C/V,1,1,,,,,,,,1,,,,,,,,,,,,,,,,,,,,
2019-05-04,20:23:00,COM VÍTIMA,FINALIZADA,ESTÂNCIA,AV DR JOSE RUFINO,12A,,PROX A FABRICA YOLANDA E VILLA KIDS OBS: ENCIMA DA PONTE,AV DR JOSE RUFINO,12A,PROX A FABRICA YOLANDA E VILLA KIDS OBS: ENCIMA DA PONTE,ESTÂNCIA,,CIDADE,ABALROAMENTO LONGITUDINAL,COLISÃO ENTRE AUTO E MOTO.,1,1,,,,,,,,1,,Longo da via,Bom,Não existe,Perfeito estado,Seca,Perfeito estado,,Não há placas,,Dupla,Faixa contínua,,,,,,,,
2019-05-04,20:44:00,COM VÍTIMA,FINALIZADA,VASCO DA GAMA,RUA DOIS DE FEVEREIRO,5,RUA ITAGUATIARA,NO LADO ESQUERDO QUE DA NA SUBIDA DO MORRO DA CONCEIÇÃO / E/F AO CENTRO ESPIRITA PEDRO CARNEIRO,RUA DOIS DE FEVEREIRO,5,NO LADO ESQUERDO QUE DA NA SUBIDA DO MORRO DA CONCEIÇÃO / E/F AO CENTRO ESPIRITA PEDRO CARNEIRO,VASCO DA GAMA,,SUBURBIO,ABALROAMENTO LONGITUDINAL,COLISÃO ENTRE AUTO E MOTO.,1,1,,,,,,,,1,,Cruzamento,Bom,Não existe,Não existente,Seca,Perfeito estado,,,30 km/h,Dupla,Não existe,,,,,,,,
2019-05-04,21:02:00,COM VÍTIMA,FINALIZADA,BOA VIAGEM,RUA DEZ DE JULHO,210,RUA CAMBOIM,PRÓX A ESTAÇÃO DE METRÔ DO AEROPORTO,RUA DEZ DE JULHO,210,PRÓX A ESTAÇÃO DE METRÔ DO AEROPORTO,BOA VIAGEM,,BOA VIAGEM,ABALROAMENTO TRANSVERSAL,COLISÃO ENTRE AUTO E MOTO.,1,1,,,,,,,,1,,Cruzamento,Bom,Não existe,Perfeito estado,Seca,Perfeito estado,,Placas Pare,,Única,Faixa seccionada,,,,,,,,
2019-05-05,01:05:00,SEM VÍTIMA,FINALIZADA,IMBIRIBEIRA,AV DOM JOAO VI,,RUA PEDRO PAES DE MENDONCA,,AV DOM JOAO VI,,,IMBIRIBEIRA,543,,ABALROAMENTO TRANSVERSAL,COLISÃO ENTRE DOIS AUTOS S/V,2,,,,,,,,,0,,Cruzamento,Bom,Sem defeito,Perfeito estado,Seca,Perfeito estado,Faixa de pedestre,Não há placas,60 km/h,Dupla,Canal,,,,,,,,
2019-05-05,08:14:00,COM VÍTIMA,FINALIZADA,BOA VISTA,RUA BARAO DE SAO BORJA,,RUA JOSE DE ALENCAR,AOLAOD DO HOTEL BOA VISTA,RUA BARAO DE SAO BORJA,,AOLAOD DO HOTEL BOA VISTA,BOA VISTA,,SUBURBIO,ABALROAMENTO TRANSVERSAL,COLISÃO ENTRE AUTO E MOTO.,1,1,,,,,,,,2,,Cruzamento,Bom,Não existe,Perfeito estado,Seca,Perfeito estado,Não existe,Não há placas,,Única,Não existe,,,,,,,,
2019-05-05,10:58:00,SEM VÍTIMA,FINALIZADA,ILHA DO LEITE,RUA ESTADO DE ISRAEL,228,,,RUA ESTADO DE ISRAEL,228,,ILHA DO LEITE,,CIDADE,CHOQUE VEÍCULO PARADO,COLISÃO S/ VITIMA ENTRE QUATRO AUTOS E UMA MOTO,4,,,,,,,,,0,,Longo da via,Bom,Não existe,Perfeito estado,Seca,Perfeito estado,Não existe,R-6a,,Única,Faixa seccionada,,,,,,,,
2019-05-05,12:23:00,SEM VÍTIMA,FINALIZADA,,AV GOVERNADOR AGAMENON MAGALHAES,,,SOBRE O VIADUTO JOÃO DE BARROS,AV GOVERNADOR AGAMENON MAGALHAES,,SOBRE O VIADUTO JOÃO DE BARROS,,,,ABALROAMENTO LONGITUDINAL,COLISÃO SEM VITIMA,2,,,,,,,,,0,,Viaduto,Bom,Não existe,Perfeito estado,Seca,Perfeito estado,Não existe,Não há placas,60 km/h,Única,Faixa contínua,,,,,,,,
2019-05-05,14:12:00,COM VÍTIMA,FINALIZADA,IMBIRIBEIRA,VIADUTO TANCREDO NEVES,,,SOBRE O VIADUTO TANCREDO NEVES,VIADUTO TANCREDO NEVES,,SOBRE O VIADUTO TANCREDO NEVES,IMBIRIBEIRA,,BOA VIAGEM,CHOQUE OBJETO FIXO,MOTOCICLETA CHOCOU COM A MURETA DO VIADUTO TANCREDO NEVES,,1,,,,,,,,2,,Viaduto,Bom,Não existe,Não existente,Seca,Perfeito estado,Não existe,Não há placas,60 km/h,Única,Faixa seccionada,,,,,,,,
2019-05-05,14:36:00,SEM VÍTIMA,FINALIZADA,CASA AMARELA,AV NORTE,4413,AV PROFESSOR JOSE DOS ANJOS,LADO OPOSTO AO SESC CASA AMARELA,AV NORTE,4413,LADO OPOSTO AO SESC CASA AMARELA,CASA AMARELA,364,CIDADE,COLISÃO TRASEIRA,COLISÃO SEM VITIMAS,2,,,,,,,,,0,,Cruzamento,Bom,Sem defeito,Perfeito estado,Seca,Perfeito estado,Faixa de pedestre,Outras,,Dupla,Blocos,,,,,,,,
2019-05-05,15:00:00,SEM VÍTIMA,FINALIZADA,ILHA DO RETIRO,RUA SPORT CLUBE DO RECIFE,,,E/F A ENTRADA DO PARQUE AQUATICO,RUA SPORT CLUBE DO RECIFE,,E/F A ENTRADA DO PARQUE AQUATICO,ILHA DO RETIRO,,CIDADE,ABALROAMENTO LONGITUDINAL,ONIBUS E AUTO PASSEIO SEM VITIMAS,1,,,,,1,,,,0,,Longo da via,Bom,Não existe,Perfeito estado,Seca,Perfeito estado,Não existe,Outras,,Dupla,Canteiro central,,,,,,,,
2019-05-05,15:43:00,COM VÍTIMA,FINALIZADA,SÃO JOSÉ,AV ENGENHEIRO JOSE ESTELITA,,,PRÓXIMO AOS GALPÕES E À LOMBADA ELETRÔNICA.,AV ENGENHEIRO JOSE ESTELITA,,PRÓXIMO AOS GALPÕES E À LOMBADA ELETRÔNICA.,SÃO JOSÉ,,SUBURBIO,CHOQUE OBJETO FIXO,AUTO CHOCOU-SE COM ÁRVORE.,1,,,,,,,,,1,,Longo da via,Bom,Não existe,Perfeito estado,Seca,Perfeito estado,Não existe,Não há placas,,Dupla,Canteiro central,,,,,,,,
2019-05-05,15:53:00,SEM VÍTIMA,CANCELADA,IBURA,AV DOIS RIOS,,,E/F CLUBE SESI,AV DOIS RIOS,,E/F CLUBE SESI,IBURA,594,,COLISÃO,DOIS AUTO SEM VITIMAS,2,,,,,,,,,0,,,,,,,,,,,,,,,,,,,,
2019-05-05,16:29:00,COM VÍTIMA,FINALIZADA,IBURA,RUA DR BENIGNO JORDAO DE VASCONCELOS,405,,NA SUBIDA DO R2,RUA DR BENIGNO JORDAO DE VASCONCELOS,405,NA SUBIDA DO R2,IBURA,,,ABALROAMENTO LONGITUDINAL,COLISÃO COM VITIMA, AGUARDANDO NO LOCAL,2,1,,,,,,,,1,,Longo da via,Bom,Não existe,Não existente,Seca,Perfeito estado,Não existe,Não há placas,,Dupla,Não existe,,,,,,,
2019-05-05,16:45:00,SEM VÍTIMA,FINALIZADA,JIQUIÁ,RUA PRINCIPE DA BEIRA,,RUA ELIZEU CESAR,,RUA PRINCIPE DA BEIRA,,,JIQUIÁ,,CIDADE,ABALROAMENTO LONGITUDINAL,COLISÃO SEM VITIMAS,2,,,,,,,,,0,,Longo da via,Bom,Não existe,Não existente,Seca,Perfeito estado,Não existe,Não há placas,,Dupla,Não existe,,,,,,,,
2019-05-05,18:18:00,SEM VÍTIMA,FINALIZADA,SAN MARTIN,RUA ARSENIO CALACA,23,,AO LADO DO ESTACIONAMENTO DA CHESF,RUA ARSENIO CALACA,23,AO LADO DO ESTACIONAMENTO DA CHESF,SAN MARTIN,,SUBURBIO,CHOQUE OBJETO FIXO,VEICULO E MURO DE UMA RESIDENCIA,1,,,,,,,,1,0,,Longo da via,Bom,Não existe,Perfeito estado,Seca,,Não existe,Placas Pare,,Dupla,Não existe,,,,,,,,
2019-05-05,18:43:00,COM VÍTIMA,FINALIZADA,ESPINHEIRO,AV JOAO DE BARROS,1420,RUA DA HORA,PRÓX AO EXTRA / ESQUINA COM O POSTO SHELL,AV JOAO DE BARROS,1420,PRÓX AO EXTRA / ESQUINA COM O POSTO SHELL,ESPINHEIRO,,SUBURBIO,ABALROAMENTO TRANSVERSAL,ENTRE AUTO E MOTO. C/V,1,1,,,,,,,,1,,Cruzamento,Bom,Não existe,Perfeito estado,Seca,Perfeito estado,Não existe,Outras,,Única,Faixa seccionada,,,,,,,,
2019-05-05,18:48:00,SEM VÍTIMA,CANCELADA,BOA VIAGEM,AV CONSELHEIRO AGUIAR,3645,RUA WILFRID RUSSEL SHORTO,PROX AO BANCO ITAU E FRUTARIA,AV CONSELHEIRO AGUIAR,3645,PROX AO BANCO ITAU E FRUTARIA,BOA VIAGEM,,,COLISÃO,ECOSPORT X FORD K X AUTO,3,,,,,,,,,0,,,,,,,,,,,,,,,,,,,,
2019-05-05,20:05:00,SEM VÍTIMA,FINALIZADA,ÁGUA FRIA,RUA ALEGRE,309,,MAGO PEÇAS E SERVIÇOS,RUA ALEGRE,309,MAGO PEÇAS E SERVIÇOS,ÁGUA FRIA,,SUBURBIO,COLISÃO TRASEIRA,HB 20 X FIAT X CHEVROLET CRUZ,3,,,,,,,,,0,,Longo da via,Bom,Não existe,Perfeito estado,Seca,Perfeito estado,Não existe,Não há placas,30 km/h,Única,Faixa seccionada,,,,,,,,
2019-05-05,22:43:00,COM VÍTIMA,FINALIZADA,AREIAS,AV DR JOSE RUFINO,,RUA AIRES BELO,E/F AO ARMAZÉM CORAL / SEMÁFORO 491,AV DR JOSE RUFINO,,E/F AO ARMAZÉM CORAL / SEMÁFORO 491,AREIAS,,,COLISÃO FRONTAL,ENTRE AUTO E MOTO. C/V,1,1,,,,,,,,1,,Esquina,Bom,Não existe,Incompleta,Seca,Mal iluminada,Não existe,Outras,,Dupla,Faixa contínua,Faixa seccionada,,,,,,,
2019-05-05,23:20:00,SEM VÍTIMA,FINALIZADA,BOA VIAGEM,RUA VISCONDE DE JEQUITINHONHA,2269,,E/F AO EDF DUQUE WINDSOR,RUA VISCONDE DE JEQUITINHONHA,2269,E/F AO EDF DUQUE WINDSOR,BOA VIAGEM,,CIDADE,CHOQUE VEÍCULO PARADO,CONDUTOR RESPONSÁVEL PELO ENGAVETAMENTO APRESENTOU SINAIS DE EMBRIAGUEZ E ACABOU SE EVADINDO DO LOCAL. O SD INFORMA QUE OS VEÍCULOS ENVOLVIDOS FICARAM BASTANTE IMPRENSADOS UNS AOS OUTROS, TODOS ESTAVAM ESTACIONADOS, SENDO ASSIM, NÃO FOI POSSÍVEL REPASSAR AS PLACAS ) S/V,3,,,,,,1,,,0,,Longo da via,Bom,Não existe,Perfeito estado,Seca,Perfeito estado,,R-6a,30 km/h,Única,,,,,,
2019-05-06,06:26:00,SEM VÍTIMA,FINALIZADA,SÃO JOSÉ,RUA IMPERADOR PEDRO SEGUNDO,,RUA SIQUEIRA CAMPOS,SEMÁFORO 206,RUA IMPERADOR PEDRO SEGUNDO,,SEMÁFORO 206,SÃO JOSÉ,206,CIDADE,ABALROAMENTO TRANSVERSAL,COLISÃO SEM VITIMAS,1,,,,,1,,,,0,,Cruzamento,Bom,Intermitente,,Seca,Perfeito estado,Outros,Outras,,Única,Não existe,,,,,,,,
2019-05-06,07:00:00,SEM VÍTIMA,FINALIZADA,JORDÃO,AV MARIA IRENE,23,,EM FRENTE A CINDACTA,AV MARIA IRENE,23,EM FRENTE A CINDACTA,JORDÃO,,SUBURBIO,COLISÃO TRASEIRA,DOIS AUTOS,2,,,,,,,,,0,,Longo da via,Bom,Não existe,Não existente,Seca,Mal conservada,Não existe,Não há placas,,Dupla,Não existe,,,,,,,,
2019-05-06,07:33:00,SEM VÍTIMA,FINALIZADA,IPSEP,AV RAIMUNDO DINIZ,123,,RUA COSTA E SILVA,AV RAIMUNDO DINIZ,123,RUA COSTA E SILVA,IPSEP,,SUBURBIO,ABALROAMENTO LONGITUDINAL,DOIS AUTOS,2,,,,,,,,,0,,Cruzamento,Bom,Não existe,Incompleta,Seca,Mal conservada,Não existe,,,Dupla,Não existe,,,,,,,,
2019-05-06,08:28:00,SEM VÍTIMA,FINALIZADA,IMBIRIBEIRA,AV MARECHAL MASCARENHAS DE MORAES,2303,,CARROCERIAS PROGRESSO,AV MARECHAL MASCARENHAS DE MORAES,2303,CARROCERIAS PROGRESSO,IMBIRIBEIRA,98,SUBURBIO,ABALROAMENTO LONGITUDINAL,COLISÃO SEM VITIMAS,1,,,,,,1,,,0,,Longo da via,Bom,Sem defeito,Perfeito estado,Seca,Perfeito estado,Não existe,Não há placas,60 km/h,Dupla,Canteiro central,,,,,,,,
2019-05-06,09:11:00,SEM VÍTIMA,FINALIZADA,BOA VIAGEM,AV DES JOSE NEVES,,RUA BARAO DE SOUZA LEAO,AO LADO DO SUPERMERCADO TREVO,AV DES JOSE NEVES,,AO LADO DO SUPERMERCADO TREVO,BOA VIAGEM,476,SUBURBIO,ABALROAMENTO LONGITUDINAL,SEM VITIMA,1,1,,,,,,,,0,,Cruzamento,Bom,Sem defeito,Perfeito estado,Seca,Perfeito estado,Faixa de pedestre,Outras,,,,,,,,,,,
2019-05-06,09:34:00,SEM VÍTIMA,CANCELADA,MADALENA,AV ENGENHEIRO ABDIAS DE CARVALHO,1394,,EM FRENTE AO MARTELINHO DE OURO, SENT. CIDADE,AV ENGENHEIRO ABDIAS DE CARVALHO,1394,EM FRENTE AO MARTELINHO DE OURO, SENT. CIDADE,MADALENA,,,COLISÃO,TRES AUTOS,3,,,,,,,,,0,,,,,,,,,,,,,,,,,,
2019-05-06,09:52:00,SEM VÍTIMA,FINALIZADA,ESPINHEIRO,RUA DO ESPINHEIRO,,RUA AMELIA,SOB O SEMÁFORO,RUA DO ESPINHEIRO,,SOB O SEMÁFORO,ESPINHEIRO,195,CIDADE,ABALROAMENTO LONGITUDINAL,DOIS AUTOS VT 02 NO QTA,1,,,,,,1,,,0,,Cruzamento,Bom,Sem defeito,Perfeito estado,Seca,Perfeito estado,Faixa de pedestre,Outras,,Única,Faixa contínua,,,,,,,,
2019-05-06,10:37:00,COM VÍTIMA,FINALIZADA,IMBIRIBEIRA,RUA ARQUITETO LUIZ NUNES,245,AV ENGENHEIRO ALVES DE SOUZA,EM FRENTE A FARMACIA DROGASIL,RUA ARQUITETO LUIZ NUNES,245,EM FRENTE A FARMACIA DROGASIL,IMBIRIBEIRA,634,CIDADE,ABALROAMENTO TRANSVERSAL,MOTO E AUTO,1,1,,,,,,,,1,,Cruzamento,Bom,Sem defeito,Perfeito estado,Seca,Perfeito estado,Faixa de pedestre,Outras,,Dupla,Faixa contínua,,,,,,,,
2019-05-06,10:49:00,SEM VÍTIMA,FINALIZADA,DERBY,RUA JORNALISTA PAULO BITTENCOURT,,,AO LADO DO HOSPITAL DA RESTAURAÇÃO,RUA JORNALISTA PAULO BITTENCOURT,,AO LADO DO HOSPITAL DA RESTAURAÇÃO,DERBY,,SUBURBIO,ABALROAMENTO LONGITUDINAL,SEM VITIMAS,2,,,,,,,,,0,,Longo da via,Bom,Não existe,Incompleta,Seca,Perfeito estado,Não existe,R-6b,,Dupla,Não existe,,,,,,,,
2019-05-06,12:14:00,SEM VÍTIMA,FINALIZADA,BOA VISTA,RUA AURORA,,,SOB O SEMÁFORO 22,RUA AURORA,,SOB O SEMÁFORO 22,BOA VISTA,22,SUBURBIO,ABALROAMENTO LONGITUDINAL,COLISAÕ SEM VITIMAS,1,,,,,1,,,,0,,Cruzamento,Bom,Sem defeito,Perfeito estado,Seca,Perfeito estado,Faixa de pedestre,,,Única,,,,,,,,,
2019-05-06,13:09:00,SEM VÍTIMA,FINALIZADA,ÁGUA FRIA,RUA LADEIRA DE PEDRA,,,EM FRENTE AO Nº 1271,RUA LADEIRA DE PEDRA,,EM FRENTE AO Nº 1271,ÁGUA FRIA,,SUBURBIO,ABALROAMENTO LONGITUDINAL,COLISÃO SEM VÍTIMA,1,,,,,1,,,,0,,Longo da via,Bom,Não existe,Não existente,Seca,Perfeito estado,,Não há placas,,Dupla,,,,,,,,,
2019-05-06,14:49:00,SEM VÍTIMA,FINALIZADA,DERBY,AV GOVERNADOR AGAMENON MAGALHAES,3855,,E/F MAFRE SEGUROS,AV GOVERNADOR AGAMENON MAGALHAES,3855,E/F MAFRE SEGUROS,DERBY,,SUBURBIO,COLISÃO TRASEIRA,COLISAO ENTRE DOIS AUTOS S/V,2,,,,,,,,,0,,Longo da via,Bom,Não existe,Perfeito estado,Seca,Perfeito estado,Não existe,Não há placas,60 km/h,Única,Faixa seccionada,,,,,,,,
2019-05-06,15:10:00,SEM VÍTIMA,FINALIZADA,SANTO AMARO,RUA DR CARLOS CHAGAS,136,,EM FRENTE A GALERIA DE Nº 135,RUA DR CARLOS CHAGAS,136,EM FRENTE A GALERIA DE Nº 135,SANTO AMARO,,SUBURBIO,ABALROAMENTO LONGITUDINAL,COLISÃO SEM VÍTIMA ( VT 12 NO LOCAL),2,,,,,,,,,0,,Longo da via,Bom,Não existe,Perfeito estado,Seca,Perfeito estado,Não existe,R-6a,,Única,Não existe,,,,,,,,
2019-05-06,16:52:00,SEM VÍTIMA,FINALIZADA,AREIAS,AV RECIFE,,,LADO OPOSTO A FARMÁCIA PAGUE MENOS E AO Nº 844,AV RECIFE,,LADO OPOSTO A FARMÁCIA PAGUE MENOS E AO Nº 844,AREIAS,,SUBURBIO,ABALROAMENTO LONGITUDINAL,COLISAO S/VITIMA ENTRE CAMINHÃO E AUTO,1,,,,,,1,,,0,,Longo da via,Bom,Sem defeito,Perfeito estado,Seca,Perfeito estado,Não existe,Não há placas,60 km/h,Única,Faixa seccionada,,,,,,,,
2019-05-06,17:16:00,SEM VÍTIMA,FINALIZADA,ESPINHEIRO,RUA DR BANDEIRA FILHO,,AV GOVERNADOR AGAMENON MAGALHAES,SOB O SEMÁFORO 173,RUA DR BANDEIRA FILHO,,SOB O SEMÁFORO 173,ESPINHEIRO,173,SUBURBIO,COLISÃO TRASEIRA,COLISÃO SEM VITIMAS,1,1,,,,,,,,0,,Cruzamento,Bom,Sem defeito,Perfeito estado,Seca,Perfeito estado,,Não há placas,60 km/h,Única,Faixa contínua,,,,,,,,
2019-05-06,18:46:00,COM VÍTIMA,FINALIZADA,TORREÃO,AV GOVERNADOR AGAMENON MAGALHAES,,RUA CANDIDO LACERDA,POR BAIXO DO VIADUTO DA AV NORTE, SNT BV,AV GOVERNADOR AGAMENON MAGALHAES,,POR BAIXO DO VIADUTO DA AV NORTE, SNT BV,TORREÃO,,CIDADE,ATROPELAMENTO,ENTRE E MOTO E PEDESTRE,,1,,,1,,,,,1,,Longo da via,Bom,Não existe,Perfeito estado,Seca,Perfeito estado,Não existe,Outras,60 km/h,Dupla,Canal,,,,,,
2019-05-06,19:09:00,COM VÍTIMA,CANCELADA,SANTO AMARO,AV GOVERNADOR AGAMENON MAGALHAES,,,POR CIMA DO VIADUTO DO SHOPPING TACARUNA, SNT OLINDA,AV GOVERNADOR AGAMENON MAGALHAES,,POR CIMA DO VIADUTO DO SHOPPING TACARUNA, SNT OLINDA,SANTO AMARO,,,ENGAVETAMENTO,ENTRE 3 AUTOS. C/V,3,,,,,,,,,1,,,,,,,,,,,,,,,,,,
2019-05-06,19:53:00,SEM VÍTIMA,FINALIZADA,ÁGUA FRIA,AV BEBERIBE,,,SEMÁFORO 153,AV BEBERIBE,,SEMÁFORO 153,ÁGUA FRIA,153,CIDADE,ABALROAMENTO LONGITUDINAL,ENTRE 2 AUTOS. SV,2,,,,,,,,,0,,Longo da via,Bom,Sem defeito,Perfeito estado,Seca,Perfeito estado,Faixa de pedestre,Outras,,Dupla,Faixa seccionada,,,,,,,,
2019-05-06,20:38:00,SEM VÍTIMA,FINALIZADA,TOTÓ,AV TEMPO FELIZ,,AV TEMPO FELIZ,SAUDE PHARMA,AV TEMPO FELIZ,,SAUDE PHARMA,TOTÓ,,SUBURBIO,ABALROAMENTO LONGITUDINAL,ONIBUS E AUTO PASSEIO,1,,,,,1,,,,0,,,Bom,Não existe,Perfeito estado,Seca,Perfeito estado,Agente,Não há placas,,Dupla,Não existe,,,,,,,,
2019-05-06,21:18:00,SEM VÍTIMA,CANCELADA,VASCO DA GAMA,RUA VASCO DA GAMA,,AV NORTE,SEMÁFORO 066 / PRÓX A PIZZARIA PASSIRA,RUA VASCO DA GAMA,,SEMÁFORO 066 / PRÓX A PIZZARIA PASSIRA,VASCO DA GAMA,,,COLISÃO,ENTRE ENTRE 2 AUTOS, S/V,2,,,,,,,,,0,,,,,,,,,,,,,,,,,,,