data,hora,natureza_acidente,situacao,bairro,endereco,numero,detalhe_endereco_acidente,complemento,endereco_cruzamento,numero_cruzamento,referencia_cruzamento,bairro_cruzamento,num_semaforo,sentido_via,tipo,descricao,auto,moto,ciclom,ciclista,pedestre,onibus,caminhao,viatura,outros,vitimas,vitimasfatais,acidente_verificado,tempo_clima,situacao_semaforo,sinalizacao,condicao_via,conservacao_via,ponto_controle,situacao_placa,velocidade_max_via,mao_direcao,divisao_via1,divisao_via2,divisao_via3,,,,,,
2019-05-10,14:28:00,SEM VÍTIMA,FINALIZADA,MADALENA,RUA REAL DA TORRE,778,RUA JOSE BONIFACIO,EM FRENTE AO O GUIA ARMAZÉM DE CONSTRUÇÃO,RUA REAL DA TORRE,778,EM FRENTE AO O GUIA ARMAZÉM DE CONSTRUÇÃO,MADALENA,,,ABALROAMENTO LONGITUDINAL,COLISÃO SEM VÍTIMA,1,1,,,,,,,,0,,Cruzamento,Bom,Não existe,Incompleta,Seca,Perfeito estado,Não existe,Não há placas,,Única,Faixa seccionada,,,,,,,,
2019-05-10,14:44:00,SEM VÍTIMA,CANCELADA,AREIAS,AV RECIFE,3856,,EM FRENTE AO CONDOMINIO IGNEZ ANDREAZZA E A BORRACHARIA RECIFE PNEUS/ SENTIDO CIDADE UNIVERSITARIA,AV RECIFE,3856,EM FRENTE AO CONDOMINIO IGNEZ ANDREAZZA E A BORRACHARIA RECIFE PNEUS/ SENTIDO CIDADE UNIVERSITARIA,AREIAS,,,COLISÃO,COLISÃO SEM VÍTIMA,2,,,,,,,,,0,,,,,,,,,,,,,,,,,,,,
2019-05-10,15:08:00,SEM VÍTIMA,FINALIZADA,SÃO JOSÉ,RUA VIDAL DE NEGREIROS,,,,RUA VIDAL DE NEGREIROS,,,SÃO JOSÉ,414,CIDADE,ABALROAMENTO LONGITUDINAL,COLISÃO SEM VÍTIMA,1,,,,,1,,,,0,,,Chuvoso,Sem defeito,Perfeito estado,Molhada,Perfeito estado,,,40 km/h,Dupla,Canteiro central,,,,,,,,
2019-05-10,15:09:00,SEM VÍTIMA,FINALIZADA,IMBIRIBEIRA,AV MARECHAL MASCARENHAS DE MORAES,,,AO LADO DA FIAT ITALIANA,AV MARECHAL MASCARENHAS DE MORAES,,AO LADO DA FIAT ITALIANA,IMBIRIBEIRA,,SUBURBIO,ABALROAMENTO TRANSVERSAL,COLISÃO SEM VITIMA,2,,,,,,,,,0,,Longo da via,Bom,Não existe,Perfeito estado,Seca,Perfeito estado,Não existe,Não há placas,60 km/h,Dupla,Canteiro central,,,,,,,,
2019-05-10,15:18:00,COM VÍTIMA,FINALIZADA,BOA VIAGEM,AV CONSELHEIRO AGUIAR,3197,RUA MAMANGUAPE,EM FRENTE A DROGASIL,AV CONSELHEIRO AGUIAR,3197,EM FRENTE A DROGASIL,BOA VIAGEM,,CIDADE,ABALROAMENTO TRANSVERSAL,AUTO E MOTO.,1,1,,,,,,,,1,,Cruzamento,Bom,Não existe,Perfeito estado,Seca,Perfeito estado,Outros,Outras,60 km/h,Única,Faixa contínua,Faixa seccionada,,,,,,,
2019-05-10,16:12:00,SEM VÍTIMA,FINALIZADA,IMBIRIBEIRA,AV MARECHAL MASCARENHAS DE MORAES,,,PRÓX AO GERALDÃO,AV MARECHAL MASCARENHAS DE MORAES,,PRÓX AO GERALDÃO,IMBIRIBEIRA,290,CIDADE,ABALROAMENTO LONGITUDINAL,COLISÃO SEM VITIMAS,2,,,,,,1,,,0,,Longo da via,Bom,Sem defeito,Perfeito estado,Seca,Perfeito estado,Faixa de pedestre,Outras,60 km/h,Dupla,Canteiro central,,,,,,,,
2019-05-10,16:25:00,SEM VÍTIMA,FINALIZADA,BAIRRO DO RECIFE,RUA VIGARIO TENORIO,95,RUA DONA MARIA CESAR,SEC. DE ADMINISTRAÇÃO,RUA VIGARIO TENORIO,95,SEC. DE ADMINISTRAÇÃO,BAIRRO DO RECIFE,,SUBURBIO,ABALROAMENTO TRANSVERSAL,COLISÃO SEM VÍTIMA,2,,,,,,,,,0,,Cruzamento,Chuvoso,Não existe,Incompleta,Molhada,Perfeito estado,Não existe,,,Única,Não existe,,,,,,,,
2019-05-10,17:13:00,SEM VÍTIMA,CANCELADA,MADALENA,RUA BENFICA,,,EM FRENTE A POLICLINICA LESSA DE ANDRADE,RUA BENFICA,,EM FRENTE A POLICLINICA LESSA DE ANDRADE,MADALENA,,,COLISÃO,COLISÃO SEM VITIMA,1,,,,,1,,,,0,,,,,,,,,,,,,,,,,,,,
2019-05-10,17:23:00,SEM VÍTIMA,FINALIZADA,CIDADE UNIVERSITÁRIA,AV CAXANGA,4617,RUA CAXANGA AGAPE,,AV CAXANGA,4617,,CIDADE UNIVERSITÁRIA,,CIDADE,ABALROAMENTO LONGITUDINAL,COLISÃO SEM VITIMA,1,,,,,,1,,,0,,,Chuvoso,Sem defeito,Perfeito estado,Molhada,Perfeito estado,Não existe,R-6a,50 km/h,Dupla,Canteiro central,,,,,,,,
2019-05-10,17:52:00,SEM VÍTIMA,CANCELADA,JOANA BEZERRA,RUA AGUA DOCE,47,,AO LADO DA ACADEMIA DA CIDADE,RUA AGUA DOCE,47,AO LADO DA ACADEMIA DA CIDADE,JOANA BEZERRA,,,COLISÃO,,1,,,,,1,,,,0,,,,,,,,,,,,,,,,,,,,
2019-05-10,19:05:00,SEM VÍTIMA,FINALIZADA,SANTO ANTÔNIO,RUA DO SOL,,AV GUARARAPES,,RUA DO SOL,,,SANTO ANTÔNIO,14,,ABALROAMENTO LONGITUDINAL,SIENA X AUTO,2,,,,,,,,,0,,Cruzamento,Chuvoso,Sem defeito,Perfeito estado,Seca,Perfeito estado,,Outras,,Única,Faixa seccionada,,,,,,,,
2019-05-10,19:16:00,SEM VÍTIMA,CANCELADA,BARRO,AV JORNALISTA COSTA PORTO,1080,,APÓS A COMPESA DA UR-2 E A DESCIDA DA MONTE VERDE / E/F A ARTE GESSO - FAIXA DA DIREITA,AV JORNALISTA COSTA PORTO,1080,APÓS A COMPESA DA UR-2 E A DESCIDA DA MONTE VERDE / E/F A ARTE GESSO - FAIXA DA DIREITA,BARRO,,,COLISÃO,ENTRE 2 AUTOS. S/V,2,,,,,,,,,0,,,,,,,,,,,,,,,,,,,,
2019-05-10,19:49:00,SEM VÍTIMA,CANCELADA,ESPINHEIRO,RUA CONS PORTELA,162,RUA SANTO ELIAS,ESQUINA COM O POSTO PORTELA / E/F AO R ADVOCACIA,RUA CONS PORTELA,162,ESQUINA COM O POSTO PORTELA / E/F AO R ADVOCACIA,ESPINHEIRO,,,ENGAVETAMENTO,ENTRE 3 AUTOS. S/V,3,,,,,,,,,0,,,,,,,,,,,,,,,,,,,,
2019-05-10,20:02:00,SEM VÍTIMA,CANCELADA,BOA VIAGEM,RUA FELIX DE BRITO E MELO,,RUA FRANCISCO DA CUNHA,SEMÁFORO 551,RUA FELIX DE BRITO E MELO,,SEMÁFORO 551,BOA VIAGEM,,,COLISÃO,ENTRE 2 AUTOS. S/V,2,,,,,,,,,0,,,,,,,,,,,,,,,,,,,,
2019-05-10,20:05:00,SEM VÍTIMA,FINALIZADA,BAIRRO DO RECIFE,AV ALFREDO LISBOA,,,EM FRENTE AO POSTO POLICIAL,AV ALFREDO LISBOA,,EM FRENTE AO POSTO POLICIAL,BAIRRO DO RECIFE,,SUBURBIO,ABALROAMENTO LONGITUDINAL,CAMINHAO BAU X GOL,1,,,,,,1,,,0,,Longo da via,Bom,Sem defeito,Perfeito estado,Seca,Perfeito estado,Faixa de pedestre,R-6a,,Única,Faixa seccionada,,,,,,,,
2019-05-10,20:43:00,SEM VÍTIMA,FINALIZADA,PINA,AV HERCULANO BANDEIRA,1001,RUA ARQUITETO AUGUSTO REINALDO,ATACADO DA CONSTRUÇÃO,AV HERCULANO BANDEIRA,1001,ATACADO DA CONSTRUÇÃO,PINA,660,,ABALROAMENTO LONGITUDINAL,ENTRE AUTO E ÔNIBUS. S/V,1,,,,,1,,,,0,,Cruzamento,Chuvoso,Sem defeito,Perfeito estado,Seca,Perfeito estado,Outros,Outras,,Única,Faixa contínua,,,,,,,,
2019-05-10,20:54:00,COM VÍTIMA,FINALIZADA,JORDÃO,AV MARIA IRENE,,,SEMÁFORO 584 / PRÓX AO POSTO TOTAL E PRÓX. RUA CAFARNAUM,AV MARIA IRENE,,SEMÁFORO 584 / PRÓX AO POSTO TOTAL E PRÓX. RUA CAFARNAUM,JORDÃO,584,SUBURBIO,COLISÃO,AUTO E MOTO,1,1,,,,,,,,2,,Longo da via,Bom,Sem defeito,,Seca,Perfeito estado,,Não há placas,,Dupla,Não existe,,,,,,,,
2019-05-10,22:08:00,SEM VÍTIMA,FINALIZADA,IMBIRIBEIRA,AV MARECHAL MASCARENHAS DE MORAES,,,LADO OPOSTO AO HOTEL AEROPORTO,AV MARECHAL MASCARENHAS DE MORAES,,LADO OPOSTO AO HOTEL AEROPORTO,IMBIRIBEIRA,,CIDADE,COLISÃO TRASEIRA,2 ONIX OBS: SUSPEITA DE EMBRIAGUEZ,2,,,,,,,,,0,,Longo da via,Bom,Não existe,Perfeito estado,Seca,Perfeito estado,Não existe,,,Dupla,Canteiro central,,,,,,,,
2019-05-10,22:34:00,COM VÍTIMA,FINALIZADA,BREJO DE BEBERIBE,AV VEREADOR OTACILIO AZEVEDO,843,RUA JOSE REBOUCAS,PROX AO TERMINAL BREJO DE BEBERIBE,AV VEREADOR OTACILIO AZEVEDO,843,PROX AO TERMINAL BREJO DE BEBERIBE,BREJO DE BEBERIBE,,SUBURBIO,ABALROAMENTO TRANSVERSAL,AUTO E MOTO,1,1,,,,,,,,1,,Esquina,Bom,Não existe,Perfeito estado,Seca,Perfeito estado,Não existe,Não há placas,,Dupla,Não existe,,,,,,,,
2019-05-11,07:53:00,COM VÍTIMA,FINALIZADA,IMBIRIBEIRA,AV MARECHAL MASCARENHAS DE MORAES,,RUA JOEL CASSIO - MISSIONARIO,,AV MARECHAL MASCARENHAS DE MORAES,,,IMBIRIBEIRA,287,CIDADE,ATROPELAMENTO,ENTRE MOTO E PEDESTRE.,,1,,,1,,,,,2,,Longo da via,Bom,Sem defeito,Perfeito estado,Seca,Perfeito estado,Faixa de pedestre,Outras,60 km/h,Dupla,Canteiro central,,,,,,,,
2019-05-11,08:12:00,SEM VÍTIMA,FINALIZADA,ESPINHEIRO,RUA DO ESPINHEIRO,119,,EM FRENTE A HAPVIDA DO ESPINHEIRO,RUA DO ESPINHEIRO,119,EM FRENTE A HAPVIDA DO ESPINHEIRO,ESPINHEIRO,,CIDADE,ABALROAMENTO LONGITUDINAL,COLISÃO S/VITIMAS ENTRE DOIS AUTOS,2,,,,,,,,,0,,Longo da via,Bom,Não existe,Perfeito estado,Seca,Perfeito estado,Não existe,Não há placas,40 km/h,Única,Faixa seccionada,,,,,,,,
2019-05-11,08:26:00,SEM VÍTIMA,CANCELADA,MUSTARDINHA,RUA JOSE MOREIRA REIS,396,,EM FRENTE AO PET SHOP,RUA JOSE MOREIRA REIS,396,EM FRENTE AO PET SHOP,MUSTARDINHA,,,COLISÃO,CAMINHA O E AUTO PASSEIO,1,,,,,,1,,,0,,,,,,,,,,,,,,,,,,,,
2019-05-11,09:04:00,SEM VÍTIMA,FINALIZADA,IMBIRIBEIRA,AV MARECHAL MASCARENHAS DE MORAES,,,EM FRENTE À LOCALIZA,AV MARECHAL MASCARENHAS DE MORAES,,EM FRENTE À LOCALIZA,IMBIRIBEIRA,218,CIDADE,COLISÃO TRASEIRA,COLISÃO S/VITIMAS ENTRE TRÊS AUTOS,3,,,,,,,,,0,,Longo da via,Bom,Sem defeito,Perfeito estado,Seca,Perfeito estado,Faixa de pedestre,,60 km/h,Única,Faixa seccionada,,,,,,,,
2019-05-11,09:09:00,COM VÍTIMA,FINALIZADA,NOVA DESCOBERTA,RUA CORREGO DA AREIA,317,,,RUA CORREGO DA AREIA,317,,NOVA DESCOBERTA,,CIDADE,ABALROAMENTO LONGITUDINAL,DUAS MOTOS.,,2,,,,,,,,1,,Longo da via,Bom,Não existe,Não existente,Seca,Perfeito estado,Não existe,Não há placas,,Dupla,Não existe,,,,,,,,
2019-05-11,09:32:00,COM VÍTIMA,FINALIZADA,VÁRZEA,AV AFONSO OLINDENSE,96,,EM FRENTE AO ATACADAO FERREIRA,AV AFONSO OLINDENSE,96,EM FRENTE AO ATACADAO FERREIRA,VÁRZEA,,SUBURBIO,COLISÃO TRASEIRA,AUTO E MOTO.,1,1,,,,,,,,1,,Longo da via,Bom,Não existe,Perfeito estado,Seca,Perfeito estado,Faixa de retenção,Não há placas,,Dupla,Faixa,,,,,,,,
2019-05-11,10:16:00,SEM VÍTIMA,FINALIZADA,VÁRZEA,RUA PROFESSOR CHAVES BATISTA,197,,,RUA PROFESSOR CHAVES BATISTA,197,,VÁRZEA,,SUBURBIO,CHOQUE VEÍCULO PARADO,COLISÃO/S VITIMAS ENTRE DOIS AUTOS,2,,,,,,,,,0,,Longo da via,Bom,Não existe,Não existente,Seca,Perfeito estado,Não existe,Não há placas,30 km/h,Dupla,Não existe,,,,,,,,
2019-05-11,10:34:00,SEM VÍTIMA,FINALIZADA,VÁRZEA,AV CAXANGA,132,,LADO OPOSTO AO LIDER GÁS,AV CAXANGA,132,LADO OPOSTO AO LIDER GÁS,VÁRZEA,,CIDADE,COLISÃO TRASEIRA,SEM VÍTMA,2,,,,,,,,,0,,Longo da via,Bom,Sem defeito,Perfeito estado,Seca,Perfeito estado,Faixa de pedestre,Outras,60 km/h,Dupla,Canteiro central,,,,,,,,
2019-05-11,10:54:00,SEM VÍTIMA,CANCELADA,BEBERIBE,RUA CAMPOS NOVOS,239,RUA TAGUATINGA,APOIS A PRAÇA DA CONVEÇÃO,RUA CAMPOS NOVOS,239,APOIS A PRAÇA DA CONVEÇÃO,BEBERIBE,,SUBURBIO,CHOQUE,VEICULO SE CHOCOU COM MURO,,,,,,,,,,0,,,,,,,,,,,,,,,,,,,,
2019-05-11,11:21:00,SEM VÍTIMA,FINALIZADA,VÁRZEA,RUA PROFESSOR CHAVES BATISTA,,RUA EMILIANO BRAGA,,RUA PROFESSOR CHAVES BATISTA,,,VÁRZEA,,SUBURBIO,ABALROAMENTO TRANSVERSAL,DOIS AUTOS VT 13 NO QTH,2,,,,,,,,,0,,Cruzamento,Bom,Não existe,Não existente,Seca,Perfeito estado,Não existe,Não há placas,30 km/h,Dupla,Não existe,,,,,,,,
2019-05-11,11:37:00,SEM VÍTIMA,FINALIZADA,ÁGUA FRIA,AV BEBERIBE,2143,,EM FRENTE AS LOJAS ARRASTA PÉ,AV BEBERIBE,2143,EM FRENTE AS LOJAS ARRASTA PÉ,ÁGUA FRIA,187,,COLISÃO TRASEIRA,MICROONIBUS E CAMINHAO,,,,,,1,1,,,0,,Longo da via,Bom,Sem defeito,Perfeito estado,Seca,Perfeito estado,Não existe,Outras,30 km/h,Dupla,Faixa contínua,,,,,,,,
2019-05-11,13:24:00,SEM VÍTIMA,FINALIZADA,PINA,RUA MANOEL DE BRITO,,RUA MELQUI RIBEIRO ROMA,,RUA MANOEL DE BRITO,,,PINA,,CIDADE,ABALROAMENTO TRANSVERSAL,COLISÃO SEM VITIMA/ A SOLICITANTE INFORMA QUE ESTÁ SENDO AMEAÇADA POR PESSOAS NO LOCAL. ORIENTADA A SOLICITAR APOIO AO 190,1,1,,,,,,,,0,,Longo da via,Bom,Não existe,Perfeito estado,Seca,Perfeito estado,Não existe,Não há placas,,Única,Faixa seccionada,,,,,,,,
2019-05-11,13:25:00,COM VÍTIMA,FINALIZADA,CASA FORTE,RUA AFONSO DE ALBUQUERQUE MELO,48,RUA JOAO TUDE DE MELO,PRAÇA BARÃO DE CAIARA,RUA AFONSO DE ALBUQUERQUE MELO,48,PRAÇA BARÃO DE CAIARA,CASA FORTE,,CIDADE,ABALROAMENTO TRANSVERSAL,AUTO E MOTO.,1,1,,,,,,,,1,,Longo da via,Bom,Não existe,Perfeito estado,Seca,Perfeito estado,Outros,Placas Pare,,,Faixa contínua,,,,,,,,
2019-05-11,14:10:00,SEM VÍTIMA,CANCELADA,BOA VIAGEM,RUA BRUNO VELOSO,,AV ENGENHEIRO DOMINGOS FERREIRA,PROX. A PARADA 13, APOS O LAÇA BURGUER,RUA BRUNO VELOSO,,PROX. A PARADA 13, APOS O LAÇA BURGUER,BOA VIAGEM,,,COLISÃO,COLISÃO SEM VITIMAS,1,,,,,1,,,,0,,,,,,,,,,,,,,,,,,
2019-05-11,14:22:00,SEM VÍTIMA,FINALIZADA,CAMPO GRANDE,RUA VOLUNTARIOS DA PATRIA,628,,EDF QUEIMADAS,RUA VOLUNTARIOS DA PATRIA,628,EDF QUEIMADAS,CAMPO GRANDE,,SUBURBIO,ABALROAMENTO LONGITUDINAL,ART 181, FISCALIZAÇÃO VEICULOS ESTACIONADO EM LOCAL PROIBIDO NA PRAÇA JARDIM DO BAOBÁ,1,,,,,,,,1,0,,Longo da via,Bom,Não existe,Não existente,Seca,Perfeito estado,Não existe,Não há placas,,Dupla,Não existe,,,,,,,
2019-05-11,15:14:00,SEM VÍTIMA,FINALIZADA,CAMPO GRANDE,RUA VOLUNTARIOS DA PATRIA,601,,EM FRENTE AO EDIF. QUEIMADAS,RUA VOLUNTARIOS DA PATRIA,601,EM FRENTE AO EDIF. QUEIMADAS,CAMPO GRANDE,,,COLISÃO,COLISÃO SEM VITIMAS,1,,,,,,,,1,0,,,,,,,,,,,,,,,,,,,,
2019-05-11,15:23:00,SEM VÍTIMA,CANCELADA,BARRO,RUA AMADOR ARAUJO,541,,PROX. AO SEMITERIO DO BARRO,RUA AMADOR ARAUJO,541,PROX. AO SEMITERIO DO BARRO,BARRO,,,COLISÃO,COLISÃO SEM VITIMAS,2,,,,,,,,,0,,,,,,,,,,,,,,,,,,,,
2019-05-11,15:35:00,COM VÍTIMA,FINALIZADA,SANTO AMARO,AV GOVERNADOR AGAMENON MAGALHAES,,,ANTES DO TACARUNA, PROX. DO POSTO BR...SENTIDO OLINDA.,AV GOVERNADOR AGAMENON MAGALHAES,,ANTES DO TACARUNA, PROX. DO POSTO BR...SENTIDO OLINDA.,SANTO AMARO,,SUBURBIO,COLISÃO,COLISÃO COM VITIMA/ CONDUTOR DO AUTO SE EVADIU DO LOCAL,,1,,,,,,,,1,,,Bom,Não existe,Perfeito estado,Seca,Perfeito estado,Não existe,Não há placas,,Dupla,Canal,,,,,,
2019-05-11,16:00:00,SEM VÍTIMA,FINALIZADA,BOA VIAGEM,AV FERNANDO SIMOES BARBOSA,1030,RUA DOM JOSE LOPES,,AV FERNANDO SIMOES BARBOSA,1030,,BOA VIAGEM,,SUBURBIO,COLISÃO TRASEIRA,ENGAVETAMENTO ENTRE TRES VEICULOS SEM VITIMAS,3,,,,,,,,,0,,Longo da via,Bom,Não existe,Perfeito estado,Seca,,Não existe,R-6a,,Dupla,Faixa seccionada,,,,,,,,
2019-05-11,16:51:00,SEM VÍTIMA,FINALIZADA,MADALENA,RUA REAL DA TORRE,191,,,RUA REAL DA TORRE,191,,MADALENA,,SUB/CID,ABALROAMENTO LONGITUDINAL,ONIBUS E AUTO PASSEIO SEM VITIMAS,1,,,,,1,,,,0,,Longo da via,Bom,Não existe,Perfeito estado,Seca,Perfeito estado,Não existe,Outras,50 km/h,Única,Não existe,,,,,,,,
2019-05-11,17:09:00,SEM VÍTIMA,FINALIZADA,BOA VISTA,RUA GERVASIO PIRES,132,AV MANOEL BORBA,HOTEL CENTRAL,RUA GERVASIO PIRES,132,HOTEL CENTRAL,BOA VISTA,169,SUBURBIO,ABALROAMENTO TRANSVERSAL,DOIS AUTO SEM VITIMAS,2,,,,,,,,,0,,Cruzamento,Bom,Desligado,Perfeito estado,Seca,Perfeito estado,Faixa de pedestre,R-6a,60 km/h,Única,Faixa contínua,,,,,,,,
2019-05-11,19:09:00,COM VÍTIMA,FINALIZADA,CAMPO GRANDE,EST DE BELEM,226,RUA ELIAS GOMES,PRÓX AO POSTO TOTAL E RECIFE SILL / E/F A PARÓQUIA NOSSA SENHORA DE BELÉM,EST DE BELEM,226,PRÓX AO POSTO TOTAL E RECIFE SILL / E/F A PARÓQUIA NOSSA SENHORA DE BELÉM,CAMPO GRANDE,,,ABALROAMENTO TRANSVERSAL,AUTO E MOTO.,1,1,,,,,,,,1,,Cruzamento,Bom,Não existe,Ilegível,Seca,Mal iluminada,Não existe,Não há placas,,Dupla,Faixa seccionada,,,,,,,,
2019-05-11,19:26:00,SEM VÍTIMA,FINALIZADA,IBURA,RUA DR OTAVIO DE MORAES VASCONCELOS,,RUA CAPITAO VICENTE CURADO,,RUA DR OTAVIO DE MORAES VASCONCELOS,,,IBURA,,,ABALROAMENTO TRANSVERSAL,ENTRE 2 AUTOS. S/V,2,,,,,,,,,0,,Cruzamento,Bom,Não existe,Não existente,Seca,Mal conservada,Não existe,Não há placas,,Dupla,Não existe,,,,,,,,
2019-05-11,23:12:00,SEM VÍTIMA,FINALIZADA,BOA VIAGEM,AV CONSELHEIRO AGUIAR,,RUA BRUNO VELOSO,PRÓX A DROGASIL,AV CONSELHEIRO AGUIAR,,PRÓX A DROGASIL,BOA VIAGEM,148,SUBURBIO,ABALROAMENTO LONGITUDINAL,ENTRE 2 AUTOS. S/V,2,,,,,,,,,0,,Cruzamento,Bom,Sem defeito,Perfeito estado,Seca,Perfeito estado,Faixa de pedestre,R-6a,,Única,Canteiro central,,,,,,,,
2019-05-12,00:39:00,COM VÍTIMA,FINALIZADA,SÃO JOSÉ,RUA IMPERIAL,363,RUA DO PEIXOTO,IGREJA MATRIZ BAIRRO E SÃO JOSÉ.,RUA IMPERIAL,363,IGREJA MATRIZ BAIRRO E SÃO JOSÉ.,SÃO JOSÉ,414,CIDADE,ABALROAMENTO TRANSVERSAL,DOIS AUTOS.,2,,,,,,,,,1,,Cruzamento,Bom,Sem defeito,Perfeito estado,Seca,Perfeito estado,Faixa de pedestre,,40 km/h,Única,,,,,,,,,
2019-05-12,01:07:00,SEM VÍTIMA,FINALIZADA,IPUTINGA,AV MAURICIO DE NASSAU,502,,,AV MAURICIO DE NASSAU,502,,IPUTINGA,,SUBURBIO,CHOQUE VEÍCULO PARADO,CONDUTOR PERDEU O CONTROLE DE VEICULO E CHOCOU-SE CONTRA UM VEICULO ESTACIONADO,2,,,,,,,,,0,,Longo da via,Bom,Não existe,Perfeito estado,Seca,Perfeito estado,,,,Dupla,Faixa contínua,,,,,,,,
2019-05-12,06:46:00,SEM VÍTIMA,CANCELADA,IMBIRIBEIRA,AV MARECHAL MASCARENHAS DE MORAES,4223,,EM FRENTE AO CLUBE RODOVIARIO DER,AV MARECHAL MASCARENHAS DE MORAES,4223,EM FRENTE AO CLUBE RODOVIARIO DER,IMBIRIBEIRA,,AFOGADOS,COLISÃO,SEM VITIMAS,2,,,,,,,,,0,,,,,,,,,,,,,,,,,,,,
2019-05-12,07:18:00,SEM VÍTIMA,FINALIZADA,ENCRUZILHADA,AV BEBERIBE,,,SOB O SEMÁFORO 238,AV BEBERIBE,,SOB O SEMÁFORO 238,ENCRUZILHADA,238,SUBURBIO,CHOQUE OBJETO FIXO,VEICULO CHOCOU- SE COM POSTE,1,,,,,,,,,0,,Longo da via,Bom,Sem defeito,Perfeito estado,Seca,Perfeito estado,Faixa de pedestre,Outras,40 km/h,Dupla,Faixa contínua,Faixa seccionada,,,,,,,
2019-05-12,10:06:00,SEM VÍTIMA,FINALIZADA,BOA VISTA,RUA DOM BOSCO,,AV CONDE DA BOA VISTA,POSTO DOM BOSCO,RUA DOM BOSCO,,POSTO DOM BOSCO,BOA VISTA,,SUBURBIO,COLISÃO TRASEIRA,SEM VITIMAS,2,,,,,,,,,0,,Longo da via,Bom,Sem defeito,Perfeito estado,Seca,Perfeito estado,Faixa de pedestre,Outras,,Única,Faixa contínua,,,,,,,,
2019-05-12,11:40:00,COM VÍTIMA,FINALIZADA,ARRUDA,AV BEBERIBE,,RUA BOLIVAR,EM FRENTE AO CAMPO DO SANTA,AV BEBERIBE,,EM FRENTE AO CAMPO DO SANTA,ARRUDA,,CIDADE,ABALROAMENTO TRANSVERSAL,AUTO E MOTO.,1,1,,,,,,,,1,,Esquina,Bom,Não existe,Não existente,Seca,Perfeito estado,Não existe,Não há placas,,Dupla,Não existe,,,,,,,,
2019-05-12,11:53:00,SEM VÍTIMA,FINALIZADA,CASA AMARELA,AV NORTE,4807,,EM FRENTE AO IMÓVEL,AV NORTE,4807,EM FRENTE AO IMÓVEL,CASA AMARELA,,CIDADE,COLISÃO TRASEIRA,COLISÃO SEM VITIMAS,3,,,,,,,,,0,,Longo da via,Bom,Não existe,Perfeito estado,Seca,Perfeito estado,Não existe,R-6a,,Dupla,Faixa seccionada,Canteiro central,,,,,,,
2019-05-12,12:08:00,SEM VÍTIMA,FINALIZADA,SÃO JOSÉ,RUA DA CONCORDIA,351,RUA TOBIAS BARRETO,,RUA DA CONCORDIA,351,,SÃO JOSÉ,,,ABALROAMENTO TRANSVERSAL,COLISÃO SEM VITIMAS,1,,,,,,1,,,0,,Cruzamento,Bom,Não existe,Perfeito estado,Seca,Perfeito estado,,Não há placas,,Única,,,,,,,,,
2019-05-12,12:29:00,SEM VÍTIMA,CANCELADA,BEBERIBE,PRC DA CONVENCAO,128,,EM FRENTE AO MERCADO PUBLICO DE BEBERIBE,PRC DA CONVENCAO,128,EM FRENTE AO MERCADO PUBLICO DE BEBERIBE,BEBERIBE,,,COLISÃO,COLISÃO S/ VITIMAS ENTRE UM AUTO E ÔNIBUS,2,,,,,,,,,0,,,,,,,,,,,,,,,,,,,,
2019-05-12,13:09:00,SEM VÍTIMA,FINALIZADA,IPSEP,AV RECIFE,,,EM FRENTE A PARADA 020165,AV RECIFE,,EM FRENTE A PARADA 020165,IPSEP,,SUBURBIO,COLISÃO TRASEIRA,COLISÃO SEM VITIMAS,1,,,,,1,,,,0,,Longo da via,Bom,Não existe,Perfeito estado,Seca,Perfeito estado,Outros,Outras,60 km/h,Dupla,Canteiro central,,,,,,,,
2019-05-12,13:26:00,SEM VÍTIMA,FINALIZADA,BOA VISTA,AV GOVERNADOR AGAMENON MAGALHAES,2807,,CIRCULO MILITAR DO RECIFE,AV GOVERNADOR AGAMENON MAGALHAES,2807,CIRCULO MILITAR DO RECIFE,BOA VISTA,,,COLISÃO TRASEIRA,COLISÃO SEM VÍTIMA,4,,,,,,,,,0,,Longo da via,Bom,Não existe,Perfeito estado,Seca,Perfeito estado,,R-19,60 km/h,Dupla,Canal,,,,,,,,
2019-05-12,14:01:00,SEM VÍTIMA,FINALIZADA,IMBIRIBEIRA,AV MARECHAL MASCARENHAS DE MORAES,6133,,EM FRENTE A LOCADORA FOCOS,AV MARECHAL MASCARENHAS DE MORAES,6133,EM FRENTE A LOCADORA FOCOS,IMBIRIBEIRA,,SUBURBIO,ABALROAMENTO LONGITUDINAL,COLISÃO SEM VÍTIMA,1,1,,,,,,,,0,,Longo da via,Bom,Não existe,Perfeito estado,Seca,Perfeito estado,Outros,Outras,,Dupla,Faixa seccionada,Canteiro central,,,,,,,
2019-05-12,17:48:00,COM VÍTIMA,FINALIZADA,ÁGUA FRIA,RUA LADEIRA DE PEDRA,303,,PRÓX AO TERMINAL DO ALTO DO PASCAL,RUA LADEIRA DE PEDRA,303,PRÓX AO TERMINAL DO ALTO DO PASCAL,ÁGUA FRIA,,CIDADE,ATROPELAMENTO,ATROPELAMENTO COM DUAS MOTOCICLETAS ENVOLVIDAS.,,2,,,1,,,,,1,,Longo da via,Bom,Não existe,Não existente,Seca,Perfeito estado,Não existe,Não há placas,,Dupla,Não existe,,,,,,,,
2019-05-12,17:57:00,COM VÍTIMA,FINALIZADA,IMBIRIBEIRA,RUA REMIGIO,,,APÓS O TUNEL SENTIDO SENTIDO AEROPORTO. NO GIRADOURO FELIPE CAMARÃO.,RUA REMIGIO,,APÓS O TUNEL SENTIDO SENTIDO AEROPORTO. NO GIRADOURO FELIPE CAMARÃO.,IMBIRIBEIRA,,CIDADE,TOMBAMENTO,TOMBAMENTO DE UMA MOTOCICLETA.,,1,,,,,,,,1,,Longo da via,Bom,Não existe,Perfeito estado,Seca,Mal conservada,Não existe,Não há placas,,Única,Canteiro central,,,,,,,,