data,hora,natureza_acidente,situacao,bairro,endereco,numero,detalhe_endereco_acidente,complemento,endereco_cruzamento,numero_cruzamento,referencia_cruzamento,bairro_cruzamento,num_semaforo,sentido_via,tipo,descricao,auto,moto,ciclom,ciclista,pedestre,onibus,caminhao,viatura,outros,vitimas,vitimasfatais,acidente_verificado,tempo_clima,situacao_semaforo,sinalizacao,condicao_via,conservacao_via,ponto_controle,situacao_placa,velocidade_max_via,mao_direcao,divisao_via1,divisao_via2,divisao_via3,,,,,,
2019-05-12,18:13:00,SEM VÍTIMA,CANCELADA,IPUTINGA,RUA GASPAR PEREZ,311,,ANTIGO ESCRITORIO DO BOMPREÇO,RUA GASPAR PEREZ,311,ANTIGO ESCRITORIO DO BOMPREÇO,IPUTINGA,,,COLISÃO,AUTO E MOTO SEM VITIMAS,1,1,,,,,,,,0,,,,,,,,,,,,,,,,,,,,
2019-05-12,22:21:00,COM VÍTIMA,FINALIZADA,BONGI,RUA DONA MARIA AUGUSTA NOGUEIRA,76,,AO LADO DO POSTO DE GASOLINA BR,RUA DONA MARIA AUGUSTA NOGUEIRA,76,AO LADO DO POSTO DE GASOLINA BR,BONGI,,SUBURBIO,ATROPELAMENTO,ATROPELAMENTO DE PEDESTRE,1,,,,1,,,,,1,,Longo da via,Bom,Não existe,Perfeito estado,Seca,Perfeito estado,Não existe,Não há placas,,Dupla,Não existe,,,,,,,,
2019-05-12,23:09:00,COM VÍTIMA,FINALIZADA,AFOGADOS,RUA MOTOCOLOMBO,,RUA PROFESSOR AUGUSTO WANDERLEY FILHO,SEMÁFORO 039 / E/F AO TROCÃO,RUA MOTOCOLOMBO,,SEMÁFORO 039 / E/F AO TROCÃO,AFOGADOS,39,CIDADE,ABALROAMENTO TRANSVERSAL,ENTRE 2 AUTOS. C/V,2,,,,,,,,,4,,Cruzamento,Bom,Sem defeito,Perfeito estado,Seca,Perfeito estado,Outros,R-6c,,Única,Faixa seccionada,,,,,,,,
2019-05-13,07:36:00,COM VÍTIMA,FINALIZADA,CASA AMARELA,RUA ARNOLDO MAGALHAES,22,,EDF ALIANÇA,RUA ARNOLDO MAGALHAES,22,EDF ALIANÇA,CASA AMARELA,,CIDADE,ABALROAMENTO TRANSVERSAL,MOTO E AUTO,1,,,,,,,,,1,,Longo da via,Bom,Não existe,Perfeito estado,Seca,Perfeito estado,Não existe,R-6a,,Dupla,Não existe,,,,,,,,
2019-05-13,07:56:00,SEM VÍTIMA,CANCELADA,ESPINHEIRO,AV ENGENHEIRO AGAMENON DE MAGALHAES MELO,2860,,EM FRENTE AO EDIFICIO MARIA CLARA,AV ENGENHEIRO AGAMENON DE MAGALHAES MELO,2860,EM FRENTE AO EDIFICIO MARIA CLARA,ESPINHEIRO,,,COLISÃO,COLISÃO S/VITIMAS ENTRE DOIS AUTOS,2,,,,,,,,,0,,,,,,,,,,,,,,,,,,,,
2019-05-13,08:12:00,SEM VÍTIMA,CANCELADA,MADALENA,RUA BENFICA,,PRC DO INTERNACIONAL,EM FRENTE AO CLUBE INTERNACIONAL,RUA BENFICA,,EM FRENTE AO CLUBE INTERNACIONAL,MADALENA,515,CIDADE,COLISÃO,SEM VITIMAS,1,,,,,1,,,,0,,,,,,,,,,,,,,,,,,,,
2019-05-13,08:30:00,SEM VÍTIMA,FINALIZADA,AREIAS,AV DR JOSE RUFINO,299,,,AV DR JOSE RUFINO,299,,AREIAS,82,CIDADE,ABALROAMENTO LONGITUDINAL,COLISÃO S/VITIMAS ENTRE DOIS AUTOS,1,,,,,,1,,,0,,Longo da via,Bom,Sem defeito,Perfeito estado,Seca,Perfeito estado,Faixa de pedestre,R-6a,,Dupla,Faixa contínua,,,,,,,,
2019-05-13,08:30:00,SEM VÍTIMA,FINALIZADA,ESTÂNCIA,AV DR JOSE RUFINO,299,,EM FRENTE AO COLEGIO VISÃO,AV DR JOSE RUFINO,299,EM FRENTE AO COLEGIO VISÃO,ESTÂNCIA,82,CIDADE,ABALROAMENTO LONGITUDINAL,COLISÃO S/VITIMAS ENTRE DOIS AUTOS,1,,,,,,1,,1,0,,Longo da via,Nublado,Sem defeito,Incompleta,Seca,,,Outras,,Dupla,,,,,,,,,
2019-05-13,08:51:00,SEM VÍTIMA,FINALIZADA,BAIRRO DO RECIFE,AV ALFREDO LISBOA,1152,,EM FRENTE A RECEITA FEDERAL,AV ALFREDO LISBOA,1152,EM FRENTE A RECEITA FEDERAL,BAIRRO DO RECIFE,,SUBURBIO,CHOQUE VEÍCULO PARADO,COLISÃO S/VITIMAS ENTRE 4 AUTOS,4,,,,,,,,,0,,Longo da via,Bom,Sem defeito,Perfeito estado,Seca,Perfeito estado,,R-6a,,Única,Faixa seccionada,,,,,,,,
2019-05-13,09:41:00,SEM VÍTIMA,FINALIZADA,CORDEIRO,RUA FORMOSA,27,,,RUA FORMOSA,27,,CORDEIRO,,,CHOQUE VEÍCULO PARADO,COLISÃO SEM VITIMAS,2,,,,,,,,,0,,Longo da via,Bom,Não existe,Perfeito estado,Seca,Perfeito estado,Não existe,Não há placas,,Dupla,Não existe,,,,,,,,
2019-05-13,09:53:00,SEM VÍTIMA,FINALIZADA,CORDEIRO,RUA GOMES TABORDA,682,,EM FRENTE A CELIO BIKE,RUA GOMES TABORDA,682,EM FRENTE A CELIO BIKE,CORDEIRO,,SUBURBIO,ABALROAMENTO LONGITUDINAL,,2,,,,,,,,,0,,Longo da via,Bom,Não existe,Perfeito estado,Seca,Perfeito estado,Não existe,Não há placas,,Dupla,Faixa seccionada,,,,,,,,
2019-05-13,11:35:00,SEM VÍTIMA,FINALIZADA,CORDEIRO,RUA HONORIO CORREIA,,RUA GREGORIO JUNIOR,,RUA HONORIO CORREIA,,,CORDEIRO,,,ABALROAMENTO LONGITUDINAL,COLISÃO S/VITIMAS ENTRE DOIS AUTOS,2,,,,,,,,,0,,Longo da via,Bom,Não existe,Perfeito estado,Seca,Perfeito estado,Não existe,R-25a,,Única,Faixa contínua,,,,,,,,
2019-05-13,11:37:00,SEM VÍTIMA,FINALIZADA,CASA FORTE,RUA PROFESSOR ALVARO LIMA,1284,EST DO ENCANAMENTO,EM FRENTE A CASA DE EVENTOS ESTRIPULIA,RUA PROFESSOR ALVARO LIMA,1284,EM FRENTE A CASA DE EVENTOS ESTRIPULIA,CASA FORTE,,SUBURBIO,ABALROAMENTO LONGITUDINAL,COLISÃO S/VITIMAS ENTRE DOIS AUTOS,2,,,,,,,,,0,,Cruzamento,Bom,Não existe,Perfeito estado,Seca,Perfeito estado,Não existe,Outras,,Única,Não existe,,,,,,,,
2019-05-13,12:07:00,SEM VÍTIMA,CANCELADA,JORDÃO,RUA JOSE MARTORANO,4,,EM FRENTE AO MERCADINHO ECONOMICO,RUA JOSE MARTORANO,4,EM FRENTE AO MERCADINHO ECONOMICO,JORDÃO,,,COLISÃO,COLISÃO S/VITIMAS ENTRE DOIS AUTOS,2,,,,,,,,,0,,,,,,,,,,,,,,,,,,,,
2019-05-13,12:26:00,SEM VÍTIMA,FINALIZADA,GRAÇAS,RUA DAS CREOULAS,,,E/F AO MACUNAIMA,RUA DAS CREOULAS,,E/F AO MACUNAIMA,GRAÇAS,,,COLISÃO TRASEIRA,COLISÃO S/VITIMAS ENTRE DOIS AUTOS,2,,,,,,,,,0,,Longo da via,Bom,Não existe,Perfeito estado,Seca,Perfeito estado,Faixa de pedestre,R-6a,,Única,Não existe,,,,,,,,
2019-05-13,12:33:00,SEM VÍTIMA,FINALIZADA,BOA VIAGEM,AV DOM JOAO VI,,,LADO OPOSTO A MC DONALDS,AV DOM JOAO VI,,LADO OPOSTO A MC DONALDS,BOA VIAGEM,,SUBURBIO,COLISÃO TRASEIRA,COLISÃO SEM VÍTIMA,3,,,,,,,,,0,,Longo da via,Bom,Não existe,Perfeito estado,Seca,Perfeito estado,Não existe,Não há placas,,Dupla,Canteiro central,,,,,,,,
2019-05-13,13:10:00,SEM VÍTIMA,CANCELADA,BOA VIAGEM,RUA BRUNO VELOSO,403,,NA SAIDA DO SHOPPING RECIFE,RUA BRUNO VELOSO,403,NA SAIDA DO SHOPPING RECIFE,BOA VIAGEM,,SUBURBIO,COLISÃO,COLISAO SEM VITIMAS,1,,,,,1,,,,0,,,,,,,,,,,,,,,,,,,,
2019-05-13,13:14:00,SEM VÍTIMA,CANCELADA,JAQUEIRA,AV CONS ROSA E SILVA,1829,,EM FRENTE AO EDIFICIO TABOCAS,AV CONS ROSA E SILVA,1829,EM FRENTE AO EDIFICIO TABOCAS,JAQUEIRA,,,COLISÃO,COLISÃO SEM VÍTIMA,2,,,,,,,,,0,,,,,,,,,,,,,,,,,,,,
2019-05-13,13:21:00,COM VÍTIMA,FINALIZADA,NOVA DESCOBERTA,AV VEREADOR OTACILIO AZEVEDO,,,PRÓXIMO À UPA, CLUBE DA PISCINA DO BREJO,AV VEREADOR OTACILIO AZEVEDO,,PRÓXIMO À UPA, CLUBE DA PISCINA DO BREJO,NOVA DESCOBERTA,,SUBURBIO,ABALROAMENTO TRANSVERSAL,COLISÃO ENTRE AUTO E MOTO COM VÍTIMA,1,1,,,,,,,,1,,Longo da via,Bom,Não existe,Perfeito estado,Seca,Perfeito estado,Não existe,Não há placas,40 km/h,Dupla,Faixa contínua,,,,,,
2019-05-13,13:32:00,SEM VÍTIMA,FINALIZADA,DERBY,RUA AMAURI DE MEDEIROS,,,EM FRENTE AO Nº 200,RUA AMAURI DE MEDEIROS,,EM FRENTE AO Nº 200,DERBY,,,ABALROAMENTO LONGITUDINAL,BRT E AUTO PASSEIO SEM VITIMAS,1,,,,,1,,,,0,,Longo da via,Bom,Não existe,Incompleta,Seca,Mal conservada,Não existe,R-6a,,Única,Não existe,,,,,,,,
2019-05-13,13:37:00,SEM VÍTIMA,FINALIZADA,CASA AMARELA,EST DO ARRAIAL,,,SEMÁFORO 291,EST DO ARRAIAL,,SEMÁFORO 291,CASA AMARELA,291,SUBURBIO,COLISÃO TRASEIRA,DOIS AUTO SEM VITIMAS,2,,,,,,,,,0,,Longo da via,Bom,Sem defeito,Perfeito estado,Seca,Perfeito estado,,R-6a,,Única,Faixa seccionada,,,,,,,,
2019-05-13,15:59:00,SEM VÍTIMA,FINALIZADA,ÁGUA FRIA,EST VELHA DE AGUA FRIA,980,AV PROFESSOR JOSE DOS ANJOS,,EST VELHA DE AGUA FRIA,980,,ÁGUA FRIA,306,CIDADE,ABALROAMENTO LONGITUDINAL,COLISÃO SEM VÍTIMA,1,1,,,,,,,,0,,Cruzamento,Bom,Sem defeito,Perfeito estado,Seca,Perfeito estado,Faixa de pedestre,Outras,,Única,Faixa seccionada,,,,,,,,
2019-05-13,16:06:00,SEM VÍTIMA,FINALIZADA,DERBY,RUA JOAQUIM NABUCO,,,AO LADO DA RESTAURAÇÃO,RUA JOAQUIM NABUCO,,AO LADO DA RESTAURAÇÃO,DERBY,174,SUBURBIO,ABALROAMENTO TRANSVERSAL,COLISÃO SEM VÍTIMA,1,,,,,,1,,,0,,Longo da via,Bom,Sem defeito,,Seca,Perfeito estado,,R-6a,,Única,Faixa seccionada,,,,,,,,
2019-05-13,16:55:00,SEM VÍTIMA,CANCELADA,VÁRZEA,AV JOAQUIM RIBEIRO,,,EM FRENTE AO CONJUNTO MINISTRO MARCOS FREIRE/ SENTIDO CAMARAGIBE,AV JOAQUIM RIBEIRO,,EM FRENTE AO CONJUNTO MINISTRO MARCOS FREIRE/ SENTIDO CAMARAGIBE,VÁRZEA,,,COLISÃO,COLISÃO SEM VÍTIMA,4,,,,,,,,,0,,,,,,,,,,,,,,,,,,,,
2019-05-13,16:23:00,SEM VÍTIMA,CANCELADA,COELHOS,RUA DOS COELHOS,,,EM FRENTE AO HOSPITAL DO IMIP,RUA DOS COELHOS,,EM FRENTE AO HOSPITAL DO IMIP,COELHOS,,,COLISÃO,COLISÃO SEM VITIMAS,2,,,,,,,,,0,,,,,,,,,,,,,,,,,,,,
2019-05-13,16:32:00,SEM VÍTIMA,CANCELADA,PINA,AV ENGENHEIRO DOMINGOS FERREIRA,,,AO LADO DO POSTO DE GASOLINA SHELL,AV ENGENHEIRO DOMINGOS FERREIRA,,AO LADO DO POSTO DE GASOLINA SHELL,PINA,,SUBURBIO,COLISÃO,DOIS AUTO SEM VITIMAS,2,,,,,,,,,0,,,,,,,,,,,,,,,,,,,,
2019-05-13,16:40:00,SEM VÍTIMA,FINALIZADA,ESTÂNCIA,AV DR JOSE RUFINO,354,,OPOSTO AO COLEGIO VISAO,AV DR JOSE RUFINO,354,OPOSTO AO COLEGIO VISAO,ESTÂNCIA,,SUBURBIO,ABALROAMENTO LONGITUDINAL,COLISÃO SEM VITIMAS,,,,,,1,1,,,0,,Longo da via,Bom,Não existe,Perfeito estado,Seca,Perfeito estado,Não existe,Outras,,Dupla,Faixa contínua,,,,,,,,
2019-05-13,17:03:00,COM VÍTIMA,FINALIZADA,NOVA DESCOBERTA,AV VEREADOR OTACILIO AZEVEDO,2480,RUA NOVA DESCOBERTA,,AV VEREADOR OTACILIO AZEVEDO,2480,,NOVA DESCOBERTA,,SUBURBIO,ATROPELAMENTO,,,,,,1,1,,,,1,,Esquina,Bom,Não existe,Perfeito estado,Seca,Perfeito estado,Não existe,Outras,,Dupla,Não existe,,,,,,,,
2019-05-13,17:15:00,SEM VÍTIMA,FINALIZADA,PRADO,AV ENGENHEIRO ABDIAS DE CARVALHO,,EST DOS REMEDIOS,,AV ENGENHEIRO ABDIAS DE CARVALHO,,,PRADO,52,CIDADE,ABALROAMENTO LONGITUDINAL,COLISÃO SEM VÍTIMA,2,,,,,,,,,0,,Cruzamento,Bom,Sem defeito,Perfeito estado,Seca,Perfeito estado,,R-6a,,Dupla,Canteiro central,,,,,,,,
2019-05-13,17:45:00,SEM VÍTIMA,FINALIZADA,IPUTINGA,RUA PROFESSOR CHAVES BATISTA,,RUA EMILIANO BRAGA,,RUA PROFESSOR CHAVES BATISTA,,,IPUTINGA,,CIDADE,ABALROAMENTO LONGITUDINAL,DOIS AUTO SEM VITIMAS,2,,,,,,,,,0,,Cruzamento,Bom,Não existe,Incompleta,Seca,Perfeito estado,Não existe,Não há placas,,Única,Não existe,,,,,,,,
2019-05-13,18:16:00,SEM VÍTIMA,FINALIZADA,TORRE,AV BEIRA RIO,,RUA ALTINHO,,AV BEIRA RIO,,,TORRE,,,ABALROAMENTO LONGITUDINAL,VEICULO OFICIAL DA PM X PALIO,1,,,,,,,1,,0,,Longo da via,Bom,Não existe,Perfeito estado,Seca,Perfeito estado,Outros,R-6a,40 km/h,Única,Faixa contínua,Faixa seccionada,,,,,,,
2019-05-13,18:23:00,SEM VÍTIMA,FINALIZADA,IMBIRIBEIRA,RUA DR TAVARES CORREIA,,RUA ALLAN KARDEC,,RUA DR TAVARES CORREIA,,,IMBIRIBEIRA,,SUBURBIO,COLISÃO TRASEIRA,GOL X FAIT,2,,,,,,,,,0,,Cruzamento,Bom,Não existe,,Seca,Perfeito estado,Não existe,Não há placas,,Única,,,,,,,,,
2019-05-13,18:44:00,SEM VÍTIMA,CANCELADA,IMBIRIBEIRA,AV MARECHAL MASCARENHAS DE MORAES,,,DEPOIS DO AEROPORTO O PRIMEIRO VIADUTO // SENTIDO PIEDADE,AV MARECHAL MASCARENHAS DE MORAES,,DEPOIS DO AEROPORTO O PRIMEIRO VIADUTO // SENTIDO PIEDADE,IMBIRIBEIRA,,,COLISÃO,CAMINHAO BAU X NISSAN,1,,,,,,1,,,0,,,,,,,,,,,,,,,,,,,,
2019-05-13,18:58:00,SEM VÍTIMA,FINALIZADA,PINA,RUA NOGUEIRA DE SOUZA,,,,RUA NOGUEIRA DE SOUZA,,,PINA,,CIDADE,COLISÃO TRASEIRA,DOIS AUTO SEM VITIMAS,2,,,,,,,,,0,,Longo da via,Bom,Não existe,Perfeito estado,Seca,Perfeito estado,Não existe,R-6a,,Única,Faixa seccionada,Canteiro central,,,,,,,
2019-05-13,20:03:00,SEM VÍTIMA,FINALIZADA,BOA VIAGEM,AVENIDA CELSO FURTADO (VIA MANGUE),,,DESCIDA DA ALÇA DE ACESSO A RUA GAL MAC ARTUR,AVENIDA CELSO FURTADO (VIA MANGUE),,DESCIDA DA ALÇA DE ACESSO A RUA GAL MAC ARTUR,BOA VIAGEM,,SUBURBIO,COLISÃO TRASEIRA,DOIS AUTO SEM VITIMAS,2,,,,,,,,,0,,Viaduto,Bom,Não existe,Não existente,Seca,Mal iluminada,,Não há placas,60 km/h,Única,,,,,,,,,
2019-05-13,20:18:00,SEM VÍTIMA,FINALIZADA,IPUTINGA,RUA MANOEL JOAQUIM DE ALMEIDA,,RUA EMILIANO BRAGA,,RUA MANOEL JOAQUIM DE ALMEIDA,,,IPUTINGA,,,ABALROAMENTO TRANSVERSAL,NISSAN X DUSTER,2,,,,,,,,,0,,Cruzamento,Bom,Não existe,Não existente,Seca,Mal iluminada,Não existe,Não há placas,,Dupla,Não existe,,,,,,,,
2019-05-14,02:50:00,SEM VÍTIMA,FINALIZADA,DERBY,PRC DO DERBY,63,,EM FRENTE AO QUARTEL DO DERBY,PRC DO DERBY,63,EM FRENTE AO QUARTEL DO DERBY,DERBY,,,COLISÃO TRASEIRA,COLISÃO ENTRE CAMINHÃO E MICRO ÔNIBUS S/V,,,,,,1,1,,,0,,Longo da via,Bom,Não existe,Perfeito estado,Seca,Perfeito estado,Faixa de pedestre,Outras,,Dupla,,,,,,,,,
2019-05-14,05:53:00,SEM VÍTIMA,FINALIZADA,JARDIM SÃO PAULO,AV SAO PAULO,55,,EM FRENTE AO RESIDENCIAL ROMARCO,AV SAO PAULO,55,EM FRENTE AO RESIDENCIAL ROMARCO,JARDIM SÃO PAULO,,,COLISÃO FRONTAL,COLISÃO ENTRE DOIS AUTOS, SEM VÍTIMAS,2,,,,,,,,,0,,Longo da via,Bom,Não existe,Incompleta,Seca,Perfeito estado,Não existe,R-6a,,Dupla,Não existe,,,,,,,
2019-05-14,06:45:00,SEM VÍTIMA,FINALIZADA,ESPINHEIRO,RUA DO ESPINHEIRO,690,,,RUA DO ESPINHEIRO,690,,ESPINHEIRO,,CIDADE,ABALROAMENTO LONGITUDINAL,ONIBUS E AUTO,1,,,,,1,,,,0,,Longo da via,Bom,Não existe,Perfeito estado,Seca,Perfeito estado,Não existe,R-6a,,Única,Faixa seccionada,,,,,,,,
2019-05-14,07:13:00,COM VÍTIMA,FINALIZADA,AFOGADOS,AV SUL,21,,EM FRENTE A CAIXA ECONOMICA. NA SAÍDA DO TERMINAL DE LARGO DA PAZ.,AV SUL,21,EM FRENTE A CAIXA ECONOMICA. NA SAÍDA DO TERMINAL DE LARGO DA PAZ.,AFOGADOS,,CIDADE,ABALROAMENTO LONGITUDINAL,AUTO E ÔNIBUS.,1,,,,,1,,,,1,,Outros,,,Perfeito estado,Seca,Perfeito estado,,Outras,,Única,Faixa,,,,,,,,
2019-05-14,07:36:00,SEM VÍTIMA,FINALIZADA,MADALENA,RUA JOSE BONIFACIO,25A,,EM FRENTE A JOAO DA CARNE DE SOL,RUA JOSE BONIFACIO,25A,EM FRENTE A JOAO DA CARNE DE SOL,MADALENA,,SUBURBIO,ABALROAMENTO TRANSVERSAL,ONIBUS E AUTO,1,,,,,1,,,,0,,Longo da via,Bom,Não existe,Perfeito estado,Seca,Perfeito estado,Outros,Outras,60 km/h,Única,Faixa contínua,Faixa seccionada,,,,,,,
2019-05-14,07:40:00,SEM VÍTIMA,FINALIZADA,PRADO,RUA SANTA EDWIRGES,233,AV ENGENHEIRO ABDIAS DE CARVALHO,BOSCH SERVICE,RUA SANTA EDWIRGES,233,BOSCH SERVICE,PRADO,354,CIDADE,ABALROAMENTO TRANSVERSAL,COLISÃO S/ VITIMAS ENTRES DOIS AUTOS,2,,,,,,,,,0,,Longo da via,Bom,Sem defeito,Perfeito estado,Seca,Perfeito estado,Faixa de pedestre,,,Dupla,Faixa seccionada,Canteiro central,,,,,,,
2019-05-14,07:54:00,SEM VÍTIMA,FINALIZADA,IMBIRIBEIRA,AV MARECHAL MASCARENHAS DE MORAES,,,,AV MARECHAL MASCARENHAS DE MORAES,,,IMBIRIBEIRA,168,SUBURBIO,ABALROAMENTO LONGITUDINAL,COLISÃO S/VITIMA ENTRE DOIS AUTOS,2,,,,,,,,,0,,Cruzamento,Bom,Sem defeito,Perfeito estado,Seca,Perfeito estado,,Placas Pare,,Dupla,Faixa seccionada,Canteiro central,,,,,,,
2019-05-14,08:14:00,SEM VÍTIMA,FINALIZADA,SÃO JOSÉ,AV DANTAS BARRETO,,,PRAÇA SERGIO LOURETO,AV DANTAS BARRETO,,PRAÇA SERGIO LOURETO,SÃO JOSÉ,35,CIDADE,ABALROAMENTO LONGITUDINAL,COLISÃO S/ VITIMA ENTRE DOIS AUTOS,2,,,,,,,,,0,,Longo da via,Bom,Sem defeito,Perfeito estado,Seca,Perfeito estado,Não existe,Não há placas,,Dupla,Faixa contínua,,,,,,,,
2019-05-14,08:18:00,SEM VÍTIMA,FINALIZADA,ESTÂNCIA,RUA JUAREZ MILLET,,RUA ANTONIO CARNEIRO,PRÓXIMO AO MERCARDINHO VITÓRIA,RUA JUAREZ MILLET,,PRÓXIMO AO MERCARDINHO VITÓRIA,ESTÂNCIA,,SUBURBIO,ABALROAMENTO TRANSVERSAL,DOIS AUTOS,2,,,,,,,,,0,,Cruzamento,Bom,Não existe,Perfeito estado,Seca,Perfeito estado,Não existe,Não há placas,,Dupla,Não existe,,,,,,,,
2019-05-14,10:09:00,COM VÍTIMA,FINALIZADA,IPUTINGA,AV CAXANGA,3124,,EM FRENTE A MOVIDA,AV CAXANGA,3124,EM FRENTE A MOVIDA,IPUTINGA,,SUBURBIO,ATROPELAMENTO,ATROPELAMENTO ENTRE MOTO E PEDESTRE.,,1,,,1,,,,,1,,Longo da via,Bom,Sem defeito,Perfeito estado,Seca,Perfeito estado,Não existe,Outras,,Única,Faixa seccionada,Canteiro central,,,,,,,
2019-05-14,10:16:00,COM VÍTIMA,FINALIZADA,AFOGADOS,RUA SAO MIGUEL,893,RUA ODILON TUCUMAN,EM FRENTE AO EXERCITO 14° BATALHÃO, SENT. CIDADE,RUA SAO MIGUEL,893,EM FRENTE AO EXERCITO 14° BATALHÃO, SENT. CIDADE,AFOGADOS,,CIDADE,ABALROAMENTO TRANSVERSAL,CAMINHÃO E MOTO,,1,,,,,1,,,1,,Esquina,Bom,Não existe,Não existente,Seca,Perfeito estado,Não existe,Não há placas,50 km/h,Dupla,Faixa contínua,,,,,,
2019-05-14,11:07:00,SEM VÍTIMA,FINALIZADA,ARRUDA,AV PROFESSOR JOSE DOS ANJOS,,RUA PETRONILA BOTELHO,AO LADO CAMPO DO ARRUDA,AV PROFESSOR JOSE DOS ANJOS,,AO LADO CAMPO DO ARRUDA,ARRUDA,54,CIDADE,COLISÃO TRASEIRA,TRES AUTOS,2,,,,,,,,,0,,Cruzamento,Bom,Sem defeito,Perfeito estado,Seca,Perfeito estado,Faixa de pedestre,Outras,,Dupla,Faixa seccionada,Canteiro central,Canal,,,,,,
2019-05-14,11:08:00,SEM VÍTIMA,FINALIZADA,ESPINHEIRO,AV GOVERNADOR AGAMENON MAGALHAES,,,LADO OPOSTO MEDICAL,AV GOVERNADOR AGAMENON MAGALHAES,,LADO OPOSTO MEDICAL,ESPINHEIRO,,SUBURBIO,ABALROAMENTO LONGITUDINAL,COLISÃO S/VITIMAS ENTRE UM AUTO E UM CAMINHÃO,1,,,,,,1,,,0,,Longo da via,Bom,Sem defeito,Perfeito estado,Seca,Perfeito estado,Não existe,Outras,60 km/h,Única,Faixa seccionada,,,,,,,,
2019-05-14,11:17:00,SEM VÍTIMA,FINALIZADA,BOA VISTA,RUA DO PROGRESSO,388,,EDF ANA MARIA,RUA DO PROGRESSO,388,EDF ANA MARIA,BOA VISTA,,CIDADE,ABALROAMENTO LONGITUDINAL,MOTO E AUTO,1,1,,,,,,,,0,,Longo da via,Bom,Não existe,Perfeito estado,Seca,Perfeito estado,Não existe,Outras,40 km/h,Única,Não existe,,,,,,,,
2019-05-14,11:37:00,SEM VÍTIMA,CANCELADA,AREIAS,AV RECIFE,554,,EM FRENTE A IMPERIAL EQUIPAMENTO,AV RECIFE,554,EM FRENTE A IMPERIAL EQUIPAMENTO,AREIAS,,,COLISÃO,CARRETA E AUTO PASSEIO,1,,,,,,1,,,0,,,,,,,,,,,,,,,,,,,,
2019-05-14,11:37:00,SEM VÍTIMA,FINALIZADA,GRAÇAS,AV RUI BARBOSA,1105,,EM FRENTE A CONCESSIONÁRIA TOYOLEX,AV RUI BARBOSA,1105,EM FRENTE A CONCESSIONÁRIA TOYOLEX,GRAÇAS,,CIDADE,ABALROAMENTO LONGITUDINAL,COLISÃO SEM VITIMAS,1,,,,,1,,,,0,,Longo da via,Bom,Não existe,Perfeito estado,Seca,Perfeito estado,Não existe,Outras,,Única,Faixa seccionada,,,,,,,,
2019-05-14,11:57:00,SEM VÍTIMA,CANCELADA,CORDEIRO,AV MAURICIO DE NASSAU,,,POR TRÁS DA EXPOSIÇÃO DO CORDEIRO E PROXIMO AO GOE,AV MAURICIO DE NASSAU,,POR TRÁS DA EXPOSIÇÃO DO CORDEIRO E PROXIMO AO GOE,CORDEIRO,,,COLISÃO,COLISÃO SEM VÍTIMA,1,,,,,1,,,,0,,,,,,,,,,,,,,,,,,,,
2019-05-14,12:13:00,SEM VÍTIMA,FINALIZADA,MADALENA,RUA BENFICA,1059,,EM FRENTE A MAXTROC,RUA BENFICA,1059,EM FRENTE A MAXTROC,MADALENA,,,COLISÃO TRASEIRA,COLISÃO SEM VÍTIMA,2,,,,,,,,,0,,Longo da via,Bom,Não existe,Perfeito estado,Seca,Perfeito estado,Não existe,Não há placas,,Única,Faixa seccionada,,,,,,,,
2019-05-14,12:35:00,SEM VÍTIMA,CANCELADA,AFOGADOS,EST DOS REMEDIOS,259,,PROX AO BOMPREÇO DA BENFICA E/F AO SANDUBA DO CARECA,EST DOS REMEDIOS,259,PROX AO BOMPREÇO DA BENFICA E/F AO SANDUBA DO CARECA,AFOGADOS,,,COLISÃO,COLISAO ENTRE ONIBUS E AUTO S/V,1,,,,,1,,,,0,,,,,,,,,,,,,,,,,,,,
2019-05-14,12:55:00,COM VÍTIMA,CANCELADA,IMBIRIBEIRA,AV GENERAL MAC ARTHUR,,,PROX. A ESTAÇÃO DO METRO ANTONIO FALCÃO,AV GENERAL MAC ARTHUR,,PROX. A ESTAÇÃO DO METRO ANTONIO FALCÃO,IMBIRIBEIRA,,,ATROPELAMENTO,ATROPELAMENTO COM EVASÃO,,1,,1,,,,,,1,,,,,,,,,,,,,,,,,,,,
2019-05-14,13:00:00,SEM VÍTIMA,FINALIZADA,DERBY,AV GOVERNADOR AGAMENON MAGALHAES,,,EM FRENTE AO PRONTO PELE,AV GOVERNADOR AGAMENON MAGALHAES,,EM FRENTE AO PRONTO PELE,DERBY,,,ABALROAMENTO TRANSVERSAL,COLISAO ENTRE ONIBUS E AUTO S/V,1,,,,,1,,,,0,,Longo da via,Bom,Não existe,Perfeito estado,Seca,Perfeito estado,Não existe,Não há placas,60 km/h,Única,Faixa seccionada,,,,,,,,
2019-05-14,13:31:00,SEM VÍTIMA,FINALIZADA,BOA VIAGEM,RUA PROFESSOR JOSE BRANDAO,,RUA ANTONIO DE SA LEITAO,BANCA DO PRIMO,RUA PROFESSOR JOSE BRANDAO,,BANCA DO PRIMO,BOA VIAGEM,,SUBURBIO,ABALROAMENTO TRANSVERSAL,COLISÃO SEM VITIMAS,1,1,,,,,,,,0,,Longo da via,Bom,Não existe,Perfeito estado,Seca,Perfeito estado,Faixa de retenção,Placas Pare,,Dupla,Faixa seccionada,,,,,,,,
2019-05-14,13:49:00,SEM VÍTIMA,FINALIZADA,ESPINHEIRO,AV NORTE,,,EM FRENTE AO Nº 2103,AV NORTE,,EM FRENTE AO Nº 2103,ESPINHEIRO,,CIDADE,COLISÃO TRASEIRA,COLISAO ENTRE DOIS AUTOS S/V,2,,,,,,,,,0,,Longo da via,Bom,Sem defeito,Perfeito estado,Seca,Perfeito estado,Não existe,R-6a,,Dupla,Faixa seccionada,Canteiro central,,,,,,,