data,hora,natureza_acidente,situacao,bairro,endereco,numero,detalhe_endereco_acidente,complemento,endereco_cruzamento,numero_cruzamento,referencia_cruzamento,bairro_cruzamento,num_semaforo,sentido_via,tipo,descricao,auto,moto,ciclom,ciclista,pedestre,onibus,caminhao,viatura,outros,vitimas,vitimasfatais,acidente_verificado,tempo_clima,situacao_semaforo,sinalizacao,condicao_via,conservacao_via,ponto_controle,situacao_placa,velocidade_max_via,mao_direcao,divisao_via1,divisao_via2,divisao_via3,,,,,,
2019-05-14,13:56:00,SEM VÍTIMA,CANCELADA,IBURA,RUA RIO XINGU,,RUA RIO TAPADO,E/F AO POSTO PETROBRAS,RUA RIO XINGU,,E/F AO POSTO PETROBRAS,IBURA,,,COLISÃO,COLISAO ENTRE AUTO E MOTO COM UMA VITIMA,1,1,,,,,,,,0,,,,,,,,,,,,,,,,,,,,
2019-05-14,14:10:00,SEM VÍTIMA,FINALIZADA,AFOGADOS,RUA SAO MIGUEL,,,SOB O SEMÁFORO 391,RUA SAO MIGUEL,,SOB O SEMÁFORO 391,AFOGADOS,391,SUBURBIO,COLISÃO TRASEIRA,COLISAO ENTRE DOIS AUTOS S/V,2,,,,,,,,,0,,Longo da via,Bom,Sem defeito,Perfeito estado,Seca,Perfeito estado,Faixa de pedestre,Não há placas,,Dupla,Faixa contínua,,,,,,,,
2019-05-14,14:20:00,SEM VÍTIMA,FINALIZADA,BOA VIAGEM,AV CONSELHEIRO AGUIAR,3645,,FRUTARIA,AV CONSELHEIRO AGUIAR,3645,FRUTARIA,BOA VIAGEM,,CIDADE,COLISÃO TRASEIRA,COLISÃO SEM VÍTIMA,1,1,,,,,,,,0,,Longo da via,Bom,Não existe,Não existente,Seca,Perfeito estado,Não existe,Não há placas,60 km/h,Única,Faixa seccionada,,,,,,,,
2019-05-14,14:42:00,SEM VÍTIMA,DUPLICIDADE,BEBERIBE,AV BEBERIBE,,EST VELHA DE AGUA FRIA,,AV BEBERIBE,,,BEBERIBE,,,COLISÃO,,,,,,,,,,,0,,,,,,,,,,,,,,,,,,,,
2019-05-14,14:48:00,SEM VÍTIMA,FINALIZADA,BAIRRO DO RECIFE,RUA DO OBSERVATORIO,,CAIS DO APOLO,POLÍCIA FEDERAL,RUA DO OBSERVATORIO,,POLÍCIA FEDERAL,BAIRRO DO RECIFE,,,ABALROAMENTO LONGITUDINAL,COLISAO ENTRE DOIS AUTOS S/V,2,,,,,,,,,0,,Longo da via,Bom,Não existe,Perfeito estado,Seca,Perfeito estado,Não existe,,,Dupla,Faixa seccionada,Canteiro central,,,,,,,
2019-05-14,14:51:00,VÍTIMA FATAL,FINALIZADA,ÁGUA FRIA,AV BEBERIBE,,EST VELHA DE AGUA FRIA,E/F A MILENA MOVEIS S/T SUB VT 12 NO LOCAL,AV BEBERIBE,,E/F A MILENA MOVEIS S/T SUB VT 12 NO LOCAL,ÁGUA FRIA,405,CIDADE,ATROPELAMENTO,ATROPELAMENTO ENTRE ONIBUS E PEDESTRE,,,,,1,1,,,,,1,Longo da via,Bom,Sem defeito,Perfeito estado,Seca,Perfeito estado,Faixa de pedestre,R-6a,,Única,Não existe,,,,,,,,
2019-05-14,15:28:00,SEM VÍTIMA,FINALIZADA,ENCRUZILHADA,AV JOAO DE BARROS,1883,,BANCO BRADESCO,AV JOAO DE BARROS,1883,BANCO BRADESCO,ENCRUZILHADA,,CIDADE,ABALROAMENTO LONGITUDINAL,COLISÃO SEM VITIMA,1,,,,,,1,,,0,,Longo da via,Bom,Não existe,Perfeito estado,Seca,Perfeito estado,Não existe,R-6a,,Única,Faixa seccionada,,,,,,,,
2019-05-14,15:43:00,COM VÍTIMA,FINALIZADA,SÃO JOSÉ,RUA IMPERIAL,,TRV DO RAPOSO,E/F O ARQUIVO PUBLICO,RUA IMPERIAL,,E/F O ARQUIVO PUBLICO,SÃO JOSÉ,,,COLISÃO,COLISAO ENTRE DUAS MOTOS S/V,,2,,,,,,,,1,,,,,,,,,,,,,,,,,,,,
2019-05-14,15:55:00,SEM VÍTIMA,FINALIZADA,TORREÃO,AV NORTE,1633,,LADO OPOSTO AO Nº 1633,AV NORTE,1633,LADO OPOSTO AO Nº 1633,TORREÃO,,SUBURBIO,COLISÃO TRASEIRA,COLISAO ENTRE AUTO E TAXI S/V,2,,,,,,,,,0,,Longo da via,Bom,Não existe,Incompleta,Seca,Perfeito estado,Não existe,Outras,,Dupla,Faixa seccionada,,,,,,,,
2019-05-14,16:31:00,SEM VÍTIMA,FINALIZADA,BOA VIAGEM,AVENIDA CELSO FURTADO (VIA MANGUE),,,SOB O VIADUTO DOM JOÃO VI,AVENIDA CELSO FURTADO (VIA MANGUE),,SOB O VIADUTO DOM JOÃO VI,BOA VIAGEM,,SUBURBIO,COLISÃO TRASEIRA,COLISÃO SEM VITIMA,1,,,,,1,,,,0,,Longo da via,Bom,Não existe,Perfeito estado,Seca,Perfeito estado,,Placas Pare,60 km/h,Dupla,,,,,,,,,
2019-05-14,17:28:00,SEM VÍTIMA,CANCELADA,BOA VIAGEM,AV ENGENHEIRO DOMINGOS FERREIRA,,,EM FRENTE AO SEMAFORO 231...E A LOJA AMARELO MEL,AV ENGENHEIRO DOMINGOS FERREIRA,,EM FRENTE AO SEMAFORO 231...E A LOJA AMARELO MEL,BOA VIAGEM,,,COLISÃO,COLISÃO SEM VITIMA,2,,,,,,,,,0,,,,,,,,,,,,,,,,,,,,
2019-05-14,17:34:00,COM VÍTIMA,FINALIZADA,PINA,AVENIDA CELSO FURTADO (VIA MANGUE),,,ANTES DO VIADUTO S/T CID PROX AO TUNEL DO RIOMAR,AVENIDA CELSO FURTADO (VIA MANGUE),,ANTES DO VIADUTO S/T CID PROX AO TUNEL DO RIOMAR,PINA,,CIDADE,ABALROAMENTO LONGITUDINAL,COLISAO ENTRE AUTO E MOTO COM UMA VITIMA,1,1,,,,,,,,1,,Longo da via,Bom,Não existe,Perfeito estado,Seca,Perfeito estado,Outros,Não há placas,60 km/h,Dupla,Canteiro central,,,,,,,,
2019-05-14,18:27:00,SEM VÍTIMA,FINALIZADA,ILHA DO LEITE,AV FREI MATIAS TEVES,,RUA JORNALISTA TRAJANO CHACON,ALFRED NOBEL,AV FREI MATIAS TEVES,,ALFRED NOBEL,ILHA DO LEITE,,,ABALROAMENTO TRANSVERSAL,DOIS AUTO SEM VITIMAS,2,,,,,,,,,0,,Cruzamento,Bom,Não existe,Perfeito estado,Seca,Perfeito estado,Outros,Placas Pare,30 km/h,Única,Faixa seccionada,,,,,,,,
2019-05-14,18:36:00,SEM VÍTIMA,FINALIZADA,ROSARINHO,RUA DES MARTINS PEREIRA,,RUA TELES JUNIOR,,RUA DES MARTINS PEREIRA,,,ROSARINHO,,SUBURBIO,COLISÃO TRASEIRA,AUTO E MOTO SEM VITIMAS,1,1,,,,,,,,0,,Cruzamento,Bom,Não existe,Perfeito estado,Seca,Perfeito estado,Faixa de pedestre,Placas Pare,,Única,,,,,,,,,
2019-05-14,18:52:00,SEM VÍTIMA,FINALIZADA,DERBY,RUA JORNALISTA PAULO BITTENCOURT,,,AO LADO DA RESTAURAÇAO,RUA JORNALISTA PAULO BITTENCOURT,,AO LADO DA RESTAURAÇAO,DERBY,,SUBURBIO,ABALROAMENTO LONGITUDINAL,ONIX X AUTO,2,,,,,,,,,0,,Longo da via,Bom,Não existe,Perfeito estado,Seca,Perfeito estado,Não existe,Não há placas,,Dupla,Não existe,,,,,,,,
2019-05-14,21:52:00,COM VÍTIMA,CANCELADA,CORDEIRO,AV MAURICIO DE NASSAU,51,RUA N S DA SAUDE,POR TRÁS DA EXPOSIÇÃO DE ANIMAIS,AV MAURICIO DE NASSAU,51,POR TRÁS DA EXPOSIÇÃO DE ANIMAIS,CORDEIRO,,,COLISÃO,AUTO E MOTO COM VITIMAS,1,1,,,,,,,,1,,,,,,,,,,,,,,,,,,,,
2019-05-14,22:10:00,SEM VÍTIMA,FINALIZADA,MADALENA,RUA JOSE HIGINO,,,LADO OPOSTO AO Nº 32,RUA JOSE HIGINO,,LADO OPOSTO AO Nº 32,MADALENA,,SUBURBIO,CHOQUE VEÍCULO PARADO,VT DA POLICIA MILITAR X HR V,1,,,,,,,1,,0,,Longo da via,Bom,Não existe,Perfeito estado,Seca,Perfeito estado,Faixa de retenção,Placas Pare,,Única,Não existe,,,,,,,,
2019-05-15,05:57:00,COM VÍTIMA,FINALIZADA,BOA VIAGEM,RUA VISCONDE DE JEQUITINHONHA,,AV ARMINDO MOURA,,RUA VISCONDE DE JEQUITINHONHA,,,BOA VIAGEM,258,CIDADE,ABALROAMENTO TRANSVERSAL,COLISÃO ENVOLVENDO AUTOMÓVEL E MOTOCICLETA,1,1,,,,,,,,1,,Cruzamento,Bom,Sem defeito,Perfeito estado,Seca,Perfeito estado,,,,Dupla,Faixa,,,,,,,,
2019-05-15,06:50:00,SEM VÍTIMA,CANCELADA,CORDEIRO,EST DO FORTE DO ARRAIAL N. DO B. JESUS,697,RUA GOMES TABORDA,NO SEMAFORO 249, PROX. A HIDROVITAL,EST DO FORTE DO ARRAIAL N. DO B. JESUS,697,NO SEMAFORO 249, PROX. A HIDROVITAL,CORDEIRO,,,COLISÃO,TRES AUTOS,3,,,,,,,,,0,,,,,,,,,,,,,,,,,,
2019-05-15,07:18:00,SEM VÍTIMA,FINALIZADA,PAISSANDU,AV GOVERNADOR AGAMENON MAGALHAES,4318,,EM FRENTE AO EMPRESARIAL RENATO DIAS,AV GOVERNADOR AGAMENON MAGALHAES,4318,EM FRENTE AO EMPRESARIAL RENATO DIAS,PAISSANDU,,,ABALROAMENTO LONGITUDINAL,DOIS AUTOS,2,,,,,,,,,0,,Longo da via,Bom,Não existe,,Seca,Perfeito estado,,,60 km/h,Dupla,Canteiro central,,,,,,,,
2019-05-15,07:25:00,SEM VÍTIMA,FINALIZADA,IPUTINGA,RUA PAUL HARRIS,53,,,RUA PAUL HARRIS,53,,IPUTINGA,,SUBURBIO,COLISÃO TRASEIRA,SEM VITIMAS,2,,,,,,,,,0,,Longo da via,Bom,Não existe,Perfeito estado,Seca,Perfeito estado,Não existe,R-6a,,Única,Não existe,,,,,,,,
2019-05-15,08:01:00,SEM VÍTIMA,FINALIZADA,BOA VIAGEM,RUA DR LUIZ INACIO PESSOA DE MELO,296,,PROX. AO SUPERMERCADO RM,RUA DR LUIZ INACIO PESSOA DE MELO,296,PROX. AO SUPERMERCADO RM,BOA VIAGEM,,SUBURBIO,ABALROAMENTO LONGITUDINAL,AUTO E MOTO,1,1,,,,,,,,0,,Longo da via,Bom,Não existe,Incompleta,Seca,Mal conservada,Não existe,Não há placas,,Dupla,Não existe,,,,,,,,
2019-05-15,09:10:00,COM VÍTIMA,FINALIZADA,ARRUDA,RUA SAO BENTO,46,,EM FRENTE A SERRALHARIA NOSSA SENHORA DA CONCEIÇÃO,RUA SAO BENTO,46,EM FRENTE A SERRALHARIA NOSSA SENHORA DA CONCEIÇÃO,ARRUDA,,CIDADE,CHOQUE VEÍCULO PARADO,CHOQUE ENVOLVENDO DOIS AUTOMÓVEIS.,2,,,,,,,,,1,,Longo da via,Chuvoso,Não existe,Perfeito estado,Molhada,Perfeito estado,Não existe,R-6a,,Única,Faixa,,,,,,,,
2019-05-15,09:40:00,SEM VÍTIMA,FINALIZADA,BOA VISTA,RUA JOAO FERNANDES VIEIRA,,,EM FRENTE A DROGARIA SÃO PAULO,RUA JOAO FERNANDES VIEIRA,,EM FRENTE AO WALMART,BOA VISTA,,SUBURBIO,ABALROAMENTO LONGITUDINAL,COLISÃO S/ VITIMA ENTRE UM ONIBUS E AUTO,1,,,,,1,,,,0,,Longo da via,Bom,Não existe,Ilegível,Seca,Mal iluminada,Não existe,Não há placas,,Única,Não existe,,,,,,,,
2019-05-15,09:55:00,SEM VÍTIMA,FINALIZADA,BOA VIAGEM,AV FERNANDO SIMOES BARBOSA,646,RUA RIBEIRO DE BRITO,EM FRENTE AO CASTELO REALE,AV FERNANDO SIMOES BARBOSA,646,EM FRENTE AO CASTELO REALE,BOA VIAGEM,332,SUBURBIO,COLISÃO TRASEIRA,COLISÃO SEM VITIMAS,2,,,,,,,,,0,,Longo da via,Bom,Sem defeito,Perfeito estado,Seca,Perfeito estado,Faixa de pedestre,Outras,,Dupla,Canal,,,,,,,,
2019-05-15,11:28:00,SEM VÍTIMA,FINALIZADA,SANTO ANTÔNIO,PRC DA REPUBLICA,,AV MARTINS DE BARROS,PRAÇA DA REPÚBLICA,PRC DA REPUBLICA,,PRAÇA DA REPÚBLICA,SANTO ANTÔNIO,165,CIDADE,ABALROAMENTO LONGITUDINAL,CAMINHÃO E AUTO,1,,,,,,1,,,0,,Longo da via,Bom,Sem defeito,Perfeito estado,Seca,Perfeito estado,Faixa de pedestre,Outras,,Única,Faixa seccionada,,,,,,,,
2019-05-15,11:44:00,COM VÍTIMA,FINALIZADA,BOA VISTA,AV JOAO DE BARROS,408,,EM FRENTE AO CORPO DE BOMBEIRO,AV JOAO DE BARROS,408,EM FRENTE AO CORPO DE BOMBEIRO,BOA VISTA,,CIDADE,COLISÃO TRASEIRA,COLISÃO ENVOLVENDO AUTOMÓVEL E MOTOCICLETA,1,1,,,,,,,,1,,Longo da via,Bom,Não existe,Perfeito estado,Seca,Perfeito estado,Faixa de pedestre,R-6a,,Única,Faixa contínua,,,,,,,,
2019-05-15,12:21:00,SEM VÍTIMA,FINALIZADA,BOA VISTA,RUA DOM BOSCO,,,SEMÁFORO 27,RUA DOM BOSCO,,SEMÁFORO 27,BOA VISTA,27,SUBURBIO,COLISÃO TRASEIRA,COLISÃO SEM VITIMA,2,,,,,,,,,0,,Longo da via,Bom,Sem defeito,Perfeito estado,Seca,Perfeito estado,Faixa de pedestre,Não há placas,,Única,Faixa contínua,,,,,,,,
2019-05-15,12:28:00,COM VÍTIMA,FINALIZADA,SANTO AMARO,RUA AURORA,,,EM FRENTE AO TRIBUNAL DE CONTAS,RUA AURORA,,EM FRENTE AO TRIBUNAL DE CONTAS,SANTO AMARO,,SUBURBIO,ABALROAMENTO LONGITUDINAL,COLISÃO ENVOLVENDO AUTOMÓVEL E MOTOCICLETA,1,1,,,,,,,,1,,Longo da via,Bom,Não existe,Perfeito estado,Seca,Perfeito estado,,,,Dupla,Canteiro central,,,,,,,,
2019-05-15,13:31:00,COM VÍTIMA,FINALIZADA,GRAÇAS,RUA GUILHERME PINTO,155,,AO LADO INSTITUTO ANTONIO PESSOAS DE QUEIROZ,RUA GUILHERME PINTO,155,AO LADO INSTITUTO ANTONIO PESSOAS DE QUEIROZ,GRAÇAS,432,CIDADE,CHOQUE VEÍCULO PARADO,CHOQUE ENVOLVENDO AUTOMÓVEL E MOTOCICLETA.,1,1,,,,,,,,1,,Longo da via,Bom,Sem defeito,Perfeito estado,Seca,Perfeito estado,Agente,Outras,,Única,,,,,,,,,
2019-05-15,13:46:00,SEM VÍTIMA,FINALIZADA,IMBIRIBEIRA,RUA ITACARI,80,,DE FRENTE O COMÉCIO BOX 61,RUA ITACARI,80,DE FRENTE O COMÉCIO BOX 61,IMBIRIBEIRA,,SUBURBIO,ABALROAMENTO LONGITUDINAL,COLISÃO SEM VÍTIMA,1,,,,,1,,,,0,,Longo da via,Bom,Não existe,Não existente,Seca,Perfeito estado,Não existe,Não há placas,,Única,Não existe,,,,,,,,
2019-05-15,14:27:00,SEM VÍTIMA,CANCELADA,TAMARINEIRA,AV NORTE,4390,,EM FRENTE AO POSTO BR E AO SESC,AV NORTE,4390,EM FRENTE AO POSTO BR E AO SESC,TAMARINEIRA,,SUBURBIO,COLISÃO,COLISÃO SEM VÍTIMA,2,,,,,,,,,0,,,,,,,,,,,,,,,,,,,,
2019-05-15,15:14:00,COM VÍTIMA,FINALIZADA,BOA VISTA,RUA DO RIACHUELO,,,EM FRENTE AO ESTACIONAMENTO SANPARK,RUA DO RIACHUELO,,EM FRENTE AO ESTACIONAMENTO SANPARK,BOA VISTA,,SUBURBIO,ABALROAMENTO LONGITUDINAL,COLISÃO ENVOLVENDO AUTOMÓVEL E MOTOCICLETA,1,1,,,,,,,,1,,Longo da via,Bom,Não existe,Perfeito estado,Seca,Perfeito estado,Faixa de pedestre,,,Dupla,Canteiro central,,,,,,,,
2019-05-15,15:22:00,SEM VÍTIMA,FINALIZADA,MADALENA,RUA JOSE OSORIO,183,,E/F AO POSTO DA CAPUNGA,RUA JOSE OSORIO,183,E/F AO POSTO DA CAPUNGA,MADALENA,,SUBURBIO,ABALROAMENTO LONGITUDINAL,COLISAO ENTRE TRES AUTOS S/V,3,,,,,,,,,0,,Longo da via,Bom,Não existe,Perfeito estado,Seca,Perfeito estado,Não existe,R-6a,,Única,Faixa seccionada,,,,,,,,
2019-05-15,15:29:00,COM VÍTIMA,CANCELADA,BOA VIAGEM,AV ENGENHEIRO DOMINGOS FERREIRA,,,NO SEMAFORO 217,AV ENGENHEIRO DOMINGOS FERREIRA,,NO SEMAFORO 217,BOA VIAGEM,,,COLISÃO COM CICLISTA,COLISAO COM O CICLISTA,1,,,1,,,,,,1,,,,,,,,,,,,,,,,,,,,
2019-05-15,15:51:00,COM VÍTIMA,FINALIZADA,ARRUDA,RUA PROFESSOR JERONIMO GUEIROS,,RUA DR EDUARDO WANDERLEY,PERTO DO CANAL DO ARRUDA,RUA PROFESSOR JERONIMO GUEIROS,,PERTO DO CANAL DO ARRUDA,ARRUDA,,SUBURBIO,ABALROAMENTO LONGITUDINAL,COLISÃO ENVOLVENDO AUTOMÓVEL E MOTOCICLETA,1,1,,,,,,,,1,,Esquina,Bom,Não existe,Perfeito estado,Seca,Perfeito estado,Não existe,Não há placas,,Dupla,Não existe,,,,,,,,
2019-05-15,15:54:00,SEM VÍTIMA,FINALIZADA,CASA FORTE,AV DEZESSETE DE AGOSTO,,,AO LADO DO BARCHEF,AV DEZESSETE DE AGOSTO,,AO LADO DO BARCHEF,CASA FORTE,410,SUBURBIO,COLISÃO TRASEIRA,COLISÃO SEM VÍTIMA,3,,,,,,,,,0,,Longo da via,Bom,Sem defeito,Perfeito estado,Seca,Perfeito estado,Faixa de pedestre,R-6a,,Dupla,Faixa contínua,,,,,,,,
2019-05-15,16:18:00,SEM VÍTIMA,FINALIZADA,IPSEP,RUA SAO NICOLAU,,RUA ABDIAS CABRAL DE MOURA,HONDA - MARAVILHOSA MOTOS,RUA SAO NICOLAU,,HONDA - MARAVILHOSA MOTOS,IPSEP,315,SUBURBIO,ABALROAMENTO LONGITUDINAL,COLISAO ENTRE AUTO E CAMINHAO S/V,1,,,,,,1,,,0,,Cruzamento,Bom,Sem defeito,Perfeito estado,Seca,Perfeito estado,,R-6a,,Única,Não existe,,,,,,,,
2019-05-15,17:12:00,SEM VÍTIMA,FINALIZADA,ARRUDA,RUA BOLIVAR,,,AO LADO DO DEPÓSITO DO ARMAZÉM CORAL,RUA BOLIVAR,,AO LADO DO DEPÓSITO DO ARMAZÉM CORAL,ARRUDA,35,,COLISÃO TRASEIRA,COLISÃO SEM VITIMA,2,,,,,,,,,0,,Longo da via,Bom,Não existe,Não existente,Seca,Perfeito estado,Não existe,Não há placas,,Dupla,Faixa contínua,,,,,,,,
2019-05-15,17:34:00,COM VÍTIMA,FINALIZADA,AFOGADOS,RUA MOTOCOLOMBO,143,,AO LADO DO BANCO SANTANDER,RUA MOTOCOLOMBO,143,AO LADO DO BANCO SANTANDER,AFOGADOS,,SUBURBIO,ATROPELAMENTO,ATROPELAMENTO ENVOLVENDO ÔNIBUS E PEDESTRE.,,,,,1,1,,,,1,,Longo da via,Bom,Não existe,Perfeito estado,Seca,Perfeito estado,Não existe,Não há placas,,Única,Faixa,,,,,,,,
2019-05-15,17:47:00,SEM VÍTIMA,CANCELADA,BOA VISTA,AV CONDE DA BOA VISTA,,,PROX A FAFIRE,AV CONDE DA BOA VISTA,,PROX A FAFIRE,BOA VISTA,,,COLISÃO,COLISAO ENTRE AUTO E MOTO S/V,1,1,,,,,,,,0,,,,,,,,,,,,,,,,,,,,
2019-05-15,18:17:00,SEM VÍTIMA,CANCELADA,IMBIRIBEIRA,RUA ARQUITETO LUIZ NUNES,,,PROX AO TREVO QUE DA ACESSO A MASCARENHA PROX A ESCOLA PINHEIROS,RUA ARQUITETO LUIZ NUNES,,PROX AO TREVO QUE DA ACESSO A MASCARENHA PROX A ESCOLA PINHEIROS,IMBIRIBEIRA,,,COLISÃO,LOGAN X MOTO,1,1,,,,,,,,0,,,,,,,,,,,,,,,,,,,,
2019-05-15,18:18:00,SEM VÍTIMA,FINALIZADA,ALTO JOSÉ DO PINHO,RUA SEVERINO BERNARDINO PEREIRA,398,,,RUA SEVERINO BERNARDINO PEREIRA,398,,ALTO JOSÉ DO PINHO,,,ABALROAMENTO LONGITUDINAL,ENTRE AUTO E CAMINHÃO. S/V,1,,,,,,1,,,0,,Longo da via,Bom,Não existe,Incompleta,Seca,Perfeito estado,Não existe,Outras,,Dupla,Não existe,,,,,,,,
2019-05-15,18:39:00,SEM VÍTIMA,CANCELADA,PINA,PTE GOVERNADOR PAULO GUERRA,1021,,AS PARTES FOI ORIENTADAS A SAIR DA PONTE PROX A ENTRADA DO SHOPPING RIO MAR PARA DEIXAR O ACESSO LIVRE AS PARTES ENVOLVIDAS SE LOCOMOVERAM ENF AO ATACADO DA CONSTRUÇAO,PTE GOVERNADOR PAULO GUERRA,1021,AS PARTES FOI ORIENTADAS A SAIR DA PONTE PROX A ENTRADA DO SHOPPING RIO MAR PARA DEIXAR O ACESSO LIVRE AS PARTES ENVOLVIDAS SE LOCOMOVERAM ENF AO ATACADO DA CONSTRUÇAO,PINA,,,ENGAVETAMENTO,PALIO X FORD K X IDEIA,3,,,,,,,,,0,,,,,,,,,,,,,,,,,,,,
2019-05-15,18:58:00,SEM VÍTIMA,FINALIZADA,ALTO JOSÉ DO PINHO,RUA MONTE HOREB,190,,EM FRENTE AO IMÓVEL 190,RUA MONTE HOREB,190,EM FRENTE AO IMÓVEL 190,ALTO JOSÉ DO PINHO,,SUBURBIO,ABALROAMENTO LONGITUDINAL,ONIX X FAIT UNO,2,,,,,,,,,0,,Longo da via,Bom,Não existe,Perfeito estado,Seca,Perfeito estado,,R-6c,30 km/h,Dupla,Não existe,,,,,,,,
2019-05-15,19:22:00,COM VÍTIMA,FINALIZADA,SANTO AMARO,AV PREFEITO ARTUR LIMA CAVALCANTI,,AV NORTE,,AV PREFEITO ARTUR LIMA CAVALCANTI,,,SANTO AMARO,243,SUBURBIO,ATROPELAMENTO,ATROPELAMENTO ENVOLVENDO MOTO E PEDESTRE.,,1,,,1,,,,,1,,Longo da via,Bom,Não existe,Incompleta,Seca,Perfeito estado,Não existe,Não há placas,,Única,Faixa seccionada,,,,,,,,
2019-05-15,22:06:00,COM VÍTIMA,FINALIZADA,BEBERIBE,AV BEBERIBE,3530,RUA CONS BARROS BARRETO,E/F AO SEST SENAT E AO CONDOMINIO DO CONJUNTO JOÃO PAULO II,AV BEBERIBE,3530,E/F AO SEST SENAT E AO CONDOMINIO DO CONJUNTO JOÃO PAULO II,BEBERIBE,,SUBURBIO,ABALROAMENTO TRANSVERSAL,COLISÃO ENTRE ÔNIBUS E CAMINHÃO.,,,,,,1,1,,,4,,Longo da via,Bom,Não existe,Perfeito estado,Seca,Perfeito estado,Não existe,Outras,,Dupla,Faixa contínua,,,,,,,,
2019-05-16,06:41:00,SEM VÍTIMA,FINALIZADA,IBURA,RUA RIO BRIGIDA,588,RUA RIO PARANAIBA,POR TRAS DO VAREJÃO ESTRELA,RUA RIO BRIGIDA,588,POR TRAS DO VAREJÃO ESTRELA,IBURA,,SUBURBIO,ABALROAMENTO LONGITUDINAL,COLISAO SEM VITIMAS,2,,,,,,,,,0,,Cruzamento,Bom,Não existe,Ilegível,Seca,Mal conservada,,Não há placas,,Dupla,Não existe,,,,,,,,
2019-05-16,07:06:00,COM VÍTIMA,FINALIZADA,ESPINHEIRO,RUA QUARENTA E OITO,560,RUA CONS PORTELA,EM FRENTE A FARMACIA PAGUE MENOS,RUA QUARENTA E OITO,560,EM FRENTE A FARMACIA PAGUE MENOS,ESPINHEIRO,11,CIDADE,CHOQUE VEÍCULO PARADO,CHOQUE ENVOLVENDO AUTOMÓVEL E MOTOCICLETA.,1,1,,,,,,,,1,,Longo da via,Bom,Sem defeito,Perfeito estado,Seca,Perfeito estado,Faixa de pedestre,R-4a,,Única,Faixa contínua,,,,,,,,
2019-05-16,07:13:00,SEM VÍTIMA,FINALIZADA,ESPINHEIRO,RUA CONS PORTELA,560,,EM FRENTE AO MINUTO PÃO DE AÇUCAR,RUA CONS PORTELA,560,EM FRENTE AO MINUTO PÃO DE AÇUCAR,ESPINHEIRO,,CIDADE,ABALROAMENTO LONGITUDINAL,SEM VITIMAS,1,,,,,1,,,,0,,Longo da via,Bom,Não existe,Perfeito estado,Seca,Perfeito estado,Não existe,Outras,,Única,Faixa seccionada,,,,,,,,
2019-05-16,07:28:00,SEM VÍTIMA,FINALIZADA,MADALENA,AV VISCONDE DE ALBUQUERQUE,439,RUA BARTOLOMEU DE GUSMAO,AO LADO DA PADARIA ENGENHO MADALENA,AV VISCONDE DE ALBUQUERQUE,439,AO LADO DA PADARIA ENGENHO MADALENA,MADALENA,,SUBURBIO,ABALROAMENTO TRANSVERSAL,COLISAO SEM VITIMAS,2,,,,,,,,,0,,Cruzamento,Bom,Não existe,Perfeito estado,Seca,Perfeito estado,Outros,Outras,60 km/h,Única,Faixa seccionada,,,,,,,,
2019-05-16,08:17:00,SEM VÍTIMA,FINALIZADA,ÁGUA FRIA,RUA DA REGENERACAO,426,,EM FRENTE A LEO CHOPP,RUA DA REGENERACAO,426,EM FRENTE A LEO CHOPP,ÁGUA FRIA,,SUBURBIO,ABALROAMENTO LONGITUDINAL,DOIS AUTOS,2,,,,,,,,,0,,Longo da via,Bom,Não existe,Perfeito estado,Seca,Perfeito estado,Não existe,Não há placas,,Única,,,,,,,,,
2019-05-16,08:34:00,SEM VÍTIMA,FINALIZADA,IPUTINGA,EST DO BARBALHO,,,EM FRENTE A SEDE DO DETRAN,EST DO BARBALHO,,EM FRENTE A SEDE DO DETRAN,IPUTINGA,,SUBURBIO,ABALROAMENTO TRANSVERSAL,SEM VITIMAS/VT14 DA CTTU VAI FAZER O B.O,1,1,,,,,,,,0,,Longo da via,Bom,Não existe,Não existente,Seca,Perfeito estado,Não existe,Não há placas,40 km/h,Dupla,Não existe,,,,,,,,
2019-05-16,08:38:00,SEM VÍTIMA,FINALIZADA,BOA VIAGEM,AV BOA VIAGEM,4188,RUA BARAO DE SOUZA LEAO,AO LADO DO EDF MARIA ANGELA,AV BOA VIAGEM,4188,AO LADO DO EDF MARIA ANGELA,BOA VIAGEM,,CIDADE,ABALROAMENTO LONGITUDINAL,COLISAO SEM VITIMAS,1,,,,,1,,,,0,,,Bom,Sem defeito,Perfeito estado,Seca,Perfeito estado,Outros,Outras,,Única,Faixa seccionada,,,,,,,,
2019-05-16,09:25:00,SEM VÍTIMA,FINALIZADA,ARRUDA,RUA JOSE AUSTREGESILO,55,,,RUA JOSE AUSTREGESILO,55,,ARRUDA,,,ABALROAMENTO LONGITUDINAL,TRES AUTOS,3,,,,,,,,,0,,Longo da via,Bom,Não existe,Perfeito estado,Seca,Perfeito estado,Não existe,Não há placas,30 km/h,Dupla,Não existe,,,,,,,,
2019-05-16,09:40:00,SEM VÍTIMA,FINALIZADA,BOA VISTA,RUA GERVASIO PIRES,332,,,RUA GERVASIO PIRES,332,,BOA VISTA,,SUBURBIO,ABALROAMENTO LONGITUDINAL,DOIS AUTOS,2,,,,,,,,,0,,Longo da via,Bom,Sem defeito,Perfeito estado,Seca,Perfeito estado,Agente,Não há placas,,Única,Não existe,,,,,,,,