data,hora,natureza_acidente,situacao,bairro,endereco,numero,detalhe_endereco_acidente,complemento,endereco_cruzamento,numero_cruzamento,referencia_cruzamento,bairro_cruzamento,num_semaforo,sentido_via,tipo,descricao,auto,moto,ciclom,ciclista,pedestre,onibus,caminhao,viatura,outros,vitimas,vitimasfatais,acidente_verificado,tempo_clima,situacao_semaforo,sinalizacao,condicao_via,conservacao_via,ponto_controle,situacao_placa,velocidade_max_via,mao_direcao,divisao_via1,divisao_via2,divisao_via3,,,,,,
2019-05-16,09:49:00,SEM VÍTIMA,FINALIZADA,ROSARINHO,AV NORTE,2797,,EM FRENTE A GALERIA DE Nº 2797,AV NORTE,2797,EM FRENTE A GALERIA DE Nº 2797,ROSARINHO,,CIDADE,COLISÃO TRASEIRA,COLISAO SEM VITIMAS,3,,,,,,,,,0,,Longo da via,Bom,Sem defeito,Incompleta,Seca,,Não existe,Outras,,Dupla,Faixa seccionada,,,,,,,,
2019-05-16,09:56:00,SEM VÍTIMA,FINALIZADA,SANTO AMARO,RUA PALMARES,,,,RUA PALMARES,,,SANTO AMARO,30,CIDADE,COLISÃO TRASEIRA,COLISAO SEM VITIMAS,1,1,,,,,,,,0,,Longo da via,Bom,Sem defeito,Perfeito estado,Seca,Perfeito estado,Não existe,Não há placas,,Dupla,Canteiro central,,,,,,,,
2019-05-16,10:02:00,SEM VÍTIMA,FINALIZADA,BOA VISTA,RUA PRINCESA IZABEL,165,RUA DA SAUDADE,SOB O SEMÁFORO 168,RUA PRINCESA IZABEL,165,SOB O SEMÁFORO 168,BOA VISTA,168,CIDADE,COLISÃO TRASEIRA,,2,1,,,,,,,,0,,Cruzamento,Bom,Sem defeito,Perfeito estado,Seca,Perfeito estado,Faixa de pedestre,Outras,,Única,,,,,,,,,
2019-05-16,10:29:00,SEM VÍTIMA,FINALIZADA,AFOGADOS,RUA FRANCISCO SILVEIRA,38,,LADO OPOSTO AO Nº 15,RUA FRANCISCO SILVEIRA,38,LADO OPOSTO AO Nº 15,AFOGADOS,,CIDADE,ABALROAMENTO LONGITUDINAL,COLISAO SEM VITIMAS,2,,,,,,,,,0,,Longo da via,Bom,Não existe,Não existente,Seca,Perfeito estado,Não existe,Não há placas,,Dupla,Faixa seccionada,,,,,,,,
2019-05-16,11:00:00,SEM VÍTIMA,FINALIZADA,GRAÇAS,AV SANTOS DUMONT,458,RUA TELES JUNIOR,EM FRENTE A FARMACIA EXTRA FARMA,AV SANTOS DUMONT,458,EM FRENTE A FARMACIA EXTRA FARMA,GRAÇAS,,CIDADE,ABALROAMENTO LONGITUDINAL,AUTO PASSEIO E CARRO FORTE,1,,,,,,,1,,0,,Cruzamento,Bom,Não existe,Perfeito estado,Seca,Perfeito estado,Não existe,R-6a,,Única,Faixa seccionada,,,,,,,,
2019-05-16,11:13:00,SEM VÍTIMA,CANCELADA,JARDIM SÃO PAULO,RUA LEOBINA PEREIRA,193,,POR TRAS BATISTA DE JARDIN SÃO PAULO,RUA LEOBINA PEREIRA,193,POR TRAS BATISTA DE JARDIN SÃO PAULO,JARDIM SÃO PAULO,,,COLISÃO,COLISAO SEM VITIMAS,2,,,,,,,,,0,,,,,,,,,,,,,,,,,,,,
2019-05-16,11:42:00,SEM VÍTIMA,FINALIZADA,CIDADE UNIVERSITÁRIA,AV PROFESSOR ARTUR DE SA,1400,RUA PROFESSOR ANTONIO COELHO,HOSPITAL DAS CLÍNICAS ( UFPE),AV PROFESSOR ARTUR DE SA,1400,HOSPITAL DAS CLÍNICAS ( UFPE),CIDADE UNIVERSITÁRIA,,SUBURBIO,ABALROAMENTO TRANSVERSAL,COLISAO SEM VITIMAS,2,,,,,,,,,0,,Cruzamento,Bom,Não existe,Perfeito estado,Seca,Perfeito estado,Não existe,,,Dupla,Faixa seccionada,,,,,,,,
2019-05-16,12:29:00,SEM VÍTIMA,FINALIZADA,PINA,RUA MANOEL DE BRITO,,,NO TÚNEL DA RUA MANOEL DE BRITO,RUA MANOEL DE BRITO,,NO TÚNEL DA RUA MANOEL DE BRITO,PINA,103,,COLISÃO TRASEIRA,SEM VÍTIMA,2,,,,,,,,,0,,,Bom,Sem defeito,Perfeito estado,Seca,Perfeito estado,Faixa de pedestre,Não há placas,60 km/h,Única,Faixa contínua,,,,,,,,
2019-05-16,13:36:00,SEM VÍTIMA,FINALIZADA,BOA VISTA,RUA DA UNIAO,,,EM FRENTE A ASSEMBLEIA LEGISLATIVA ANEXO III,RUA DA UNIAO,,EM FRENTE A ASSEMBLEIA LEGISLATIVA ANEXO III,BOA VISTA,,SUBURBIO,COLISÃO TRASEIRA,COLISÃO SEM VITIMA,2,,,,,,,,,0,,Longo da via,Bom,Não existe,Perfeito estado,Seca,Perfeito estado,Não existe,Não há placas,40 km/h,Única,Não existe,,,,,,,,
2019-05-16,13:42:00,SEM VÍTIMA,FINALIZADA,IPUTINGA,AV MAURICIO DE NASSAU,,,PRÓX AO PARQUE CAIARA EM FRENTE AO POSTE H 025437,AV MAURICIO DE NASSAU,,PRÓX AO PARQUE CAIARA EM FRENTE AO POSTE H 025437,IPUTINGA,,CIDADE,COLISÃO TRASEIRA,COLISÃO SEM VITIMA,2,,,,,,,,,0,,Longo da via,Bom,Não existe,Perfeito estado,Seca,Perfeito estado,Não existe,Não há placas,,Dupla,Faixa contínua,,,,,,,,
2019-05-16,14:00:00,SEM VÍTIMA,FINALIZADA,MADALENA,RUA LOPES DE CARVALHO,,RUA REAL DA TORRE,,RUA LOPES DE CARVALHO,,,MADALENA,,SUBURBIO,ABALROAMENTO TRANSVERSAL,COLISAO ENTRE DOIS AUTOS S/V,2,,,,,,,,,0,,,Bom,Não existe,Perfeito estado,Seca,Perfeito estado,Não existe,Placas Pare,,Dupla,Não existe,,,,,,,,
2019-05-16,14:43:00,SEM VÍTIMA,CANCELADA,CAXANGÁ,AV CAXANGA,,,EM FRENTE A CAIXA ECONÔMICA,AV CAXANGA,,EM FRENTE A CAIXA ECONÔMICA,CAXANGÁ,,,COLISÃO,AUTO E CICLISTA SEM VITIMA,1,,,1,,,,,,0,,,,,,,,,,,,,,,,,,,,
2019-05-16,16:07:00,SEM VÍTIMA,FINALIZADA,TAMARINEIRA,AV CONS ROSA E SILVA,1969,,E/F A FARMACIA BONGI,AV CONS ROSA E SILVA,1969,E/F A FARMACIA BONGI,TAMARINEIRA,,SUBURBIO,ABALROAMENTO LONGITUDINAL,COLISAO ENTRE DOIS AUTOS S/V,2,,,,,,,,,0,,Longo da via,Bom,Não existe,Perfeito estado,Seca,Perfeito estado,Não existe,Outras,,Única,Faixa seccionada,,,,,,,,
2019-05-16,16:16:00,SEM VÍTIMA,FINALIZADA,SANTO ANTÔNIO,RUA SIQUEIRA CAMPOS,251,,SICREDI,RUA SIQUEIRA CAMPOS,251,SICREDI,SANTO ANTÔNIO,,SUBURBIO,ABALROAMENTO LONGITUDINAL,COLISAO ENTRE ONIBUS E AUTO S/V,1,,,,,1,,,,0,,Longo da via,Bom,Não existe,Perfeito estado,Seca,Perfeito estado,Não existe,Outras,40 km/h,Única,Faixa seccionada,,,,,,,,
2019-05-16,16:30:00,SEM VÍTIMA,FINALIZADA,BEBERIBE,AV BEBERIBE,4541,,EM FRENTE AO Nº 4541,AV BEBERIBE,4541,EM FRENTE AO Nº 4541,BEBERIBE,,CIDADE,ABALROAMENTO LONGITUDINAL,COLISÃO SEM VITIMA,1,,,,,1,,,,0,,Longo da via,Bom,Sem defeito,Incompleta,Seca,Mal conservada,Faixa de pedestre,Outras,,Dupla,Faixa seccionada,,,,,,,,
2019-05-16,17:30:00,SEM VÍTIMA,FINALIZADA,JORDÃO,AV CENTENARIO ALBERTO SANTOS DUMONT,,,SOB O TÚNEL FILIPE CAMARÃO,AV CENTENARIO ALBERTO SANTOS DUMONT,,SOB O TÚNEL FILIPE CAMARÃO,JORDÃO,,SUBURBIO,COLISÃO TRASEIRA,ENTRE 2 AUTOS. S/V,2,,,,,,,,,0,,Longo da via,Bom,Não existe,Perfeito estado,Molhada,Mal conservada,Não existe,Não há placas,,Dupla,Canteiro central,,,,,,,,
2019-05-16,17:41:00,SEM VÍTIMA,FINALIZADA,ALTO SANTA TERESINHA,AV ANIBAL BENEVOLO,732,,PRÓX AO CLUBE BELA VISTA,AV ANIBAL BENEVOLO,732,PRÓX AO CLUBE BELA VISTA,ALTO SANTA TERESINHA,,SUBURBIO,ABALROAMENTO LONGITUDINAL,ENTRE AUTO E MOTO. S/V,1,1,,,,,,,,0,,Longo da via,Bom,,,,,Não existe,Não há placas,,Dupla,Não existe,,,,,,,,
2019-05-16,18:08:00,SEM VÍTIMA,FINALIZADA,MADALENA,AV VISCONDE DE ALBUQUERQUE,,,EM FRENTE AO POSTO IPIRANGA,AV VISCONDE DE ALBUQUERQUE,,EM FRENTE AO POSTO IPIRANGA,MADALENA,576,SUBURBIO,ABALROAMENTO LONGITUDINAL,ENTRE 2 AUTOS. S/V,2,,,,,,,,,0,,Longo da via,Bom,Sem defeito,Perfeito estado,Seca,Perfeito estado,Faixa de pedestre,Não há placas,,Única,Faixa seccionada,,,,,,,,
2019-05-16,18:14:00,SEM VÍTIMA,DUPLICIDADE,MADALENA,AV VISCONDE DE ALBUQUERQUE,232,,ENF AO EDF VILLA BARILOCHE E POSTO IPRANGA,AV VISCONDE DE ALBUQUERQUE,232,ENF AO EDF VILLA BARILOCHE E POSTO IPRANGA,MADALENA,,,COLISÃO,CLASSIC X PALIO,2,,,,,,,,,0,,,,,,,,,,,,,,,,,,,,
2019-05-16,19:09:00,COM VÍTIMA,CANCELADA,PAISSANDU,AV GOVERNADOR AGAMENON MAGALHAES,,,E/F AO HOSPITAL PORTUGUÊS, SNT BV,AV GOVERNADOR AGAMENON MAGALHAES,,E/F AO HOSPITAL PORTUGUÊS, SNT BV,PAISSANDU,,,COLISÃO,ENTRE AUTO E MOTO. C/V,1,1,,,,,,,,1,,,,,,,,,,,,,,,,,,
2019-05-16,20:36:00,SEM VÍTIMA,FINALIZADA,CAMPO GRANDE,AV GOVERNADOR AGAMENON MAGALHAES,,RUA ODORICO MENDES,CICLOFAIXA,AV GOVERNADOR AGAMENON MAGALHAES,,CICLOFAIXA,CAMPO GRANDE,49,SUBURBIO,ABALROAMENTO TRANSVERSAL,ENTRE 2 AUTOS. S.V,2,,,,,,,,,0,,Longo da via,Bom,Sem defeito,Perfeito estado,Seca,Perfeito estado,,,,Dupla,Canal,,,,,,,,
2019-05-16,21:35:00,SEM VÍTIMA,FINALIZADA,SANTO AMARO,RUA ROCHA PITA,134,,,RUA ROCHA PITA,134,,SANTO AMARO,,CIDADE,CHOQUE OBJETO FIXO,CAMINHAO COMPACTADOR X POSTE DE ALTA TENSAO OBS: O POSTE ESTA ESCORADO NO CAMINHAO,,,,,,,1,,1,0,,Longo da via,Bom,Não existe,Perfeito estado,Seca,Perfeito estado,Não existe,Não há placas,30 km/h,Única,Não existe,,,,,,,,
2019-05-16,21:55:00,SEM VÍTIMA,CANCELADA,IMBIRIBEIRA,RUA CORONEL FABRICIANO,158,,PROX A ESTAÇAO TRANQUEDO NEVES NO RETORNO PARA A MASCARENHA,RUA CORONEL FABRICIANO,158,PROX A ESTAÇAO TRANQUEDO NEVES NO RETORNO PARA A MASCARENHA,IMBIRIBEIRA,,,COLISÃO,CARRETA X ASX,1,,,,,,1,,,0,,,,,,,,,,,,,,,,,,,,
2019-05-17,06:19:00,SEM VÍTIMA,CANCELADA,CORDEIRO,AV GENERAL SAN MARTIN,,,EM FRENTE AO COMPAZ, SENT. CIDADE,AV GENERAL SAN MARTIN,,EM FRENTE AO COMPAZ, SENT. CIDADE,CORDEIRO,,,COLISÃO,ONIBUS E CAMINHÃO,,,,,,1,1,,,0,,,,,,,,,,,,,,,,,,
2019-05-17,06:28:00,COM VÍTIMA,FINALIZADA,DOIS UNIDOS,AV HILDEBRANDO DE VASCONCELOS,786,,EM FRENTE A ACADAMEIA TOP FITNESS,AV HILDEBRANDO DE VASCONCELOS,786,EM FRENTE A ACADAMEIA TOP FITNESS,DOIS UNIDOS,,SUBURBIO,COLISÃO FRONTAL,AUTO E MOTO.,1,1,,,,,,,,2,,Longo da via,Bom,Não existe,,Seca,,Não existe,R-6a,,Dupla,Faixa seccionada,,,,,,,,
2019-05-17,06:33:00,SEM VÍTIMA,FINALIZADA,ESTÂNCIA,RUA HAVAI,130,AV RECIFE,,RUA HAVAI,130,,ESTÂNCIA,,SUBURBIO,COLISÃO TRASEIRA,SEM VITIMAS,2,,,,,,,,,0,,Longo da via,Bom,Não existe,Incompleta,Seca,Perfeito estado,Não existe,Não há placas,,Dupla,Não existe,,,,,,,,
2019-05-17,06:49:00,SEM VÍTIMA,FINALIZADA,AFLITOS,AV CONS ROSA E SILVA,708,,,AV CONS ROSA E SILVA,708,,AFLITOS,,SUBURBIO,ABALROAMENTO LONGITUDINAL,SEM VITIMAS,2,,,,,,,,,0,,Longo da via,Bom,Não existe,Perfeito estado,Seca,Perfeito estado,Não existe,Não há placas,60 km/h,Única,Faixa seccionada,,,,,,,,
2019-05-17,07:17:00,SEM VÍTIMA,FINALIZADA,TEJIPIÓ,AV DR JOSE RUFINO,,,SOBRE O VIADUTO DA BR 101,AV DR JOSE RUFINO,,SOBRE O VIADUTO DA BR 101,TEJIPIÓ,,SUBURBIO,ABALROAMENTO TRANSVERSAL,DOIS AUTOS,2,,,,,,,,,0,,Viaduto,Bom,Não existe,Incompleta,Seca,Perfeito estado,Não existe,Não há placas,,Dupla,Faixa seccionada,,,,,,,,
2019-05-17,07:21:00,SEM VÍTIMA,FINALIZADA,FUNDÃO,AV BEBERIBE,,,,AV BEBERIBE,,,FUNDÃO,307,CIDADE,COLISÃO TRASEIRA,SEM VITMAS,2,,,,,,,,,0,,Cruzamento,Bom,Sem defeito,Perfeito estado,Seca,Perfeito estado,,Outras,,Dupla,Outros,,,,,,,,
2019-05-17,07:38:00,SEM VÍTIMA,FINALIZADA,CAXANGÁ,AV CAXANGA,,RUA PROFESSOR ANTONIO COELHO,BRAZZETUS,AV CAXANGA,,BRAZZETUS,CAXANGÁ,,CIDADE,ABALROAMENTO LONGITUDINAL,ONIBUS E AUTO,1,,,,,1,,,,0,,,Bom,Não existe,Perfeito estado,Seca,Perfeito estado,Não existe,Outras,,Dupla,Canteiro central,,,,,,,,
2019-05-17,11:20:00,COM VÍTIMA,FINALIZADA,DERBY,AV GOVERNADOR AGAMENON MAGALHAES,41,,LADO OPOSTO AO NÚMERO INFORMADO.,,,,,,,ABALROAMENTO LONGITUDINAL,AUTO E MOTO.,1,1,,,,,,,,1,,Longo da via,Bom,Sem defeito,Perfeito estado,Seca,Perfeito estado,Agente,R-19,60 km/h,Dupla,Faixa contínua,Canteiro central,,,,,,,
2019-05-17,07:46:00,SEM VÍTIMA,FINALIZADA,JAQUEIRA,RUA PADRE ROMA,291,,,RUA PADRE ROMA,291,,JAQUEIRA,,SUBURBIO,COLISÃO TRASEIRA,COLISÃO S/VITIMAS ENTRE TRES AUTOS,3,,,,,,,,,0,,Longo da via,Bom,Não existe,Perfeito estado,Seca,Perfeito estado,Não existe,Outras,40 km/h,Dupla,Canteiro central,,,,,,,,
2019-05-17,07:48:00,COM VÍTIMA,FINALIZADA,SANTO AMARO,VDO ENG ROBERTO PEREIRA DE CARVALHO,,,NO INICIO DO VIADUTO EM FRENTE AO SHOPPING TACARUNA, SENT. OLINDA,VDO ENG ROBERTO PEREIRA DE CARVALHO,,NO INICIO DO VIADUTO EM FRENTE AO SHOPPING TACARUNA, SENT. OLINDA,SANTO AMARO,,SUBURBIO,CHOQUE VEÍCULO PARADO,AUTO E MOTO.,1,1,,,,,,,,1,,Viaduto,Bom,Não existe,Perfeito estado,Seca,Perfeito estado,Não existe,Não há placas,,Única,Faixa seccionada,,,,,,
2019-05-17,07:56:00,SEM VÍTIMA,FINALIZADA,APIPUCOS,RUA DE APIPUCOS,,,PARQUE DE APIPUCOS / PARADA DE ÔNIBUS DE Nº 100215,RUA DE APIPUCOS,,PARQUE DE APIPUCOS / PARADA DE ÔNIBUS DE Nº 100215,APIPUCOS,,CIDADE,COLISÃO TRASEIRA,COLISÃO S/VITIMAS ENTRE TRES AUTOS,3,,,,,,,,,0,,Longo da via,Bom,Não existe,Perfeito estado,Seca,Perfeito estado,Não existe,Outras,,Dupla,Faixa contínua,,,,,,,,
2019-05-17,08:31:00,SEM VÍTIMA,FINALIZADA,ESPINHEIRO,RUA ALFREDO DE CARVALHO,39,,EM FRENTE AO Nº 39,RUA ALFREDO DE CARVALHO,39,EM FRENTE AO Nº 39,ESPINHEIRO,,,COLISÃO TRASEIRA,COLISAO S/VITIMA ENTRE DOIS AUTOS,2,,,,,,,,,0,,Longo da via,Bom,Não existe,,Seca,Perfeito estado,Não existe,Outras,,Única,Não existe,,,,,,,,
2019-05-17,08:49:00,SEM VÍTIMA,FINALIZADA,ENCRUZILHADA,RUA ANDRE REBOUCAS,45,,EM FRENTE AO EDF DAVID BECKER,RUA ANDRE REBOUCAS,45,EM FRENTE AO EDF DAVID BECKER,ENCRUZILHADA,,,ABALROAMENTO LONGITUDINAL,CAMINHÃO E AUTO,1,,,,,,1,,,0,,Longo da via,Bom,Não existe,Perfeito estado,Seca,Perfeito estado,Não existe,Placas Pare,,Dupla,Faixa contínua,,,,,,,,
2019-05-17,09:10:00,SEM VÍTIMA,FINALIZADA,AFLITOS,AV CONS ROSA E SILVA,1205,RUA TEIXEIRA PINTO,,AV CONS ROSA E SILVA,1205,,AFLITOS,,SUBURBIO,COLISÃO TRASEIRA,,2,,,,,,,,,0,,,Bom,Não existe,Perfeito estado,Seca,Perfeito estado,Não existe,R-6a,,Única,Faixa seccionada,,,,,,,,
2019-05-17,09:22:00,COM VÍTIMA,FINALIZADA,DERBY,PRC DO DERBY,40,RUA JENER DE SOUZA,LADO OPOSTO AO QUARTEL DO DERBY,PRC DO DERBY,40,LADO OPOSTO AO QUARTEL DO DERBY,DERBY,40,CIDADE,ABALROAMENTO TRANSVERSAL,COLISÃO C/ VITIMA ENTRE MOTO E AUTO,1,1,,,,,,,,1,,Cruzamento,Bom,Sem defeito,Perfeito estado,Seca,Perfeito estado,Faixa de pedestre,Outras,40 km/h,Dupla,Faixa,,,,,,,,
2019-05-17,09:50:00,SEM VÍTIMA,FINALIZADA,BOA VIAGEM,RUA SETUBAL,638,RUA PROFESSOR MARIO CASTRO,EDF AMALIA RODRIGUES EM FRENTE,RUA SETUBAL,638,EDF AMALIA RODRIGUES EM FRENTE,BOA VIAGEM,,CIDADE,ABALROAMENTO LONGITUDINAL,COLISÃO S/ VITIMA ENTRE DOIS AUTOS,2,,,,,,,,,0,,Cruzamento,Bom,Não existe,Perfeito estado,Seca,Perfeito estado,Outros,Outras,,Única,Não existe,,,,,,,,
2019-05-17,10:03:00,COM VÍTIMA,FINALIZADA,MACAXEIRA,AV NORTE,,,NA ROTATORIA DA INTEGRAÇÃO DA MACAXEIRA. SOB VIADUTO.,AV NORTE,,NA ROTATORIA DA INTEGRAÇÃO DA MACAXEIRA. SOB VIADUTO.,MACAXEIRA,,SUBURBIO,ABALROAMENTO LONGITUDINAL,AUTO E MOTO.,1,1,,,,,,,,1,,Longo da via,Bom,Não existe,Não existente,Seca,Perfeito estado,Não existe,Não há placas,,Dupla,Canteiro central,,,,,,,,
2019-05-17,11:04:00,SEM VÍTIMA,FINALIZADA,IMBIRIBEIRA,AV MARECHAL MASCARENHAS DE MORAES,,,EM FRENTE A FOCO ALUGUEL DE CARROS,AV MARECHAL MASCARENHAS DE MORAES,,EM FRENTE A FOCO ALUGUEL DE CARROS,IMBIRIBEIRA,,CIDADE,COLISÃO TRASEIRA,SEM VITIMAS,2,,,,,1,,,,0,,Longo da via,Bom,Não existe,Não existente,Seca,Perfeito estado,Não existe,Não há placas,60 km/h,Dupla,Canteiro central,,,,,,,,
2019-05-17,11:35:00,SEM VÍTIMA,CANCELADA,BOA VIAGEM,RUA CORONEL BENEDITO CHAVES,70,AV CONSELHEIRO AGUIAR,EM FRENTE EDIFICIO TIMBAUBA,RUA CORONEL BENEDITO CHAVES,70,EM FRENTE EDIFICIO TIMBAUBA,BOA VIAGEM,,,COLISÃO,COLISÃO S/VITIMAS ENTRE DOIS AUTOS,2,,,,,,,,,0,,,,,,,,,,,,,,,,,,,,
2019-05-17,12:04:00,COM VÍTIMA,FINALIZADA,PINA,RUA MANOEL DE BRITO,,AV REPUBLICA DO LIBANO,TERMINO DA VIA MANGUE/ NUCLEO DA POLICIA,RUA MANOEL DE BRITO,,TERMINO DA VIA MANGUE/ NUCLEO DA POLICIA,PINA,659,CIDADE,COLISÃO TRASEIRA,AUTO E MOTO.,1,1,,,,,,,,1,,Longo da via,Bom,Sem defeito,Perfeito estado,Seca,Perfeito estado,,Outras,,Única,Outros,,,,,,,,
2019-05-17,13:16:00,SEM VÍTIMA,CANCELADA,CIDADE UNIVERSITÁRIA,,,,PROX A BIBLIOTECA E/F AO RESTAURANTE DA FACULDADE,,,PROX A BIBLIOTECA E/F AO RESTAURANTE DA FACULDADE,CIDADE UNIVERSITÁRIA,,,COLISÃO,COLISAO ENTRE ONIBUS E AUTO S/V,1,,,,,1,,,,0,,,,,,,,,,,,,,,,,,,,
2019-05-17,13:24:00,COM VÍTIMA,FINALIZADA,MADALENA,RUA REAL DA TORRE,868,,PRÓXIMO AO MERCADO DA MADALENA.,RUA REAL DA TORRE,868,PRÓXIMO AO MERCADO DA MADALENA.,MADALENA,,SUBURBIO,ABALROAMENTO TRANSVERSAL,AUTO E MOTO.,1,1,,,,,,,,1,,Longo da via,Bom,Não existe,Perfeito estado,Seca,Perfeito estado,Não existe,Não há placas,,Única,Faixa seccionada,,,,,,,,
2019-05-17,13:33:00,SEM VÍTIMA,FINALIZADA,IMBIRIBEIRA,AV MARECHAL MASCARENHAS DE MORAES,,,,AV MARECHAL MASCARENHAS DE MORAES,,,IMBIRIBEIRA,534,SUBURBIO,COLISÃO TRASEIRA,COLISAO ENTRE DOIS AUTO S/V,2,,,,,,,,,0,,Longo da via,Bom,Sem defeito,Perfeito estado,Seca,Perfeito estado,Faixa de pedestre,Outras,60 km/h,Dupla,Canteiro central,,,,,,,,
2019-05-17,14:11:00,SEM VÍTIMA,FINALIZADA,SANTO AMARO,RUA ALVARES DE AZEVEDO,,RUA DOS PALMARES,AO LADO DA ESCOLA ULISSES PERNAMBUCANO,RUA ALVARES DE AZEVEDO,,AO LADO DA ESCOLA ULISSES PERNAMBUCANO,SANTO AMARO,93,CIDADE,ABALROAMENTO LONGITUDINAL,COLISAO ENTRE DOIS AUTOS S/V,2,,,,,,,,,0,,Cruzamento,Bom,Sem defeito,Perfeito estado,Seca,Perfeito estado,Faixa de pedestre,Não há placas,40 km/h,Única,Faixa seccionada,,,,,,,,
2019-05-17,14:11:00,SEM VÍTIMA,CANCELADA,PRADO,RUA PADRE TEOFILO TWORZ,295,RUA SANTA EDWIRGES,POR TRAZ DA ENGEFRIO/ IGREJA PRESBITERIANA DO PRADO,RUA PADRE TEOFILO TWORZ,295,POR TRAZ DA ENGEFRIO/ IGREJA PRESBITERIANA DO PRADO,PRADO,,,COLISÃO,COLISÃO SEM VITIMA,2,,,,,,,,,0,,,,,,,,,,,,,,,,,,,,
2019-05-17,14:33:00,SEM VÍTIMA,FINALIZADA,SANTO AMARO,RUA DOS PALMARES,,,EM FRENTE AO PROCAPE,RUA DOS PALMARES,,EM FRENTE AO PROCAPE,SANTO AMARO,526,CIDADE,CHOQUE VEÍCULO PARADO,COLISAO ENTRE DOIS AUTOS S/V,2,,,,,,,,,0,,Longo da via,Bom,Sem defeito,Perfeito estado,Seca,Perfeito estado,Faixa de pedestre,Outras,40 km/h,Única,Faixa seccionada,,,,,,,,
2019-05-17,14:52:00,SEM VÍTIMA,FINALIZADA,SANTO AMARO,RUA TREZE DE MAIO,175,RUA BARROS BARRETO,E/F ESCOLA ESTADUAL JOSE MARIA,RUA TREZE DE MAIO,175,E/F ESCOLA ESTADUAL JOSE MARIA,SANTO AMARO,,CIDADE,ABALROAMENTO TRANSVERSAL,COLISAO ENTRE DOIS AUTOS S/V,2,,,,,,,,,0,,Cruzamento,Bom,Não existe,Perfeito estado,Seca,Perfeito estado,Não existe,Outras,,Dupla,Faixa contínua,,,,,,,,
2019-05-17,15:30:00,SEM VÍTIMA,CANCELADA,ESTÂNCIA,AV DR JOSE RUFINO,,,E/F AO COLEGIO VISÃO,AV DR JOSE RUFINO,,E/F AO COLEGIO VISÃO,ESTÂNCIA,,,COLISÃO,CAMINHÃO E AUTO PASSEIO SEM VITIMAS,1,,,,,,1,,,0,,,,,,,,,,,,,,,,,,,,
2019-05-17,15:37:00,COM VÍTIMA,FINALIZADA,SANTO ANTÔNIO,PRC SERGIO LORETO,,RUA IMPERIAL,LADO OPOSTO A PRAÇA SÉRGIO LORETO.,PRC SERGIO LORETO,,LADO OPOSTO A PRAÇA SÉRGIO LORETO.,SANTO ANTÔNIO,,SUBURBIO,ABALROAMENTO LONGITUDINAL,MOTOCICLETA E CARROÇA.,,1,,,,,,,1,1,,Longo da via,Bom,Não existe,Perfeito estado,Seca,Perfeito estado,Não existe,Outras,60 km/h,Única,Faixa seccionada,,,,,,,,
2019-05-17,16:24:00,COM VÍTIMA,FINALIZADA,PRADO,RUA AUSTRO COSTA,119,,PROX AO BAILE PERFUMADO,RUA AUSTRO COSTA,119,PROX AO BAILE PERFUMADO,PRADO,,SUBURBIO,COLISÃO FRONTAL,AUTO E MOTO.,1,1,,,,,,,,1,,Longo da via,Bom,Não existe,Não existente,Seca,Perfeito estado,Não existe,Não há placas,,Dupla,Não existe,,,,,,,,
2019-05-17,17:44:00,SEM VÍTIMA,FINALIZADA,AREIAS,AV DR JOSE RUFINO,1501,,E/F AO POSTO SHELL,AV DR JOSE RUFINO,1501,E/F AO POSTO SHELL,AREIAS,,CIDADE,ABALROAMENTO LONGITUDINAL,ENTRE AUTO E MOTO. C/V,1,1,,,,,,,,0,,Longo da via,Bom,Sem defeito,Perfeito estado,Seca,,Não existe,Não há placas,60 km/h,Dupla,Faixa contínua,,,,,,,,
2019-05-17,18:19:00,COM VÍTIMA,FINALIZADA,BOA VIAGEM,RUA VISCONDE DE JEQUITINHONHA,,RUA PROFESSOR MARIO CASTRO,SEMÁFORO 158, SNT PIEDADE. EDF. ISLAMORADA.,RUA VISCONDE DE JEQUITINHONHA,,SEMÁFORO 158, SNT PIEDADE. EDF. ISLAMORADA.,BOA VIAGEM,,SUBURBIO,ABALROAMENTO LONGITUDINAL,AUTO E MOTO.,1,1,,,,,,,,1,,Longo da via,Bom,Sem defeito,Perfeito estado,Seca,Perfeito estado,Faixa de pedestre,R-19,60 km/h,Única,Canal,,,,,,
2019-05-17,18:51:00,SEM VÍTIMA,FINALIZADA,COELHOS,RUA DR JOSE MARIANO,134,,,RUA DR JOSE MARIANO,134,,COELHOS,,CIDADE,COLISÃO TRASEIRA,FIAT PALIO X FUSCA,2,,,,,,,,,0,,Longo da via,Bom,Não existe,Perfeito estado,Seca,Perfeito estado,Outros,Outras,,Única,Faixa contínua,,,,,,,,
2019-05-17,19:04:00,SEM VÍTIMA,FINALIZADA,MACAXEIRA,AV NORTE,,,ROTATORIA DA ENTRADA PARA O TI MACAXEIRA,AV NORTE,,ROTATORIA DA ENTRADA PARA O TI MACAXEIRA,MACAXEIRA,,SUBURBIO,ABALROAMENTO LONGITUDINAL,ONIBUS X FOX,1,,,,,1,,,,0,,,Bom,Não existe,Perfeito estado,Seca,Perfeito estado,Não existe,Não há placas,,Única,Faixa seccionada,,,,,,,,