data,hora,natureza_acidente,situacao,bairro,endereco,numero,detalhe_endereco_acidente,complemento,endereco_cruzamento,numero_cruzamento,referencia_cruzamento,bairro_cruzamento,num_semaforo,sentido_via,tipo,descricao,auto,moto,ciclom,ciclista,pedestre,onibus,caminhao,viatura,outros,vitimas,vitimasfatais,acidente_verificado,tempo_clima,situacao_semaforo,sinalizacao,condicao_via,conservacao_via,ponto_controle,situacao_placa,velocidade_max_via,mao_direcao,divisao_via1,divisao_via2,divisao_via3,,,,,,
2019-05-17,19:41:00,SEM VÍTIMA,CANCELADA,MADALENA,AV BEIRA RIO,865,,E/F A ACADEMIA DA CIDADE / SEMÁFORO 077,AV BEIRA RIO,865,E/F A ACADEMIA DA CIDADE / SEMÁFORO 077,MADALENA,,,COLISÃO,ENTRE 2 AUTOS, S/V,2,,,,,,,,,0,,,,,,,,,,,,,,,,,,,
2019-05-17,21:18:00,SEM VÍTIMA,FINALIZADA,SANTO AMARO,AV NORTE,,,FRENTE A PARADA DE ÔNIBUS,AV NORTE,,FRENTE A PARADA DE ÔNIBUS,SANTO AMARO,97,CIDADE,COLISÃO TRASEIRA,ENTRE MOTO E AUTO. S/V,1,1,,,,,,,,0,,Longo da via,Bom,Sem defeito,Perfeito estado,Seca,Perfeito estado,Faixa de pedestre,Não há placas,,Dupla,Canteiro central,,,,,,,,
2019-05-17,22:27:00,COM VÍTIMA,FINALIZADA,MADALENA,RUA JOAO IVO DA SILVA,294,,E/F A ESQUINA DA PICANHA / AO LADO DO CANAL E PRÓX AO HABBIBS,RUA JOAO IVO DA SILVA,294,E/F A ESQUINA DA PICANHA / AO LADO DO CANAL E PRÓX AO HABBIBS,MADALENA,,SUBURBIO,ABALROAMENTO LONGITUDINAL,ENTRE AUTO E MOTO. C/V,1,1,,,,,,,,1,,Longo da via,Bom,Não existe,Perfeito estado,Seca,Perfeito estado,Não existe,R-6a,,Única,Faixa seccionada,,,,,,,,
2019-05-18,00:10:00,COM VÍTIMA,FINALIZADA,BOA VIAGEM,RUA VISCONDE DE JEQUITINHONHA,,RUA CAPITAO ZUZINHA,,RUA VISCONDE DE JEQUITINHONHA,,,BOA VIAGEM,433,SUBURBIO,ABALROAMENTO TRANSVERSAL,COLISÃO ENTRE DOIS AUTOS C/V,2,,,,,,,,,1,,Cruzamento,Bom,Sem defeito,Perfeito estado,Seca,Perfeito estado,Faixa de pedestre,R-6a,60 km/h,Única,Canteiro central,,,,,,,,
2019-05-18,00:20:00,COM VÍTIMA,FINALIZADA,TEJIPIÓ,AV DR JOSE RUFINO,,RUA LUIZ SOARES,PRÓX A ESCOLA PAULO PESSOA GUERRA,AV DR JOSE RUFINO,,PRÓX A ESCOLA PAULO PESSOA GUERRA,TEJIPIÓ,,SUBURBIO,ABALROAMENTO LONGITUDINAL,COLISÃO ENTRE AUTO E MOTO, COM VÍTIMA.,1,1,,,,,,,,1,,Longo da via,Bom,Não existe,Perfeito estado,Seca,Perfeito estado,Não existe,Não há placas,60 km/h,Dupla,Faixa contínua,Faixa seccionada,,,,,,
2019-05-18,00:27:00,SEM VÍTIMA,FINALIZADA,BOA VIAGEM,AV DES JOSE NEVES,,,TUNEL (PARTE INTERNA),AV DES JOSE NEVES,,TUNEL (PARTE INTERNA),BOA VIAGEM,,SUBURBIO,ABALROAMENTO LONGITUDINAL,COLISÃO ENTRE DOIS AUTOS S/V,2,,,,,,,,,0,,,Bom,Não existe,Perfeito estado,Seca,Perfeito estado,Não existe,Não há placas,,Única,Faixa seccionada,,,,,,,,
2019-05-18,03:34:00,SEM VÍTIMA,FINALIZADA,PAISSANDU,AV GOVERNADOR AGAMENON MAGALHAES,,,EM FRENTE MORADA DA PAZ,AV GOVERNADOR AGAMENON MAGALHAES,,EM FRENTE MORADA DA PAZ,PAISSANDU,,CIDADE,ABALROAMENTO LONGITUDINAL,COLISÃO ENTRE 3 VEÍCULOS, SEM VÍTIMAS,3,,,,,,,,,0,,Longo da via,Bom,Sem defeito,Perfeito estado,Seca,Perfeito estado,Faixa de pedestre,Outras,,Dupla,Canteiro central,,,,,,,
2019-05-18,04:29:00,SEM VÍTIMA,FINALIZADA,DERBY,AV GOVERNADOR AGAMENON MAGALHAES,,,,AV GOVERNADOR AGAMENON MAGALHAES,,,DERBY,75,SUBURBIO,COLISÃO TRASEIRA,COLISÃO ENTRE DOS AUTOS S/V,2,,,,,,,,,0,,Longo da via,Bom,Sem defeito,Perfeito estado,Seca,Perfeito estado,Faixa de pedestre,Placas Pare,,Única,Canteiro central,,,,,,,,
2019-05-18,07:43:00,SEM VÍTIMA,FINALIZADA,CASA AMARELA,RUA FERREIRA LOPES,,EST DO ARRAIAL,LADO OPOSTO AO CONSULADO CHINES,RUA FERREIRA LOPES,,LADO OPOSTO AO CONSULADO CHINES,CASA AMARELA,,,ABALROAMENTO LONGITUDINAL,SEM VITIMAS,2,,,,,,,,,0,,Cruzamento,Bom,Não existe,Perfeito estado,Seca,Perfeito estado,Não existe,R-6a,,Dupla,Não existe,,,,,,,,
2019-05-18,08:53:00,SEM VÍTIMA,FINALIZADA,CASA AMARELA,RUA JOANA D'ARC,154,,,RUA JOANA D'ARC,154,,CASA AMARELA,,SUBURBIO,CHOQUE VEÍCULO PARADO,CAMINHAO E AUTO PASSEIO,1,,,,,,1,,,0,,Longo da via,Bom,Não existe,Não existente,Seca,Perfeito estado,Não existe,Não há placas,,Dupla,Não existe,,,,,,,,
2019-05-18,09:52:00,COM VÍTIMA,FINALIZADA,ESPINHEIRO,RUA DO ESPINHEIRO,280,RUA AMELIA,AO LADO DO HOSPITAL ESPINHEIRO,RUA DO ESPINHEIRO,280,AO LADO DO HOSPITAL ESPINHEIRO,ESPINHEIRO,195,SUBURBIO,ABALROAMENTO LONGITUDINAL,COM UMA VITIMA ,JÁ SOCORRIDA PELO SAMU,1,1,,,,,,,,1,,Cruzamento,Bom,Sem defeito,Perfeito estado,Seca,Perfeito estado,Faixa de pedestre,R-6a,,Única,Faixa seccionada,,,,,,,
2019-05-18,10:51:00,SEM VÍTIMA,CANCELADA,PINA,PTE GOVERNADOR PAULO GUERRA,,,NO INICIO DA PONTE SENTIDO RIO MAR,PTE GOVERNADOR PAULO GUERRA,,NO INICIO DA PONTE SENTIDO RIO MAR,PINA,,PINA,COLISÃO,SEM VITIMAS,2,,,,,,,,,0,,,,,,,,,,,,,,,,,,,,
2019-05-18,11:43:00,SEM VÍTIMA,FINALIZADA,BOA VIAGEM,AV BOA VIAGEM,,RUA BARAO DE SOUZA LEAO,,AV BOA VIAGEM,,,BOA VIAGEM,,SUBURBIO,ABALROAMENTO LONGITUDINAL,COLISÃO SEM VITIMA,1,,,,,,1,,,0,,Longo da via,Bom,Não existe,Perfeito estado,Seca,Perfeito estado,Outros,Outras,,Única,Faixa seccionada,,,,,,,,
2019-05-18,11:46:00,COM VÍTIMA,FINALIZADA,CURADO,AV LIBERDADE,1389,,EM FRENTE AO ANIBAL BRUNO,AV LIBERDADE,1389,EM FRENTE AO ANIBAL BRUNO,CURADO,,,ABALROAMENTO LONGITUDINAL,COLISÃO COM VITIMA,1,1,,,,,,,,1,,Longo da via,Bom,Não existe,Incompleta,Seca,,Não existe,Não há placas,,Dupla,Faixa contínua,,,,,,,,
2019-05-18,12:15:00,COM VÍTIMA,FINALIZADA,CAMPO GRANDE,EST DE BELEM,1244,,EM FRENTE A IGREJA EVANGELICA BRASILEIRA,EST DE BELEM,1244,EM FRENTE A IGREJA EVANGELICA BRASILEIRA,CAMPO GRANDE,26,CIDADE,ABALROAMENTO LONGITUDINAL,COLISÃO COM VÍTIMA,1,1,,,,,,,,1,,Longo da via,Bom,,Perfeito estado,Seca,Perfeito estado,Não existe,R-6a,,Dupla,Faixa contínua,Faixa seccionada,,,,,,,
2019-05-18,12:26:00,SEM VÍTIMA,CANCELADA,AFOGADOS,RUA SAO MIGUEL,,,PROXIMO AO BANCO DO BRASIL,RUA SAO MIGUEL,,PROXIMO AO BANCO DO BRASIL,AFOGADOS,,,COLISÃO,COLISÃO SEM VÍTIMA,1,,,,,1,,,,0,,,,,,,,,,,,,,,,,,,,
2019-05-18,12:27:00,SEM VÍTIMA,FINALIZADA,IBURA,AV DOIS RIOS,903,,EM FRENTE AO SUPERMERCADO SERVE BEM,AV DOIS RIOS,903,EM FRENTE AO SUPERMERCADO SERVE BEM,IBURA,475,SUBURBIO,COLISÃO TRASEIRA,COLISÃO S/ VITIMAS ENTRE DOIS AUTOS,2,,,,,,,,,0,,Longo da via,Bom,Sem defeito,Perfeito estado,Seca,Perfeito estado,Faixa de pedestre,Outras,60 km/h,Dupla,Faixa contínua,,,,,,,,
2019-05-18,12:57:00,SEM VÍTIMA,FINALIZADA,TEJIPIÓ,AV LIBERDADE,,,ESTAÇÃO TEJIPIÓ,AV LIBERDADE,,ESTAÇÃO TEJIPIÓ,TEJIPIÓ,434,CIDADE,COLISÃO TRASEIRA,COLISÃO SEM VITIMA,2,,,,,,,,,0,,Longo da via,Bom,Sem defeito,Perfeito estado,Seca,Perfeito estado,Faixa de pedestre,,,Dupla,Faixa seccionada,,,,,,,,
2019-05-18,13:20:00,SEM VÍTIMA,FINALIZADA,VÁRZEA,AV CAXANGA,,RUA GENERAL POLIDORO,EM FRENTE AO SEMÁFORO Nº 231,AV CAXANGA,,EM FRENTE AO SEMÁFORO Nº 231,VÁRZEA,,CIDADE,COLISÃO TRASEIRA,COLISÃO SEM VÍTIMA,2,,,,,,,,,0,,Longo da via,Bom,Sem defeito,Perfeito estado,Seca,Perfeito estado,,Outras,,Dupla,Canteiro central,,,,,,,,
2019-05-18,13:27:00,SEM VÍTIMA,FINALIZADA,SAN MARTIN,RUA JOSE VELOSO,225,RUA APULCRO DE ASSUNCAO,,RUA JOSE VELOSO,225,,SAN MARTIN,,CIDADE,ABALROAMENTO TRANSVERSAL,COLISÃO S/VITIMAS ENTRE DOIS AUTOS,2,,,,,,,,,0,,Cruzamento,Bom,Não existe,Não existente,Seca,Perfeito estado,Não existe,Não há placas,,Dupla,Não existe,,,,,,,,
2019-05-18,13:36:00,COM VÍTIMA,FINALIZADA,CASA AMARELA,RUA BELA VISTA,,RUA OSCAR PINTO,NA ESQUINA DA PADARIA E PASTELARIA BELA VISTA,RUA BELA VISTA,,NA ESQUINA DA PADARIA E PASTELARIA BELA VISTA,CASA AMARELA,,SUBURBIO,ABALROAMENTO TRANSVERSAL,COLISÃO COM VITIMA/ OS VEICULOS FORAM RETIRADOS DO LOCAL POR ORIENTAÇÃO DO SAMU,1,1,,,,,,,,1,,Cruzamento,Bom,Não existe,Incompleta,Seca,Perfeito estado,Não existe,Outras,,Dupla,Não existe,,,,,,,,
2019-05-18,14:58:00,SEM VÍTIMA,FINALIZADA,ENCRUZILHADA,AV BEBERIBE,,,SEMÁFORO 186,AV BEBERIBE,,SEMÁFORO 186,ENCRUZILHADA,,SUBURBIO,COLISÃO TRASEIRA,COLISÃO SEM VÍTIMA,1,,,,,1,,,,0,,Longo da via,Bom,Sem defeito,Perfeito estado,Seca,Perfeito estado,Faixa de pedestre,Outras,,Dupla,,,,,,,,,
2019-05-18,15:01:00,SEM VÍTIMA,FINALIZADA,TEJIPIÓ,RUA GENERAL MANUEL RABELO,233,,EM FRENTE ESTAÇÃO KIDS,RUA GENERAL MANUEL RABELO,233,EM FRENTE ESTAÇÃO KIDS,TEJIPIÓ,,SUBURBIO,ABALROAMENTO TRANSVERSAL,COLISÃO S/ VITIMAS ENTRE DOIS AUTOS,2,,,,,,,,,0,,Longo da via,Bom,Não existe,Perfeito estado,Seca,Perfeito estado,Não existe,Não há placas,,Dupla,Faixa contínua,,,,,,,,
2019-05-18,15:51:00,SEM VÍTIMA,FINALIZADA,JORDÃO,AV MARECHAL MASCARENHAS DE MORAES,7935,,LADO OPOSTO AO AEROPORTO,AV MARECHAL MASCARENHAS DE MORAES,7935,LADO OPOSTO AO AEROPORTO,JORDÃO,,SUBURBIO,COLISÃO TRASEIRA,COLISÃO SEM VÍTIMA,2,,,,,,,,,0,,Longo da via,Bom,Não existe,Perfeito estado,Seca,Perfeito estado,Outros,Outras,60 km/h,Única,Canteiro central,,,,,,,,
2019-05-18,15:57:00,SEM VÍTIMA,FINALIZADA,JARDIM SÃO PAULO,RUA LORENA,,RUA LEANDRO BARRETO,EM FRENTE AO POSTE Nº B 071601,RUA LORENA,,EM FRENTE AO POSTE Nº B 071601,JARDIM SÃO PAULO,,,ABALROAMENTO LONGITUDINAL,COLISÃO S/VITIMA ENTRE DOIS AUTOS,2,,,,,,,,,0,,Longo da via,Bom,Não existe,Não existente,Seca,Mal conservada,Não existe,Não há placas,,Dupla,Não existe,,,,,,,,
2019-05-18,16:06:00,SEM VÍTIMA,FINALIZADA,TEJIPIÓ,AV DR JOSE RUFINO,,,EM FRENTE AO Nº 506.,AV DR JOSE RUFINO,,EM FRENTE AO Nº 506.,TEJIPIÓ,,SUBURBIO,COLISÃO TRASEIRA,COLISAÃO SEM VÍTIMA,1,,,,,,1,,,0,,Longo da via,Bom,,Perfeito estado,Seca,Perfeito estado,,R-19,50 km/h,Dupla,Faixa contínua,,,,,,,,
2019-05-18,16:18:00,SEM VÍTIMA,FINALIZADA,CORDEIRO,RUA ANTONIO VALDEVINO COSTA,94,,EM FRENTE AO CONDOMINIO MORADA DOS RIOS,RUA ANTONIO VALDEVINO COSTA,94,EM FRENTE AO CONDOMINIO MORADA DOS RIOS,CORDEIRO,,SUBURBIO,CHOQUE VEÍCULO PARADO,COLISÃO SEM VÍTIMA,2,,,,,,,,,0,,Longo da via,Bom,Não existe,Perfeito estado,Seca,Perfeito estado,Faixa de pedestre,Outras,,Dupla,Canteiro central,,,,,,,,
2019-05-18,16:47:00,SEM VÍTIMA,FINALIZADA,IMBIRIBEIRA,RUA JUVINA FRANCISCA DE OLIVEIRA,171,,EM FRENTE A CIA DE NATAÇÃO,RUA JUVINA FRANCISCA DE OLIVEIRA,171,EM FRENTE A CIA DE NATAÇÃO,IMBIRIBEIRA,,SUBURBIO,COLISÃO TRASEIRA,COLISAO ENTRE DOIS AUTOS S/V,2,,,,,,,,,0,,Longo da via,Bom,Não existe,Perfeito estado,Seca,Perfeito estado,Não existe,Placas Pare,30 km/h,Única,Não existe,,,,,,,,
2019-05-18,16:52:00,SEM VÍTIMA,FINALIZADA,ESTÂNCIA,AV RECIFE,,,EM FRENTE AO MAKRO,AV RECIFE,,EM FRENTE AO MAKRO,ESTÂNCIA,461,CIDADE,COLISÃO TRASEIRA,COLISÃO SEM VITIMA,1,,,,,,,,1,0,,Longo da via,Bom,Sem defeito,Perfeito estado,Seca,Perfeito estado,Faixa de pedestre,,,Dupla,Canteiro central,,,,,,,,
2019-05-18,17:07:00,SEM VÍTIMA,FINALIZADA,IBURA,AV JORNALISTA COSTA PORTO,1070,,E/F DA PADARIA SOL NASCENTE,AV JORNALISTA COSTA PORTO,1070,E/F DA PADARIA SOL NASCENTE,IBURA,,SUBURBIO,COLISÃO TRASEIRA,COLISAO ENTRE DOIS AUTOS S/V,2,,,,,,,,,0,,Longo da via,Bom,Não existe,Perfeito estado,Seca,,Outros,Outras,,Dupla,Não existe,,,,,,,,
2019-05-18,17:45:00,SEM VÍTIMA,FINALIZADA,TORREÃO,AV GOVERNADOR AGAMENON MAGALHAES,,,POSTO PETROBRAS BR,AV GOVERNADOR AGAMENON MAGALHAES,,POSTO PETROBRAS BR,TORREÃO,379,CIDADE,COLISÃO TRASEIRA,DOIS AUTO SEM VITIMAS,2,,,,,,,,,0,,Longo da via,Bom,Sem defeito,Perfeito estado,Seca,Perfeito estado,Faixa de pedestre,,60 km/h,Única,Faixa seccionada,,,,,,,,
2019-05-18,18:23:00,SEM VÍTIMA,FINALIZADA,MADALENA,AV CAXANGA,,,,AV CAXANGA,,,MADALENA,257,CIDADE,ABALROAMENTO LONGITUDINAL,ENTRE AUTO E MOTO. S/V,1,1,,,,,,,,0,,Longo da via,Bom,Sem defeito,Perfeito estado,Seca,Perfeito estado,,,,Dupla,Canteiro central,,,,,,,,
2019-05-18,18:31:00,SEM VÍTIMA,CANCELADA,CORDEIRO,AV ENGENHEIRO ABDIAS DE CARVALHO,,,E/F AO COMPAZ,AV ENGENHEIRO ABDIAS DE CARVALHO,,E/F AO COMPAZ,CORDEIRO,,SUBURBIO,COLISÃO,AUTO E MOTO SEM VITIMAS,1,1,,,,,,,,0,,,,,,,,,,,,,,,,,,,,
2019-05-18,19:15:00,SEM VÍTIMA,CANCELADA,SANTO AMARO,AV NORTE,,RUA DA AURORA,DESCIDA SENT MANGUE (OLINDA),AV NORTE,,DESCIDA SENT MANGUE (OLINDA),SANTO AMARO,,,COLISÃO,DOIS AUTO SEM VITIMAS,2,,,,,,,,,0,,,,,,,,,,,,,,,,,,,,
2019-05-18,20:13:00,COM VÍTIMA,FINALIZADA,CORDEIRO,RUA AMBROSIO MACHADO,420,RUA XAVIER DE BRITO,ESQUINA COM O CANAL DO CAVOUCO/ SEMÁFORO 134,RUA AMBROSIO MACHADO,420,ESQUINA COM O CANAL DO CAVOUCO/ SEMÁFORO 134,CORDEIRO,134,CIDADE,ABALROAMENTO LONGITUDINAL,AUTO E MOTO.,1,1,,,,,,,,1,,Longo da via,Bom,Não existe,Perfeito estado,Seca,Perfeito estado,Não existe,Não há placas,,Dupla,Canteiro central,,,,,,,,
2019-05-18,22:57:00,SEM VÍTIMA,CANCELADA,IPSEP,AV RECIFE,130,RUA JEAN EMILE FAVRE,E/ F AO POSTO DE GASOLINA FEDERAL ----- SEMÁFORO 130,AV RECIFE,130,E/ F AO POSTO DE GASOLINA FEDERAL ----- SEMÁFORO 130,IPSEP,130,,CHOQUE OBJETO FIXO,AUTO PASSEIO CHOCOU-SE COM O CANTEIRO CENTRAL,1,,,,,,,,,0,,,,,,,,,,,,,,,,,,,,
2019-05-18,23:52:00,COM VÍTIMA,FINALIZADA,BAIRRO DO RECIFE,AV MILITAR,,,FABRICA DA PILAR,AV MILITAR,,FABRICA DA PILAR,BAIRRO DO RECIFE,,SUBURBIO,CHOQUE OBJETO FIXO,MOTO CHOCOU-SE COM OBJETO FIXO CONDUTOR SOCORRIDO PELO SAMU,,1,,,,,,,,1,,Longo da via,Bom,Não existe,Perfeito estado,Seca,Perfeito estado,Não existe,R-6a,,Única,Faixa seccionada,,,,,,,,
2019-05-19,05:16:00,SEM VÍTIMA,FINALIZADA,BOA VIAGEM,AV BOA VIAGEM,4660,,,AV BOA VIAGEM,4660,,BOA VIAGEM,,CIDADE,COLISÃO TRASEIRA,COLISÃO ENVOLVENDO 3 VEÍCULOS,3,,,,,,,,,0,,Longo da via,Bom,Sem defeito,Perfeito estado,Seca,Perfeito estado,,,,Única,,,,,,,,,
2019-05-19,07:12:00,SEM VÍTIMA,FINALIZADA,VÁRZEA,AV AFONSO OLINDENSE,730,,,AV AFONSO OLINDENSE,730,,VÁRZEA,,CIDADE,CHOQUE VEÍCULO PARADO,COLISÃO S/VITIMA ENTRE UMA MOTO E UM AUTO,1,1,,,,,,,,0,,Longo da via,Chuvoso,,,Molhada,Perfeito estado,,Não há placas,,Dupla,Faixa contínua,Faixa seccionada,,,,,,,
2019-05-19,08:19:00,SEM VÍTIMA,CANCELADA,PINA,RUA MANOEL DE BRITO,311,,EM FRENTE A IDE ( ANTES DO TUNEL JOSUE DE CASTRO),RUA MANOEL DE BRITO,311,EM FRENTE A IDE ( ANTES DO TUNEL JOSUE DE CASTRO),PINA,659,,COLISÃO,COLISÃO S/ VITIMA ENTRE DOIS AUTOS,2,,,,,,,,,0,,,,,,,,,,,,,,,,,,,,
2019-05-19,08:45:00,SEM VÍTIMA,FINALIZADA,SANTO AMARO,AV CRUZ CABUGA,,RUA PEDRO AFONSO,,AV CRUZ CABUGA,,,SANTO AMARO,,,ABALROAMENTO LONGITUDINAL,SEM VITIMAS,2,,,,,,,,,0,,Cruzamento,Bom,Não existe,Perfeito estado,Seca,Perfeito estado,Não existe,Não há placas,,Dupla,Faixa contínua,,,,,,,,
2019-05-19,10:29:00,COM VÍTIMA,FINALIZADA,CASA AMARELA,EST DO ARRAIAL,930,RUA CASA AMARELA,EM FRENTE AO ANTIGO MERCADO DE CASA AMARELA,EST DO ARRAIAL,930,EM FRENTE AO ANTIGO MERCADO DE CASA AMARELA,CASA AMARELA,,SUBURBIO,ABALROAMENTO LONGITUDINAL,AUTO E MOTO.,1,1,,,,,,,,1,,Longo da via,Bom,Não existe,Perfeito estado,Seca,Mal conservada,Não existe,R-6a,,Única,Faixa seccionada,,,,,,,,
2019-05-19,12:03:00,SEM VÍTIMA,FINALIZADA,VASCO DA GAMA,AV NORTE,6139,,EM FRENTE AO Nº 6139-C,AV NORTE,6139,EM FRENTE AO Nº 6139-C,VASCO DA GAMA,,CIDADE,COLISÃO TRASEIRA,COLISÃO SEM VÍTIMA,1,1,,,,,,,,0,,Longo da via,Bom,Não existe,Perfeito estado,Seca,Perfeito estado,Faixa de pedestre,R-6a,,Dupla,Faixa seccionada,Canteiro central,,,,,,,
2019-05-19,12:31:00,SEM VÍTIMA,FINALIZADA,BOA VIAGEM,RUA PADRE CARAPUCEIRO,,RUA FRANCISCO DA CUNHA,E/F A OFICINA DESIGN,RUA PADRE CARAPUCEIRO,,E/F A OFICINA DESIGN,BOA VIAGEM,,SUBURBIO,ABALROAMENTO LONGITUDINAL,AUTO PASSEIO E ONIBUS SEM VITIMAS,1,,,,,1,,,,0,,Cruzamento,Bom,Não existe,Perfeito estado,Seca,Perfeito estado,Não existe,Não há placas,40 km/h,Única,Faixa seccionada,,,,,,,,
2019-05-19,14:04:00,COM VÍTIMA,FINALIZADA,SANTO ANTÔNIO,RUA PRIMEIRO DE MARCO,,RUA IMPERADOR PEDRO SEGUNDO,,RUA PRIMEIRO DE MARCO,,,SANTO ANTÔNIO,,CIDADE,ABALROAMENTO TRANSVERSAL,DOIS AUTOS.,2,,,,,,,,,1,,Cruzamento,Bom,Sem defeito,Perfeito estado,Seca,Perfeito estado,,Não há placas,,Única,Não existe,,,,,,,,
2019-05-19,14:09:00,COM VÍTIMA,CANCELADA,IPSEP,RUA HELIO BRANDAO,,RUA ADOLFO FARO,E/F ESCOLA ESTADUAL JOSÉ VICENTE,RUA HELIO BRANDAO,,E/F ESCOLA ESTADUAL JOSÉ VICENTE,IPSEP,,,COLISÃO,AUTO E MOTO COM VITIMAS,1,1,,,,,,,,1,,,,,,,,,,,,,,,,,,,,
2019-05-19,15:15:00,COM VÍTIMA,FINALIZADA,AFOGADOS,EST DOS REMEDIOS,,RUA VINTE E UM DE ABRIL,EM FRENTE AO TERMINAL INTEGRADO DE AFOGADOS,EST DOS REMEDIOS,,EM FRENTE AO TERMINAL INTEGRADO DE AFOGADOS,AFOGADOS,,CIDADE,COLISÃO COM CICLISTA,COLISÃO ENTRE ÔNIBUS E BICICLETA.,,,,1,,1,,,,1,,Longo da via,Bom,Não existe,Perfeito estado,Seca,Perfeito estado,Faixa de pedestre,Outras,40 km/h,Única,Não existe,,,,,,,,
2019-05-19,16:27:00,SEM VÍTIMA,FINALIZADA,ILHA DO LEITE,AV GOVERNADOR AGAMENON MAGALHAES,,RUA PAISSANDU,SEMÁFORO 69,AV GOVERNADOR AGAMENON MAGALHAES,,SEMÁFORO 69,ILHA DO LEITE,69,SUBURBIO,ABALROAMENTO LONGITUDINAL,COLISÃO SEM VÍTIMA,2,,,,,,,,,0,,Cruzamento,Bom,Sem defeito,Perfeito estado,Seca,Perfeito estado,Faixa de pedestre,Outras,60 km/h,Única,Faixa contínua,Faixa seccionada,Canteiro central,,,,,,
2019-05-19,19:16:00,COM VÍTIMA,FINALIZADA,ROSARINHO,RUA DR JOSE MARIA,792,,EM FRENTE A FARMÁCIA DROGASIL,RUA DR JOSE MARIA,792,EM FRENTE A FARMÁCIA DROGASIL,ROSARINHO,362,CIDADE,ABALROAMENTO TRANSVERSAL,AUTO E MOTO.,1,1,,,,,,,,1,,Longo da via,Bom,Sem defeito,Perfeito estado,Seca,Perfeito estado,Faixa de pedestre,R-6a,30 km/h,Dupla,Faixa seccionada,,,,,,,,
2019-05-19,19:32:00,SEM VÍTIMA,FINALIZADA,PINA,RUA TOME GIBSON,,RUA AMAZONAS,,RUA TOME GIBSON,,,PINA,,,ABALROAMENTO TRANSVERSAL,POLO X MOTO,1,1,,,,,,,,0,,Cruzamento,Bom,Não existe,Incompleta,Seca,Perfeito estado,,Placas Pare,,Dupla,Não existe,,,,,,,,
2019-05-19,21:11:00,SEM VÍTIMA,FINALIZADA,SAN MARTIN,AV GENERAL SAN MARTIN,,AV CONSUL VILARES FRAGOSO,AO LADO DA CAVALARIA PMPE,AV GENERAL SAN MARTIN,,AO LADO DA CAVALARIA PMPE,SAN MARTIN,326,CIDADE,ABALROAMENTO LONGITUDINAL,CAMINHÃO E AUTO PASSEIO SEM VITIMAS,1,,,,,,1,,,0,,Longo da via,Bom,Sem defeito,Perfeito estado,Seca,Perfeito estado,,R-6a,40 km/h,Dupla,Não existe,,,,,,,,
2019-05-20,06:44:00,SEM VÍTIMA,FINALIZADA,DOIS IRMÃOS,RUA MANUEL DE MEDEIROS,,,EM FRENTE AO Nº 66,RUA MANUEL DE MEDEIROS,,EM FRENTE AO Nº 66,DOIS IRMÃOS,,CIDADE,COLISÃO TRASEIRA,COLISÃO SEM VÍTIMA,2,,,,,,,,,0,,Longo da via,Bom,Sem defeito,Perfeito estado,Seca,Perfeito estado,,Não há placas,30 km/h,Dupla,Faixa seccionada,,,,,,,,
2019-05-20,07:10:00,SEM VÍTIMA,FINALIZADA,IPSEP,RUA JEAN EMILE FAVRE,747,RUA BLUMENAU,EM FRENTE A CAPOTARIA CABUGA,RUA JEAN EMILE FAVRE,747,EM FRENTE A CAPOTARIA CABUGA,IPSEP,101,SUBURBIO,ABALROAMENTO TRANSVERSAL,COLISÃO SEM VÍTIMA,2,,,,,,,,,0,,Cruzamento,Bom,Sem defeito,Perfeito estado,Seca,Perfeito estado,Não existe,R-6a,,Dupla,Faixa contínua,,,,,,,,
2019-05-20,07:14:00,SEM VÍTIMA,FINALIZADA,ESPINHEIRO,RUA CONS PORTELA,665,,,RUA CONS PORTELA,665,,ESPINHEIRO,,CIDA,ABALROAMENTO LONGITUDINAL,COLISÃO SEM VÍTIMA ENTRE ONIBUS E AUTO,2,,,,,,,,,0,,Longo da via,Bom,Não existe,Perfeito estado,Seca,Perfeito estado,Não existe,Outras,,Única,Faixa seccionada,,,,,,,,
2019-05-20,07:16:00,SEM VÍTIMA,FINALIZADA,PAISSANDU,AV GOVERNADOR AGAMENON MAGALHAES,,RUA VIS DO LIVRAMENTO,EM FRENTE AO BANCO BRADESCO PRIME,AV GOVERNADOR AGAMENON MAGALHAES,,EM FRENTE AO BANCO BRADESCO PRIME,PAISSANDU,,SUBURBIO,ABALROAMENTO LONGITUDINAL,DOIS AUTOS,2,,,,,,,,,0,,,Bom,Não existe,Perfeito estado,Seca,Perfeito estado,Não existe,Placas Pare,,Única,,,,,,,,,
2019-05-20,07:48:00,SEM VÍTIMA,FINALIZADA,IPUTINGA,AV PROFESSOR JOAQUIM CAVALCANTI,106,AV CAXANGA,AO LADO DO SHOPMODAS,AV PROFESSOR JOAQUIM CAVALCANTI,106,AO LADO DO SHOPMODAS,IPUTINGA,,,COLISÃO TRASEIRA,COLISÃO SEM VÍTIMA,2,,,,,,,,,0,,Longo da via,Bom,Não existe,Não existente,Seca,Perfeito estado,Não existe,Não há placas,60 km/h,Dupla,Canteiro central,,,,,,,,