data,hora,natureza_acidente,situacao,bairro,endereco,numero,detalhe_endereco_acidente,complemento,endereco_cruzamento,numero_cruzamento,referencia_cruzamento,bairro_cruzamento,num_semaforo,sentido_via,tipo,descricao,auto,moto,ciclom,ciclista,pedestre,onibus,caminhao,viatura,outros,vitimas,vitimasfatais,acidente_verificado,tempo_clima,situacao_semaforo,sinalizacao,condicao_via,conservacao_via,ponto_controle,situacao_placa,velocidade_max_via,mao_direcao,divisao_via1,divisao_via2,divisao_via3,,,,,,
2019-05-20,08:24:00,SEM VÍTIMA,FINALIZADA,MADALENA,RUA BENFICA,715,RUA COMENDADOR BENTO AGUIAR,AO LADO DO SUPERMERCADO EXTRA,RUA BENFICA,715,AO LADO DO SUPERMERCADO EXTRA,MADALENA,628,,COLISÃO TRASEIRA,DOIS AUTOS,2,,,,,,,,,0,,Cruzamento,Bom,Sem defeito,Perfeito estado,Seca,Perfeito estado,Faixa de pedestre,R-6a,,Dupla,Faixa seccionada,,,,,,,,
2019-05-20,08:27:00,SEM VÍTIMA,FINALIZADA,,PRC DA REPUBLICA,,RUA IMPERADOR PEDRO SEGUNDO,,PRC DA REPUBLICA,,,,278,CIDADE,ABALROAMENTO LONGITUDINAL,COLISAO SEM VITIMAS,1,,,,,1,,,,0,,Longo da via,Bom,Sem defeito,Perfeito estado,Seca,Perfeito estado,Faixa de pedestre,Não há placas,,Única,,,,,,,,,
2019-05-20,08:37:00,SEM VÍTIMA,FINALIZADA,IPSEP,AV RECIFE,,RUA JEAN EMILE FAVRE,SEMÁFORO 130,AV RECIFE,,SEMÁFORO 130,IPSEP,,,COLISÃO TRASEIRA,DOIS AUTOS,2,,,,,,,,,0,,,Bom,Sem defeito,Perfeito estado,Molhada,Perfeito estado,Faixa de pedestre,Não há placas,60 km/h,Dupla,Canteiro central,,,,,,,,
2019-05-20,09:00:00,SEM VÍTIMA,FINALIZADA,VÁRZEA,RUA PROFESSOR CHAVES BATISTA,85,,,RUA PROFESSOR CHAVES BATISTA,85,,VÁRZEA,,CIDADE,ABALROAMENTO LONGITUDINAL,COLISÃO SEM VÍTIMA,2,,,,,,,,,0,,Longo da via,Bom,Não existe,Ilegível,Seca,Perfeito estado,Não existe,Outras,,Única,Faixa seccionada,,,,,,,,
2019-05-20,09:53:00,SEM VÍTIMA,FINALIZADA,AFOGADOS,RUA COSME VIANA,154,,ESCOLA NOVO MUNDO,RUA COSME VIANA,154,ESCOLA NOVO MUNDO,AFOGADOS,,,ABALROAMENTO TRANSVERSAL,COLISÃO SEM VÍTIMA,2,,,,,,,,,0,,,Bom,Sem defeito,Perfeito estado,Seca,Perfeito estado,Não existe,,40 km/h,Única,Faixa seccionada,,,,,,,,
2019-05-20,10:02:00,SEM VÍTIMA,FINALIZADA,VÁRZEA,RUA PROFESSOR CHAVES BATISTA,85,,,RUA PROFESSOR CHAVES BATISTA,85,,VÁRZEA,,CIDADE,ABALROAMENTO LONGITUDINAL,COLISAO SEM VITIMAS,1,,,,,1,,,,0,,Longo da via,Bom,Não existe,Ilegível,Seca,Perfeito estado,Não existe,Outras,,Única,Faixa seccionada,,,,,,,,
2019-05-20,10:26:00,SEM VÍTIMA,FINALIZADA,ILHA DO LEITE,AV ENGENHEIRO AGAMENON DE MAGALHAES MELO,,,EM FRENTE AO HOSPITAL PORTUGUES,AV ENGENHEIRO AGAMENON DE MAGALHAES MELO,,EM FRENTE AO HOSPITAL PORTUGUES,ILHA DO LEITE,250,,COLISÃO TRASEIRA,COLISAÕ SEM VITIMAS,2,,,,,,,,,0,,Longo da via,Bom,Sem defeito,Perfeito estado,Seca,Perfeito estado,Faixa de pedestre,,,,,,,,,,,,
2019-05-20,10:36:00,SEM VÍTIMA,FINALIZADA,ESPINHEIRO,RUA DO ESPINHEIRO,,RUA SANTO ELIAS,AO LADO DO POSTO IPIRANGA,RUA DO ESPINHEIRO,,AO LADO DO POSTO IPIRANGA,ESPINHEIRO,,CIDADE,ABALROAMENTO TRANSVERSAL,COLISAO SE VITIMAS,2,,,,,,,,,0,,Cruzamento,Bom,Não existe,Perfeito estado,Seca,Perfeito estado,Faixa de pedestre,Placas Pare,,Única,Faixa contínua,,,,,,,,
2019-05-20,10:47:00,COM VÍTIMA,FINALIZADA,PRADO,AV ENGENHEIRO ABDIAS DE CARVALHO,,RUA JOAO IVO DA SILVA,EM FRENTE A GRANVIA SEMINOVOS.,AV ENGENHEIRO ABDIAS DE CARVALHO,,EM FRENTE A GRANVIA SEMINOVOS.,PRADO,132,CIDADE,COLISÃO TRASEIRA,AUTO E MOTO.,1,1,,,,,,,,1,,Cruzamento,Bom,Sem defeito,Perfeito estado,Seca,Perfeito estado,Faixa de pedestre,Não há placas,,Dupla,Canteiro central,,,,,,,,
2019-05-20,11:34:00,COM VÍTIMA,FINALIZADA,IPSEP,AV RECIFE,2305,,APOS A PIZZARIA ATLANTICO, EM FRENTE A PRAÇA.,AV RECIFE,2305,APOS A PIZZARIA ATLANTICO, EM FRENTE A PRAÇA.,IPSEP,,CIDADE,ABALROAMENTO LONGITUDINAL,MOTO E AUTO,1,1,,,,,,,,1,,Longo da via,Bom,Não existe,Perfeito estado,Seca,Perfeito estado,Não existe,Não há placas,,Dupla,Canteiro central,,,,,,
2019-05-20,11:38:00,SEM VÍTIMA,CANCELADA,AFOGADOS,RUA IMPERIAL,1649,,50 METROS APÓS A JUCEPE,RUA IMPERIAL,1649,50 METROS APÓS A JUCEPE,AFOGADOS,,,COLISÃO,COLISAO S/VITIMA ENTRE CAMINHAO E AUTO,1,,,,,,1,,,0,,,,,,,,,,,,,,,,,,,,
2019-05-20,11:49:00,SEM VÍTIMA,CANCELADA,PINA,RUA ATLANTICO,,,AO LADO DA START AUTOMOVEIS,RUA ATLANTICO,,AO LADO DA START AUTOMOVEIS,PINA,,,COLISÃO,AUTO E MOTO,1,1,,,,,,,,0,,,,,,,,,,,,,,,,,,,,
2019-05-20,12:13:00,SEM VÍTIMA,FINALIZADA,ESTÂNCIA,AV DR JOSE RUFINO,773,RUA AIRES BELO,,AV DR JOSE RUFINO,773,,ESTÂNCIA,,CIDADE,COLISÃO TRASEIRA,COLISÃO SEM VITIMAS,2,,,,,,,,,0,,,Bom,Não existe,Perfeito estado,Seca,Perfeito estado,Não existe,,,Dupla,Faixa seccionada,,,,,,,,
2019-05-20,12:17:00,SEM VÍTIMA,FINALIZADA,CASA FORTE,RUA ENGENHEIRO OSCAR FERREIRA,1379,EST DO ENCANAMENTO,,RUA ENGENHEIRO OSCAR FERREIRA,1379,,CASA FORTE,,CIDADE,ABALROAMENTO LONGITUDINAL,,1,,,,,1,,,,0,,Longo da via,Bom,Não existe,Perfeito estado,Seca,Perfeito estado,Não existe,R-6a,,Única,Não existe,,,,,,,,
2019-05-20,12:32:00,SEM VÍTIMA,FINALIZADA,TORRE,RUA REAL DA TORRE,1321,,LADO OPOSTO AO MARTELINHO DE OURO,RUA REAL DA TORRE,1321,LADO OPOSTO AO MARTELINHO DE OURO,TORRE,,CIDADE,ABALROAMENTO LONGITUDINAL,COLISAO ENTRE MICRO ONIBUS E AUTO S/V,1,,,,,1,,,,0,,Longo da via,Bom,Não existe,Perfeito estado,Seca,Perfeito estado,Não existe,Não há placas,,Única,Faixa seccionada,,,,,,,,
2019-05-20,13:07:00,SEM VÍTIMA,FINALIZADA,ILHA JOANA BEZERRA,VIADUTO CAPITAO TEMUDO,,,PRÓXIMO AO FÓRUM JOANA BEZERRA,VIADUTO CAPITAO TEMUDO,,PRÓXIMO AO FÓRUM JOANA BEZERRA,ILHA JOANA BEZERRA,,CIDADE,COLISÃO TRASEIRA,,1,,,,,1,,,,0,,Viaduto,Bom,Não existe,Incompleta,Seca,Perfeito estado,Não existe,Não há placas,,Dupla,Faixa seccionada,,,,,,,,
2019-05-20,13:14:00,SEM VÍTIMA,FINALIZADA,PINA,AV ANTONIO DE GOES,,AV CONSELHEIRO AGUIAR,PRÓX AO POSTO DE COMBUSTÍVEL FEDERAL,AV ANTONIO DE GOES,,PRÓX AO POSTO DE COMBUSTÍVEL FEDERAL,PINA,226,CIDADE,ABALROAMENTO LONGITUDINAL,COLISAO ENTRE ONIBUS E AUTO S/V,1,,,,,1,,,,0,,Cruzamento,Bom,Sem defeito,Perfeito estado,Seca,Perfeito estado,Faixa de pedestre,,60 km/h,Única,,,,,,,,,
2019-05-20,13:30:00,SEM VÍTIMA,CANCELADA,AREIAS,AV RECIFE,1040,,PROX AO WALMART,AV RECIFE,1040,PROX AO WALMART,AREIAS,,,COLISÃO,DOIS AUTOS,2,,,,,,,,,0,,,,,,,,,,,,,,,,,,,,
2019-05-20,14:20:00,SEM VÍTIMA,FINALIZADA,SANTO AMARO,RUA TREZE DE MAIO,254,,E/F AO GRUPO SER EDUCACIONAL,RUA TREZE DE MAIO,254,E/F AO GRUPO SER EDUCACIONAL,SANTO AMARO,,SUBURBIO,ABALROAMENTO LONGITUDINAL,COLISAO ENTRE DOIS AUTOS S/V,2,,,,,,,,,0,,Longo da via,Bom,Sem defeito,Não existente,Seca,Perfeito estado,Faixa de pedestre,Outras,,Dupla,Faixa contínua,Faixa seccionada,,,,,,,
2019-05-20,14:38:00,SEM VÍTIMA,FINALIZADA,BOA VIAGEM,AV VINTE E TRES DE OUTUBRO,1,RUA BARAO DE SOUZA LEAO,,AV VINTE E TRES DE OUTUBRO,1,,BOA VIAGEM,,SUBURBIO,ABALROAMENTO TRANSVERSAL,COLISAO ENTRE DOIS AUTOS S/V,2,,,,,,,,,0,,Cruzamento,Chuvoso,Não existe,Perfeito estado,Seca,Perfeito estado,,Não há placas,40 km/h,Única,Faixa seccionada,,,,,,,,
2019-05-20,15:02:00,SEM VÍTIMA,FINALIZADA,IPSEP,RUA HELIO BRANDAO,,RUA SAO NICOLAU,,RUA HELIO BRANDAO,,,IPSEP,505,SUBURBIO,ABALROAMENTO LONGITUDINAL,ONIBUS E AUTO PASSEIO,1,,,,,1,,,,0,,Cruzamento,Bom,Sem defeito,Perfeito estado,Seca,Perfeito estado,Faixa de pedestre,Outras,,Única,,,,,,,,,
2019-05-20,15:48:00,SEM VÍTIMA,FINALIZADA,SÃO JOSÉ,RUA PASSO DA PATRIA,393,,EM FRENTE A MOTO CRUZ,RUA PASSO DA PATRIA,393,EM FRENTE A MOTO CRUZ,SÃO JOSÉ,,SUBURBIO,CHOQUE VEÍCULO PARADO,,1,,,,,,1,,,0,,Longo da via,Chuvoso,Não existe,Perfeito estado,Molhada,Perfeito estado,Não existe,Não há placas,,Única,Não existe,,,,,,,,
2019-05-20,15:50:00,SEM VÍTIMA,FINALIZADA,SANTO AMARO,AV NORTE,1271,,POSTO DE SAUDE SANTO AMARO,AV NORTE,1271,POSTO DE SAUDE SANTO AMARO,SANTO AMARO,,CIDADE,COLISÃO TRASEIRA,COLISAO SEM VITIMAS,1,,,,,1,,,,0,,Longo da via,Chuvoso,Não existe,Perfeito estado,Molhada,Perfeito estado,Não existe,R-6a,60 km/h,Única,Faixa seccionada,,,,,,,,
2019-05-20,16:07:00,COM VÍTIMA,FINALIZADA,IMBIRIBEIRA,AV MARECHAL MASCARENHAS DE MORAES,,,EM FRENTE A TOYOLEX.,AV MARECHAL MASCARENHAS DE MORAES,,EM FRENTE A TOYOLEX.,IMBIRIBEIRA,,CIDADE,TOMBAMENTO,ACIDENTE COM APENAS UMA MOTOCICLETA ENVOLVIDA.,,1,,,,,,,,1,,Longo da via,Chuvoso,Não existe,Perfeito estado,Molhada,Perfeito estado,Não existe,Não há placas,60 km/h,Dupla,Canteiro central,,,,,,,,
2019-05-20,16:10:00,SEM VÍTIMA,FINALIZADA,BOA VIAGEM,AV CONSELHEIRO AGUIAR,1062,,EM FRENTE AO BANCO ITAU,AV CONSELHEIRO AGUIAR,1062,EM FRENTE AO BANCO ITAU,BOA VIAGEM,,CIDADE,COLISÃO TRASEIRA,DOIS AUTOS,2,,,,,,,,,0,,Longo da via,Chuvoso,Sem defeito,Perfeito estado,Molhada,Perfeito estado,Faixa de pedestre,R-6a,,Única,Faixa seccionada,,,,,,,,
2019-05-20,16:15:00,SEM VÍTIMA,FINALIZADA,JORDÃO,RUA LIMOEIRO,30A,AV DONA ALICE MONTENEGRO LESSA,,RUA LIMOEIRO,30A,,JORDÃO,,SUBURBIO,CHOQUE OBJETO FIXO,CAMINHÃO COLIDE COM POSTE,,,,,,,1,,,0,,Cruzamento,Bom,Não existe,Não existente,Seca,Mal conservada,Outros,Outras,,Dupla,Não existe,,,,,,,,
2019-05-20,16:16:00,COM VÍTIMA,FINALIZADA,SANTO AMARO,AV GOVERNADOR AGAMENON MAGALHAES,,,EM FRENTE A UPE SENT OLINDA / PROX AO MINISTERI DO TRABALHO,AV GOVERNADOR AGAMENON MAGALHAES,,EM FRENTE A UPE SENT OLINDA / PROX AO MINISTERI DO TRABALHO,SANTO AMARO,,SUBURBIO,COLISÃO TRASEIRA,ONIBUS E AUTO,1,,,,,1,,,,1,,Viaduto,Chuvoso,Não existe,Perfeito estado,Molhada,Perfeito estado,,Outras,60 km/h,Dupla,Faixa seccionada,Canal,,,,,,,
2019-05-20,16:54:00,SEM VÍTIMA,FINALIZADA,BOA VIAGEM,AV ENGENHEIRO DOMINGOS FERREIRA,2986,,EM FRENTE A LOJA ROMARRI,AV ENGENHEIRO DOMINGOS FERREIRA,2986,EM FRENTE A LOJA ROMARRI,BOA VIAGEM,,,ABALROAMENTO LONGITUDINAL,COLISAO SEM VITIMAS,1,,,,,1,,,,0,,Longo da via,Chuvoso,Não existe,Perfeito estado,Molhada,,Não existe,R-6a,60 km/h,Única,Faixa seccionada,Canteiro central,,,,,,,
2019-05-20,17:19:00,SEM VÍTIMA,FINALIZADA,CIDADE UNIVERSITÁRIA,AV PROFESSOR LUIZ FREIRE,,,EM FRENTE AO PORTÃO DO ITEP,AV PROFESSOR LUIZ FREIRE,,EM FRENTE AO PORTÃO DO ITEP,CIDADE UNIVERSITÁRIA,,SUBURBIO,ABALROAMENTO LONGITUDINAL,ONIBUS E AUTO,1,,,,,,,,,0,,Longo da via,Chuvoso,Não existe,Incompleta,Molhada,Perfeito estado,Não existe,Não há placas,,Dupla,Faixa seccionada,,,,,,,,
2019-05-20,17:45:00,SEM VÍTIMA,FINALIZADA,AFOGADOS,RUA SAO MIGUEL,30,,EM FRENTE AO STAR SHOPPING,RUA SAO MIGUEL,30,EM FRENTE AO STAR SHOPPING,AFOGADOS,,SUBURBIO,ABALROAMENTO LONGITUDINAL,COLISAO SEM VITIMAS,1,,,,,,1,,,0,,Cruzamento,Chuvoso,Sem defeito,Perfeito estado,Molhada,Perfeito estado,Faixa de pedestre,Não há placas,,Dupla,Faixa seccionada,,,,,,,,
2019-05-20,18:15:00,SEM VÍTIMA,CANCELADA,BOA VIAGEM,AV VINTE DE JANEIRO,1330,AV MARECHAL JUAREZ TAVORA,E/F AO FORUM MOTEL,AV VINTE DE JANEIRO,1330,E/F AO FORUM MOTEL,BOA VIAGEM,,,COLISÃO,DOIS AUTO SEM VITIMAS,2,,,,,,,,,0,,,,,,,,,,,,,,,,,,,,
2019-05-20,18:28:00,SEM VÍTIMA,FINALIZADA,CASA AMARELA,RUA CONS PERETTI,,RUA OSCAR DE BARROS,,RUA CONS PERETTI,,,CASA AMARELA,,SUBURBIO,ABALROAMENTO TRANSVERSAL,AUTO PASSEIO E ONIBUS,1,,,,,1,,,,0,,Cruzamento,Chuvoso,Não existe,,Molhada,,,,,Única,Não existe,,,,,,,,
2019-05-20,18:36:00,SEM VÍTIMA,CANCELADA,ROSARINHO,RUA NETO DE MENDONCA,230,,E/F A PRAÇA NOSSA SENHORA DE FATIMA,RUA NETO DE MENDONCA,230,E/F A PRAÇA NOSSA SENHORA DE FATIMA,ROSARINHO,,,COLISÃO,DOIS AUTO SEM VITIMAS,2,,,,,,,,,0,,,,,,,,,,,,,,,,,,,,
2019-05-20,18:43:00,SEM VÍTIMA,FINALIZADA,AFOGADOS,RUA SAO MIGUEL,,,AO LADO DA DELEGACIA DO DEPATRI,RUA SAO MIGUEL,,AO LADO DA DELEGACIA DO DEPATRI,AFOGADOS,,SUBURBIO,ABALROAMENTO LONGITUDINAL,CARRETA E AUTO PASSEIO SEM VITIMAS,1,,,,,,1,,,0,,Longo da via,Chuvoso,Não existe,Perfeito estado,Molhada,,Faixa de pedestre,Não há placas,,Dupla,Faixa seccionada,,,,,,,,
2019-05-20,19:05:00,SEM VÍTIMA,FINALIZADA,BOA VIAGEM,AV ENGENHEIRO DOMINGOS FERREIRA,,,AO LADO DA FARMACIA PAGUE MENOS,AV ENGENHEIRO DOMINGOS FERREIRA,,AO LADO DA FARMACIA PAGUE MENOS,BOA VIAGEM,139,SUBURBIO,COLISÃO TRASEIRA,MERCEDES-BENS X ONIBUS,1,,,,,1,,,,0,,,Chuvoso,Sem defeito,Perfeito estado,Molhada,Perfeito estado,Faixa de pedestre,Não há placas,60 km/h,Única,Canteiro central,,,,,,,,
2019-05-20,19:18:00,VÍTIMA FATAL,FINALIZADA,MACAXEIRA,RUA ANITA,9,,PROX AO CAMPO DA UNIÃO. SUBIDA ALTO SÃO SEBASTIÃO.,RUA ANITA,9,PROX AO CAMPO DA UNIÃO. SUBIDA ALTO SÃO SEBASTIÃO.,MACAXEIRA,,SUBURBIO,ATROPELAMENTO,ENVOLVENDO TRATOR E UM PEDESTRE.,,,,,1,,,,1,,1,Longo da via,Chuvoso,Não existe,Não existente,Molhada,Mal conservada,Não existe,Não há placas,,Dupla,Não existe,,,,,,,,
2019-05-20,20:14:00,SEM VÍTIMA,FINALIZADA,BARRO,AV DR JOSE RUFINO,1807,RUA PADRE NOBREGA,,AV DR JOSE RUFINO,1807,,BARRO,,SUBURBIO,COLISÃO FRONTAL,DOIS AUTO SEM VITIMAS,2,,,,,,,,,0,,Longo da via,Chuvoso,Não existe,Perfeito estado,Molhada,Perfeito estado,Não existe,Não há placas,50 km/h,Dupla,Faixa seccionada,,,,,,,,
2019-05-20,20:41:00,SEM VÍTIMA,FINALIZADA,VÁRZEA,PRC PINTO DAMASO,,,LADO OPOSTO A PARADA DE ÔNIBUS,PRC PINTO DAMASO,,LADO OPOSTO A PARADA DE ÔNIBUS,VÁRZEA,,CIDADE,ABALROAMENTO LONGITUDINAL,AUTO X HB 20,2,,,,,,,,,0,,,Chuvoso,Não existe,Perfeito estado,Molhada,Perfeito estado,Não existe,,,Única,Não existe,,,,,,,,
2019-05-20,20:42:00,SEM VÍTIMA,FINALIZADA,ILHA DO LEITE,RUA GENERAL JOAQUIM INACIO,267,,,RUA GENERAL JOAQUIM INACIO,267,,ILHA DO LEITE,,CID/SUB,CHOQUE VEÍCULO PARADO,AMBULANCIA E AUTO PASSEIO SEM VITIMAS,2,,,,,,,,,0,,Longo da via,Chuvoso,Não existe,Perfeito estado,Molhada,Perfeito estado,,,,Dupla,,,,,,,,,
2019-05-20,21:59:00,SEM VÍTIMA,FINALIZADA,SAN MARTIN,AV ENGENHEIRO ABDIAS DE CARVALHO,,,,AV ENGENHEIRO ABDIAS DE CARVALHO,,,SAN MARTIN,,,ABALROAMENTO LONGITUDINAL,AUTO E MOTO SEM VITIMAS,1,1,,,,,,,,0,,Longo da via,Chuvoso,Sem defeito,Perfeito estado,Molhada,Perfeito estado,Faixa de pedestre,R-6a,60 km/h,Dupla,Canteiro central,,,,,,,,
2019-05-20,22:56:00,SEM VÍTIMA,FINALIZADA,CAMPO GRANDE,RUA PRUDENTE DE MORAES,,RUA MARQUES DE ABRANTES,,RUA PRUDENTE DE MORAES,,,CAMPO GRANDE,,CIDADE,ABALROAMENTO TRANSVERSAL,CLASSIC X MEGANE OBS: SUSPEITA DE EMBRIAGUEZ,2,,,,,,,,,0,,Cruzamento,Chuvoso,Não existe,Perfeito estado,Molhada,Perfeito estado,Não existe,Placas Pare,30 km/h,Dupla,Faixa seccionada,,,,,,,,
2019-05-21,00:16:00,SEM VÍTIMA,FINALIZADA,,AV CORREIA DE BRITO,,,LADO OPOSTO AO Nº 272,AV CORREIA DE BRITO,,LADO OPOSTO AO Nº 272,,,CIDADE,COLISÃO FRONTAL,COLISÃO ENTRE DOIS AUTOS S/V,2,,,,,,,,,0,,Longo da via,Chuvoso,Não existe,Não existente,Molhada,Mal iluminada,Não existe,Não há placas,,Dupla,Não existe,,,,,,,,
2019-05-21,08:18:00,COM VÍTIMA,FINALIZADA,SANTO AMARO,AV NORTE,,,EM FRENTE AO CENTRO DA JUVENTUDE,AV NORTE,,EM FRENTE AO CENTRO DA JUVENTUDE,SANTO AMARO,397,CIDADE,TOMBAMENTO,ACIDENTE DE PERCURSO, ENVOLVENDO UMA MOTOCICLETA.,,1,,,,,,,,1,,Longo da via,Chuvoso,Sem defeito,Perfeito estado,Molhada,Perfeito estado,Faixa de pedestre,Não há placas,60 km/h,Dupla,Canteiro central,,,,,,,
2019-05-21,08:57:00,SEM VÍTIMA,FINALIZADA,TEJIPIÓ,RUA APRIGIO GUIMARAES,883,,,RUA APRIGIO GUIMARAES,883,,TEJIPIÓ,,CIDADE,ABALROAMENTO LONGITUDINAL,S/ VÍTIMA DOIS AUTOS,2,,,,,,,,,0,,Longo da via,Chuvoso,Não existe,Não existente,Seca,Perfeito estado,Não existe,Não há placas,,Dupla,Não existe,,,,,,,,
2019-05-21,09:07:00,COM VÍTIMA,FINALIZADA,SAN MARTIN,RUA PEDRO MELO,620,RUA DR GOMES PORTO,EM FRENTE A IGREJA ADVENTISTA,RUA PEDRO MELO,620,EM FRENTE A IGREJA ADVENTISTA,SAN MARTIN,,,ABALROAMENTO TRANSVERSAL,AUTO E MOTO.,1,1,,,,,,,,1,,Cruzamento,Nublado,Não existe,Não existente,Seca,Perfeito estado,Não existe,Não há placas,,Dupla,Não existe,,,,,,,,
2019-05-21,09:17:00,COM VÍTIMA,CANCELADA,ESTÂNCIA,AV DR JOSE RUFINO,,,EM FRENTE AO COLEGIO VISAO,AV DR JOSE RUFINO,,EM FRENTE AO COLEGIO VISAO,ESTÂNCIA,,,COLISÃO,COLISAO COM VITIMAS,1,1,,,,,,,,1,,,,,,,,,,,,,,,,,,,,
2019-05-21,10:06:00,SEM VÍTIMA,FINALIZADA,MANGUEIRA,RUA DR JOAO ELISIO,367,,,RUA DR JOAO ELISIO,367,,MANGUEIRA,,,ABALROAMENTO LONGITUDINAL,AUTO E MOTO,1,1,,,,,,,,0,,Longo da via,Bom,Não existe,Perfeito estado,Seca,Perfeito estado,Não existe,,30 km/h,Dupla,Não existe,,,,,,,,
2019-05-21,11:16:00,SEM VÍTIMA,FINALIZADA,PAISSANDU,AV GOVERNADOR AGAMENON MAGALHAES,141,,VETMAIS,AV GOVERNADOR AGAMENON MAGALHAES,141,VETMAIS,PAISSANDU,69,,COLISÃO TRASEIRA,COLISÃO S/VITIMAS ENTRE TRES AUTOS,3,,,,,,,,,0,,Longo da via,Chuvoso,Com defeito,,Molhada,Perfeito estado,Agente,Outras,60 km/h,Dupla,Canal,,,,,,,,
2019-05-21,11:19:00,SEM VÍTIMA,FINALIZADA,TORRÕES,AV ENGENHEIRO ABDIAS DE CARVALHO,,,,AV ENGENHEIRO ABDIAS DE CARVALHO,,,TORRÕES,375,SUBURBIO,ABALROAMENTO LONGITUDINAL,SEM VITIMAS,1,,,,,,1,,,0,,Longo da via,Bom,Sem defeito,Perfeito estado,Seca,Perfeito estado,,R-6a,60 km/h,Dupla,Canteiro central,,,,,,,,
2019-05-21,12:50:00,SEM VÍTIMA,FINALIZADA,TAMARINEIRA,AV CONS ROSA E SILVA,,RUA DR JOSE MARIA,FARMACIA PAGUE MENOS,AV CONS ROSA E SILVA,,FARMACIA PAGUE MENOS,TAMARINEIRA,253,SUBURBIO,ABALROAMENTO LONGITUDINAL,,1,,,,,,1,,,0,,Cruzamento,Chuvoso,Sem defeito,Perfeito estado,Molhada,Perfeito estado,Faixa de pedestre,Outras,,Dupla,Faixa contínua,,,,,,,,
2019-05-21,12:57:00,SEM VÍTIMA,FINALIZADA,TAMARINEIRA,EST DO ARRAIAL,2305,,EM FRENTE A FARMACIA FTB,EST DO ARRAIAL,2305,EM FRENTE A FARMACIA FTB,TAMARINEIRA,,SUBURBIO,ABALROAMENTO LONGITUDINAL,COLISAO ENTRE AUTO OFICIAL E MOTO S/V,1,1,,,,,,,,0,,Longo da via,Chuvoso,Não existe,Perfeito estado,Molhada,Perfeito estado,Não existe,Não há placas,60 km/h,Única,Faixa seccionada,,,,,,,,
2019-05-21,13:05:00,COM VÍTIMA,FINALIZADA,SÃO JOSÉ,AV DANTAS BARRETO,,RUA DO PEIXOTO,NO FINAL DAS DANTAS BARRETO JUNTO AO TERMINAL DOS ONIBUS 1002,AV DANTAS BARRETO,,NO FINAL DAS DANTAS BARRETO JUNTO AO TERMINAL DOS ONIBUS 1002,SÃO JOSÉ,181,SUBURBIO,COLISÃO COM CICLISTA,ÔNIBUS E BICICLETA.,,,,1,,1,,,,1,,Cruzamento,Bom,Sem defeito,Perfeito estado,Seca,Perfeito estado,Faixa de pedestre,Não há placas,,Única,,,,,,,,,
2019-05-21,14:02:00,SEM VÍTIMA,FINALIZADA,IPSEP,RUA ADERBAL DE MELO,,RUA HELIO BRANDAO,,RUA ADERBAL DE MELO,,,IPSEP,,SUBURBIO,ABALROAMENTO TRANSVERSAL,COLISÃO SEM VITIMAS,2,,,,,,,,,0,,Cruzamento,Bom,Não existe,Perfeito estado,Seca,Perfeito estado,,Placas Pare,40 km/h,Única,Faixa contínua,,,,,,,,
2019-05-21,14:24:00,SEM VÍTIMA,FINALIZADA,SANTO AMARO,AV CRUZ CABUGA,,,EM FRENTE AO SEMÁFORO Nº 034,AV CRUZ CABUGA,,EM FRENTE AO SEMÁFORO Nº 034,SANTO AMARO,34,,COLISÃO TRASEIRA,COLISÃO SEM VÍTIMA,2,,,,,,,,,0,,Longo da via,Chuvoso,Sem defeito,Incompleta,Molhada,Mal conservada,,Outras,,Dupla,Faixa contínua,Faixa seccionada,,,,,,,
2019-05-21,14:26:00,SEM VÍTIMA,CANCELADA,IMBIRIBEIRA,RUA PINTOR LULA CARDOSO AYRES,,,E/F A SECRETARIA DA FAZENDA,RUA PINTOR LULA CARDOSO AYRES,,E/F A SECRETARIA DA FAZENDA,IMBIRIBEIRA,,,COLISÃO,COLISAO ENTRE CAMINHAO E UMA EMPILHADEIRA,1,,,,,,1,,,0,,,,,,,,,,,,,,,,,,,,
2019-05-21,14:36:00,SEM VÍTIMA,CANCELADA,ROSARINHO,RUA AMARO COUTINHO,395,,PROX AO BAR DO TONHAO,RUA AMARO COUTINHO,395,PROX AO BAR DO TONHAO,ROSARINHO,,,COLISÃO,COLISAO ENTRE DOIS AUTOS S/V,2,,,,,,,,,0,,,,,,,,,,,,,,,,,,,,
2019-05-21,14:36:00,SEM VÍTIMA,FINALIZADA,BOA VIAGEM,AV DES JOSE NEVES,,RUA FREI CASANOVA,,AV DES JOSE NEVES,,,BOA VIAGEM,,SUBURBIO,COLISÃO TRASEIRA,COLISÃO SEM VÍTIMA,2,,,,,,,1,,0,,Longo da via,Bom,Não existe,Perfeito estado,Seca,Perfeito estado,Não existe,Não há placas,,Dupla,Canteiro central,,,,,,,,
2019-05-21,14:49:00,SEM VÍTIMA,FINALIZADA,BOA VIAGEM,AV CONSELHEIRO AGUIAR,2814,,LAVANDERIA VIVAR,AV CONSELHEIRO AGUIAR,2814,LAVANDERIA VIVAR,BOA VIAGEM,,CIDADE,ABALROAMENTO LONGITUDINAL,COLISAO ENTRE ONIBUS E AUTO S/V,1,,,,,1,,,,0,,Longo da via,Bom,Não existe,Perfeito estado,Seca,Perfeito estado,Não existe,Não há placas,60 km/h,Única,Faixa seccionada,,,,,,,,