data,hora,natureza_acidente,situacao,bairro,endereco,numero,detalhe_endereco_acidente,complemento,endereco_cruzamento,numero_cruzamento,referencia_cruzamento,bairro_cruzamento,num_semaforo,sentido_via,tipo,descricao,auto,moto,ciclom,ciclista,pedestre,onibus,caminhao,viatura,outros,vitimas,vitimasfatais,acidente_verificado,tempo_clima,situacao_semaforo,sinalizacao,condicao_via,conservacao_via,ponto_controle,situacao_placa,velocidade_max_via,mao_direcao,divisao_via1,divisao_via2,divisao_via3,,,,,,
2019-05-21,16:22:00,SEM VÍTIMA,CANCELADA,ILHA DO RETIRO,RUA TABAIARES,207,,PROX AO SEBRAE,RUA TABAIARES,207,PROX AO SEBRAE,ILHA DO RETIRO,,,COLISÃO,COLISAO ENTRE TRES AUTOS S/V,3,,,,,,,,,0,,,,,,,,,,,,,,,,,,,,
2019-05-21,18:05:00,SEM VÍTIMA,FINALIZADA,ESPINHEIRO,AV JOAO DE BARROS,1298,,AO LADO DA FARMÁCIA EXTRAFARMA,AV JOAO DE BARROS,1298,AO LADO DA FARMÁCIA EXTRAFARMA,ESPINHEIRO,339,SUBURBIO,ABALROAMENTO LONGITUDINAL,ENTRE AUTO E CAMINHÃO. S/V,1,,,,,,1,,,0,,Longo da via,Bom,Sem defeito,Perfeito estado,Seca,Perfeito estado,Não existe,Outras,,Única,Faixa seccionada,,,,,,,,
2019-05-21,18:23:00,SEM VÍTIMA,FINALIZADA,CAÇOTE,AV CAPITAO GREGORIO DE CALDAS,470,,CARNES E FRIOS,AV CAPITAO GREGORIO DE CALDAS,470,CARNES E FRIOS,CAÇOTE,,SUBURBIO,CHOQUE VEÍCULO PARADO,NISSAN FRONTIER X PEUJEOT,2,,,,,,,,,0,,Longo da via,Bom,Não existe,Perfeito estado,Seca,Perfeito estado,Não existe,,30 km/h,Dupla,Faixa seccionada,,,,,,,,
2019-05-21,22:18:00,SEM VÍTIMA,FINALIZADA,MADALENA,RUA JOSE BONIFACIO,409,,E/F A DROGASIL,RUA JOSE BONIFACIO,409,E/F A DROGASIL,MADALENA,,,CHOQUE VEÍCULO PARADO,ENTRE 2 AUTOS. S/V,2,,,,,,,,,0,,Longo da via,Bom,Não existe,Perfeito estado,Seca,Perfeito estado,Não existe,Outras,,Única,Faixa seccionada,,,,,,,,
2019-05-21,22:43:00,SEM VÍTIMA,FINALIZADA,BOA VIAGEM,AV ENGENHEIRO DOMINGOS FERREIRA,,,CASA DOS FRIOS LADO OPOSTO,AV ENGENHEIRO DOMINGOS FERREIRA,,CASA DOS FRIOS LADO OPOSTO,BOA VIAGEM,,SUBURBIO,ABALROAMENTO LONGITUDINAL,ENTRE 2 AUTOS. S/V,2,,,,,,,,,0,,Longo da via,Bom,Não existe,Perfeito estado,Seca,Perfeito estado,,R-6a,60 km/h,Única,Canteiro central,,,,,,,,
2019-05-22,04:29:00,SEM VÍTIMA,FINALIZADA,BOA VIAGEM,AV BOA VIAGEM,6944,,EM FRENTE AO Nº 6944,AV BOA VIAGEM,6944,EM FRENTE AO Nº 6944,BOA VIAGEM,,CIDADE,CHOQUE OBJETO FIXO,VEÍCULO CHOCOU-SE CONTRA UM PAPA METRALHAS,1,,,,,,,,,0,,Longo da via,Bom,Sem defeito,Perfeito estado,Seca,Perfeito estado,Faixa de pedestre,,,Única,Faixa seccionada,,,,,,,,
2019-05-22,06:25:00,SEM VÍTIMA,CANCELADA,ENCRUZILHADA,RUA CASTRO ALVES,280,RUA VISCONDE DE MAMANGUAPE,RUA EM FRENTE AO CISAN,RUA CASTRO ALVES,280,RUA EM FRENTE AO CISAN,ENCRUZILHADA,,,COLISÃO,SEM VITIMAS,1,,,,,1,,,,0,,,,,,,,,,,,,,,,,,,,
2019-05-22,06:38:00,SEM VÍTIMA,FINALIZADA,BOA VISTA,RUA DO HOSPICIO,,,EM FRENTE AO SEMÁFORO 31,RUA DO HOSPICIO,,EM FRENTE AO SEMÁFORO 31,BOA VISTA,31,CIDADE,COLISÃO TRASEIRA,SEM VITIMAS,,,,,,1,,1,,0,,Longo da via,Bom,Sem defeito,Perfeito estado,Seca,Perfeito estado,Faixa de pedestre,Não há placas,,Única,Faixa contínua,,,,,,,,
2019-05-22,06:54:00,COM VÍTIMA,FINALIZADA,BOA VIAGEM,RUA TOME GIBSON,315,,NA ENTRADA DO CONVENTO FREI DAMIÃO. EM FRENTE AO POSTE DE ILUMINAÇÃO B002306.,RUA TOME GIBSON,315,NA ENTRADA DO CONVENTO FREI DAMIÃO. EM FRENTE AO POSTE DE ILUMINAÇÃO B002306.,BOA VIAGEM,,,COLISÃO TRASEIRA,AUTO E MOTO.,1,1,,,1,,,,,1,,Longo da via,Bom,Não existe,Incompleta,Seca,Perfeito estado,Não existe,R-6a,,Dupla,Não existe,,,,,,,,
2019-05-22,07:21:00,SEM VÍTIMA,FINALIZADA,,AV ARMINDO MOURA,,RUA MINISTRO SALGADO FILHO,,AV ARMINDO MOURA,,,,,,ABALROAMENTO LONGITUDINAL,DOIS AUTOS,2,,,,,,,,,0,,Longo da via,Bom,Não existe,Perfeito estado,Seca,Perfeito estado,,,40 km/h,Dupla,Faixa seccionada,,,,,,,,
2019-05-22,07:38:00,COM VÍTIMA,FINALIZADA,ILHA JOANA BEZERRA,VDO PAPA JOAO PAULO II,,,SENTIDO BOA VIAGEM. SOBRE O VIADUTO.,VDO PAPA JOAO PAULO II,,SENTIDO BOA VIAGEM. SOBRE O VIADUTO.,ILHA JOANA BEZERRA,,SUBURBIO,COLISÃO TRASEIRA,AUTO E MOTO,1,1,,,,,,,,2,,Viaduto,Bom,Não existe,Perfeito estado,Seca,Perfeito estado,Não existe,Não há placas,60 km/h,Única,Faixa seccionada,,,,,,,,
2019-05-22,07:47:00,SEM VÍTIMA,FINALIZADA,ILHA DO RETIRO,AV ENGENHEIRO ABDIAS DE CARVALHO,155,,PRÓX AO POSTO SHELL,AV ENGENHEIRO ABDIAS DE CARVALHO,155,PRÓX AO POSTO SHELL,ILHA DO RETIRO,,CIDADE,ABALROAMENTO LONGITUDINAL,COLISÃO SEM VITIMAS,2,,,,,,,,,0,,Longo da via,Bom,Não existe,Perfeito estado,Seca,Perfeito estado,Outros,R-6a,,Dupla,Canteiro central,,,,,,,,
2019-05-22,08:36:00,SEM VÍTIMA,CANCELADA,IMBIRIBEIRA,AV MARECHAL MASCARENHAS DE MORAES,5089,,EM FRENTE A FACULDADE PERNAMBUCANA DE SAUDE, SENT. CIDADE,AV MARECHAL MASCARENHAS DE MORAES,5089,EM FRENTE A FACULDADE PERNAMBUCANA DE SAUDE, SENT. CIDADE,IMBIRIBEIRA,,,COLISÃO,DOIS AUTOS,2,,,,,,,,,0,,,,,,,,,,,,,,,,,,
2019-05-22,08:47:00,SEM VÍTIMA,FINALIZADA,IBURA,AV DOIS RIOS,,RUA RIO TAPAJOS,PRÓXIMO AO POSTO DE COMBUSTÍVEL BR,AV DOIS RIOS,,PRÓXIMO AO POSTO DE COMBUSTÍVEL BR,IBURA,361,SUBURBIO,ABALROAMENTO LONGITUDINAL,AUTO E MOTO,1,1,,,,,,,,0,,,Bom,Sem defeito,Perfeito estado,Seca,Perfeito estado,Faixa de pedestre,R-6a,,Dupla,Faixa contínua,,,,,,,,
2019-05-22,09:06:00,SEM VÍTIMA,FINALIZADA,ROSARINHO,AV SANTOS DUMONT,,,EM FRENTE A ILHA DE CEDROS,AV SANTOS DUMONT,,EM FRENTE A ILHA DE CEDROS,ROSARINHO,81,SUBURBIO,COLISÃO TRASEIRA,COLISAO SEM ITIMAS,1,,,,,1,,,,0,,Longo da via,Bom,Sem defeito,Perfeito estado,Seca,Perfeito estado,Faixa de pedestre,R-6a,,Única,Faixa seccionada,,,,,,,,
2019-05-22,09:17:00,SEM VÍTIMA,CANCELADA,COELHOS,RUA DOS COELHOS,,,EM FRENTE AO IMIP,RUA DOS COELHOS,,EM FRENTE AO IMIP,COELHOS,,,COLISÃO,COLISAO SEM ITIMAS,2,,,,,,,,,0,,,,,,,,,,,,,,,,,,,,
2019-05-22,09:42:00,SEM VÍTIMA,FINALIZADA,,RUA DO PEIXOTO,,AV DANTAS BARRETO,,RUA DO PEIXOTO,,,,181,SUBURBIO,ABALROAMENTO LONGITUDINAL,COLISAÕ SEM VITIMAS,,1,,,,1,,,,0,,Cruzamento,Bom,Sem defeito,Perfeito estado,Seca,Perfeito estado,Faixa de pedestre,Outras,50 km/h,Dupla,Faixa contínua,,,,,,,,
2019-05-22,10:34:00,SEM VÍTIMA,FINALIZADA,CORDEIRO,RUA HONORIO CORREIA,76,,RUA DO SUPERMERCADO LEÃO,RUA HONORIO CORREIA,76,RUA DO SUPERMERCADO LEÃO,CORDEIRO,,CIDADE,ABALROAMENTO LONGITUDINAL,SEM VITIMAS,2,,,,,,,,,0,,Longo da via,Bom,Não existe,Perfeito estado,Seca,Perfeito estado,Não existe,Não há placas,,Única,Faixa seccionada,,,,,,,,
2019-05-22,11:18:00,COM VÍTIMA,FINALIZADA,BOA VIAGEM,RUA JOAQUIM BANDEIRA,,AV SUL,EM FRENTE A ESTAÇÃO ANTONIO FALCÃO,RUA JOAQUIM BANDEIRA,,EM FRENTE A ESTAÇÃO ANTONIO FALCÃO,BOA VIAGEM,,SUBURBIO,ABALROAMENTO TRANSVERSAL,COM UMA VITIMA,1,1,,,,,,,,1,,Cruzamento,Bom,Não existe,Ilegível,Seca,Mal iluminada,Não existe,Não há placas,,Dupla,Não existe,,,,,,,,
2019-05-22,11:40:00,SEM VÍTIMA,FINALIZADA,SANTO AMARO,AV CRUZ CABUGA,1419,,SECRETARIA DA FAZENDA,AV CRUZ CABUGA,1419,SECRETARIA DA FAZENDA,SANTO AMARO,344,CIDADE,COLISÃO TRASEIRA,DOISAUTOS,2,,,,,,,,,0,,Longo da via,Bom,Sem defeito,Perfeito estado,Seca,Mal conservada,Não existe,Não há placas,60 km/h,Dupla,Faixa contínua,,,,,,,,
2019-05-22,12:45:00,COM VÍTIMA,FINALIZADA,IMBIRIBEIRA,AV MARECHAL MASCARENHAS DE MORAES,,,EM FRENTE A FERREIRA COSTA/ SENTIDO CIDADE,AV MARECHAL MASCARENHAS DE MORAES,,EM FRENTE A FERREIRA COSTA/ SENTIDO CIDADE,IMBIRIBEIRA,,CIDADE,CHOQUE VEÍCULO PARADO,AUTO E MOTO.,1,1,,,,,,,,1,,Longo da via,Bom,Sem defeito,Perfeito estado,Seca,Perfeito estado,Não existe,Não há placas,60 km/h,Única,Faixa contínua,,,,,,,,
2019-05-22,13:01:00,SEM VÍTIMA,FINALIZADA,PARNAMIRIM,AV RUI BARBOSA,,,SOB O SEMÁFORO Nº 460,AV RUI BARBOSA,,SOB O SEMÁFORO Nº 460,PARNAMIRIM,460,CIDADE,COLISÃO TRASEIRA,COLISÃO COM VÍTIMA,2,,,,,,,,,0,,Longo da via,Bom,Sem defeito,Perfeito estado,Seca,Perfeito estado,Faixa de pedestre,Outras,,Única,Faixa contínua,,,,,,,,
2019-05-22,13:56:00,SEM VÍTIMA,FINALIZADA,CASA AMARELA,EST DO ENCANAMENTO,1284,RUA PROFESSOR ALVARO LIMA,CASA DE FESTA ESTRIPULIA,EST DO ENCANAMENTO,1284,CASA DE FESTA ESTRIPULIA,CASA AMARELA,,CIDADE,ABALROAMENTO TRANSVERSAL,COLISÃO SEM VITIMA,1,1,,,,,,,,0,,Cruzamento,Bom,Não existe,Perfeito estado,Seca,Perfeito estado,Não existe,Placas Pare,40 km/h,Única,Faixa seccionada,,,,,,,,
2019-05-22,14:27:00,COM VÍTIMA,FINALIZADA,IMBIRIBEIRA,RUA PAMPULHA,2555,,EM FRENTE A MITSUBISHI MOTOS,RUA PAMPULHA,2555,EM FRENTE A MITSUBISHI MOTOS,IMBIRIBEIRA,534,CIDADE,ABALROAMENTO LONGITUDINAL,MOTO E ÔNIBUS.,1,1,,,,,,,,1,,Cruzamento,Bom,Sem defeito,Perfeito estado,Seca,Perfeito estado,Faixa de pedestre,Não há placas,60 km/h,Dupla,Canteiro central,,,,,,,,
2019-05-22,14:52:00,SEM VÍTIMA,FINALIZADA,IMBIRIBEIRA,RUA CONEGO LIRA,,RUA GENERAL GOES MONTEIRO,,RUA CONEGO LIRA,,,IMBIRIBEIRA,,CIDADE,ABALROAMENTO TRANSVERSAL,COLISÃO SEM VÍTIMA,4,,,,,,,,,0,,Cruzamento,Bom,Não existe,,Seca,Perfeito estado,Não existe,Outras,,Dupla,Não existe,,,,,,,,
2019-05-22,15:07:00,COM VÍTIMA,FINALIZADA,IPSEP,RUA ADERBAL DE MELO,135,RUA HELIO BRANDAO,E/F A CHAMBARIL E FEIJOADA DO JOAO,RUA ADERBAL DE MELO,135,E/F A CHAMBARIL E FEIJOADA DO JOAO,IPSEP,,CIDADE,ABALROAMENTO TRANSVERSAL,COLISAO ENTRE AUTO E MOTO COM UMA VITIMA,1,1,,,,,,,,1,,Cruzamento,Bom,Não existe,Perfeito estado,Seca,Perfeito estado,Não existe,Placas Pare,,Dupla,Faixa seccionada,,,,,,,,
2019-05-22,14:58:00,SEM VÍTIMA,CANCELADA,BOA VIAGEM,RUA JOAO CARDOSO AIRES,560,,EDIF TEOREMA 501,RUA JOAO CARDOSO AIRES,560,EDIF TEOREMA 501,BOA VIAGEM,,,COLISÃO,COLISÃO SEM VITIMA,2,,,,,,,,,0,,,,,,,,,,,,,,,,,,,,
2019-05-22,15:22:00,SEM VÍTIMA,FINALIZADA,BAIRRO DO RECIFE,,,,APÓS O PAÇO ALFÂNDEGA,,,APÓS O PAÇO ALFÂNDEGA,BAIRRO DO RECIFE,477,SUBURBIO,ABALROAMENTO LONGITUDINAL,COLISÃO SEM VÍTIMA,2,,,,,,,,,0,,Longo da via,Bom,Não existe,Perfeito estado,Seca,Perfeito estado,Não existe,Não há placas,,Única,,,,,,,,,
2019-05-22,15:27:00,SEM VÍTIMA,FINALIZADA,ÁGUA FRIA,EST VELHA DE AGUA FRIA,,AV NORTE,,EST VELHA DE AGUA FRIA,,,ÁGUA FRIA,602,SUBURBIO,ABALROAMENTO LONGITUDINAL,COLISÃO SEM VÍTIMA,1,,,,,1,,,,0,,Cruzamento,Bom,Sem defeito,Perfeito estado,Seca,Perfeito estado,Faixa de pedestre,R-6a,,Dupla,Faixa contínua,Canteiro central,,,,,,,
2019-05-22,15:45:00,SEM VÍTIMA,FINALIZADA,CASA AMARELA,AV NORTE,270,,LADO OPOSTO A RETÍFICA PADRÃO,AV NORTE,270,LADO OPOSTO A RETÍFICA PADRÃO,CASA AMARELA,95,SUBURBIO,ABALROAMENTO LONGITUDINAL,COLISÃO SEM VITIMAS,1,,,,,,1,,,0,,Longo da via,Bom,Sem defeito,Perfeito estado,Seca,Perfeito estado,Faixa de pedestre,R-6a,60 km/h,Dupla,Canteiro central,,,,,,,,
2019-05-22,17:49:00,SEM VÍTIMA,FINALIZADA,SANTO AMARO,AV DR JAYME DA FONTE,79,,,AV DR JAYME DA FONTE,79,,SANTO AMARO,,SUBURBIO,ABALROAMENTO LONGITUDINAL,ENTRE AUTO E ÔNIBUS. S/V,1,,,,,1,,,,0,,Longo da via,Bom,Não existe,Perfeito estado,Seca,Perfeito estado,Não existe,Não há placas,,Dupla,Canteiro central,,,,,,,,
2019-05-22,18:01:00,SEM VÍTIMA,FINALIZADA,IPSEP,AV RECIFE,3141,,EM FRENTE A VILLA DO PÃO,AV RECIFE,3141,EM FRENTE A VILLA DO PÃO,IPSEP,,,ABALROAMENTO LONGITUDINAL,ENTRE AUTO E ÔNIBUS. S/V,1,,,,,1,,,,0,,Longo da via,Bom,Sem defeito,Perfeito estado,Seca,Perfeito estado,Não existe,Não há placas,60 km/h,Única,Faixa contínua,,,,,,,,
2019-05-22,18:23:00,SEM VÍTIMA,FINALIZADA,IMBIRIBEIRA,RUA ANTONIO FALCAO,253,RUA ITAUBA,CE GOMES AZEVEDO,RUA ANTONIO FALCAO,253,CE GOMES AZEVEDO,IMBIRIBEIRA,,CIDADE,ABALROAMENTO TRANSVERSAL,,2,,,,,,,,,0,,Cruzamento,Bom,Não existe,Perfeito estado,Seca,,Não existe,Não há placas,60 km/h,Única,Faixa seccionada,,,,,,,,
2019-05-22,18:51:00,SEM VÍTIMA,FINALIZADA,PAISSANDU,AV GOVERNADOR AGAMENON MAGALHAES,,,SEMÁFORO 69,AV GOVERNADOR AGAMENON MAGALHAES,,SEMÁFORO 69,PAISSANDU,69,SUBURBIO,COLISÃO TRASEIRA,DUAS MOTOS,,2,,,,,,,,0,,Longo da via,Bom,Sem defeito,Perfeito estado,Seca,Perfeito estado,Faixa de pedestre,Outras,,Dupla,Canal,,,,,,,,
2019-05-22,19:46:00,SEM VÍTIMA,FINALIZADA,ESPINHEIRO,AV JOAO DE BARROS,,RUA DO ESPINHEIRO,,AV JOAO DE BARROS,,,ESPINHEIRO,89,SUBURBIO,ABALROAMENTO TRANSVERSAL,ENTRE AUTO E MOTO. S/V,1,1,,,,,,,,0,,Longo da via,Bom,Sem defeito,Perfeito estado,Seca,Perfeito estado,Faixa de retenção,Outras,,Única,Faixa contínua,,,,,,,,
2019-05-22,19:52:00,COM VÍTIMA,FINALIZADA,IMBIRIBEIRA,AV MARECHAL MASCARENHAS DE MORAES,1511,,E/F A JCB E PRÓX A CAMINHOES E ÔNIBUS DA VW / SNT AFOGADOS,AV MARECHAL MASCARENHAS DE MORAES,1511,E/F A JCB E PRÓX A CAMINHOES E ÔNIBUS DA VW / SNT AFOGADOS,IMBIRIBEIRA,,SUBURBIO,ATROPELAMENTO,ÔNIBUS E PEDESTRE.,,,,,1,1,,,,1,,Longo da via,Bom,Sem defeito,Perfeito estado,Seca,Perfeito estado,Não existe,R-6a,,Dupla,Canteiro central,,,,,,,,
2019-05-22,22:10:00,SEM VÍTIMA,FINALIZADA,AFOGADOS,RUA DOUTOR LEONIDAS CRAVO GAMA,,RUA DA PAZ,,RUA DOUTOR LEONIDAS CRAVO GAMA,,,AFOGADOS,,SUBURBIO,ABALROAMENTO LONGITUDINAL,ONIBUS DA PREFEITURA X UNO,1,,,,,1,,,,0,,Longo da via,Bom,Não existe,Perfeito estado,Seca,Perfeito estado,Não existe,Não há placas,,Única,Não existe,,,,,,,,
2019-05-23,07:47:00,COM VÍTIMA,FINALIZADA,AREIAS,AV RECIFE,1040,,PROXIMO A CHURRASCARIA PAJUÇARA,AV RECIFE,1040,PROXIMO A CHURRASCARIA PAJUÇARA,AREIAS,,AEROPORTO,COLISÃO,COLISÃO COM VITIMA,1,1,,,,,,,,1,,,,,,,,,,,,,,,,,,,,
2019-05-23,08:03:00,SEM VÍTIMA,FINALIZADA,ROSARINHO,RUA PROFESSOR OTAVIO DE FREITAS,83,RUA JULIAO NETO,,RUA PROFESSOR OTAVIO DE FREITAS,83,,ROSARINHO,,SUBURBIO,ABALROAMENTO TRANSVERSAL,,2,,,,,,,,,0,,Cruzamento,Bom,Não existe,Não existente,Seca,Perfeito estado,Não existe,Não há placas,,Dupla,Faixa seccionada,,,,,,,,
2019-05-23,08:23:00,SEM VÍTIMA,CANCELADA,IMBIRIBEIRA,AV MARECHAL MASCARENHAS DE MORAES,5089,,EM FRENTE AO PALACIO DOS RADIADORES,AV MARECHAL MASCARENHAS DE MORAES,5089,EM FRENTE AO PALACIO DOS RADIADORES,IMBIRIBEIRA,,CIDADE,COLISÃO,DOIS AUTOS,2,,,,,,,,,0,,,,,,,,,,,,,,,,,,,,
2019-05-23,08:56:00,SEM VÍTIMA,FINALIZADA,DERBY,AV GOVERNADOR AGAMENON MAGALHAES,,,EM FRENTE AO BRADESCO DIA&NOITE,AV GOVERNADOR AGAMENON MAGALHAES,,EM FRENTE AO BRADESCO DIA&NOITE,DERBY,,,COLISÃO TRASEIRA,COLISÃO S/VITIMAS ENTRE DOIS AUTOS,2,,,,,,,,,0,,Longo da via,Bom,Sem defeito,Perfeito estado,Seca,Perfeito estado,Agente,Não há placas,60 km/h,Dupla,Canal,,,,,,,,
2019-05-23,08:57:00,SEM VÍTIMA,CANCELADA,IMBIRIBEIRA,RUA NORUEGA,523,,EM FRENTE A GALERIA NORUEGA,RUA NORUEGA,523,EM FRENTE A GALERIA NORUEGA,IMBIRIBEIRA,,,COLISÃO,DOIS AUTOS,2,,,,,,,,,0,,,,,,,,,,,,,,,,,,,,
2019-05-23,09:02:00,COM VÍTIMA,FINALIZADA,SÃO JOSÉ,AV SUL,,RUA NOVA DA CABANGA,APÓS O SEMÁFORO 260,AV SUL,,APÓS O SEMÁFORO 260,SÃO JOSÉ,260,CIDADE,ABALROAMENTO LONGITUDINAL,COLISÃO COM VÍTIMA ENVOLVENDO 2 MOTOCICLETAS. UMA DAS PARTES EVADIU-SE.,,2,,,,,,,,1,,Longo da via,Bom,Sem defeito,Perfeito estado,Seca,Perfeito estado,Não existe,Outras,,Única,Faixa seccionada,,,,,,,,
2019-05-23,09:15:00,SEM VÍTIMA,CANCELADA,PINA,AVENIDA CELSO FURTADO (VIA MANGUE),,,2 KM ANTES DO SHOPPING RIO MAR,AVENIDA CELSO FURTADO (VIA MANGUE),,2 KM ANTES DO SHOPPING RIO MAR,PINA,,CIDADE,COLISÃO,COLISÃO S/VITIMAS ENTRE DOIS AUTOS,2,,,,,,,,,0,,,,,,,,,,,,,,,,,,,,
2019-05-23,10:08:00,SEM VÍTIMA,FINALIZADA,PINA,RUA VINTE E SEIS DE JANEIRO,88,,,RUA VINTE E SEIS DE JANEIRO,88,,PINA,,CIDADE,COLISÃO TRASEIRA,COLISÃO S/VITIMA ENTRE DOIS AUTOS,2,,,,,,,,,0,,Longo da via,Bom,Não existe,Não existente,Seca,Mal conservada,Não existe,Não há placas,,Dupla,Não existe,,,,,,,,
2019-05-23,11:36:00,COM VÍTIMA,CANCELADA,IPSEP,RUA JEAN EMILE FAVRE,1016,,EM FRENTE A FACULDADE BOA VIAGEM,RUA JEAN EMILE FAVRE,1016,EM FRENTE A FACULDADE BOA VIAGEM,IPSEP,,,COLISÃO,COM UMA VITIMA,AGUARDANDO SAMU,1,1,,,,,,,,1,,,,,,,,,,,,,,,,,,,
2019-05-23,11:47:00,COM VÍTIMA,FINALIZADA,BOA VIAGEM,AV ENGENHEIRO DOMINGOS FERREIRA,1195,RUA ANTONIO PEDRO DE FIGUEIREDO,EM FRENTE A CONSECIONARIA AUTOPARVI. LADO OPOSTO AO NÚMERO INFORMADO.,AV ENGENHEIRO DOMINGOS FERREIRA,1195,EM FRENTE A CONSECIONARIA AUTOPARVI. LADO OPOSTO AO NÚMERO INFORMADO.,BOA VIAGEM,324,SUBURBIO,COLISÃO TRASEIRA,AUTO E MOTO.,1,1,,,,,,,,1,,Cruzamento,Bom,Sem defeito,Perfeito estado,Seca,,,Não há placas,,Única,Faixa seccionada,Canteiro central,,,,,,,
2019-05-23,12:07:00,COM VÍTIMA,FINALIZADA,CASA AMARELA,AV NORTE,,AV PROFESSOR JOSE DOS ANJOS,E/F AO SESC DE CASA AMARELA,AV NORTE,,E/F AO SESC DE CASA AMARELA,CASA AMARELA,364,SUBURBIO,ABALROAMENTO TRANSVERSAL,AUTO E MOTO COM VITIMAS,1,1,,,,,,,,1,,Cruzamento,Bom,Sem defeito,Perfeito estado,Seca,Perfeito estado,Não existe,,60 km/h,Dupla,Faixa contínua,,,,,,,,
2019-05-23,12:19:00,COM VÍTIMA,FINALIZADA,TORRE,RUA JOSE BONIFACIO,,,E/F AO CARREFOUR. VIADUTO GOVERNADOR CORDEIRO DE FARIAS.,RUA JOSE BONIFACIO,,E/F AO CARREFOUR. VIADUTO GOVERNADOR CORDEIRO DE FARIAS.,TORRE,,SUBURBIO,ABALROAMENTO LONGITUDINAL,AUTO E MOTO COM VITIMAS,1,1,,,,,,,,1,,Viaduto,Bom,Não existe,Perfeito estado,Seca,Perfeito estado,Outros,Não há placas,,Dupla,Faixa seccionada,,,,,,,,
2019-05-23,12:26:00,SEM VÍTIMA,FINALIZADA,BOA VIAGEM,AV DOM JOAO VI,,,LADO OPOSTO AO Nº 1003 - SENTIDO AEROPORTO,AV DOM JOAO VI,,LADO OPOSTO AO Nº 1003 - SENTIDO AEROPORTO,BOA VIAGEM,,SUBURBIO,COLISÃO TRASEIRA,TRES AUTO SEM VITIMAS,3,,,,,,,,,0,,Longo da via,Bom,Não existe,Perfeito estado,Seca,Perfeito estado,Não existe,Não há placas,50 km/h,Dupla,Canteiro central,,,,,,,,
2019-05-23,13:00:00,COM VÍTIMA,FINALIZADA,SANTO AMARO,RUA FREI CASSIMIRO,,RUA DO POMBAL,FARMACIA POPULAR,RUA FREI CASSIMIRO,,FARMACIA POPULAR,SANTO AMARO,,CIDADE,COLISÃO FRONTAL,AUTO E MOTO.,1,1,,,,,,,,1,,Cruzamento,Bom,Não existe,,Seca,Perfeito estado,Não existe,Não há placas,,Dupla,Faixa seccionada,,,,,,,,
2019-05-23,13:05:00,COM VÍTIMA,FINALIZADA,IMBIRIBEIRA,AV MARECHAL MASCARENHAS DE MORAES,,,EM FRENTE A FAC UNIVERSO,AV MARECHAL MASCARENHAS DE MORAES,,EM FRENTE A FAC UNIVERSO,IMBIRIBEIRA,,CIDADE,COLISÃO COM CICLISTA,CICLISTA E AUTO,1,,,1,,,,,,1,,Longo da via,Bom,Sem defeito,Perfeito estado,Seca,Perfeito estado,Outros,Não há placas,60 km/h,Dupla,Canteiro central,,,,,,,,
2019-05-23,14:15:00,SEM VÍTIMA,FINALIZADA,BOA VIAGEM,RUA DEZ DE JULHO,210,RUA CAMBOIM,AO LADO DO MAISON CRISTAL,RUA DEZ DE JULHO,210,AO LADO DO MAISON CRISTAL,BOA VIAGEM,,,ABALROAMENTO TRANSVERSAL,COLISÃO SEM VITIMA,1,,,,,1,,,,0,,Cruzamento,Bom,Não existe,Incompleta,Seca,Perfeito estado,Não existe,Não há placas,,Única,Faixa seccionada,,,,,,,,
2019-05-23,14:39:00,SEM VÍTIMA,CANCELADA,BOA VISTA,PTE DUARTE COELHO,,RUA DA AURORA,NA DESCIDA DA PONTE DUARTE COELHO,PTE DUARTE COELHO,,NA DESCIDA DA PONTE DUARTE COELHO,BOA VISTA,,SUB,COLISÃO,COLISÃO ENTRE DOIS ÕNIBUS,,,,,,,,,,0,,,,,,,,,,,,,,,,,,,,
2019-05-23,14:48:00,SEM VÍTIMA,FINALIZADA,BOA VIAGEM,RUA RIBEIRO DE BRITO,4074,,EM FRENTE AO POSTO BR,RUA RIBEIRO DE BRITO,4074,EM FRENTE AO POSTO BR,BOA VIAGEM,,CIDADE,ABALROAMENTO LONGITUDINAL,COLISÃO SEM VITIMA,1,,,,,,1,,,0,,Longo da via,Bom,Não existe,Perfeito estado,Seca,Perfeito estado,Não existe,Não há placas,,Única,Faixa contínua,,,,,,,,
2019-05-23,14:57:00,SEM VÍTIMA,FINALIZADA,VÁRZEA,AV AFONSO OLINDENSE,2088,,E/F A PADARIA RAINHA DA VARZEA,AV AFONSO OLINDENSE,2088,E/F A PADARIA RAINHA DA VARZEA,VÁRZEA,,SUBURBIO,COLISÃO TRASEIRA,COLISAO ENTRE AUTO E TAXI S/V,2,,,,,,,,,0,,Longo da via,Bom,Não existe,Não existente,Seca,Perfeito estado,Não existe,Não há placas,,Única,Não existe,,,,,,,,
2019-05-23,16:55:00,SEM VÍTIMA,DUPLICIDADE,SANTO AMARO,AV CRUZ CABUGA,,,EM FRENTE A APAC, SENTIDO OLINDA,AV CRUZ CABUGA,,EM FRENTE A APAC, SENTIDO OLINDA,SANTO AMARO,,,COLISÃO,COLISÃO SEM VITIMA,2,,,,,,,,,0,,,,,,,,,,,,,,,,,,
2019-05-23,16:56:00,SEM VÍTIMA,FINALIZADA,SANTO AMARO,AV PREFEITO ARTUR LIMA CAVALCANTI,,AV CRUZ CABUGA,AO LADO DA APAC,AV PREFEITO ARTUR LIMA CAVALCANTI,,AO LADO DA APAC,SANTO AMARO,434,SUBURBIO,COLISÃO TRASEIRA,VAN E AUTO PASSEIO SEM VITIMAS,2,,,,,,,,,0,,Cruzamento,Bom,Sem defeito,Perfeito estado,Seca,Perfeito estado,Faixa de pedestre,Não há placas,60 km/h,Dupla,Canteiro central,,,,,,,,