data,hora,natureza_acidente,situacao,bairro,endereco,numero,detalhe_endereco_acidente,complemento,endereco_cruzamento,numero_cruzamento,referencia_cruzamento,bairro_cruzamento,num_semaforo,sentido_via,tipo,descricao,auto,moto,ciclom,ciclista,pedestre,onibus,caminhao,viatura,outros,vitimas,vitimasfatais,acidente_verificado,tempo_clima,situacao_semaforo,sinalizacao,condicao_via,conservacao_via,ponto_controle,situacao_placa,velocidade_max_via,mao_direcao,divisao_via1,divisao_via2,divisao_via3,,,,,,
2019-05-23,17:15:00,SEM VÍTIMA,FINALIZADA,AFOGADOS,RUA NICOLAU PEREIRA,,,EM FRENTE A SAÍDA DO TERMINAL INTEGRADO DE AFOGADOS,RUA NICOLAU PEREIRA,,EM FRENTE A SAÍDA DO TERMINAL INTEGRADO DE AFOGADOS,AFOGADOS,,SUBURBIO,CHOQUE VEÍCULO PARADO,COLISÃO SEM VITIMA,2,,,,,1,,,,0,,Longo da via,Bom,Não existe,Perfeito estado,Seca,Perfeito estado,Não existe,Não há placas,,Única,Faixa seccionada,,,,,,,,
2019-05-23,17:25:00,SEM VÍTIMA,FINALIZADA,IPSEP,AV RECIFE,2322,,MARTELINHO DE OURO,AV RECIFE,2322,MARTELINHO DE OURO,IPSEP,16,,COLISÃO TRASEIRA,COLISAO ENTRE AUTO E TAXI S/V,2,,,,,,,,,0,,Longo da via,Bom,Sem defeito,Perfeito estado,Seca,Perfeito estado,Não existe,,,Dupla,Canteiro central,,,,,,,,
2019-05-23,17:26:00,SEM VÍTIMA,CANCELADA,VÁRZEA,AV CAXANGA,,,E/F A CAXANGA VEICULOS,AV CAXANGA,,E/F A CAXANGA VEICULOS,VÁRZEA,,CIDADE,COLISÃO,ONIBUS E AUTO PASSEIO SEM VITIMAS,1,,,,,1,,,,0,,,,,,,,,,,,,,,,,,,,
2019-05-23,17:28:00,SEM VÍTIMA,CANCELADA,AFOGADOS,RUA PROFESSOR AUGUSTO WANDERLEY FILHO,,RUA MOTOCOLOMBO,NA ESQUINA DO TROCAO,RUA PROFESSOR AUGUSTO WANDERLEY FILHO,,NA ESQUINA DO TROCAO,AFOGADOS,,,COLISÃO,COLISÃO SEM VITIMA,1,1,,,,,,,,0,,,,,,,,,,,,,,,,,,,,
2019-05-23,17:35:00,SEM VÍTIMA,FINALIZADA,ENCRUZILHADA,RUA CASTRO ALVES,112,RUA JOSE DE SA CARNEIRO,,RUA CASTRO ALVES,112,,ENCRUZILHADA,666,,ABALROAMENTO LONGITUDINAL,COLISAO ENTRE ONIBUS E AUTO S/V,1,,,,,1,,,,0,,Cruzamento,Bom,Sem defeito,Perfeito estado,Seca,Perfeito estado,Faixa de pedestre,Não há placas,,Única,Não existe,,,,,,,,
2019-05-23,17:46:00,SEM VÍTIMA,FINALIZADA,TAMARINEIRA,EST DO ARRAIAL,2968,,,EST DO ARRAIAL,2968,,TAMARINEIRA,,SUBURBIO,ABALROAMENTO LONGITUDINAL,ENTRE ÕNIBUS E AUTO PASSEIO. S/V,1,,,,,1,,,,0,,Longo da via,Bom,Sem defeito,Perfeito estado,Seca,Perfeito estado,Não existe,Outras,40 km/h,Única,Não existe,,,,,,,,
2019-05-23,17:49:00,SEM VÍTIMA,FINALIZADA,SANTO AMARO,AV GOVERNADOR AGAMENON MAGALHAES,,,SOB O SEMÁFORO,AV GOVERNADOR AGAMENON MAGALHAES,,SOB O SEMÁFORO,SANTO AMARO,49,SUBURBIO,ABALROAMENTO LONGITUDINAL,ENTRE AUTO E MOTO. S/V,1,1,,,,,,,,0,,Longo da via,Bom,Sem defeito,Perfeito estado,Seca,Perfeito estado,Agente,Não há placas,60 km/h,,Canteiro central,,,,,,,,
2019-05-23,17:55:00,SEM VÍTIMA,FINALIZADA,PARNAMIRIM,AV PARNAMIRIM,,RUA TITO ROSAS,,AV PARNAMIRIM,,,PARNAMIRIM,10,SUBURBIO,COLISÃO TRASEIRA,ENTRE 2 AUTOS. S/V,2,,,,,,,,,0,,Cruzamento,Bom,Sem defeito,Perfeito estado,Seca,Perfeito estado,,,,Única,Faixa seccionada,,,,,,,,
2019-05-23,17:58:00,SEM VÍTIMA,CANCELADA,APIPUCOS,RUA DE APIPUCOS,430,,PRÓX AO ARCADIA,RUA DE APIPUCOS,430,PRÓX AO ARCADIA,APIPUCOS,,,COLISÃO,ENTRE 2 AUTOS. S/V,2,,,,,,,,,0,,,,,,,,,,,,,,,,,,,,
2019-05-23,18:21:00,SEM VÍTIMA,CANCELADA,CAJUEIRO,RUA TENENTE WANDERLEY,,,TERMINAL DE ONIBUS DO CAJUEIRO,RUA TENENTE WANDERLEY,,TERMINAL DE ONIBUS DO CAJUEIRO,CAJUEIRO,,,COLISÃO,ONIBUS X JEEP,1,,,,,1,,,,0,,,,,,,,,,,,,,,,,,,,
2019-05-23,18:25:00,SEM VÍTIMA,FINALIZADA,AFOGADOS,RUA COSME VIANA,,,,RUA COSME VIANA,,,AFOGADOS,100,CIDADE,ABALROAMENTO LONGITUDINAL,COROLA X FAIT,2,,,,,,,,1,0,,Longo da via,Bom,Sem defeito,Perfeito estado,Seca,Perfeito estado,Faixa de pedestre,,,Dupla,,,,,,,,,
2019-05-23,18:36:00,SEM VÍTIMA,FINALIZADA,BOA VISTA,AV GOVERNADOR AGAMENON MAGALHAES,107,,LADO OPOSTO AO HOSPITAL DA RESTAURAÇÃO,AV GOVERNADOR AGAMENON MAGALHAES,107,LADO OPOSTO AO HOSPITAL DA RESTAURAÇÃO,BOA VISTA,,,ABALROAMENTO LONGITUDINAL,,2,,,,,,,,,0,,Longo da via,Bom,Não existe,Não existente,Seca,Perfeito estado,Não existe,Não há placas,60 km/h,Dupla,Canteiro central,,,,,,,,
2019-05-23,18:38:00,SEM VÍTIMA,FINALIZADA,BOA VIAGEM,AV FERNANDO SIMOES BARBOSA,,RUA PADRE CARAPUCEIRO,SEMÁFORO 321,AV FERNANDO SIMOES BARBOSA,,SEMÁFORO 321,BOA VIAGEM,321,,ABALROAMENTO LONGITUDINAL,ENTRE AUTO E CAMINHÃO. S/V,1,,,,,,1,,,0,,Cruzamento,Bom,Sem defeito,Perfeito estado,Seca,Perfeito estado,Faixa de pedestre,R-6a,50 km/h,Dupla,Canal,,,,,,,,
2019-05-23,19:24:00,SEM VÍTIMA,FINALIZADA,BOA VIAGEM,RUA RIO AZUL,166,,ENF A IGREJA PRESBITERIANA,RUA RIO AZUL,166,ENF A IGREJA PRESBITERIANA,BOA VIAGEM,,SUBURBIO,ABALROAMENTO LONGITUDINAL,WR-V X MOTO,1,1,,,,,,,,0,,Longo da via,Bom,Não existe,Incompleta,Seca,Perfeito estado,Não existe,Não há placas,,Dupla,Faixa seccionada,Canal,,,,,,,
2019-05-23,19:33:00,SEM VÍTIMA,FINALIZADA,ILHA DO LEITE,AV FREI MATIAS TEVES,,RUA JORNALISTA TRAJANO CHACON,,AV FREI MATIAS TEVES,,,ILHA DO LEITE,,,ABALROAMENTO TRANSVERSAL,CLASSIC X PRISMA,2,,,,,,,,,0,,Cruzamento,Bom,Não existe,Perfeito estado,Seca,Perfeito estado,,Placas Pare,,Única,Não existe,,,,,,,,
2019-05-23,19:39:00,SEM VÍTIMA,FINALIZADA,BOA VIAGEM,AV BOA VIAGEM,,RUA DOMICIO RANGEL,,AV BOA VIAGEM,,,BOA VIAGEM,,CIDADE,ABALROAMENTO LONGITUDINAL,ENTRE 2 AUTOS. S/V,2,,,,,,,,,0,,,Bom,Não existe,Perfeito estado,Seca,Perfeito estado,,Placas Pare,40 km/h,,,,,,,,,,
2019-05-23,19:43:00,SEM VÍTIMA,FINALIZADA,CABANGA,AV ENGENHEIRO JOSE ESTELITA,,,,AV ENGENHEIRO JOSE ESTELITA,,,CABANGA,,CIDADE,ABALROAMENTO LONGITUDINAL,CELTA X ONIX,2,,,,,,,,,0,,Longo da via,Bom,Não existe,Perfeito estado,Seca,Perfeito estado,Não existe,,60 km/h,Única,Faixa contínua,,,,,,,,
2019-05-23,20:35:00,SEM VÍTIMA,FINALIZADA,MADALENA,AV ENGENHEIRO ABDIAS DE CARVALHO,,RUA JOAO IVO DA SILVA,EM FRENTE AO MULTIRIM,AV ENGENHEIRO ABDIAS DE CARVALHO,,EM FRENTE AO MULTIRIM,MADALENA,132,SUBURBIO,COLISÃO TRASEIRA,TAXI X GOL,2,,,,,,,,,0,,,Bom,Sem defeito,Perfeito estado,Seca,Perfeito estado,Faixa de pedestre,R-6a,,Dupla,Canteiro central,,,,,,,,
2019-05-23,22:29:00,COM VÍTIMA,FINALIZADA,CORDEIRO,AV GENERAL SAN MARTIN,,RUA GOMES TABORDA,ENF A FARMACIA DROGASIL // SEMAFORO 067,AV GENERAL SAN MARTIN,,ENF A FARMACIA DROGASIL // SEMAFORO 067,CORDEIRO,67,CIDADE,COLISÃO TRASEIRA,DOIS AUTOS E UMA MOTO.,2,1,,,,,,,,1,,Longo da via,Bom,Sem defeito,Ilegível,Seca,Perfeito estado,Faixa de pedestre,,,Única,Faixa contínua,,,,,,,,
2019-05-23,23:11:00,SEM VÍTIMA,FINALIZADA,BOA VIAGEM,RUA JOAO CARDOSO AIRES,,AV MARECHAL JUAREZ TAVORA,,RUA JOAO CARDOSO AIRES,,,BOA VIAGEM,478,SUBURBIO,ABALROAMENTO TRANSVERSAL,ENTRE 2 AUTOS. S/V,2,,,,,,,,,0,,Cruzamento,Bom,Sem defeito,Perfeito estado,Seca,Mal iluminada,Faixa de pedestre,,,Única,Faixa contínua,Faixa seccionada,,,,,,,
2019-05-24,05:28:00,SEM VÍTIMA,FINALIZADA,DERBY,AV GOVERNADOR AGAMENON MAGALHAES,,,SEMÁFORO 068,AV GOVERNADOR AGAMENON MAGALHAES,,SEMÁFORO 068,DERBY,68,CIDADE,ABALROAMENTO TRANSVERSAL,COLISÃO ENTRE DOIS AUTOS S/V,2,,,,,,,,,0,,Cruzamento,Bom,Sem defeito,Perfeito estado,Seca,Perfeito estado,Faixa de pedestre,,60 km/h,Dupla,Canal,,,,,,,,
2019-05-24,06:38:00,SEM VÍTIMA,FINALIZADA,DERBY,RUA DA BAIXA VERDE,,RUA FELICIANO GOMES,PRÓXIMO AO Nº 229,RUA DA BAIXA VERDE,,PRÓXIMO AO Nº 229,DERBY,,CIDADE,ABALROAMENTO TRANSVERSAL,DOIS AUTOS,2,,,,,,,,,0,,Cruzamento,Bom,Não existe,Incompleta,Seca,Perfeito estado,Não existe,Placas Pare,,Única,Faixa contínua,,,,,,,,
2019-05-24,07:15:00,SEM VÍTIMA,CANCELADA,SANTO AMARO,RUA BARAO DE IGARASSU,35,RUA BUARQUE DE MACEDO,EM FRENTE A EDITORA FTB,RUA BARAO DE IGARASSU,35,EM FRENTE A EDITORA FTB,SANTO AMARO,,,COLISÃO,SEM VITIMAS,2,,,,,,,,,0,,,,,,,,,,,,,,,,,,,,
2019-05-24,07:50:00,SEM VÍTIMA,FINALIZADA,PARNAMIRIM,AV DEZESSETE DE AGOSTO,,RUA JOSE DE GODOY VASCONCELOS,,AV DEZESSETE DE AGOSTO,,,PARNAMIRIM,,,ABALROAMENTO LONGITUDINAL,SEM VITIMAS,2,,,,,,,,,0,,,Bom,Não existe,Perfeito estado,Seca,Perfeito estado,Não existe,R-6a,,Única,Não existe,,,,,,,,
2019-05-24,07:56:00,SEM VÍTIMA,FINALIZADA,AFLITOS,AV CONS ROSA E SILVA,,,AO LADO DO POSTO SHELL,AV CONS ROSA E SILVA,,AO LADO DO POSTO SHELL,AFLITOS,214,SUBURBIO,ABALROAMENTO LONGITUDINAL,DOIS AUTOS,2,,,,,,,,,0,,Longo da via,Bom,Sem defeito,Perfeito estado,Seca,Perfeito estado,Faixa de pedestre,Outras,60 km/h,Única,Faixa contínua,,,,,,,,
2019-05-24,08:09:00,COM VÍTIMA,FINALIZADA,ESTÂNCIA,AV DR JOSE RUFINO,548,RUA MORAIS E SILVA,EM FRENTE A GALERIA MARGARIDA,AV DR JOSE RUFINO,548,EM FRENTE A GALERIA MARGARIDA,ESTÂNCIA,,SUBURBIO,ABALROAMENTO TRANSVERSAL,MOTO E AUTO,1,1,,,,,,,,1,,Cruzamento,Bom,Não existe,Perfeito estado,Seca,Perfeito estado,Outros,Outras,60 km/h,Dupla,Faixa contínua,Faixa seccionada,,,,,,,
2019-05-24,08:51:00,SEM VÍTIMA,FINALIZADA,BOA VIAGEM,RUA BARAO DE SOUZA LEAO,626,,EM FRENTE AO Nº 626,RUA BARAO DE SOUZA LEAO,626,EM FRENTE AO Nº 626,BOA VIAGEM,,,ABALROAMENTO LONGITUDINAL,ONIBUS E AUTO,1,,,,,1,,,,0,,Longo da via,Bom,Não existe,Perfeito estado,Seca,Perfeito estado,Não existe,Não há placas,,Única,Faixa seccionada,,,,,,,,
2019-05-24,11:02:00,SEM VÍTIMA,FINALIZADA,AFOGADOS,AV SUL,2050,,PRÓXIMO A AESTAÇÃO DO METRÔ LARGO DA PAZ,AV SUL,2050,PRÓXIMO A AESTAÇÃO DO METRÔ LARGO DA PAZ,AFOGADOS,,CIDADE,ABALROAMENTO LONGITUDINAL,AUTO E CAMINHÃO.,1,,,,,,1,,,0,,Longo da via,Bom,Não existe,Não existente,Seca,Perfeito estado,Não existe,Não há placas,,Única,Faixa seccionada,,,,,,,,
2019-05-24,11:27:00,COM VÍTIMA,FINALIZADA,VÁRZEA,RUA GENERAL POLIDORO,422,RUA MARECHAL MANOEL LUIS OSORIO,EM FRENTE AO EDF TANGARA,RUA GENERAL POLIDORO,422,EM FRENTE AO EDF TANGARA,VÁRZEA,,,ABALROAMENTO TRANSVERSAL,ÔNIBUS E MOTOCICLETA.,,1,,,,1,,,,1,,,Bom,,Perfeito estado,Seca,Perfeito estado,Não existe,Não há placas,,Dupla,Faixa contínua,,,,,,,,
2019-05-24,11:34:00,SEM VÍTIMA,CANCELADA,CASA FORTE,AV DEZESSETE DE AGOSTO,675,,EM FRENTE A HYUNDAI,AV DEZESSETE DE AGOSTO,675,EM FRENTE A HYUNDAI,CASA FORTE,,,COLISÃO,DOIS AUTOS,2,,,,,,,,,0,,,,,,,,,,,,,,,,,,,,
2019-05-24,12:04:00,COM VÍTIMA,FINALIZADA,JARDIM SÃO PAULO,AV CENTRAL,6568,,ESTAÇÃO DO BARRO,AV CENTRAL,6568,ESTAÇÃO DO BARRO,JARDIM SÃO PAULO,,SUBURBIO,ABALROAMENTO LONGITUDINAL,COLISÃO COM VITIMA,1,1,,,,,,,,1,,Longo da via,Bom,Não existe,Não existente,Seca,Mal conservada,Não existe,Não há placas,,Dupla,Não existe,,,,,,,,
2019-05-24,12:20:00,SEM VÍTIMA,FINALIZADA,JOANA BEZERRA,AV BEIRA RIO,,,,AV BEIRA RIO,,,JOANA BEZERRA,,SUBURBIO,COLISÃO TRASEIRA,COLISÃO SEM VITIMA,2,,,,,,,,,0,,Longo da via,Bom,Sem defeito,Perfeito estado,Seca,Perfeito estado,Faixa de pedestre,R-6a,,Dupla,Faixa contínua,,,,,,,,
2019-05-24,12:59:00,SEM VÍTIMA,FINALIZADA,IMBIRIBEIRA,RUA JOAQUIM BANDEIRA,492,RUA SARGENTO SILVINO DE MACEDO,ANATEL,RUA JOAQUIM BANDEIRA,492,ANATEL,IMBIRIBEIRA,,,ABALROAMENTO TRANSVERSAL,COLISÃO SEM VITIMA,2,,,,,,,,,0,,Cruzamento,Bom,Não existe,Perfeito estado,Seca,Perfeito estado,Não existe,Não há placas,,Dupla,Não existe,,,,,,,,
2019-05-24,13:10:00,SEM VÍTIMA,FINALIZADA,ILHA DO RETIRO,AV JOSE GONCALVES DE MEDEIROS,,RUA SPORT CLUBE DO RECIFE,,AV JOSE GONCALVES DE MEDEIROS,,,ILHA DO RETIRO,355,CIDADE,COLISÃO TRASEIRA,COLISÃO S/VITIMA ENTRE DOIS AUTOS,2,,,,,,,,,0,,Longo da via,Bom,Sem defeito,Perfeito estado,Seca,Perfeito estado,Faixa de pedestre,Placas Pare,,Dupla,Não existe,,,,,,,,
2019-05-24,13:47:00,SEM VÍTIMA,FINALIZADA,IMBIRIBEIRA,RUA ARQUITETO LUIZ NUNES,,RUA OLIVIA MENELAU,EM FRENTE A PRAÇA ARQUITETO LUIZ NUNES,RUA ARQUITETO LUIZ NUNES,,EM FRENTE A PRAÇA ARQUITETO LUIZ NUNES,IMBIRIBEIRA,,SUBURBIO,COLISÃO TRASEIRA,COLISÃO SEM VITIMA/ AS PARTES ENCONTRAM-SE NO LAVA JATO,2,,,,,,,,,0,,Longo da via,Bom,Não existe,Perfeito estado,Seca,Perfeito estado,Não existe,Não há placas,30 km/h,Dupla,Faixa contínua,,,,,,,,
2019-05-24,14:26:00,SEM VÍTIMA,FINALIZADA,SANTO AMARO,AV GOVERNADOR AGAMENON MAGALHAES,,,LADO OPOSTO A UPE,AV GOVERNADOR AGAMENON MAGALHAES,,LADO OPOSTO A UPE,SANTO AMARO,,SUBURBIO,ABALROAMENTO TRANSVERSAL,COLISÃO SEM VITIMA,2,,,,,,,,,0,,Longo da via,Bom,Sem defeito,Perfeito estado,Seca,Perfeito estado,Faixa de pedestre,Não há placas,60 km/h,Única,Faixa contínua,,,,,,,,
2019-05-24,15:04:00,SEM VÍTIMA,FINALIZADA,BAIRRO DO RECIFE,CAIS DO APOLO,,,FÁBRICA DA PILLAR,CAIS DO APOLO,,FÁBRICA DA PILLAR,BAIRRO DO RECIFE,436,SUBURBIO,COLISÃO TRASEIRA,COLISÃO SEM VÍTIMA,2,,,,,,,,,0,,Longo da via,Bom,Sem defeito,Perfeito estado,Seca,Perfeito estado,Faixa de pedestre,R-6a,,Dupla,Canteiro central,,,,,,,,
2019-05-24,15:10:00,SEM VÍTIMA,FINALIZADA,MADALENA,RUA BENFICA,,,EM FRENTE A AUTO ESCOLA UNIÃO,RUA BENFICA,,EM FRENTE A AUTO ESCOLA UNIÃO,MADALENA,,SUBURBIO,ABALROAMENTO LONGITUDINAL,COLISAO ENTRE AUTO E CAMINHAO,1,,,,,,1,,,0,,,Bom,Não existe,Perfeito estado,Seca,Perfeito estado,Não existe,Não há placas,,Única,Faixa seccionada,,,,,,,,
2019-05-24,15:31:00,SEM VÍTIMA,CANCELADA,ILHA DO LEITE,RUA DAS FRONTEIRAS,,RUA PAISSANDU,POR TRAS DO HOSPITAL MEMORIAL SÃO JOSE E EM FRENTE AO ESTACIONAMENTO SANPARK,RUA DAS FRONTEIRAS,,POR TRAS DO HOSPITAL MEMORIAL SÃO JOSE E EM FRENTE AO ESTACIONAMENTO SANPARK,ILHA DO LEITE,,,COLISÃO,COLISÃO SEM VÍTIMA,2,,,,,,,,,0,,,,,,,,,,,,,,,,,,,,
2019-05-24,15:38:00,SEM VÍTIMA,CANCELADA,AFOGADOS,RUA DA PAZ,,RUA NICOLAU PEREIRA,NO SEMAFORO 073,RUA DA PAZ,,NO SEMAFORO 073,AFOGADOS,,,COLISÃO,COLISAO ENTRE DOIS AUTOS S/V,2,,,,,,,,,0,,,,,,,,,,,,,,,,,,,,
2019-05-24,15:45:00,SEM VÍTIMA,FINALIZADA,TORRÕES,EST DO FORTE DO ARRAIAL N. DO B. JESUS,1325,,,EST DO FORTE DO ARRAIAL N. DO B. JESUS,1325,,TORRÕES,,SUBURBIO,CHOQUE VEÍCULO PARADO,COLISÃO SEM VÍTIMA,1,,,,,,1,,,0,,Longo da via,Bom,Sem defeito,Perfeito estado,Seca,Perfeito estado,Faixa de pedestre,Outras,,Dupla,Faixa contínua,,,,,,,,
2019-05-24,15:50:00,SEM VÍTIMA,FINALIZADA,AFOGADOS,RUA DA PAZ,243,RUA ANTONIO MACARIO,,RUA DA PAZ,243,,AFOGADOS,,SUBURBIO,ABALROAMENTO LONGITUDINAL,COLISÃO SEM VÍTIMA ENTRE DOIS AUTOS,2,,,,,,,,,0,,Longo da via,Bom,Não existe,Perfeito estado,Seca,Perfeito estado,Não existe,Não há placas,50 km/h,Única,Faixa seccionada,,,,,,,,
2019-05-24,16:35:00,SEM VÍTIMA,CANCELADA,SÃO JOSÉ,RUA DO MUNIZ,,AV SUL,PROX A SEDE DO GALO PRAÇA SÉRGIO LORETO,RUA DO MUNIZ,,PROX A SEDE DO GALO PRAÇA SÉRGIO LORETO,SÃO JOSÉ,,,COLISÃO,COLISAO ENTRE DOIS AUTOS S/V,2,,,,,,,,,0,,,,,,,,,,,,,,,,,,,,
2019-05-24,16:41:00,SEM VÍTIMA,FINALIZADA,PINA,RUA JOSE MARIANO FILHO,253,,,RUA JOSE MARIANO FILHO,253,,PINA,,CIDADE,ABALROAMENTO LONGITUDINAL,COLISÃO SEM VÍTIMA,1,,,,,,1,,,0,,Longo da via,Bom,Não existe,Não existente,Seca,Perfeito estado,Não existe,R-6a,,Única,Não existe,,,,,,,,
2019-05-24,16:55:00,SEM VÍTIMA,FINALIZADA,ARRUDA,AV PROFESSOR JOSE DOS ANJOS,,AV BEBERIBE,SOB SEMÁFORO DE Nº 131,AV PROFESSOR JOSE DOS ANJOS,,SOB SEMÁFORO DE Nº 131,ARRUDA,131,CIDADE,ABALROAMENTO TRANSVERSAL,COLISÃO S/VITIMAS ENTRE UMA AMBULANCIA E UM AUTO,1,,,,,,,,1,0,,Cruzamento,Bom,Sem defeito,Perfeito estado,Seca,Perfeito estado,Faixa de pedestre,Outras,,Dupla,,,,,,,,,
2019-05-24,17:25:00,COM VÍTIMA,FINALIZADA,CORDEIRO,AV CAXANGA,,,LADO OPOSTO A EXPOSIÇÃO DE ANIMAIS/ SENTIDO CIDADE,AV CAXANGA,,LADO OPOSTO A EXPOSIÇÃO DE ANIMAIS/ SENTIDO CIDADE,CORDEIRO,,CIDADE,COLISÃO COM CICLISTA,COLISÃO COM VÍTIMA,,1,,1,,,,,,1,,Longo da via,Bom,Não existe,Perfeito estado,Seca,Perfeito estado,Não existe,Não há placas,,Dupla,Canteiro central,,,,,,,,
2019-05-24,17:54:00,SEM VÍTIMA,FINALIZADA,BOA VISTA,PRC PARQUE AMORIM,,,EM FRENTE AO WALMART,PRC PARQUE AMORIM,,EM FRENTE AO WALMART,BOA VISTA,,SUBURBIO,ABALROAMENTO LONGITUDINAL,ENTRE ÕNIBUS E AUTO PASSEIO. S/V,1,,,,,1,,,,0,,Longo da via,Bom,Sem defeito,Perfeito estado,Seca,Mal conservada,Outros,Outras,50 km/h,Única,Não existe,,,,,,,,
2019-05-24,18:20:00,SEM VÍTIMA,CANCELADA,SAN MARTIN,RUA QUINZE DE MARCO,,RUA DELMIRO GOUVEIA,AO LADO DA CHESF,RUA QUINZE DE MARCO,,AO LADO DA CHESF,SAN MARTIN,,,COLISÃO,DOIS AUTO SEM VITIMAS,2,,,,,,,,,0,,,,,,,,,,,,,,,,,,,,
2019-05-24,19:14:00,SEM VÍTIMA,FINALIZADA,PRADO,RUA NOBRE DE LACERDA,,RUA DR JOSE MARCELINO,,RUA NOBRE DE LACERDA,,,PRADO,,CIDADE,ABALROAMENTO TRANSVERSAL,DOIS AUTO SEM VITIMAS,2,,,,,,,,,0,,Cruzamento,Bom,Não existe,Perfeito estado,Seca,Perfeito estado,,Placas Pare,,Única,Não existe,,,,,,,,
2019-05-24,21:39:00,SEM VÍTIMA,FINALIZADA,CORDEIRO,RUA PIO GENEZIO GUERRA,381,RUA AMBROSIO MACHADO,E/F AO BAR CALDINHO DO TIÃO,RUA PIO GENEZIO GUERRA,381,E/F AO BAR CALDINHO DO TIÃO,CORDEIRO,,,CHOQUE VEÍCULO PARADO,ENTRE CAMINHÃO DA PREFEITURA E AUTO PASSEIO. S/V,1,,,,,,1,,,0,,Longo da via,Bom,Não existe,Não existente,Seca,Mal conservada,Não existe,Não há placas,,Dupla,Não existe,,,,,,,,
2019-05-25,01:04:00,SEM VÍTIMA,FINALIZADA,BAIRRO DO RECIFE,AV MARQUES DE OLINDA,,RUA MADRE DEUS,,AV MARQUES DE OLINDA,,,BAIRRO DO RECIFE,20,SUBURBIO,ABALROAMENTO TRANSVERSAL,COLISÃO ENTRE DOIS AUTOS, SEM VÍTIMAS.,2,,,,,,,,,0,,Cruzamento,Bom,Intermitente,Perfeito estado,Seca,Perfeito estado,Faixa de pedestre,Outras,30 km/h,Única,Não existe,,,,,,,
2019-05-25,04:33:00,SEM VÍTIMA,FINALIZADA,BONGI,AV ENGENHEIRO ABDIAS DE CARVALHO,,,EM FRENTE AO POSTE Nº B 062641,AV ENGENHEIRO ABDIAS DE CARVALHO,,EM FRENTE AO POSTE Nº B 062641,BONGI,375,CIDADE,CHOQUE OBJETO FIXO,CONDUTOR PERDEU O CONTROLE DO VEÍCULO, CHOCOU-SE CONTRA UMA ÁRVORE E EVADIU-SE DO LOCAL,1,,,,,,,,,0,,Longo da via,Bom,Sem defeito,Perfeito estado,Seca,Perfeito estado,,R-6a,60 km/h,Dupla,Canteiro central,,,,,,,
2019-05-25,05:19:00,COM VÍTIMA,CANCELADA,IMBIRIBEIRA,AV MARECHAL MASCARENHAS DE MORAES,,,AO LADO DO AEROPORTO, PRÓX A ENTRADA DO JORDÃO,AV MARECHAL MASCARENHAS DE MORAES,,AO LADO DO AEROPORTO, PRÓX A ENTRADA DO JORDÃO,IMBIRIBEIRA,,,CAPOTAMENTO,CAPOTAMENTO C/VÍTIMAS.,1,,,,,,,,,2,,,,,,,,,,,,,,,,,,
2019-05-25,07:38:00,SEM VÍTIMA,FINALIZADA,MADALENA,RUA BENFICA,,,MAXTRAC,RUA BENFICA,,MAXTRAC,MADALENA,,CIDADE,ABALROAMENTO LONGITUDINAL,ENTRE AUTO X ÔNIBUS S/V,1,,,,,1,,,,0,,,Bom,Não existe,Não existente,Molhada,,Não existe,,,Única,Não existe,,,,,,,,
2019-05-25,08:49:00,SEM VÍTIMA,CANCELADA,SANTO AMARO,AV GOVERNADOR AGAMENON MAGALHAES,1330,,EM FRENTE AO ANTIGO PREDIO DA UNICORDS,AV GOVERNADOR AGAMENON MAGALHAES,1330,EM FRENTE AO ANTIGO PREDIO DA UNICORDS,SANTO AMARO,379,BOA VIAGEM,COLISÃO,SEM VITIMAS,2,,,,,,,,,0,,,,,,,,,,,,,,,,,,,,
2019-05-25,09:32:00,SEM VÍTIMA,FINALIZADA,PINA,AV ENGENHEIRO DOMINGOS FERREIRA,90,,PRÓX AO POSTO TOTAL,AV ENGENHEIRO DOMINGOS FERREIRA,90,PRÓX AO POSTO TOTAL,PINA,,SUBURBIO,ABALROAMENTO LONGITUDINAL,AUTO X MOTO S/V.,1,1,,,,,,,,0,,Longo da via,Bom,Não existe,Perfeito estado,Seca,Perfeito estado,Outros,Não há placas,,Única,Faixa seccionada,,,,,,,,
2019-05-25,09:42:00,SEM VÍTIMA,CANCELADA,BARRO,AV DR JOSE RUFINO,2116,,EM FRENTE AO ALAMEDA PARK RESIDENCE,AV DR JOSE RUFINO,2116,EM FRENTE AO ALAMEDA PARK RESIDENCE,BARRO,,SUBURBIO,COLISÃO,SEM VITIMAS,1,,,,,,1,,,0,,,,,,,,,,,,,,,,,,,,
2019-05-25,10:25:00,SEM VÍTIMA,FINALIZADA,PINA,AV ENGENHEIRO DOMINGOS FERREIRA,112,,POSTO TOTAL,AV ENGENHEIRO DOMINGOS FERREIRA,112,POSTO TOTAL,PINA,,SUBURBIO,ABALROAMENTO LONGITUDINAL,SEM VITIMAS/VT 09 NO LOCAL ,VAI FAZER B.O,2,,,,,,,,,0,,Longo da via,Bom,Não existe,Perfeito estado,Seca,Perfeito estado,Outros,Outras,,Única,Faixa seccionada,,,,,,,
2019-05-25,10:53:00,SEM VÍTIMA,CANCELADA,TEJIPIÓ,RUA FALCAO DE LACERDA,672,,EM FRENTE A AKI LOTERIAS,RUA FALCAO DE LACERDA,672,EM FRENTE A AKI LOTERIAS,TEJIPIÓ,,JABOATÃO,COLISÃO,SEM VITIMAS,2,,,,,,,,,0,,,,,,,,,,,,,,,,,,,,