data,hora,natureza_acidente,situacao,bairro,endereco,numero,detalhe_endereco_acidente,complemento,endereco_cruzamento,numero_cruzamento,referencia_cruzamento,bairro_cruzamento,num_semaforo,sentido_via,tipo,descricao,auto,moto,ciclom,ciclista,pedestre,onibus,caminhao,viatura,outros,vitimas,vitimasfatais,acidente_verificado,tempo_clima,situacao_semaforo,sinalizacao,condicao_via,conservacao_via,ponto_controle,situacao_placa,velocidade_max_via,mao_direcao,divisao_via1,divisao_via2,divisao_via3,,,,,,
2019-05-25,11:20:00,SEM VÍTIMA,CANCELADA,PAISSANDU,RUA DONA BENVINDA,830,,EM FRENTE AO EDIFICIO GARAGEM THE PLAZA,RUA DONA BENVINDA,830,EM FRENTE AO EDIFICIO GARAGEM THE PLAZA,PAISSANDU,,,COLISÃO,COLISÃO S/VITIMAS ENTRE DOIS AUTOS,2,,,,,,,,,0,,,,,,,,,,,,,,,,,,,,
2019-05-25,12:52:00,SEM VÍTIMA,CANCELADA,SÃO JOSÉ,C SANTA RITA,,,E/F A TORRE GÊMEAS,C SANTA RITA,,E/F A TORRE GÊMEAS,SÃO JOSÉ,,AFOGADOS,COLISÃO,DOIS AUTO SEM VITIMAS,2,,,,,,,,,0,,,,,,,,,,,,,,,,,,,,
2019-05-25,14:06:00,COM VÍTIMA,FINALIZADA,IMBIRIBEIRA,AV MARECHAL MASCARENHAS DE MORAES,396,RUA OLIVIA MENELAU,E/F A GRILLO FLORES S/T AFOGADOS,AV MARECHAL MASCARENHAS DE MORAES,396,E/F A GRILLO FLORES S/T AFOGADOS,IMBIRIBEIRA,,CIDADE,ABALROAMENTO LONGITUDINAL,COLISAO ENTRE DOIS AUTOS S/V,2,,,,,,,,,1,,Longo da via,Bom,Sem defeito,Perfeito estado,Seca,Perfeito estado,Faixa de pedestre,R-6a,60 km/h,Única,Faixa,,,,,,,,
2019-05-25,14:14:00,COM VÍTIMA,FINALIZADA,JARDIM SÃO PAULO,RUA LEANDRO BARRETO,104,RUA TIETE,PROX AO EDF TORRE DA LIBERDADE,RUA LEANDRO BARRETO,104,PROX AO EDF TORRE DA LIBERDADE,JARDIM SÃO PAULO,,SUBURBIO,ABALROAMENTO LONGITUDINAL,MOTO E AUTO COM VITIMAS,1,1,,,,,,,,1,,Longo da via,Bom,Não existe,Ilegível,Seca,Perfeito estado,Não existe,Não há placas,40 km/h,Dupla,Faixa seccionada,,,,,,,,
2019-05-25,14:18:00,SEM VÍTIMA,FINALIZADA,BOA VIAGEM,AV CONSELHEIRO AGUIAR,4387,,,AV CONSELHEIRO AGUIAR,4387,,BOA VIAGEM,,CIDADE,ABALROAMENTO LONGITUDINAL,ÔNIBUS E AUTO PASSEIO SEM VITIMAS,1,,,,,1,,,,0,,Longo da via,Bom,Não existe,Perfeito estado,Seca,Perfeito estado,Outros,Outras,,Única,Faixa contínua,Faixa seccionada,,,,,,,
2019-05-25,14:37:00,SEM VÍTIMA,FINALIZADA,PINA,RUA SAO LUIZ,591,,LADO OPOSTO AO Nº 167,RUA SAO LUIZ,591,LADO OPOSTO AO Nº 167,PINA,,,CHOQUE VEÍCULO PARADO,COLISÃO SEM VÍTIMA,1,,,,,1,,,,0,,Longo da via,Bom,Não existe,Não existente,Seca,Perfeito estado,,Não há placas,30 km/h,Dupla,Não existe,,,,,,,,
2019-05-25,15:26:00,SEM VÍTIMA,CANCELADA,PINA,AV HERCULANO BANDEIRA,543,,E/F AO MARTELINHO DE OURO,AV HERCULANO BANDEIRA,543,E/F AO MARTELINHO DE OURO,PINA,,PINA,COLISÃO,MOTO E AUTO PASSEIO SEM VITIMAS,1,1,,,,,,,,0,,,,,,,,,,,,,,,,,,,,
2019-05-25,16:14:00,COM VÍTIMA,FINALIZADA,IMBIRIBEIRA,AV MARECHAL MASCARENHAS DE MORAES,,,EM FRENTE A LOCALIZA,AV MARECHAL MASCARENHAS DE MORAES,,EM FRENTE A LOCALIZA,IMBIRIBEIRA,,CIDADE,ATROPELAMENTO,AUTO E PEDESTRE,,,,,1,,1,,,1,,Longo da via,Bom,Sem defeito,Perfeito estado,Seca,Perfeito estado,Não existe,R-6c,60 km/h,Única,Faixa,,,,,,,,
2019-05-25,16:46:00,SEM VÍTIMA,CANCELADA,BOMBA DO HEMETÉRIO,RUA SAO BENTO,340,EST VELHA DE AGUA FRIA,POSTO DE GASOLINA NORTE BRAS / NO GIURADOURO,RUA SAO BENTO,340,POSTO DE GASOLINA NORTE BRAS / NO GIURADOURO,BOMBA DO HEMETÉRIO,,,COLISÃO,AUTO E MOTO SEM VITIMAS,1,1,,,,,,,,0,,,,,,,,,,,,,,,,,,,,
2019-05-25,16:54:00,SEM VÍTIMA,FINALIZADA,IMBIRIBEIRA,AV MARECHAL MASCARENHAS DE MORAES,1482,,EM FRENTE A ENCRUZILHADA PNEUS,AV MARECHAL MASCARENHAS DE MORAES,1482,EM FRENTE A ENCRUZILHADA PNEUS,IMBIRIBEIRA,287,SUBURBIO,COLISÃO TRASEIRA,ÔNIBUS E AUTO PASSEIO SEM VITIMAS,1,,,,,1,,,,0,,Longo da via,Bom,Sem defeito,Perfeito estado,Seca,Perfeito estado,Faixa de retenção,Não há placas,,Dupla,Canteiro central,,,,,,,,
2019-05-25,17:39:00,SEM VÍTIMA,FINALIZADA,SANTO AMARO,AV GOVERNADOR AGAMENON MAGALHAES,1500,,ACADEMIA DA CIDADE,AV GOVERNADOR AGAMENON MAGALHAES,1500,ACADEMIA DA CIDADE,SANTO AMARO,,CIDADE,ABALROAMENTO LONGITUDINAL,ÔNIBUS E AUTO PASSEIO SEM VITIMAS,1,,,,,1,,,,0,,Longo da via,Bom,Não existe,Perfeito estado,Seca,Perfeito estado,Não existe,Outras,,Dupla,Faixa contínua,Canteiro central,,,,,,,
2019-05-25,18:15:00,COM VÍTIMA,FINALIZADA,SÃO JOSÉ,RUA IMPERIAL,1217,RUA LOURENCO DA SILVA,PROX AO VIADUTO,RUA IMPERIAL,1217,PROX AO VIADUTO,SÃO JOSÉ,,,COLISÃO,DOIS AUTO COM VITIMAS,2,,,,,,,,,1,,Cruzamento,Bom,Não existe,Perfeito estado,Seca,Perfeito estado,,R-6a,40 km/h,Única,,,,,,,,,
2019-05-25,18:47:00,COM VÍTIMA,FINALIZADA,IMBIRIBEIRA,AV MARECHAL MASCARENHAS DE MORAES,,,E/F FACULDADE PERNAMBUCANA DE SAUDE,AV MARECHAL MASCARENHAS DE MORAES,,E/F FACULDADE PERNAMBUCANA DE SAUDE,IMBIRIBEIRA,531,AEROPORTO,ATROPELAMENTO,MOTO E PEDESTRE COM VITIMAS,,1,,,1,,,,,1,,Longo da via,Bom,Sem defeito,Perfeito estado,Seca,Perfeito estado,Faixa de pedestre,Não há placas,,Dupla,Canteiro central,,,,,,,,
2019-05-25,19:07:00,SEM VÍTIMA,FINALIZADA,TORRE,RUA REAL DA TORRE,1309,,DROGARIA SAO PAULO,RUA REAL DA TORRE,1309,DROGARIA SAO PAULO,TORRE,,SUBURBIO,ABALROAMENTO LONGITUDINAL,ONIBUS CAXANGA X GOL,1,,,,,1,,,,0,,Longo da via,Bom,Não existe,Perfeito estado,Seca,Perfeito estado,Não existe,Outras,,Única,Faixa seccionada,,,,,,,,
2019-05-25,21:28:00,SEM VÍTIMA,FINALIZADA,AFOGADOS,RUA SAO MIGUEL,566,,,RUA SAO MIGUEL,566,,AFOGADOS,,,ABALROAMENTO LONGITUDINAL,DOIS AUTO SEM VITIMAS,2,,,,,,,,,0,,Longo da via,Bom,Não existe,Perfeito estado,Seca,Perfeito estado,Não existe,Não há placas,,Dupla,Faixa contínua,,,,,,,,
2019-05-25,21:41:00,COM VÍTIMA,FINALIZADA,JORDÃO,RUA EMILIO MONTEIRO FONSECA,72,,E/F PIZZARIA ALTO ASTRAL,RUA EMILIO MONTEIRO FONSECA,72,E/F PIZZARIA ALTO ASTRAL,JORDÃO,,SUBURBIO,COLISÃO FRONTAL,COLISÃO ENTRE DUAS MOTOS COM VITIMAS,,2,,,,,,,,1,,Longo da via,Bom,Não existe,Ilegível,Seca,Perfeito estado,Não existe,Outras,,Dupla,Não existe,,,,,,,,
2019-05-25,22:05:00,SEM VÍTIMA,FINALIZADA,BOA VIAGEM,AV CONSELHEIRO AGUIAR,,RUA CORONEL SERGIO HENRIQUE CARDIM,,AV CONSELHEIRO AGUIAR,,,BOA VIAGEM,318,CIDADE,ABALROAMENTO LONGITUDINAL,TAXI X AUTO,2,,,,,,,,,0,,Cruzamento,Bom,Sem defeito,Perfeito estado,Seca,Perfeito estado,Faixa de pedestre,,60 km/h,Única,Faixa seccionada,,,,,,,,
2019-05-25,23:04:00,SEM VÍTIMA,FINALIZADA,BOA VIAGEM,RUA VISCONDE DE JEQUITINHONHA,2498,,PROX AO BAR VILLA SETUBAL BOTEQUIM,RUA VISCONDE DE JEQUITINHONHA,2498,PROX AO BAR VILLA SETUBAL BOTEQUIM,BOA VIAGEM,,SUBURBIO,CHOQUE VEÍCULO PARADO,HB 20 X SENTRA X AUTO,3,,,,,,,,,0,,Longo da via,Bom,Não existe,Perfeito estado,Seca,Perfeito estado,,,40 km/h,Única,,,,,,,,,
2019-05-25,23:22:00,SEM VÍTIMA,FINALIZADA,ESPINHEIRO,RUA DO ESPINHEIRO,,RUA SANTO ELIAS,,RUA DO ESPINHEIRO,,,ESPINHEIRO,,SUBURBIO,ABALROAMENTO TRANSVERSAL,ONIX X AUTO,2,,,,,,,,,0,,Cruzamento,Bom,Não existe,Perfeito estado,Seca,Perfeito estado,Faixa de pedestre,Placas Pare,,Única,Faixa seccionada,,,,,,,,
2019-05-26,05:49:00,SEM VÍTIMA,FINALIZADA,ÁGUA FRIA,RUA SAO SEBASTIAO,,RUA BELO JARDIM,EM FRENTE AO IMÓVEL Nº 138,RUA SAO SEBASTIAO,,EM FRENTE AO IMÓVEL Nº 138,ÁGUA FRIA,,,ABALROAMENTO TRANSVERSAL,SEM VITIMAS,2,,,,,,,,,0,,Cruzamento,Bom,Não existe,Perfeito estado,Seca,Perfeito estado,,Placas Pare,30 km/h,Dupla,Faixa seccionada,,,,,,,,
2019-05-26,06:01:00,SEM VÍTIMA,CANCELADA,MANGABEIRA,RUA DA MANGABEIRA,273,,AO LADO DA LANCHONETE DISQUE AÇAI,RUA DA MANGABEIRA,273,AO LADO DA LANCHONETE DISQUE AÇAI,MANGABEIRA,,,COLISÃO,SEM VITIMAS,1,1,,,,,,,,0,,,,,,,,,,,,,,,,,,,,
2019-05-26,09:30:00,COM VÍTIMA,FINALIZADA,DOIS IRMÃOS,RUA MANUEL DE MEDEIROS,1448,,EM FRENTE AO DEPARTAMENTO DE ZOOTECNIA UFRPE,RUA MANUEL DE MEDEIROS,1448,EM FRENTE AO DEPARTAMENTO DE ZOOTECNIA UFRPE,DOIS IRMÃOS,,CIDADE,COLISÃO TRASEIRA,COLISAO C/ VITIMA ENTRE UMA MOTO E UM CARRO,1,1,,,,,,,,1,,Longo da via,Bom,Não existe,Perfeito estado,Seca,Perfeito estado,Não existe,R-6c,,Dupla,Faixa seccionada,,,,,,,,
2019-05-26,09:56:00,SEM VÍTIMA,FINALIZADA,BOA VIAGEM,RUA CARLOS PEREIRA FALCAO,,,EM FRENTE A PADARIA DIPLOMATA,RUA CARLOS PEREIRA FALCAO,,EM FRENTE A PADARIA DIPLOMATA,BOA VIAGEM,,CIDADE,COLISÃO TRASEIRA,COLISÃO S/VITIMAS ENTRE DOUS AUTOS (V.T 09 NO QTH),2,,,,,,,,,0,,Longo da via,Bom,Não existe,Perfeito estado,Seca,Perfeito estado,,R-6a,,Dupla,Faixa seccionada,,,,,,,,
2019-05-26,10:07:00,SEM VÍTIMA,FINALIZADA,ROSARINHO,RUA REGUEIRA COSTA,,RUA ENGENHEIRO SAMPAIO,EM FRENTE A CASA DOS DOCES Nº 193,RUA REGUEIRA COSTA,,EM FRENTE A CASA DOS DOCES Nº 193,ROSARINHO,,,ABALROAMENTO TRANSVERSAL,DOIS AUTOS,2,,,,,,,,,0,,Cruzamento,Bom,Não existe,Ilegível,Seca,Perfeito estado,Não existe,Não há placas,30 km/h,Única,Não existe,,,,,,,,
2019-05-26,10:32:00,SEM VÍTIMA,FINALIZADA,SAN MARTIN,AV GENERAL SAN MARTIN,,,SOB O SEMÁFORO,AV GENERAL SAN MARTIN,,SOB O SEMÁFORO,SAN MARTIN,58,SUBURBIO,COLISÃO TRASEIRA,MOTO E AUTO VT- 15 NO LOCAL SUB. JOAO ALVES,1,1,,,,,,,,0,,Longo da via,Bom,Sem defeito,Perfeito estado,Seca,Perfeito estado,Outros,Outras,60 km/h,Dupla,Faixa contínua,Faixa seccionada,,,,,,,
2019-05-26,12:11:00,SEM VÍTIMA,FINALIZADA,PINA,AV ENGENHEIRO DOMINGOS FERREIRA,,AV HERCULANO BANDEIRA,EM FRENTE AO ARMAZÉM BEIRA MAR,AV ENGENHEIRO DOMINGOS FERREIRA,,EM FRENTE AO ARMAZÉM BEIRA MAR,PINA,,SUBURBIO,ABALROAMENTO LONGITUDINAL,COLISÃO SEM VITIMA,2,,,,,,,,,0,,Outros,Bom,Sem defeito,Perfeito estado,Seca,Perfeito estado,Não existe,Não há placas,60 km/h,Dupla,Canteiro central,,,,,,,,
2019-05-26,13:50:00,SEM VÍTIMA,FINALIZADA,PINA,RUA ARQUITETO AUGUSTO REINALDO,,AV HERCULANO BANDEIRA,,RUA ARQUITETO AUGUSTO REINALDO,,,PINA,660,SUBURBIO,ABALROAMENTO LONGITUDINAL,ÔNIBUS E AUTO PASSEIO SEM VITIMAS,1,,,,,1,,,,0,,Cruzamento,Bom,Sem defeito,Perfeito estado,Seca,Perfeito estado,Faixa de retenção,,,Única,Faixa seccionada,,,,,,,,
2019-05-26,14:45:00,COM VÍTIMA,FINALIZADA,CASA FORTE,AV DEZESSETE DE AGOSTO,209,RUA JOSE DE GODOY VASCONCELOS,E/F CULTURA INGLESA,AV DEZESSETE DE AGOSTO,209,E/F CULTURA INGLESA,CASA FORTE,,SUBURBIO,COLISÃO COM CICLISTA,AUTO PASSEIO E CICLISTA COM VITIMAS,1,,,1,,,,,,1,,Longo da via,Bom,Sem defeito,Perfeito estado,Seca,Perfeito estado,Faixa de pedestre,R-6a,60 km/h,Dupla,Faixa contínua,,,,,,,,
2019-05-26,16:31:00,SEM VÍTIMA,FINALIZADA,PRADO,RUA GOMES TABORDA,1345,,E/F AO POSTO DE GASOLINA TOTAL,RUA GOMES TABORDA,1345,E/F AO POSTO DE GASOLINA TOTAL,PRADO,,SUBURBIO,COLISÃO TRASEIRA,DOIS AUTO SEM VITIMAS,2,,,,,,,,,0,,Longo da via,Bom,Sem defeito,Perfeito estado,Seca,Perfeito estado,Outros,Outras,60 km/h,Dupla,Faixa contínua,,,,,,,,
2019-05-26,18:00:00,SEM VÍTIMA,FINALIZADA,CAMPO GRANDE,RUA PRUDENTE DE MORAES,,,EM FRENTE AO Nº 561,RUA PRUDENTE DE MORAES,,EM FRENTE AO Nº 561,CAMPO GRANDE,,SUBURBIO,ABALROAMENTO LONGITUDINAL,DOIS AUTO SEM VITIMAS,2,,,,,,,,,0,,Longo da via,Bom,Não existe,,Seca,Perfeito estado,,Não há placas,,Dupla,Faixa seccionada,,,,,,,,
2019-05-26,18:19:00,COM VÍTIMA,FINALIZADA,IBURA,AV SERRA DA MANTIQUEIRA,115,,NA LADEIRA DE MONTE VERDE,AV SERRA DA MANTIQUEIRA,115,NA LADEIRA DE MONTE VERDE,IBURA,,SUBURBIO,COLISÃO FRONTAL,ÔNIBUS E MOTO.,,1,,,,1,,,,1,,Longo da via,Bom,Não existe,Perfeito estado,Seca,Perfeito estado,,,,Dupla,,,,,,,,,
2019-05-26,20:14:00,SEM VÍTIMA,FINALIZADA,JARDIM SÃO PAULO,EST DO CURADO,15,,LOJA DE ROUPAS / ELENITA PRESENTES,EST DO CURADO,15,LOJA DE ROUPAS / ELENITA PRESENTES,JARDIM SÃO PAULO,,SUBURBIO,ABALROAMENTO LONGITUDINAL,ONIBUS E AUTO SEM VITIMAS,1,,,,,1,,,,0,,Longo da via,Chuvoso,Não existe,Incompleta,Molhada,Perfeito estado,Não existe,Outras,,Dupla,Faixa seccionada,,,,,,,,
2019-05-26,21:35:00,SEM VÍTIMA,FINALIZADA,CABANGA,PTE GOVERNADOR PAULO GUERRA,,,SEMÁFORO 622,PTE GOVERNADOR PAULO GUERRA,,SEMÁFORO 622,CABANGA,622,SUBURBIO,COLISÃO TRASEIRA,TRES VEICULOS,3,,,,,,,,,0,,Longo da via,Bom,Sem defeito,Perfeito estado,Seca,Perfeito estado,Faixa de pedestre,Não há placas,,Dupla,Canteiro central,,,,,,,,
2019-05-26,23:24:00,SEM VÍTIMA,FINALIZADA,ÁGUA FRIA,RUA DR EUDES COSTA,,RUA JOAO UZEDA LUNA,,RUA DR EUDES COSTA,,,ÁGUA FRIA,,CIDADE,ABALROAMENTO TRANSVERSAL,COLISÃO ENTRE DOIS AUTOS S/V,2,,,,,,,,,0,,Cruzamento,Bom,Não existe,Incompleta,Seca,Perfeito estado,Não existe,Outras,,Dupla,Não existe,,,,,,,,
2019-05-26,23:47:00,SEM VÍTIMA,FINALIZADA,,C SANTA RITA,,,PARADA LADO DIREITO ( BOX 16),C SANTA RITA,,PARADA LADO DIREITO ( BOX 16),,,SUBURBIO,CHOQUE VEÍCULO PARADO,CLISÃO ENTRE ÔNIBUS E VIATURA DA PM S/V,,,,,,1,,1,,0,,,Bom,Não existe,Perfeito estado,Seca,Perfeito estado,Não existe,Não há placas,,Dupla,Não existe,,,,,,,,
2019-05-27,06:25:00,COM VÍTIMA,FINALIZADA,IPUTINGA,AV CAXANGA,3665,RUA BOM PASTOR,EM FRENTE A GT AUTOS,AV CAXANGA,3665,EM FRENTE A GT AUTOS,IPUTINGA,8,CIDADE,COLISÃO,COM DUAS VITIMAS,1,1,,,,,,,,2,,Longo da via,Chuvoso,Sem defeito,Perfeito estado,Molhada,Perfeito estado,Faixa de pedestre,R-6a,,Dupla,Faixa,Canteiro central,,,,,,,
2019-05-27,06:40:00,COM VÍTIMA,FINALIZADA,SANTO AMARO,AV GOVERNADOR AGAMENON MAGALHAES,,AV DR JAYME DA FONTE,NO CRUZAMENTO DA AGAMENON X JAYME DA FONTE ( 200 METROS APÓS POSTO DISLUB),AV GOVERNADOR AGAMENON MAGALHAES,,NO CRUZAMENTO DA AGAMENON X JAYME DA FONTE ( 200 METROS APÓS POSTO DISLUB),SANTO AMARO,49,OLINDA,COLISÃO TRASEIRA,COLISÃO C/ VITIMAS ENTRE AUTO E MOTO,1,1,,,,,,,,1,,Longo da via,Chuvoso,Sem defeito,Perfeito estado,Molhada,Perfeito estado,Faixa de pedestre,Não há placas,,Dupla,Canal,,,,,,,,
2019-05-27,06:43:00,COM VÍTIMA,FINALIZADA,IPSEP,AV RECIFE,3060,,PROX. AO MERCADINHO ECONOMICO, SENT. BOA VIAGEM,AV RECIFE,3060,PROX. AO MERCADINHO ECONOMICO, SENT. BOA VIAGEM,IPSEP,,BOA VIAGEM,ABALROAMENTO LONGITUDINAL,DUAS MOTOS,,2,,,,,,,,2,,Longo da via,,Não existe,Perfeito estado,Molhada,Perfeito estado,Não existe,Não há placas,60 km/h,Dupla,Canteiro central,,,,,,
2019-05-27,07:28:00,SEM VÍTIMA,FINALIZADA,IMBIRIBEIRA,AV GENERAL MAC ARTHUR,,RUA SARGENTO SILVINO DE MACEDO,SOB O SEMÁFORO 640,AV GENERAL MAC ARTHUR,,SOB O SEMÁFORO 640,IMBIRIBEIRA,640,SUBURBIO,COLISÃO FRONTAL,AUTO X MOTO S/V.,1,,1,,,,,,,0,,Cruzamento,Chuvoso,Sem defeito,Perfeito estado,Molhada,Perfeito estado,Faixa de pedestre,Outras,40 km/h,Única,Faixa seccionada,,,,,,,,
2019-05-27,07:38:00,SEM VÍTIMA,FINALIZADA,DERBY,RUA JENER DE SOUZA,,,EM FRENTE AO QUARTEL DO DERBY,RUA JENER DE SOUZA,,EM FRENTE AO QUARTEL DO DERBY,DERBY,,,ABALROAMENTO LONGITUDINAL,DOIS AUTOS,2,,,,,,,,,0,,Longo da via,Chuvoso,Não existe,Perfeito estado,Molhada,Perfeito estado,Não existe,R-6a,,Dupla,Faixa contínua,Faixa seccionada,Canteiro central,,,,,,
2019-05-27,07:44:00,SEM VÍTIMA,FINALIZADA,CAJUEIRO,AV SEBASTIAO SALAZAR,759,RUA MARIA CRISTINA TASSO DE SOUZA,,AV SEBASTIAO SALAZAR,759,,CAJUEIRO,,SUBURBIO,ABALROAMENTO TRANSVERSAL,AUTO X MOTO S/V.,1,1,,,,,,,,0,,Cruzamento,Bom,Não existe,Perfeito estado,Seca,Perfeito estado,Faixa de pedestre,Não há placas,,Dupla,Faixa contínua,,,,,,,,
2019-05-27,08:05:00,SEM VÍTIMA,FINALIZADA,IMBIRIBEIRA,AV MARECHAL MASCARENHAS DE MORAES,,,APÓS O ASSAÍ,AV MARECHAL MASCARENHAS DE MORAES,,APÓS O ASSAÍ,IMBIRIBEIRA,,AEROPORTO,ACID. DE PERCURSO,ONIBUS CAIU NO BURACO,0,,,,,,,,,0,,,,,,,,,,,,,,,,,,,,
2019-05-27,08:06:00,SEM VÍTIMA,CANCELADA,BOA VIAGEM,RUA DOM JOSE LOPES,871,,NA ESQUINA DO COLEGIO E CURSO VENCER, AO LADO DO BAR ESCRITORIO,RUA DOM JOSE LOPES,871,NA ESQUINA DO COLEGIO E CURSO VENCER, AO LADO DO BAR ESCRITORIO,BOA VIAGEM,,,COLISÃO,DOIS AUTOS,2,,,,,,,,,0,,,,,,,,,,,,,,,,,,
2019-05-27,08:25:00,COM VÍTIMA,FINALIZADA,SANTO AMARO,RUA ARNOBIO MARQUES,,RUA MAJOR CODECEIRA,EM FRENTE AO JULIÃO. LABORATÓRIO MUNICIPAL DE SAÚDE PÚBLICA,RUA ARNOBIO MARQUES,,EM FRENTE AO JULIÃO (MOTO 23 E 29 NO QTH). LABORATÓRIO MUNICIPAL DE SAÚDE PÚBLICA,SANTO AMARO,,SUBURBIO,ABALROAMENTO LONGITUDINAL,COLISÃO C/VITIMA ENTRE AUTO E MOTO,1,1,,,,,,,,1,,Cruzamento,Chuvoso,Não existe,Incompleta,Molhada,Perfeito estado,,Não há placas,,Única,Não existe,,,,,,,,
2019-05-27,10:02:00,COM VÍTIMA,CANCELADA,CASA FORTE,AV DEZESSETE DE AGOSTO,,,EM FRENTE AO HERMÍNIO DE MORAES,AV DEZESSETE DE AGOSTO,,EM FRENTE AO HERMÍNIO DE MORAES,CASA FORTE,,SUBURBIO,COLISÃO,COLISAO C/ VÍTIMA AUTO/MOTO,1,1,,,,,,,,1,,,,,,,,,,,,,,,,,,,,
2019-05-27,10:36:00,SEM VÍTIMA,FINALIZADA,SÃO JOSÉ,AV DANTAS BARRETO,,,,AV DANTAS BARRETO,,,SÃO JOSÉ,,CIDADE,ABALROAMENTO LONGITUDINAL,COLISAO SEM VITIMAS,1,,,,,,,,,0,,Longo da via,Bom,Sem defeito,Perfeito estado,Seca,Perfeito estado,,,,Dupla,Canteiro central,,,,,,,,
2019-05-27,12:55:00,SEM VÍTIMA,CANCELADA,DERBY,RUA HENRIQUE DIAS,,,EM FRENTE AO COLEGIO DA POLICIA MILITAR,RUA HENRIQUE DIAS,,EM FRENTE AO COLEGIO DA POLICIA MILITAR,DERBY,,,COLISÃO,COLISÃO SEM VÍTIMA,1,,,,,1,,,,0,,,,,,,,,,,,,,,,,,,,
2019-05-27,14:29:00,SEM VÍTIMA,FINALIZADA,BOA VIAGEM,AV ENGENHEIRO DOMINGOS FERREIRA,2222,,E/F A PADARIA AZUL MAR,AV ENGENHEIRO DOMINGOS FERREIRA,2222,E/F A PADARIA AZUL MAR,BOA VIAGEM,,SUBURBIO,ABALROAMENTO TRANSVERSAL,COLISAO ENTRE ONIBUS E AUTO S/V,1,,,,,1,,,,0,,Longo da via,Bom,Não existe,Perfeito estado,Seca,Perfeito estado,Não existe,Não há placas,60 km/h,Única,Faixa contínua,,,,,,,,
2019-05-27,15:33:00,COM VÍTIMA,CANCELADA,MADALENA,RUA PROFESSOR BENEDITO MONTEIRO,,,NA RUA DA ESCOLA POLITECNIICA,RUA PROFESSOR BENEDITO MONTEIRO,,NA RUA DA ESCOLA POLITECNIICA,MADALENA,,,COLISÃO,COLISÃO COM VITIMA, A VITIMA FOI LEVADA PARA O HOSP,2,,,,,,,,,1,,,,,,,,,,,,,,,,,,,
2019-05-27,15:36:00,SEM VÍTIMA,FINALIZADA,JOANA BEZERRA,AV BEIRA RIO,,,EM FRENTE AO FÓRUM JOANA BEZERRA,AV BEIRA RIO,,EM FRENTE AO FÓRUM JOANA BEZERRA,JOANA BEZERRA,,SUBURBIO,COLISÃO TRASEIRA,COLISAO ENTRE DOIS AUTOS S/V,2,,,,,,,,,0,,Longo da via,Bom,Não existe,Perfeito estado,Seca,Perfeito estado,Agente,Não há placas,40 km/h,Dupla,Faixa contínua,,,,,,,,
2019-05-27,15:37:00,SEM VÍTIMA,FINALIZADA,IMBIRIBEIRA,AV MARECHAL MASCARENHAS DE MORAES,,,EM FRENTE AO ATACADO DOS PRESENTES,AV MARECHAL MASCARENHAS DE MORAES,,EM FRENTE AO ATACADO DOS PRESENTES,IMBIRIBEIRA,310,SUBURBIO,ABALROAMENTO LONGITUDINAL,COLISÃO SEM VÍTIMA,,1,,,,,1,,,0,,Cruzamento,Chuvoso,Sem defeito,Perfeito estado,Molhada,Mal conservada,Faixa de retenção,Não há placas,60 km/h,Dupla,Canteiro central,,,,,,,,
2019-05-27,15:37:00,SEM VÍTIMA,CANCELADA,BOMBA DO HEMETÉRIO,AV NORTE,5154,,NA ENTRADA DA BOMBA DO HEMETERIO, PROX. A FARMACIA PAGUE MENOS,AV NORTE,5154,NA ENTRADA DA BOMBA DO HEMETERIO, PROX. A FARMACIA PAGUE MENOS,BOMBA DO HEMETÉRIO,,,COLISÃO,COLISÃO SEM VÍTIMA,,,,,,,1,,1,0,,,,,,,,,,,,,,,,,,
2019-05-27,15:43:00,SEM VÍTIMA,FINALIZADA,,RUA BALTAZAR PASSOS,,RUA SA E SOUZA,,RUA BALTAZAR PASSOS,,,,,CIDADE,ABALROAMENTO LONGITUDINAL,COLISÃO SEM VÍTIMA,1,,,,,1,,,,0,,Cruzamento,Bom,Não existe,Perfeito estado,Seca,Perfeito estado,Não existe,Não há placas,,Única,Não existe,,,,,,,,
2019-05-27,16:55:00,SEM VÍTIMA,FINALIZADA,SANTO ANTÔNIO,AV MARTINS DE BARROS,,,,AV MARTINS DE BARROS,,,SANTO ANTÔNIO,164,SUBURBIO,COLISÃO TRASEIRA,COLISÃO SEM VÍTIMA,1,1,,,,,,,,0,,Longo da via,Bom,Sem defeito,Perfeito estado,Seca,Perfeito estado,Faixa de retenção,Não há placas,,Única,Não existe,,,,,,,,
2019-05-27,18:12:00,SEM VÍTIMA,FINALIZADA,CORDEIRO,AV MAURICIO DE NASSAU,,RUA DR JOAO LACERDA,,AV MAURICIO DE NASSAU,,,CORDEIRO,597,CIDADE,ABALROAMENTO LONGITUDINAL,ONIBUS PEDROSA X AUTO,1,,,,,1,,,,0,,Longo da via,Bom,Sem defeito,Perfeito estado,Seca,Perfeito estado,Faixa de retenção,,,Dupla,Faixa contínua,,,,,,,,
2019-05-27,18:48:00,SEM VÍTIMA,FINALIZADA,SANTO AMARO,AV CRUZ CABUGA,,,EM FRENTE AO HOSPITAL NAVAL DA MARINHA,AV CRUZ CABUGA,,EM FRENTE AO HOSPITAL NAVAL DA MARINHA,SANTO AMARO,,,COLISÃO TRASEIRA,ONIBUS X PRISMA,1,,,,,1,,,,0,,Longo da via,Bom,Sem defeito,Perfeito estado,Seca,Perfeito estado,,Outras,,Dupla,Faixa contínua,,,,,,,,