data,hora,natureza_acidente,situacao,bairro,endereco,numero,detalhe_endereco_acidente,complemento,endereco_cruzamento,numero_cruzamento,referencia_cruzamento,bairro_cruzamento,num_semaforo,sentido_via,tipo,descricao,auto,moto,ciclom,ciclista,pedestre,onibus,caminhao,viatura,outros,vitimas,vitimasfatais,acidente_verificado,tempo_clima,situacao_semaforo,sinalizacao,condicao_via,conservacao_via,ponto_controle,situacao_placa,velocidade_max_via,mao_direcao,divisao_via1,divisao_via2,divisao_via3,,,,,,
2019-05-27,18:50:00,SEM VÍTIMA,CANCELADA,SANTO AMARO,AV NORTE,,,POR CIMA DA PTE DO LIMOEIRO , SNT ENCRUZILHADA,AV NORTE,,POR CIMA DA PTE DO LIMOEIRO , SNT ENCRUZILHADA,SANTO AMARO,,,COLISÃO,ENTRE 2 AUTOS. S/V,2,,,,,,,,,0,,,,,,,,,,,,,,,,,,
2019-05-27,18:53:00,SEM VÍTIMA,CANCELADA,BARRO,AV DR JOSE RUFINO,2425,RUA GUATIMOZIM,PROX A SOCORRO VENANCIA RECEPÇOES,AV DR JOSE RUFINO,2425,PROX A SOCORRO VENANCIA RECEPÇOES,BARRO,,,COLISÃO,ONIBUS METROPOLITANA X ONIX,1,,,,,1,,,,0,,,,,,,,,,,,,,,,,,,,
2019-05-27,18:58:00,SEM VÍTIMA,CANCELADA,MADALENA,AV BEIRA RIO,865,,SEMÁFORO 077/ E/F A ACADEMIA DA CIDADE E AO EDF RESIDÊNCIAS DA BEIRA RIO,AV BEIRA RIO,865,SEMÁFORO 077/ E/F A ACADEMIA DA CIDADE E AO EDF RESIDÊNCIAS DA BEIRA RIO,MADALENA,77,,COLISÃO,ENTRE 2 AUTOS. S/V,2,,,,,,,,,0,,,,,,,,,,,,,,,,,,,,
2019-05-27,19:17:00,SEM VÍTIMA,FINALIZADA,SANTO AMARO,AV GOVERNADOR AGAMENON MAGALHAES,,AV DR JAYME DA FONTE,SEMÁFORO 049,AV GOVERNADOR AGAMENON MAGALHAES,,SEMÁFORO 049,SANTO AMARO,49,SUBURBIO,COLISÃO TRASEIRA,ENTRE 2 AUTOS. S/V,2,,,,,,,,,0,,Cruzamento,Bom,Sem defeito,Perfeito estado,Seca,Perfeito estado,Faixa de pedestre,,60 km/h,Dupla,Canal,,,,,,,,
2019-05-27,19:27:00,SEM VÍTIMA,FINALIZADA,BOA VISTA,RUA JOAO FERNANDES VIEIRA,675,,EM FRENTE AO HOSPITAL DE FRATURAS,RUA JOAO FERNANDES VIEIRA,675,EM FRENTE AO HOSPITAL DE FRATURAS,BOA VISTA,,SUBURBIO,COLISÃO TRASEIRA,RENO X ECOSPORT X AUTO,3,,,,,,,,,0,,Longo da via,Bom,Não existe,Perfeito estado,Seca,Perfeito estado,Faixa de pedestre,,,Dupla,Faixa contínua,Faixa seccionada,Canteiro central,,,,,,
2019-05-27,19:35:00,SEM VÍTIMA,FINALIZADA,IMBIRIBEIRA,RUA PRESIDENTE NILO PECANHA,,,AO LADO DA IGREJA BATISTA MEMORIAL EM BOA VIAGEM,RUA PRESIDENTE NILO PECANHA,,AO LADO DA IGREJA BATISTA MEMORIAL EM BOA VIAGEM,IMBIRIBEIRA,,SUBURBIO,CHOQUE VEÍCULO PARADO,ENTRE ÔNIBUS E AUTO PASSEIO. S/V,1,,,,,1,,,,0,,Longo da via,Chuvoso,Não existe,Ilegível,Molhada,Mal iluminada,Não existe,Não há placas,,Única,Não existe,,,,,,,,
2019-05-28,01:23:00,SEM VÍTIMA,FINALIZADA,IPUTINGA,RUA DES OSCAR COUTINHO,35,,,RUA DES OSCAR COUTINHO,35,,IPUTINGA,,SUBURBIO,CHOQUE VEÍCULO PARADO,CONDUTOR EMBRIGADO PERDEU O CONTROLE DO VEÍCULO E CHOCOU-SE CONTRA AUTO ESTACIONADO. S/V,2,,,,,,,,,0,,Longo da via,Bom,Não existe,Não existente,Seca,Perfeito estado,Não existe,Não há placas,,Dupla,Não existe,,,,,,,,
2019-05-28,03:52:00,SEM VÍTIMA,FINALIZADA,MANGABEIRA,AV PROFESSOR JOSE DOS ANJOS,1561,,CONJUNTO RESIDENCIAL NORTE,AV PROFESSOR JOSE DOS ANJOS,1561,CONJUNTO RESIDENCIAL NORTE,MANGABEIRA,,CIDADE,CHOQUE VEÍCULO PARADO,COLISÃO ENTRE AUTO E MICRO-ÔNIBUS, SEM VÍTIMAS.,1,,,,,1,,,,0,,Longo da via,Chuvoso,Não existe,Incompleta,Molhada,Mal iluminada,Não existe,Outras,,Única,Faixa seccionada,,,,,,,
2019-05-28,06:49:00,SEM VÍTIMA,FINALIZADA,GRAÇAS,AV GOVERNADOR AGAMENON MAGALHAES,,,EM FRENTE AO CLUBE PORTUGUES,AV GOVERNADOR AGAMENON MAGALHAES,,EM FRENTE AO CLUBE PORTUGUES,GRAÇAS,,,COLISÃO TRASEIRA,DOIS AUTOS PONTO,2,,,,,,,,,0,,Longo da via,Chuvoso,Sem defeito,Perfeito estado,Molhada,Perfeito estado,,,60 km/h,Dupla,Canteiro central,,,,,,,,
2019-05-28,07:21:00,SEM VÍTIMA,CANCELADA,SANTO AMARO,AV GOVERNADOR AGAMENON MAGALHAES,700,RUA ODORICO MENDES,EM FRENTE AO IC,AV GOVERNADOR AGAMENON MAGALHAES,700,EM FRENTE AO IC,SANTO AMARO,49,,COLISÃO,SEM VITIMAS,3,,,,,,,,,0,,,,,,,,,,,,,,,,,,,,
2019-05-28,07:25:00,SEM VÍTIMA,FINALIZADA,VÁRZEA,AV AFONSO OLINDENSE,1276,,ASSEMBLEIA DE DEUS,AV AFONSO OLINDENSE,1276,ASSEMBLEIA DE DEUS,VÁRZEA,,SUBURBIO,COLISÃO TRASEIRA,AUTO PASSEIO E TAXI,2,,,,,,,,,0,,Longo da via,Bom,Não existe,Perfeito estado,Seca,Perfeito estado,Faixa de pedestre,Não há placas,,Dupla,Faixa contínua,,,,,,,,
2019-05-28,07:56:00,SEM VÍTIMA,FINALIZADA,DERBY,PRC DO DERBY,,RUA JENER DE SOUZA,PRÓXIMO AO SEMÁFORO 040,PRC DO DERBY,,PRÓXIMO AO SEMÁFORO 040,DERBY,40,CIDADE,ABALROAMENTO TRANSVERSAL,ONIBUS E AUTO PASSEIO,1,,,,,1,,,,0,,Longo da via,Bom,Sem defeito,Perfeito estado,Seca,,Faixa de pedestre,Outras,50 km/h,Dupla,Canteiro central,,,,,,,,
2019-05-28,08:06:00,COM VÍTIMA,FINALIZADA,BOA VIAGEM,RUA VISCONDE DE JEQUITINHONHA,1228,RUA BARAO DE SOUZA LEAO,EM FRENTE A POUSADA DIPLOMATA,RUA VISCONDE DE JEQUITINHONHA,1228,EM FRENTE A POUSADA DIPLOMATA,BOA VIAGEM,129,SUBURBIO,ATROPELAMENTO,AUTO E PEDESTRE.,1,,,,1,,,,,1,,Cruzamento,Bom,Sem defeito,Perfeito estado,Seca,Perfeito estado,Não existe,Não há placas,60 km/h,Única,Canteiro central,Canal,,,,,,,
2019-05-28,08:49:00,SEM VÍTIMA,FINALIZADA,,RUA VISCONDE DE JEQUITINHONHA,,AV ARMINDO MOURA,LAVA JATO DAS MENINAS,RUA VISCONDE DE JEQUITINHONHA,,LAVA JATO DAS MENINAS,,258,,COLISÃO TRASEIRA,ONIBUS E AUTO PASSEIO,1,,,,,1,,,,0,,Cruzamento,Chuvoso,Sem defeito,Perfeito estado,Molhada,Perfeito estado,Faixa de pedestre,Outras,,Dupla,Canal,,,,,,,,
2019-05-28,08:49:00,SEM VÍTIMA,FINALIZADA,AREIAS,AV RECIFE,3985,,EM FRENTE À VIA RECIFE VEÍCULOS,AV RECIFE,3985,EM FRENTE À VIA RECIFE VEÍCULOS,AREIAS,494,CIDADE,CHOQUE VEÍCULO PARADO,sem vitimas,2,,,,,,,,,0,,Longo da via,Bom,Sem defeito,Perfeito estado,Seca,Perfeito estado,Não existe,Não há placas,60 km/h,Única,,,,,,,,,
2019-05-28,09:05:00,COM VÍTIMA,FINALIZADA,CASA AMARELA,AV NORTE,,,EM FREMTE AO PALÁCIO ATACADO,AV NORTE,,EM FREMTE AO PALÁCIO ATACADO,CASA AMARELA,,CIDADE,CHOQUE VEÍCULO PARADO,AUTO E MOTO.,1,1,,,,,,,,1,,Longo da via,Bom,Não existe,Incompleta,Seca,Mal conservada,Não existe,Não há placas,,Dupla,Faixa seccionada,,,,,,,,
2019-05-28,09:16:00,SEM VÍTIMA,FINALIZADA,BARRO,RUA JOSE NATARIO,,,AO LADO DO POSTO SHELL,RUA JOSE NATARIO,,AO LADO DO POSTO SHELL,BARRO,44,,COLISÃO TRASEIRA,ENTRE AUTOS S/V.,2,,,,,,,,,0,,,Bom,Sem defeito,Perfeito estado,Seca,Perfeito estado,Não existe,Não há placas,,Dupla,Não existe,,,,,,,,
2019-05-28,09:27:00,SEM VÍTIMA,FINALIZADA,PRADO,RUA XAVIER SOBRINHO,282,AV JOCKEI CLUBE,,RUA XAVIER SOBRINHO,282,,PRADO,,,ABALROAMENTO TRANSVERSAL,ENTRE AUTOS S/V.,2,,,,,,,,,0,,Longo da via,Bom,Não existe,Não existente,Seca,Mal conservada,Não existe,Não há placas,,Dupla,Não existe,,,,,,,,
2019-05-28,09:43:00,SEM VÍTIMA,FINALIZADA,DERBY,PRC DO DERBY,149,,EM FRENTE AO EMPRESARIAL CASA GRANDE DERBY,PRC DO DERBY,149,EM FRENTE AO EMPRESARIAL CASA GRANDE DERBY,DERBY,,CIDADE,ABALROAMENTO LONGITUDINAL,DOIS AUTOS,2,,,,,,,,,0,,Longo da via,Bom,Sem defeito,,Seca,Perfeito estado,Faixa de pedestre,,,Dupla,,,,,,,,,
2019-05-28,09:52:00,SEM VÍTIMA,FINALIZADA,GRAÇAS,RUA JOAQUIM NABUCO,200,,EM FRENTE AO HOSPITAL SANTA JOANA,RUA JOAQUIM NABUCO,200,EM FRENTE AO HOSPITAL SANTA JOANA,GRAÇAS,,SUBURBIO,ABALROAMENTO LONGITUDINAL,AUTO PASSEIO X VEÍCULO OFICIAL S/V.,1,,,,,,,1,,0,,Longo da via,Bom,Sem defeito,Perfeito estado,Seca,Perfeito estado,Não existe,R-6a,40 km/h,Única,Faixa seccionada,,,,,,,,
2019-05-28,10:53:00,SEM VÍTIMA,FINALIZADA,GUABIRABA,AV VEREADOR OTACILIO AZEVEDO,,RUA SENHOR DO BONFIM,EM FRENTE AO ESPETINHO DO JUCA,AV VEREADOR OTACILIO AZEVEDO,,EM FRENTE AO ESPETINHO DO JUCA,GUABIRABA,,SUBURBIO,ABALROAMENTO LONGITUDINAL,SEM VITIMAS,1,,,,,,1,,,0,,Cruzamento,Bom,Não existe,Ilegível,Seca,Perfeito estado,Não existe,Placas Pare,,Dupla,Não existe,,,,,,,,
2019-05-28,12:12:00,COM VÍTIMA,CANCELADA,CASA FORTE,RUA SANTANA,171,,AP LADO DO COLEGIO COGNITIVO,RUA SANTANA,171,AP LADO DO COLEGIO COGNITIVO,CASA FORTE,,,COLISÃO,COLISÃO COM VITIMA,1,1,,,,,,,,1,,,,,,,,,,,,,,,,,,,,
2019-05-28,12:50:00,SEM VÍTIMA,FINALIZADA,BOA VISTA,RUA DOM BOSCO,,,EM FRENTE A COLEGIO AMERICANO BATISTA,RUA DOM BOSCO,,EM FRENTE A COLEGIO AMERICANO BATISTA,BOA VISTA,,SUBURBIO,ABALROAMENTO LONGITUDINAL,COLISÃO SEM VÍTIMA,2,,,,,,,,,0,,Longo da via,Bom,Não existe,Perfeito estado,Seca,Perfeito estado,Não existe,R-6a,,Única,Faixa contínua,Faixa seccionada,,,,,,,
2019-05-28,12:58:00,COM VÍTIMA,FINALIZADA,BOA VIAGEM,AV BOA VIAGEM,6636,RUA PADRE LEANDRO CAMELO,ANTES O DONA LINDÚ EDF PORTO DE ALEXANDRIA,AV BOA VIAGEM,6636,ANTES O DONA LINDÚ EDF PORTO DE ALEXANDRIA,BOA VIAGEM,190,CIDADE,ABALROAMENTO LONGITUDINAL,MOTO E ÔNIBUS.,,1,,,,1,,,,1,,Longo da via,Bom,Sem defeito,Perfeito estado,Seca,Perfeito estado,Faixa de pedestre,Outras,60 km/h,,,,,,,,,,
2019-05-28,13:00:00,COM VÍTIMA,FINALIZADA,SANTO AMARO,RUA DO POMBAL,870,RUA FREI CASSIMIRO,,RUA DO POMBAL,870,,SANTO AMARO,,CIDADE,ABALROAMENTO TRANSVERSAL,DOIS AUTOS.,2,,,,,,,,,2,,Cruzamento,Bom,Não existe,Ilegível,Seca,Perfeito estado,Não existe,Não há placas,,Dupla,Faixa seccionada,,,,,,,,
2019-05-28,13:07:00,SEM VÍTIMA,FINALIZADA,BOA VIAGEM,RUA AMALIA BERNARDINO DE SOUZA,,RUA DOM JOSE LOPES,,RUA AMALIA BERNARDINO DE SOUZA,,,BOA VIAGEM,,CIDADE,ABALROAMENTO TRANSVERSAL,COLISAO ENTRE DOIS AUTOS S/V,2,,,,,,,,,0,,Cruzamento,Bom,Não existe,Perfeito estado,Seca,Perfeito estado,Não existe,Placas Pare,,,Não existe,,,,,,,,
2019-05-28,13:10:00,SEM VÍTIMA,FINALIZADA,CAMPO GRANDE,RUA JERONIMO VILELA,469,RUA FRANKLIN TAVORA,,RUA JERONIMO VILELA,469,,CAMPO GRANDE,282,CIDADE,COLISÃO TRASEIRA,COLISÃO SEM VÍTIMA,2,,,,,,,,,0,,Longo da via,Bom,Sem defeito,Perfeito estado,Seca,Perfeito estado,Faixa de pedestre,R-6a,,Dupla,Faixa contínua,Faixa seccionada,,,,,,,
2019-05-28,13:40:00,SEM VÍTIMA,FINALIZADA,IMBIRIBEIRA,RUA FELIPE CAMARAO,,,POR TRAS DO Nº 6997,RUA FELIPE CAMARAO,,POR TRAS DO Nº 6997,IMBIRIBEIRA,,,ABALROAMENTO LONGITUDINAL,COLISAO ENTRE DOIS AUTOS S/V,2,,,,,,,,,0,,,Bom,Não existe,Não existente,Seca,Mal conservada,Não existe,Não há placas,,Única,Não existe,,,,,,,,
2019-05-28,13:43:00,SEM VÍTIMA,FINALIZADA,GRAÇAS,AV RUI BARBOSA,704,,COLEGIO AGNES,AV RUI BARBOSA,704,COLEGIO AGNES,GRAÇAS,562,SUBURBIO,ABALROAMENTO LONGITUDINAL,COLISÃO SEM VITIMA,2,,,,,,,,,0,,,Bom,Sem defeito,Perfeito estado,Seca,Perfeito estado,Faixa de pedestre,R-6a,,Única,Faixa contínua,,,,,,,,
2019-05-28,13:50:00,COM VÍTIMA,FINALIZADA,IMBIRIBEIRA,RUA ITAJAI,,RUA ITACARI,EM FRENTE AO COCIL VIGILANCIA E O INOBY,RUA ITAJAI,,EM FRENTE AO COCIL VIGILANCIA E O INOBY,IMBIRIBEIRA,,SUBURBIO,ABALROAMENTO LONGITUDINAL,AUTO E MOTO.,1,1,,,,,,,,1,,Cruzamento,Bom,Não existe,Perfeito estado,Seca,Perfeito estado,Faixa de pedestre,Placas Pare,,Dupla,Não existe,,,,,,,,
2019-05-28,13:50:00,SEM VÍTIMA,FINALIZADA,IBURA,AV DOIS RIOS,214,,EM FRENTE ASENA SAÚDE,AV DOIS RIOS,214,EM FRENTE ASENA SAÚDE,IBURA,,CIDADE,ABALROAMENTO LONGITUDINAL,COLISAO ENTRE AUTO E MOTO S/V,1,1,,,,,,,,0,,Longo da via,Bom,Não existe,Perfeito estado,Seca,Perfeito estado,Não existe,Não há placas,,Dupla,Faixa seccionada,,,,,,,,
2019-05-28,14:03:00,SEM VÍTIMA,FINALIZADA,IPSEP,RUA JEAN EMILE FAVRE,,RUA PAMPULHA,,RUA JEAN EMILE FAVRE,,,IPSEP,564,,ABALROAMENTO TRANSVERSAL,COLISÃO SEM VÍTIMA,1,,,,,1,,,,0,,Cruzamento,Bom,Sem defeito,Perfeito estado,Seca,Perfeito estado,Faixa de pedestre,R-6a,,Dupla,Faixa contínua,,,,,,,,
2019-05-28,14:04:00,SEM VÍTIMA,FINALIZADA,BOA VISTA,RUA JOSE DE ALENCAR,725,,PROX. HOSPITAL UNIMED RECIFE,RUA JOSE DE ALENCAR,725,PROX. HOSPITAL UNIMED RECIFE,BOA VISTA,,CIDADE,ABALROAMENTO TRANSVERSAL,COLISÃO SEM VITIMA,2,,,,,,,,,0,,Longo da via,Bom,Não existe,Não existente,Seca,Perfeito estado,Não existe,R-6a,,Dupla,Não existe,,,,,,,,
2019-05-28,14:51:00,SEM VÍTIMA,FINALIZADA,SANTO AMARO,RUA BARAO DE IGARASSU,35,,EM FRENTE A FTD EDUCAÇÃO,RUA BARAO DE IGARASSU,35,EM FRENTE A FTD EDUCAÇÃO,SANTO AMARO,,SUBURBIO,ABALROAMENTO LONGITUDINAL,COLISÃO SEM VÍTIMA,1,1,,,,,,,,0,,Longo da via,Bom,Não existe,Incompleta,Seca,Perfeito estado,Não existe,Não há placas,,Dupla,Não existe,,,,,,,,
2019-05-29,06:56:00,COM VÍTIMA,FINALIZADA,DERBY,AV GOVERNADOR AGAMENON MAGALHAES,,,EM FRENTE AO Nº 107,AV GOVERNADOR AGAMENON MAGALHAES,,EM FRENTE AO Nº 107,DERBY,,,COLISÃO TRASEIRA,COLISÃO COM VITIMA,1,1,,,,,,,,1,,Longo da via,Bom,Sem defeito,Perfeito estado,Seca,Perfeito estado,Faixa de pedestre,,60 km/h,Dupla,Canal,,,,,,,,
2019-05-28,16:13:00,SEM VÍTIMA,FINALIZADA,SANTO AMARO,AV NORTE,141,,EM FRENTE AO QUARTEL DO E.B CSPPA,AV NORTE,141,EM FRENTE AO QUARTEL DO E.B CSPPA,SANTO AMARO,463,SUBURBIO,ABALROAMENTO LONGITUDINAL,COLISÃO SEM VITIMA,1,,,,,1,,,,0,,Longo da via,Bom,Sem defeito,Perfeito estado,Seca,Perfeito estado,Não existe,Não há placas,60 km/h,Dupla,Canteiro central,,,,,,,,
2019-05-28,16:28:00,SEM VÍTIMA,FINALIZADA,GRAÇAS,RUA AMELIA,304,,EM FRENTE SINEPE/PE,RUA AMELIA,304,EM FRENTE SINEPE/PE,GRAÇAS,177,CIDADE,COLISÃO TRASEIRA,COLISAO ENTRE AOIS AUTOS S/V,2,,,,,,,,,0,,Longo da via,Bom,Sem defeito,Perfeito estado,Seca,Perfeito estado,Faixa de pedestre,R-6a,,Única,Faixa contínua,Faixa seccionada,,,,,,,
2019-05-28,16:42:00,SEM VÍTIMA,FINALIZADA,CORDEIRO,RUA TIJUCAS,401,RUA ANTONIO VALDEVINO COSTA,REFRIGERAÇÃO,RUA TIJUCAS,401,REFRIGERAÇÃO,CORDEIRO,,,ABALROAMENTO TRANSVERSAL,,,1,,,,,,1,,0,,Longo da via,Bom,Não existe,Perfeito estado,Seca,Perfeito estado,Não existe,R-6a,,Dupla,Não existe,,,,,,,,
2019-05-28,17:05:00,COM VÍTIMA,FINALIZADA,TORRE,RUA PADRE LANDIM,104,RUA DOM MANOEL DA COSTA,POR TRÁS DA MATRIZ DA IGREJA DA TORRE,RUA PADRE LANDIM,104,POR TRÁS DA MATRIZ DA IGREJA DA TORRE,TORRE,252,,ABALROAMENTO TRANSVERSAL,AUTO E CAMINHÃO,1,,,,,,1,,,1,,Cruzamento,Bom,Sem defeito,Incompleta,Seca,Perfeito estado,Faixa de retenção,Não há placas,,Única,Faixa seccionada,,,,,,,,
2019-05-28,17:20:00,SEM VÍTIMA,CANCELADA,BOA VIAGEM,VIADUTO TANCREDO NEVES,,,EM CIMA DO VIADUTO/ SENTIDO BOA VIAGEM,VIADUTO TANCREDO NEVES,,EM CIMA DO VIADUTO/ SENTIDO BOA VIAGEM,BOA VIAGEM,,,COLISÃO,COLISÃO SEM VÍTIMA,2,,,,,,,,,0,,,,,,,,,,,,,,,,,,,,
2019-05-28,17:25:00,SEM VÍTIMA,FINALIZADA,BOA VIAGEM,AV ARMINDO MOURA,,,POSTO NASH COMBUSTÍVEL,AV ARMINDO MOURA,,POSTO NASH COMBUSTÍVEL,BOA VIAGEM,,SUBURBIO,ABALROAMENTO LONGITUDINAL,COLISÃO SEM VÍTIMA,2,,,,,,,,,0,,Longo da via,Bom,Não existe,Perfeito estado,Seca,Perfeito estado,Faixa de pedestre,Não há placas,,Dupla,Faixa contínua,,,,,,,,
2019-05-28,17:51:00,SEM VÍTIMA,FINALIZADA,MACAXEIRA,AV NORTE,,,TERMINAL DA MACAXEIRA,AV NORTE,,TERMINAL DA MACAXEIRA,MACAXEIRA,,CIDADE,ABALROAMENTO LONGITUDINAL,COLISÃO SEM VÍTIMA,2,,,,,,,,,0,,Longo da via,Bom,Não existe,Perfeito estado,Seca,Perfeito estado,Não existe,Não há placas,60 km/h,Dupla,Canteiro central,,,,,,,,
2019-05-28,18:00:00,SEM VÍTIMA,FINALIZADA,SANTO AMARO,AV NORTE,1220,,EM FRENTE AO Nº 1220,AV NORTE,1220,EM FRENTE AO Nº 1220,SANTO AMARO,,SUBURBIO,COLISÃO TRASEIRA,02 AUTOS PASSEIO,2,,,,,,,,,0,,Longo da via,Bom,Não existe,Perfeito estado,Seca,Perfeito estado,Não existe,R-6a,40 km/h,Dupla,Canteiro central,,,,,,,,
2019-05-28,18:23:00,SEM VÍTIMA,FINALIZADA,BREJO DA GUABIRABA,AV VEREADOR OTACILIO AZEVEDO,,,RUA PRESIDENTE COSTA E SILVA,AV VEREADOR OTACILIO AZEVEDO,,RUA PRESIDENTE COSTA E SILVA,BREJO DA GUABIRABA,,SUBURBIO,CHOQUE VEÍCULO PARADO,ONIBUS PEDROSA X VOYAGE,1,,,,,1,,,,0,,Longo da via,Bom,Não existe,Incompleta,Seca,Perfeito estado,Não existe,Não há placas,,Dupla,Não existe,,,,,,,,
2019-05-28,19:20:00,SEM VÍTIMA,FINALIZADA,ILHA DO LEITE,RUA ESTADO DE ISRAEL,,RUA MARQUES AMORIM,EM FRENTE A ESCOLA POETA MANOEL BANDEIRA,RUA ESTADO DE ISRAEL,,EM FRENTE A ESCOLA POETA MANOEL BANDEIRA,ILHA DO LEITE,,CIDADE,ABALROAMENTO TRANSVERSAL,ENTRE AUTO E MOTO. S/V,1,1,,,,,,,,0,,Cruzamento,Bom,Não existe,Perfeito estado,Seca,Perfeito estado,Não existe,R-6a,,Única,Faixa seccionada,,,,,,,,
2019-05-28,20:08:00,SEM VÍTIMA,FINALIZADA,SAN MARTIN,AV ENGENHEIRO ABDIAS DE CARVALHO,1800,,,AV ENGENHEIRO ABDIAS DE CARVALHO,1800,,SAN MARTIN,56,SUBURBIO,ABALROAMENTO LONGITUDINAL,PALIO X FORD K,2,,,,,,,,,0,,Longo da via,Bom,Sem defeito,Perfeito estado,Seca,Perfeito estado,Faixa de pedestre,,,Dupla,Faixa contínua,Canteiro central,,,,,,,
2019-05-29,01:47:00,SEM VÍTIMA,FINALIZADA,ARRUDA,RUA PROFESSOR JERONIMO GUEIROS,,RUA MEM DE SA,,RUA PROFESSOR JERONIMO GUEIROS,,,ARRUDA,495,CIDADE,ABALROAMENTO TRANSVERSAL,COLISÃO ENTRE DOIS AUTOS, SEM VÍTIMAS.,2,,,,,,,,,0,,Cruzamento,Bom,Sem defeito,Perfeito estado,Seca,Mal conservada,,Não há placas,,Dupla,Não existe,,,,,,,
2019-05-29,06:56:00,SEM VÍTIMA,CANCELADA,ESPINHEIRO,RUA DO ESPINHEIRO,319,RUA AMELIA,EM FRENTE A ACADEMIA VINKINGS,RUA DO ESPINHEIRO,319,EM FRENTE A ACADEMIA VINKINGS,ESPINHEIRO,195,,COLISÃO,COLISÃO S/ VITIMAS ENTRE DOIS AUTOS,2,,,,,,,,,0,,,,,,,,,,,,,,,,,,,,
2019-05-29,07:25:00,SEM VÍTIMA,FINALIZADA,AFOGADOS,EST DOS REMEDIOS,,RUA DO ACRE,PRÓXIMO AO MERCADO PUBLICO DE AFOGADOS,EST DOS REMEDIOS,,PRÓXIMO AO MERCADO PUBLICO DE AFOGADOS,AFOGADOS,,SUBURBIO,ABALROAMENTO LONGITUDINAL,ONIBUS E AUTO,1,,,,,1,,,,0,,Cruzamento,Chuvoso,Não existe,Perfeito estado,Molhada,Perfeito estado,,Outras,,Dupla,Faixa contínua,,,,,,,,
2019-05-29,07:40:00,SEM VÍTIMA,FINALIZADA,VÁRZEA,RUA PROFESSOR CHAVES BATISTA,112,RUA EMILIANO BRAGA,ED MARIA DANIELLA,RUA PROFESSOR CHAVES BATISTA,112,ED MARIA DANIELLA,VÁRZEA,,CIDADE,ABALROAMENTO LONGITUDINAL,SEM VITIMAS/ONIX DA EMLURB,1,,,,,,1,,,0,,Cruzamento,Chuvoso,Não existe,Não existente,Molhada,Perfeito estado,Não existe,Não há placas,,Única,Não existe,,,,,,,,
2019-05-29,07:51:00,SEM VÍTIMA,FINALIZADA,BOMBA DO HEMETÉRIO,RUA CHA DE ALEGRIA,235,,,RUA CHA DE ALEGRIA,235,,BOMBA DO HEMETÉRIO,,SUBURBIO,COLISÃO TRASEIRA,TRES AUTOS,2,,,,,,,,,0,,Longo da via,Chuvoso,Não existe,Perfeito estado,Molhada,Perfeito estado,Não existe,Outras,40 km/h,Dupla,Faixa seccionada,,,,,,,,
2019-05-29,08:01:00,COM VÍTIMA,FINALIZADA,CABANGA,VIADUTO CAPITAO TEMUDO,,,NA DESCIDA DO VIADUTO QUE DÁ ACESSO À RUA IMPERIAL,VIADUTO CAPITAO TEMUDO,,NA DESCIDA DO VIADUTO QUE DÁ ACESSO À RUA IMPERIAL,CABANGA,,SUBURBIO,COLISÃO TRASEIRA,MOTOCICLISTA CAIU DA MOTOCICLETA EM VIRTUDE DE ÓLEO NA PISTA E COLIDIU COM UM VEÍCULO.,1,1,,,,,,,,1,,Viaduto,Chuvoso,Não existe,Perfeito estado,Oleosa,Perfeito estado,Não existe,Não há placas,,Única,Não existe,,,,,,,,
2019-05-29,08:10:00,COM VÍTIMA,FINALIZADA,PRADO,RUA GERVASIO CAMPELO,80,RUA RODRIGUES DE MENDONCA,POR TRAS DO HABIBS DA ABDIAS DE CARVALHO,RUA GERVASIO CAMPELO,80,POR TRAS DO HABIBS DA ABDIAS DE CARVALHO,PRADO,,CIDADE,ABALROAMENTO TRANSVERSAL,AUTO E MOTO.,1,1,,,,,,,,1,,Cruzamento,Bom,Não existe,Perfeito estado,Seca,Perfeito estado,Faixa de pedestre,R-6a,30 km/h,Única,Não existe,,,,,,,,
2019-05-29,08:50:00,SEM VÍTIMA,FINALIZADA,VÁRZEA,AV AFONSO OLINDENSE,,RUA JOSE AVELAR,EM FRENTE AO ATACADÃO,AV AFONSO OLINDENSE,,EM FRENTE AO ATACADÃO,VÁRZEA,,CIDADE,COLISÃO TRASEIRA,MOTO E AUTO,1,1,,,,,,,,0,,,Chuvoso,Não existe,Não existente,Molhada,Perfeito estado,Faixa de pedestre,Não há placas,,Dupla,Faixa contínua,Faixa seccionada,,,,,,,
2019-05-29,09:21:00,SEM VÍTIMA,FINALIZADA,MONTEIRO,AV DEZESSETE DE AGOSTO,2513,,EM FRENTE A COMPESA,AV DEZESSETE DE AGOSTO,2513,EM FRENTE A COMPESA,MONTEIRO,,SUBURBIO,COLISÃO TRASEIRA,ONIBUS E AUTO,1,,,,,1,,,,0,,Longo da via,Chuvoso,,Perfeito estado,Molhada,Perfeito estado,Faixa de pedestre,R-6a,60 km/h,Dupla,Faixa contínua,,,,,,,,