data,hora,natureza_acidente,situacao,bairro,endereco,numero,detalhe_endereco_acidente,complemento,endereco_cruzamento,numero_cruzamento,referencia_cruzamento,bairro_cruzamento,num_semaforo,sentido_via,tipo,descricao,auto,moto,ciclom,ciclista,pedestre,onibus,caminhao,viatura,outros,vitimas,vitimasfatais,acidente_verificado,tempo_clima,situacao_semaforo,sinalizacao,condicao_via,conservacao_via,ponto_controle,situacao_placa,velocidade_max_via,mao_direcao,divisao_via1,divisao_via2,divisao_via3,,,,,,
2019-05-29,09:29:00,SEM VÍTIMA,FINALIZADA,PINA,AV CONSELHEIRO AGUIAR,,AV HERCULANO BANDEIRA,AO LADO DA PIZZARIA CLOCK,AV CONSELHEIRO AGUIAR,,AO LADO DA PIZZARIA CLOCK,PINA,138,CIDADE,ABALROAMENTO LONGITUDINAL,COLISÃO S/ VITIMAS ENTRE UMA MOTO E UM CARRO,1,1,,,,,,,,0,,Longo da via,Chuvoso,Sem defeito,Perfeito estado,Molhada,Perfeito estado,Agente,,60 km/h,Única,Faixa seccionada,,,,,,,,
2019-05-29,09:49:00,COM VÍTIMA,FINALIZADA,CASA AMARELA,RUA XAVANTES,150,RUA OSCAR DE BARROS,RUA POR TRÁS DO CANELA SUPERMERCADOS DA PADRE LEMOS,RUA XAVANTES,150,RUA POR TRÁS DO CANELA SUPERMERCADOS DA PADRE LEMOS,CASA AMARELA,,SUBURBIO,ABALROAMENTO TRANSVERSAL,AUTO E MOTO.,1,1,,,,,,,,1,,Cruzamento,Chuvoso,Não existe,Perfeito estado,Molhada,Perfeito estado,Não existe,Placas Pare,,Dupla,Não existe,,,,,,,,
2019-05-29,10:35:00,SEM VÍTIMA,FINALIZADA,BOA VIAGEM,RUA PROFESSOR JOSE BRANDAO,,RUA FRANCISCO DA CUNHA,,RUA PROFESSOR JOSE BRANDAO,,,BOA VIAGEM,,,COLISÃO TRASEIRA,SEM VITIMAS,2,,,,,,,,,0,,Longo da via,Chuvoso,Não existe,Perfeito estado,Molhada,Perfeito estado,Outros,Placas Pare,40 km/h,Única,Faixa seccionada,,,,,,,,
2019-05-29,10:40:00,SEM VÍTIMA,CANCELADA,BOA VIAGEM,RUA BRUNO VELOSO,393,,PROX. A ACADEMIA R2,RUA BRUNO VELOSO,393,PROX. A ACADEMIA R2,BOA VIAGEM,,,COLISÃO,DOIS AUTOS,2,,,,,,,,,0,,,,,,,,,,,,,,,,,,,,
2019-05-29,10:55:00,SEM VÍTIMA,FINALIZADA,SAN MARTIN,AV GENERAL SAN MARTIN,2456,,,AV GENERAL SAN MARTIN,2456,,SAN MARTIN,,SUBURBIO,COLISÃO TRASEIRA,DOIS AUTOS,2,,,,,,,,,0,,Longo da via,Nublado,,Incompleta,Seca,,Não existe,Não há placas,,Dupla,Faixa contínua,Faixa seccionada,,,,,,,
2019-05-29,11:03:00,SEM VÍTIMA,CANCELADA,IMBIRIBEIRA,AV MARECHAL MASCARENHAS DE MORAES,,,EM FRENTE AO MURO DO AEROPORTO / SENT PRASERES / RETORNO DO VIADUTO MIGUEL ARRAIS,AV MARECHAL MASCARENHAS DE MORAES,,EM FRENTE AO MURO DO AEROPORTO / SENT PRASERES / RETORNO DO VIADUTO MIGUEL ARRAIS,IMBIRIBEIRA,,,COLISÃO,DOIS AUTOS,,,,,,,,,,0,,,,,,,,,,,,,,,,,,,,
2019-05-29,11:10:00,COM VÍTIMA,FINALIZADA,ENCRUZILHADA,AV NORTE,,,PRÓXIMO AO EXTRABOM DA ENCRUZILHADA. LADO OPOSTO AO FREIO TESTE - CENTRO AUTOMOTIVO.,AV NORTE,,PRÓXIMO AO EXTRABOM DA ENCRUZILHADA. LADO OPOSTO AO FREIO TESTE - CENTRO AUTOMOTIVO.,ENCRUZILHADA,,CIDADE,CAPOTAMENTO,CAPOTAMENTO ENTRE UMA MOTOCICLETA.,,1,,,,,,,,1,,Longo da via,Chuvoso,Não existe,Perfeito estado,Molhada,Perfeito estado,Não existe,Outras,,Dupla,Canteiro central,,,,,,,,
2019-05-29,11:28:00,SEM VÍTIMA,FINALIZADA,POÇO DA PANELA,RUA IRMA MARIA DA PAZ,,RUA MEDICO MARIO GUIMARAES,,RUA IRMA MARIA DA PAZ,,,POÇO DA PANELA,,SUBURBIO,ABALROAMENTO TRANSVERSAL,DOIS AUTOS,2,,,,,,,,,0,,Cruzamento,Chuvoso,Não existe,Perfeito estado,Molhada,Perfeito estado,Não existe,Não há placas,40 km/h,Dupla,Não existe,,,,,,,,
2019-05-29,12:07:00,SEM VÍTIMA,FINALIZADA,BOA VIAGEM,RUA FRANCISCO DE BARROS BARRETO,90,,EM FRENTE AO Nº 90,RUA FRANCISCO DE BARROS BARRETO,90,EM FRENTE AO Nº 90,BOA VIAGEM,,SUBURBIO,COLISÃO TRASEIRA,DOIS AUTO SEM VITIMAS,2,,,,,,,,,0,,Longo da via,Bom,Não existe,Não existente,Seca,Perfeito estado,Não existe,Não há placas,,Dupla,Não existe,,,,,,,,
2019-05-29,12:53:00,SEM VÍTIMA,CANCELADA,ESPINHEIRO,AV GOVERNADOR AGAMENON MAGALHAES,,,APÓS A UNIMED / PISTA LOCAL,AV GOVERNADOR AGAMENON MAGALHAES,,APÓS A UNIMED / PISTA LOCAL,ESPINHEIRO,,BOA VIAGEM,COLISÃO,AUTO E MOTO SEM VITIMAS,1,1,,,,,,,,0,,,,,,,,,,,,,,,,,,,,
2019-05-29,14:07:00,SEM VÍTIMA,FINALIZADA,SANTO AMARO,AV CRUZ CABUGA,,,EM FRENTE AO POSTE Nº B 035756,AV CRUZ CABUGA,,EM FRENTE AO POSTE Nº B 035756,SANTO AMARO,,CIDADE,ABALROAMENTO LONGITUDINAL,COLISÃO SEM VITIMA,1,,,,,,1,,,0,,Longo da via,Chuvoso,Não existe,Não existente,Molhada,Mal conservada,Não existe,,50 km/h,Dupla,Não existe,,,,,,,,
2019-05-29,14:26:00,SEM VÍTIMA,FINALIZADA,BOA VISTA,RUA DA SOLEDADE,277,,GRANDE RECIFE VEM,RUA DA SOLEDADE,277,GRANDE RECIFE VEM,BOA VISTA,25,SUBURBIO,COLISÃO TRASEIRA,DOIS AUTO SEM VITIMAS,2,,,,,,,,,0,,Longo da via,Bom,Sem defeito,Perfeito estado,,,Faixa de pedestre,Outras,,Única,Não existe,,,,,,,,
2019-05-29,15:37:00,SEM VÍTIMA,FINALIZADA,BOA VIAGEM,AV ENGENHEIRO DOMINGOS FERREIRA,,,FARMACIA INDEPENDENTE,AV ENGENHEIRO DOMINGOS FERREIRA,,FARMACIA INDEPENDENTE,BOA VIAGEM,550,SUBURBIO,ABALROAMENTO LONGITUDINAL,COLIASAO ENTRE DOIS AUTOS S/V,2,,,,,,,,,0,,Longo da via,Bom,Sem defeito,Perfeito estado,Seca,Perfeito estado,Faixa de pedestre,Não há placas,60 km/h,Única,Faixa contínua,Canteiro central,,,,,,,
2019-05-29,17:46:00,SEM VÍTIMA,FINALIZADA,CAMPO GRANDE,RUA JERONIMO VILELA,77,RUA MANUEL DE BARROS LIMA,,RUA JERONIMO VILELA,77,,CAMPO GRANDE,,SUBURBIO,ABALROAMENTO TRANSVERSAL,ENTRE ÕNIBUS E MOTO. S/V,1,1,,,,,,,,0,,Longo da via,Bom,Não existe,Perfeito estado,Seca,Perfeito estado,Não existe,Placas Pare,40 km/h,Dupla,Faixa seccionada,,,,,,,,
2019-05-29,18:14:00,SEM VÍTIMA,FINALIZADA,BOA VIAGEM,AV ENGENHEIRO DOMINGOS FERREIRA,,RUA PADRE CARAPUCEIRO,,AV ENGENHEIRO DOMINGOS FERREIRA,,,BOA VIAGEM,216,SUBURBIO,ABALROAMENTO LONGITUDINAL,ONIBUS BORBOREMA X HB 20,1,,,,,1,,,,0,,Cruzamento,Bom,Sem defeito,Perfeito estado,Seca,Perfeito estado,Faixa de retenção,Não há placas,60 km/h,Única,Faixa contínua,Canteiro central,,,,,,,
2019-05-29,18:16:00,SEM VÍTIMA,FINALIZADA,BOA VIAGEM,AV FERNANDO SIMOES BARBOSA,,RUA BRUNO VELOSO,,AV FERNANDO SIMOES BARBOSA,,,BOA VIAGEM,335,SUBURBIO,ABALROAMENTO TRANSVERSAL,ENTRE 2 AUTOS. S/V,2,,,,,,,,,0,,Cruzamento,Bom,Sem defeito,Perfeito estado,Seca,Perfeito estado,Faixa de pedestre,Outras,60 km/h,Única,Faixa seccionada,,,,,,,,
2019-05-29,19:36:00,SEM VÍTIMA,CANCELADA,CAMPINA DO BARRETO,RUA CORONEL URBANO RIBEIRO DE SENA,1069,,E/F A ACADEMIA DA CIDADE,RUA CORONEL URBANO RIBEIRO DE SENA,1069,E/F A ACADEMIA DA CIDADE,CAMPINA DO BARRETO,,,COLISÃO,ENTRE 2 AUTOS. S/V,2,,,,,,,,,0,,,,,,,,,,,,,,,,,,,,
2019-05-29,22:37:00,SEM VÍTIMA,FINALIZADA,TORRE,AV BEIRA RIO,,RUA MARCOS ANDRE,EM FRENTE AO EEC 17 DA COMPESA,AV BEIRA RIO,,EM FRENTE AO EEC 17 DA COMPESA,TORRE,,SUBURBIO,COLISÃO TRASEIRA,,2,,,,,,,,,0,,Longo da via,Bom,Não existe,Perfeito estado,Seca,Perfeito estado,Não existe,Não há placas,60 km/h,Dupla,Faixa contínua,,,,,,,,
2019-05-30,07:00:00,SEM VÍTIMA,FINALIZADA,,RUA BENFICA,,,EM FRENTE AO DPCA,RUA BENFICA,,EM FRENTE AO DPCA,,,CIDADE,ABALROAMENTO LONGITUDINAL,ENTRE AUTOS S/V.,2,,,,,,,,,0,,Longo da via,Bom,Não existe,Incompleta,Seca,Perfeito estado,Não existe,Não há placas,,Única,Não existe,,,,,,,,
2019-05-30,07:10:00,COM VÍTIMA,FINALIZADA,VÁRZEA,AV CAXANGA,230,RUA PAUL HARRIS,EM FRENTE AO HOSPITAL SANTA TEREZINHA,AV CAXANGA,230,EM FRENTE AO HOSPITAL SANTA TEREZINHA,VÁRZEA,230,CIDADE,ATROPELAMENTO,AUTO E PEDESTRE.,1,,,,1,,,,,1,,Cruzamento,Chuvoso,Sem defeito,Perfeito estado,Molhada,Perfeito estado,Faixa de pedestre,R-6a,60 km/h,Única,Canteiro central,,,,,,,,
2019-05-30,07:23:00,SEM VÍTIMA,FINALIZADA,DERBY,RUA FELICIANO GOMES,229,RUA DA BAIXA VERDE,,RUA FELICIANO GOMES,229,,DERBY,,CIDADE,ABALROAMENTO TRANSVERSAL,,2,,,,,,,,,0,,Longo da via,Bom,Não existe,Não existente,Seca,Perfeito estado,Não existe,Não há placas,,Dupla,Não existe,,,,,,,,
2019-05-30,07:48:00,SEM VÍTIMA,FINALIZADA,AFOGADOS,AV SUL,,,EM FRENTE À POLICLÍNICA AGAMENON MAGALHÃES,AV SUL,,EM FRENTE À POLICLÍNICA AGAMENON MAGALHÃES,AFOGADOS,,CIDADE,ABALROAMENTO LONGITUDINAL,AUTO X CAMINHÃO S/V,1,,,,,,1,,,0,,Longo da via,Bom,Não existe,Perfeito estado,Seca,Perfeito estado,Não existe,Não há placas,60 km/h,Única,Faixa seccionada,,,,,,,,
2019-05-30,08:06:00,SEM VÍTIMA,FINALIZADA,DERBY,AV GOVERNADOR AGAMENON MAGALHAES,1114,,EM FRENTE AO SEMÁFORO 037,AV GOVERNADOR AGAMENON MAGALHAES,1114,EM FRENTE AO SEMÁFORO 037,DERBY,,,COLISÃO TRASEIRA,DOIS AUTOS,2,,,,,,,,,0,,Longo da via,Bom,Sem defeito,Perfeito estado,Seca,Perfeito estado,Não existe,Outras,60 km/h,Dupla,Faixa seccionada,Canteiro central,Canal,,,,,,
2019-05-30,08:09:00,SEM VÍTIMA,FINALIZADA,BOA VIAGEM,RUA JOSE MOREIRA LEAL,,RUA ANTONIO PASSOS,AO LADO DO COLÉGIO ELO,RUA JOSE MOREIRA LEAL,,AO LADO DO COLÉGIO ELO,BOA VIAGEM,,CIDADE,CHOQUE VEÍCULO PARADO,ENTRE AUTOS S/V.,2,,,,,,,,,0,,,Bom,Não existe,Não existente,Seca,Perfeito estado,Não existe,Não há placas,,Única,Não existe,,,,,,,,
2019-05-30,08:13:00,SEM VÍTIMA,FINALIZADA,MANGABEIRA,RUA JACOB,215,RUA DES HERACLITO CAVALCANTI,AO LADO DO Nº 215,RUA JACOB,215,AO LADO DO Nº 215,MANGABEIRA,,SUBURBIO,ABALROAMENTO LONGITUDINAL,DOIS AUTOS,2,,,,,,,,,0,,Cruzamento,Bom,Não existe,Perfeito estado,Seca,Perfeito estado,,,30 km/h,Dupla,Faixa seccionada,,,,,,,,
2019-05-30,08:26:00,COM VÍTIMA,FINALIZADA,TORRÕES,AV ENGENHEIRO ABDIAS DE CARVALHO,,,LADO OPOSTO AO POSTO BR PRÓXIMO AO RESTAURANTE YOKI.,AV ENGENHEIRO ABDIAS DE CARVALHO,,LADO OPOSTO AO POSTO BR PRÓXIMO AO RESTAURANTE YOKI.,TORRÕES,375,CIDADE,ATROPELAMENTO,MOTO E PEDESTRE.,,1,,,1,,,,,1,,Longo da via,Bom,Não existe,Perfeito estado,Seca,Perfeito estado,Não existe,Não há placas,,Dupla,Canteiro central,,,,,,,,
2019-05-30,08:47:00,SEM VÍTIMA,FINALIZADA,ESTÂNCIA,AV DR JOSE RUFINO,548,RUA MORAIS E SILVA,,AV DR JOSE RUFINO,548,,ESTÂNCIA,,SUBURBIO,ABALROAMENTO TRANSVERSAL,AUTO X MOTO S/V.,1,1,,,,,,,,0,,Cruzamento,Bom,Não existe,Perfeito estado,Seca,Perfeito estado,Outros,Outras,60 km/h,Dupla,Faixa contínua,Faixa seccionada,,,,,,,
2019-05-30,09:34:00,SEM VÍTIMA,FINALIZADA,CASA AMARELA,AV NORTE,4616,AV PROFESSOR JOSE DOS ANJOS,SESC CASA AMARELA,AV NORTE,4616,SESC CASA AMARELA,CASA AMARELA,364,SUBURBIO,ABALROAMENTO LONGITUDINAL,MOTO E AUTO,1,,,,,,,,,0,,Cruzamento,Chuvoso,Sem defeito,Perfeito estado,Molhada,Perfeito estado,Faixa de pedestre,R-6c,60 km/h,Dupla,Faixa contínua,,,,,,,,
2019-05-30,09:48:00,SEM VÍTIMA,FINALIZADA,BOA VIAGEM,RUA PROFESSOR EDUARDO WANDERLEY FILHO,400,RUA DR PEDRO DE MELLO CAHU,AO LADO DO COLEGIO BOA VIAGEM,RUA PROFESSOR EDUARDO WANDERLEY FILHO,400,AO LADO DO COLEGIO BOA VIAGEM,BOA VIAGEM,,CIDADE,ABALROAMENTO LONGITUDINAL,DOIS AUTOS,2,,,,,,,,,0,,Longo da via,Bom,Não existe,Ilegível,Seca,Mal conservada,Não existe,Não há placas,,Dupla,Não existe,,,,,,,,
2019-05-30,10:14:00,SEM VÍTIMA,CANCELADA,SANTO AMARO,AV GOVERNADOR AGAMENON MAGALHAES,,,EM FRENTE AO POSTO BR,AV GOVERNADOR AGAMENON MAGALHAES,,EM FRENTE AO POSTO BR,SANTO AMARO,379,CIDADE,COLISÃO,DOIS AUTOS,2,,,,,,,,,0,,,,,,,,,,,,,,,,,,,,
2019-05-30,11:14:00,SEM VÍTIMA,FINALIZADA,PINA,AVENIDA CELSO FURTADO (VIA MANGUE),,,VIA MANGUE,AVENIDA CELSO FURTADO (VIA MANGUE),,VIA MANGUE,PINA,,SUBURBIO,ABALROAMENTO LONGITUDINAL,DOIS AUTOS,2,,,,,,,,,0,,Longo da via,Bom,Não existe,Perfeito estado,Seca,Perfeito estado,Outros,Outras,,Dupla,,,,,,,,,
2019-05-30,11:16:00,SEM VÍTIMA,FINALIZADA,CASA AMARELA,RUA DES MOTTA JUNIOR,31,,,RUA DES MOTTA JUNIOR,31,,CASA AMARELA,,SUBURBIO,ABALROAMENTO LONGITUDINAL,UM CAMINHÃO E AUTO PASSEIO,1,,,,,,1,,,0,,Longo da via,Bom,Não existe,Incompleta,Seca,Perfeito estado,Não existe,Placas Pare,,Dupla,Não existe,,,,,,,,
2019-05-30,12:00:00,COM VÍTIMA,FINALIZADA,PINA,RUA MANOEL DE BRITO,,,PROX. DO TUNEL DO RIO MAR,RUA MANOEL DE BRITO,,PROX. DO TUNEL DO RIO MAR,PINA,659,CIDADE,ABALROAMENTO LONGITUDINAL,AUTO E MOTO.,1,1,,,,,,,,1,,Longo da via,Chuvoso,Sem defeito,Perfeito estado,Molhada,Perfeito estado,Não existe,Outras,,Única,Faixa contínua,,,,,,,,
2019-05-30,12:17:00,COM VÍTIMA,FINALIZADA,TAMARINEIRA,RUA DR JOSE MARIA,1096,,EM FRENTE AO COLÉGIO BOA VIAGEM.,RUA DR JOSE MARIA,1096,EM FRENTE AO COLÉGIO BOA VIAGEM.,TAMARINEIRA,,,ABALROAMENTO LONGITUDINAL,AUTO E MOTO.,1,1,,,,,,,,1,,Longo da via,Chuvoso,Sem defeito,Perfeito estado,Molhada,Perfeito estado,Faixa de pedestre,R-6a,30 km/h,Dupla,Faixa seccionada,,,,,,,,
2019-05-30,12:19:00,SEM VÍTIMA,FINALIZADA,SÃO JOSÉ,AV MARTINS DE BARROS,395,,ESTAÇÃO MAURÍCIO DE NASSAU,AV MARTINS DE BARROS,395,ESTAÇÃO MAURÍCIO DE NASSAU,SÃO JOSÉ,,SUBURBIO,ABALROAMENTO LONGITUDINAL,COLISÃO SEM VITIMA,1,,,,,1,,,,0,,Longo da via,Bom,Não existe,Perfeito estado,Seca,Perfeito estado,Faixa de pedestre,Não há placas,,Única,Faixa seccionada,,,,,,,,
2019-05-30,12:34:00,SEM VÍTIMA,FINALIZADA,CAXANGÁ,AV CAXANGA,5504,,EM FRENTE COXINHAS DE BATATA,AV CAXANGA,5504,EM FRENTE COXINHAS DE BATATA,CAXANGÁ,,SUBURBIO,COLISÃO TRASEIRA,COLISÃO S/VITIMAS ENTRE DOIS AUTOS,2,,,,,,,,,0,,Longo da via,Chuvoso,Não existe,Perfeito estado,Molhada,Perfeito estado,Não existe,Outras,,Única,Faixa seccionada,Canteiro central,,,,,,,
2019-05-30,12:40:00,SEM VÍTIMA,CANCELADA,BOA VISTA,AV CONDE DA BOA VISTA,369,RUA DA SOLEDADE,EM FRENTE A GALERIA SOLEDADE,AV CONDE DA BOA VISTA,369,EM FRENTE A GALERIA SOLEDADE,BOA VISTA,,,COLISÃO,COLISÃO SEM VITIMA,2,,,,,,,,,0,,,,,,,,,,,,,,,,,,,,
2019-05-30,13:29:00,SEM VÍTIMA,FINALIZADA,,RUA DEPUTADO JOSE FRANCISCO DE MELO CAVALCANTI,434,RUA ELIANE FRAGOSO DO NASCIMENTO,MERCADINHO VIDA NOVA,RUA DEPUTADO JOSE FRANCISCO DE MELO CAVALCANTI,434,MERCADINHO VIDA NOVA,,,CIDADE,ABALROAMENTO TRANSVERSAL,COLISÃO SEM VÍTIMA,2,,,,,,,,,0,,Longo da via,Bom,Não existe,Não existente,Seca,Perfeito estado,Não existe,Não há placas,,Dupla,Não existe,,,,,,,,
2019-05-30,14:26:00,SEM VÍTIMA,FINALIZADA,IPUTINGA,AV CAXANGA,,,EM FRENTE AO SEMÁFORO 269,AV CAXANGA,,EM FRENTE AO SEMÁFORO 269,IPUTINGA,269,CIDADE,COLISÃO TRASEIRA,COLISÃO SEM VÍTIMA,2,,,,,,,,,0,,Longo da via,Bom,Sem defeito,Perfeito estado,Seca,Perfeito estado,Faixa de pedestre,Outras,,Única,Faixa seccionada,Canteiro central,,,,,,,
2019-05-30,15:19:00,SEM VÍTIMA,CANCELADA,AFOGADOS,RUA SANTOS ARAUJO,234,,EM FRENTE A FUNILARIA,RUA SANTOS ARAUJO,234,EM FRENTE A FUNILARIA,AFOGADOS,333,,COLISÃO,COLISÃO SEM VÍTIMA,1,,,,,,1,,,0,,,,,,,,,,,,,,,,,,,,
2019-05-30,15:23:00,SEM VÍTIMA,FINALIZADA,LINHA DO TIRO,RUA CORREGO DO EUCLIDES,1828,,LADO OPOSTO A ASSEMBLEIA DE DEUS,RUA CORREGO DO EUCLIDES,1828,LADO OPOSTO A ASSEMBLEIA DE DEUS,LINHA DO TIRO,,SUBURBIO,ABALROAMENTO LONGITUDINAL,COLISÃO SEM VITIMA ENTRE DOIS AUTOS,2,,,,,,,,,0,,Longo da via,Bom,Não existe,Incompleta,Seca,Perfeito estado,Não existe,Não há placas,,Dupla,Faixa seccionada,,,,,,,,
2019-05-30,15:38:00,SEM VÍTIMA,FINALIZADA,CORDEIRO,RUA ADELMAR TAVARES,260,RUA PEREIRA DE MORAES,,RUA ADELMAR TAVARES,260,,CORDEIRO,,,ABALROAMENTO TRANSVERSAL,COLISÃO S/VITIMA ENTRE DOIS AUTOS,2,,,,,,,,,0,,Cruzamento,Bom,Não existe,Não existente,Seca,Perfeito estado,Não existe,Não há placas,,Dupla,Não existe,,,,,,,,
2019-05-30,15:44:00,SEM VÍTIMA,FINALIZADA,ÁGUA FRIA,AV BEBERIBE,2047,,EM FRENTE AO ARMAZÉM ANA, LADO OPOSTO AO MERCADO,AV BEBERIBE,2047,EM FRENTE AO ARMAZÉM ANA, LADO OPOSTO AO MERCADO,ÁGUA FRIA,,CIDADE,ABALROAMENTO LONGITUDINAL,COLISÃO SEM VÍTIMA,1,,,,,1,,,,0,,Longo da via,Bom,Não existe,Incompleta,Seca,Mal conservada,Não existe,Outras,,Dupla,Outros,,,,,,
2019-05-30,15:56:00,COM VÍTIMA,FINALIZADA,BOA VIAGEM,RUA VISCONDE DE JEQUITINHONHA,,RUA CAPITAO ZUZINHA,EM FRENTE A LOCALIZA. PISTA OESTE.,RUA VISCONDE DE JEQUITINHONHA,,EM FRENTE A LOCALIZA. PISTA OESTE.,BOA VIAGEM,433,SUBURBIO,ABALROAMENTO TRANSVERSAL,AUTO E MOTO.,1,1,,,,,,,,1,,Cruzamento,Bom,Sem defeito,Perfeito estado,Seca,Perfeito estado,Faixa de pedestre,R-4a,60 km/h,Única,Faixa contínua,Canteiro central,,,,,,,
2019-05-30,16:41:00,SEM VÍTIMA,FINALIZADA,JARDIM SÃO PAULO,AV SAO PAULO,,,ESTAÇÃO WERNECK,AV SAO PAULO,,ESTAÇÃO WERNECK,JARDIM SÃO PAULO,,CIDADE,COLISÃO TRASEIRA,COLISÃO S/ VITIMAS ENTRE DOIS AUTOS,2,,,,,,,,,0,,,Bom,Não existe,,Seca,Perfeito estado,Não existe,R-6a,,Dupla,Não existe,,,,,,,,
2019-05-30,17:00:00,COM VÍTIMA,FINALIZADA,SANTO ANTÔNIO,PRC DA REPUBLICA,,,PROXIMO AO SEMÁFORO 164,PRC DA REPUBLICA,,PROXIMO AO SEMÁFORO 164,SANTO ANTÔNIO,164,SUBURBIO,CAPOTAMENTO,MOTO ENVOLVIDA.,,1,,,,,,,,1,,Longo da via,Bom,Sem defeito,Perfeito estado,Seca,Perfeito estado,Não existe,Não há placas,,Única,Faixa,,,,,,,,
2019-05-30,17:23:00,SEM VÍTIMA,CANCELADA,IBURA,AV QUEIXARAMOBIM,,,NO TERMINAL DO UR2,AV QUEIXARAMOBIM,,NO TERMINAL DO UR2,IBURA,,,COLISÃO,COLISÃO SEM VITIMA,1,,,,,1,,,,0,,,,,,,,,,,,,,,,,,,,
2019-05-30,17:28:00,COM VÍTIMA,FINALIZADA,BONGI,AV ENGENHEIRO ABDIAS DE CARVALHO,12,RUA CARLOS GOMES,EM FRENTE A BIG CAR,AV ENGENHEIRO ABDIAS DE CARVALHO,12,EM FRENTE A BIG CAR,BONGI,57,CIDADE,COLISÃO TRASEIRA,AUTO E MOTO.,1,1,,,,,,,,1,,,Bom,Sem defeito,Perfeito estado,Seca,Perfeito estado,Não existe,Não há placas,,Dupla,Canteiro central,,,,,,,,
2019-05-30,17:31:00,SEM VÍTIMA,FINALIZADA,BOA VIAGEM,RUA VISCONDE DE JEQUITINHONHA,66,RUA DONA UZINHA NUNES,,RUA VISCONDE DE JEQUITINHONHA,66,,BOA VIAGEM,,SUBURBIO,ABALROAMENTO LONGITUDINAL,COLISÃO SEM VÍTIMA,2,,,,,,,,,0,,Longo da via,Bom,Não existe,Perfeito estado,Seca,Perfeito estado,Não existe,Não há placas,,Única,Canteiro central,,,,,,,,
2019-05-30,18:00:00,SEM VÍTIMA,FINALIZADA,JORDÃO,AV MARIA IRENE,837,,EM FRENTE AO Nº 837,AV MARIA IRENE,837,EM FRENTE AO Nº 837,JORDÃO,,,COLISÃO TRASEIRA,ENTRE 2 AUTOS. S/V,2,,,,,,,,,0,,Longo da via,Bom,Não existe,Não existente,Seca,Perfeito estado,Não existe,Não há placas,,Dupla,Não existe,,,,,,,,
2019-05-30,18:27:00,COM VÍTIMA,FINALIZADA,JARDIM SÃO PAULO,RUA LEANDRO BARRETO,,AV SAO PAULO,SEMÁFORO 507,RUA LEANDRO BARRETO,,SEMÁFORO 507,JARDIM SÃO PAULO,507,CIDADE,ATROPELAMENTO,ÕNIBUS E PEDESTRE. C/V,,,,,1,1,,,,1,,Cruzamento,Bom,Sem defeito,Incompleta,Seca,Perfeito estado,,Não há placas,,Dupla,Não existe,,,,,,,,
2019-05-30,18:55:00,SEM VÍTIMA,FINALIZADA,SANTO AMARO,RUA MALAQUIAS DA ROCHA,76,,,RUA MALAQUIAS DA ROCHA,76,,SANTO AMARO,,SUBURBIO,ABALROAMENTO TRANSVERSAL,ENTRE 2 AUTOS. S/V,1,,,,,,,,,0,,Longo da via,Bom,Não existe,Não existente,Seca,Mal iluminada,Não existe,Não há placas,,Dupla,Não existe,,,,,,,,
2019-05-30,22:04:00,SEM VÍTIMA,FINALIZADA,SANTO AMARO,AV GOVERNADOR AGAMENON MAGALHAES,,,ACADEMIA DA CIDADE,AV GOVERNADOR AGAMENON MAGALHAES,,ACADEMIA DA CIDADE,SANTO AMARO,,,COLISÃO TRASEIRA,ÔNIBUS E AUTO PASSEIO SEM VITIMAS,1,,,,,1,,,,0,,Longo da via,Bom,Não existe,Perfeito estado,Seca,Perfeito estado,Não existe,Outras,,Dupla,Canal,,,,,,,,
2019-05-30,22:05:00,SEM VÍTIMA,FINALIZADA,TEJIPIÓ,RUA CARLOS XAVIER PAES BARRETO,,,EM FRENTE AO Nº 203,RUA CARLOS XAVIER PAES BARRETO,,EM FRENTE AO Nº 203,TEJIPIÓ,,CIDADE,ABALROAMENTO LONGITUDINAL,ENTRE 2 AUTOS. S/V,3,,,,,,,,,0,,Longo da via,Bom,Não existe,Perfeito estado,Seca,Perfeito estado,Não existe,Não há placas,,Dupla,Não existe,,,,,,,,
2019-05-31,06:59:00,SEM VÍTIMA,FINALIZADA,BONGI,AV ENGENHEIRO ABDIAS DE CARVALHO,,RUA CARLOS GOMES,FARMACIA PAGUE MENOS,AV ENGENHEIRO ABDIAS DE CARVALHO,,FARMACIA PAGUE MENOS,BONGI,57,SUBURBIO,ABALROAMENTO LONGITUDINAL,COLISÃO SEM VITIMAS,1,,,,,,,1,,0,,Cruzamento,Bom,Sem defeito,Perfeito estado,Seca,Perfeito estado,Faixa de pedestre,Não há placas,60 km/h,Dupla,Canteiro central,,,,,,,,
2019-05-31,07:58:00,SEM VÍTIMA,FINALIZADA,DERBY,RUA AMAURI DE MEDEIROS,,RUA JENER DE SOUZA,,RUA AMAURI DE MEDEIROS,,,DERBY,,,ABALROAMENTO LONGITUDINAL,ONIBUS E AUTO,1,,,,,1,,,,0,,Cruzamento,Bom,Não existe,Perfeito estado,Seca,Perfeito estado,,,,Única,,,,,,,,,
2019-05-31,08:43:00,SEM VÍTIMA,FINALIZADA,CAMPO GRANDE,RUA ODORICO MENDES,,EST DE BELEM,,RUA ODORICO MENDES,,,CAMPO GRANDE,,SUBURBIO,COLISÃO TRASEIRA,COLISÃO SEM VITIMAS VT 13 QTH,2,,,,,,,,,0,,Cruzamento,Bom,Sem defeito,Perfeito estado,Seca,Perfeito estado,Faixa de pedestre,Outras,40 km/h,Dupla,Faixa seccionada,,,,,,,,