data,hora,natureza_acidente,situacao,bairro,endereco,numero,detalhe_endereco_acidente,complemento,endereco_cruzamento,numero_cruzamento,referencia_cruzamento,bairro_cruzamento,num_semaforo,sentido_via,tipo,descricao,auto,moto,ciclom,ciclista,pedestre,onibus,caminhao,viatura,outros,vitimas,vitimasfatais,acidente_verificado,tempo_clima,situacao_semaforo,sinalizacao,condicao_via,conservacao_via,ponto_controle,situacao_placa,velocidade_max_via,mao_direcao,divisao_via1,divisao_via2,divisao_via3,,,,,,
2019-05-31,08:54:00,COM VÍTIMA,FINALIZADA,BOA VISTA,RUA DOM BOSCO,767,RUA PAISSANDU,,RUA DOM BOSCO,767,,BOA VISTA,,CID/SUB,ATROPELAMENTO,VITIMA EM ATENDIMENTO PELO SAMU,1,,,,1,,,,,1,,Longo da via,Bom,Sem defeito,Perfeito estado,Seca,Perfeito estado,,R-6a,,Única,Faixa,,,,,,,,
2019-05-31,10:01:00,SEM VÍTIMA,FINALIZADA,ESPINHEIRO,AV GOVERNADOR AGAMENON MAGALHAES,2265,,EDF VISCONDE DE UTINGA,AV GOVERNADOR AGAMENON MAGALHAES,2265,EDF VISCONDE DE UTINGA,ESPINHEIRO,,,ABALROAMENTO LONGITUDINAL,SEM VITIMAS,,1,,,,,,1,,0,,Longo da via,Bom,Não existe,Perfeito estado,Seca,Perfeito estado,Não existe,Não há placas,,Dupla,Canal,,,,,,,,
2019-05-31,10:50:00,SEM VÍTIMA,FINALIZADA,IMBIRIBEIRA,AV MARECHAL MASCARENHAS DE MORAES,,,RUA JEAN EMILE FAVRE,AV MARECHAL MASCARENHAS DE MORAES,,RUA JEAN EMILE FAVRE,IMBIRIBEIRA,7,,ABALROAMENTO LONGITUDINAL,COLISÃO SEM VITIMAS,1,,,,,1,,,,0,,Longo da via,Bom,Sem defeito,Perfeito estado,Seca,Perfeito estado,,Outras,,Dupla,Faixa contínua,Canteiro central,,,,,,,
2019-05-31,11:00:00,COM VÍTIMA,FINALIZADA,AFOGADOS,RUA SAO MIGUEL,,,EM FRENTE AO QUARTEL DE AFOGADOS 14º BL 06,RUA SAO MIGUEL,,EM FRENTE AO QUARTEL DE AFOGADOS 14º BL 06,AFOGADOS,,SUBURBIO,COLISÃO TRASEIRA,COM UMA VITIMA AGUARDANDO SAMU,1,,1,,,,,,,1,,Longo da via,Bom,Não existe,Perfeito estado,Seca,Perfeito estado,Não existe,Não há placas,,Dupla,Faixa contínua,,,,,,,,
2019-05-31,11:04:00,SEM VÍTIMA,FINALIZADA,JAQUEIRA,RUA MUNIZ TAVARES,25,AV RUI BARBOSA,EM FRENTE AO EDIFICIO PRINCIPE DE CASTELA,RUA MUNIZ TAVARES,25,EM FRENTE AO EDIFICIO PRINCIPE DE CASTELA,JAQUEIRA,460,SUBURBIO,ABALROAMENTO TRANSVERSAL,COLISAO S/VITIMA ENTRE AUTO E UMA MOTO,1,1,,,,,,,,0,,Longo da via,Bom,Sem defeito,Perfeito estado,Seca,Perfeito estado,Faixa de pedestre,Outras,,Dupla,Faixa contínua,,,,,,,,
2019-05-31,11:52:00,COM VÍTIMA,FINALIZADA,SANTO AMARO,AV MARIO MELO,242,RUA DO VEIGA,EM FRENTE A ESCOLA SILVIO RABELO/NO RETORNO,AV MARIO MELO,242,EM FRENTE A ESCOLA SILVIO RABELO/NO RETORNO,SANTO AMARO,,SUBURBIO,ABALROAMENTO LONGITUDINAL,AUTO E MOTO.,1,1,,,,,,,,1,,Cruzamento,Bom,Não existe,Incompleta,Seca,Mal conservada,Não existe,Não há placas,40 km/h,Dupla,Canteiro central,,,,,,,,
2019-05-31,12:11:00,COM VÍTIMA,FINALIZADA,DOIS IRMÃOS,RUA MANUEL DE MEDEIROS,,,EM FRENTE A PORTARIA Z 1 A UFRPE,RUA MANUEL DE MEDEIROS,,EM FRENTE A PORTARIA Z 1 A UFRPE,DOIS IRMÃOS,224,SUBURBIO,ABALROAMENTO TRANSVERSAL,AUTO E MOTO COM VITIMAS,1,1,,,,,,,,1,,Longo da via,Bom,Sem defeito,Perfeito estado,Seca,Perfeito estado,Não existe,Não há placas,,Dupla,Não existe,,,,,,,,
2019-05-31,12:24:00,SEM VÍTIMA,FINALIZADA,BAIRRO DO RECIFE,AV ALFREDO LISBOA,35,,,AV ALFREDO LISBOA,35,,BAIRRO DO RECIFE,,SUBURBIO,ABALROAMENTO LONGITUDINAL,DOIS AUTO SEM VITIMAS,2,,,,,,,,,0,,Longo da via,Bom,Não existe,Perfeito estado,Seca,Perfeito estado,Não existe,Não há placas,,Única,Faixa seccionada,,,,,,,,
2019-05-31,12:24:00,SEM VÍTIMA,FINALIZADA,,AV MARECHAL MASCARENHAS DE MORAES,,,,AV MARECHAL MASCARENHAS DE MORAES,,,,,CIDADE,COLISÃO TRASEIRA,COLISÃO SEM VÍTIMA,1,,,,,,1,,,0,,Longo da via,Bom,Sem defeito,Perfeito estado,Seca,Perfeito estado,,,,Dupla,Canteiro central,,,,,,,,
2019-05-31,12:30:00,SEM VÍTIMA,CANCELADA,BRASÍLIA TEIMOSA,RUA MARECHAL HERMES,1,,EM FRENTE A PEIXARIA CHACRINHA,RUA MARECHAL HERMES,1,EM FRENTE A PEIXARIA CHACRINHA,BRASÍLIA TEIMOSA,,,COLISÃO,COLISÃO SEM VÍTIMA,2,,,,,,,,,0,,,,,,,,,,,,,,,,,,,,
2019-05-31,12:55:00,SEM VÍTIMA,FINALIZADA,IPSEP,AV DOM HELDER CAMARA,55,AV RECIFE,TRAN FARMA,AV DOM HELDER CAMARA,55,TRAN FARMA,IPSEP,55,CIDADE,ABALROAMENTO LONGITUDINAL,DOIS AUTO SEM VITIMAS,2,,,,,,,,,0,,Cruzamento,Bom,Sem defeito,Perfeito estado,Seca,Perfeito estado,Faixa de pedestre,R-6a,,Dupla,Canteiro central,,,,,,,,
2019-05-31,12:55:00,SEM VÍTIMA,FINALIZADA,CORDEIRO,RUA AUREO XAVIER,,,RESTAURANTE O PESCADOR,RUA AUREO XAVIER,,RESTAURANTE O PESCADOR,CORDEIRO,,CIDADE,CHOQUE VEÍCULO PARADO,COLISAO ENTRE AUTO E TRES MOTOS,1,1,,,,,,,,0,,Longo da via,Bom,Não existe,,Seca,Perfeito estado,Não existe,Placas Pare,,Dupla,Não existe,,,,,,,,
2019-05-31,13:07:00,SEM VÍTIMA,CANCELADA,PARNAMIRIM,AV DEZESSETE DE AGOSTO,,,EM FRENTE A BANCO BRADESCO / MUTTI DELICATESSEN,AV DEZESSETE DE AGOSTO,,EM FRENTE A BANCO BRADESCO / MUTTI DELICATESSEN,PARNAMIRIM,,,COLISÃO,COLISÃO SEM VÍTIMA,1,1,,,,,,,,0,,,,,,,,,,,,,,,,,,,,
2019-05-31,13:11:00,SEM VÍTIMA,FINALIZADA,IBURA,AV DOIS RIOS,,,EM FRENTE A POLICLINICA PROFESSOR ARNALDO MARQUES,AV DOIS RIOS,,EM FRENTE A POLICLINICA PROFESSOR ARNALDO MARQUES,IBURA,,CIDADE,ABALROAMENTO LONGITUDINAL,COLISÃO SEM VÍTIMA,1,1,,,,,,,,0,,Longo da via,Bom,Não existe,Não existente,Seca,Perfeito estado,Não existe,Não há placas,,Dupla,Não existe,,,,,,,,
2019-05-31,13:14:00,SEM VÍTIMA,FINALIZADA,ZUMBI,RUA CONS THEODORO,170,,E/F SUSPENCAR SERVIÇOS AUTOMOTIVOS,RUA CONS THEODORO,170,E/F SUSPENCAR SERVIÇOS AUTOMOTIVOS,ZUMBI,513,,COLISÃO TRASEIRA,DOIS AUTO SEM VITIMAS,2,,,,,,,,,0,,Longo da via,Bom,Sem defeito,Incompleta,Seca,Perfeito estado,Não existe,Não há placas,,Dupla,Não existe,,,,,,,,
2019-05-31,14:09:00,SEM VÍTIMA,FINALIZADA,SANTO AMARO,RUA FREI CASSIMIRO,,RUA DO SOSSEGO,SIMPOL,RUA FREI CASSIMIRO,,SIMPOL,SANTO AMARO,,CIDADE,ABALROAMENTO TRANSVERSAL,COLISAO ENTRE AUTO E MOTO S/V,1,1,,,,,,,,0,,Cruzamento,Bom,Não existe,Perfeito estado,Seca,Perfeito estado,,Placas Pare,,Dupla,Não existe,,,,,,,,
2019-05-31,14:15:00,SEM VÍTIMA,FINALIZADA,GRAÇAS,AV RUI BARBOSA,320,RUA DA AMIZADE,E/F AO TRIBUNAL REGIONAL ELEITORAL,AV RUI BARBOSA,320,E/F AO TRIBUNAL REGIONAL ELEITORAL,GRAÇAS,,CIDADE,ABALROAMENTO TRANSVERSAL,COLISAO ENTRE DOIS AUTOS S/V S/T BOA VIAGEM,2,,,,,,,,,0,,Longo da via,Bom,Não existe,Perfeito estado,Seca,Perfeito estado,Outros,Outras,,Única,Não existe,,,,,,,,
2019-05-31,14:40:00,COM VÍTIMA,FINALIZADA,TORRÕES,EST DO FORTE DO ARRAIAL N. DO B. JESUS,,RUA PROFESSORA LAURA FERREIRA DA COSTA,,EST DO FORTE DO ARRAIAL N. DO B. JESUS,,,TORRÕES,,,ABALROAMENTO LONGITUDINAL,COLISÃO COM VÍTIMA,1,1,,,,,,,,1,,,Chuvoso,Não existe,Perfeito estado,Molhada,Perfeito estado,Não existe,Outras,,Dupla,Faixa contínua,,,,,,,,
2019-05-31,14:53:00,SEM VÍTIMA,FINALIZADA,FUNDÃO,AV BEBERIBE,2856,,E/F A PRAÇA DO FUNDÃO,AV BEBERIBE,2856,E/F A PRAÇA DO FUNDÃO,FUNDÃO,,SUBURBIO,ABALROAMENTO LONGITUDINAL,DOIS AUTO SEM VITIMAS,2,,,,,,,,,0,,Longo da via,Bom,Não existe,Perfeito estado,Seca,Perfeito estado,Não existe,Não há placas,50 km/h,Dupla,Faixa seccionada,,,,,,,,
2019-05-31,15:16:00,SEM VÍTIMA,FINALIZADA,BAIRRO DO RECIFE,AV ALFREDO LISBOA,,,,AV ALFREDO LISBOA,,,BAIRRO DO RECIFE,,,ABALROAMENTO LONGITUDINAL,AUTO E MOTO SEM VITIMAS,1,1,,,,,,,,0,,Longo da via,Bom,Não existe,Perfeito estado,Seca,Perfeito estado,Faixa de pedestre,Outras,40 km/h,Única,Faixa seccionada,,,,,,,,
2019-05-31,16:20:00,SEM VÍTIMA,FINALIZADA,AFOGADOS,RUA QUITERIO INACIO DE MELLO,261A,,EM FRENTE A BORRACHARIA IMPORT PNEUS,RUA QUITERIO INACIO DE MELLO,261A,EM FRENTE A BORRACHARIA IMPORT PNEUS,AFOGADOS,,SUBURBIO,COLISÃO TRASEIRA,COLISAO ENTRE TRES AUTOS S/V,2,,,,,,,,,0,,Longo da via,Chuvoso,Não existe,Perfeito estado,Molhada,Perfeito estado,Não existe,Não há placas,,Única,Faixa seccionada,,,,,,,,
2019-05-31,16:42:00,SEM VÍTIMA,FINALIZADA,BOA VIAGEM,AV CONSELHEIRO AGUIAR,1748,,,AV CONSELHEIRO AGUIAR,1748,,BOA VIAGEM,,CIDADE,COLISÃO TRASEIRA,COLISÃO SEM VÍTIMA,2,,,,,,,,,0,,Longo da via,Bom,Sem defeito,Perfeito estado,Seca,Perfeito estado,,,,Única,Faixa seccionada,,,,,,,,
2019-05-31,17:24:00,SEM VÍTIMA,FINALIZADA,AFOGADOS,RUA DA PAZ,283,,E/F CASAS BAHIA,RUA DA PAZ,283,E/F CASAS BAHIA,AFOGADOS,528,SUBURBIO,ABALROAMENTO LONGITUDINAL,DOIS AUTO SEM VITIMAS,2,,,,,,,,,0,,Longo da via,Bom,Sem defeito,Perfeito estado,Seca,Perfeito estado,Faixa de pedestre,Outras,,Única,Faixa seccionada,,,,,,,,
2019-05-31,17:25:00,SEM VÍTIMA,FINALIZADA,ESPINHEIRO,AV CONS ROSA E SILVA,419,,AO LADO DO HOSPITAL DOS SERVIDORES DO ESTADO DE PE,AV CONS ROSA E SILVA,419,AO LADO DO HOSPITAL DOS SERVIDORES DO ESTADO DE PE,ESPINHEIRO,,SUBURBIO,ABALROAMENTO LONGITUDINAL,COLISÃO SEM VÍTIMA,1,,,,,1,,,,0,,Longo da via,Bom,Não existe,Perfeito estado,Seca,Perfeito estado,Não existe,Outras,,Única,Faixa seccionada,,,,,,,,
2019-05-31,17:38:00,COM VÍTIMA,FINALIZADA,PORTO DA MADEIRA,RUA DALVA DE OLIVEIRA,175,,,RUA DALVA DE OLIVEIRA,175,,PORTO DA MADEIRA,,SUBURBIO,ABALROAMENTO TRANSVERSAL,COLISÃO COM VÍTIMA,1,1,,,,,,,,1,,Longo da via,Bom,Não existe,Perfeito estado,Seca,Perfeito estado,Não existe,Não há placas,,Dupla,Faixa contínua,,,,,,,,
2019-05-31,18:14:00,SEM VÍTIMA,CANCELADA,PINA,AV ANTONIO DE GOES,,,E/F AO EDF JCPM,AV ANTONIO DE GOES,,E/F AO EDF JCPM,PINA,,,COLISÃO,ENTRE 2 AUTOS. S/V,2,,,,,,,,,0,,,,,,,,,,,,,,,,,,,,
2019-05-31,18:55:00,SEM VÍTIMA,FINALIZADA,BARRO,AV DR JOSE RUFINO,1789,RUA PADRE NOBREGA,ENF A IGRJA MUNDIAL DE JESUS CRISTO,AV DR JOSE RUFINO,1789,ENF A IGRJA MUNDIAL DE JESUS CRISTO,BARRO,,SUBURBIO,ABALROAMENTO LONGITUDINAL,CAMINHAO X ONIX,1,,,,,,1,,,0,,Longo da via,Bom,Não existe,Perfeito estado,Seca,Perfeito estado,Não existe,Não há placas,60 km/h,Dupla,Faixa contínua,Faixa seccionada,,,,,,,
2019-05-31,19:30:00,SEM VÍTIMA,FINALIZADA,IBURA,AV DOIS RIOS,,,E/F AO POSTO MAIS,AV DOIS RIOS,,E/F AO POSTO MAIS,IBURA,518,SUBURBIO,ABALROAMENTO LONGITUDINAL,ENTRE AUTO E ONIBUS. S/V,1,,,,,1,,,,0,,Longo da via,Bom,Sem defeito,Perfeito estado,Seca,Perfeito estado,,,,Dupla,,,,,,,,,
2019-05-31,20:40:00,SEM VÍTIMA,FINALIZADA,BARRO,AV DR JOSE RUFINO,,RUA PADRE NOBREGA,E/F A IGREJA MUNDIAL JESUS CRISTO,AV DR JOSE RUFINO,,E/F A IGREJA MUNDIAL JESUS CRISTO,BARRO,,SUBURBIO,ABALROAMENTO LONGITUDINAL,ENTRE AUTO E ÔNIBUS. S/V,1,,,,,1,,,,0,,Longo da via,Bom,Não existe,Perfeito estado,Seca,Perfeito estado,Não existe,Não há placas,60 km/h,Única,Faixa contínua,Faixa seccionada,,,,,,,
2019-05-31,21:41:00,SEM VÍTIMA,FINALIZADA,BEBERIBE,AV BEBERIBE,4040,,RUA POSTO REAL,AV BEBERIBE,4040,RUA POSTO REAL,BEBERIBE,,SUBURBIO,COLISÃO TRASEIRA,PRISMA X ONIX,2,,,,,,,,,0,,,Bom,Não existe,Ilegível,Seca,Perfeito estado,Não existe,Não há placas,,Dupla,Não existe,,,,,,,,
2019-05-31,22:22:00,SEM VÍTIMA,FINALIZADA,PARNAMIRIM,RUA FERREIRA LOPES,313,,ESTAÇÃO VITÓRIA,RUA FERREIRA LOPES,313,ESTAÇÃO VITÓRIA,PARNAMIRIM,,CIDADE,ABALROAMENTO TRANSVERSAL,ENTRE 2 AUTOS. S/V,2,,,,,,,,,0,,Longo da via,Bom,Não existe,Não existente,Seca,Perfeito estado,Não existe,R-6a,,Dupla,Não existe,,,,,,,,
2019-05-31,23:49:00,SEM VÍTIMA,CANCELADA,PARNAMIRIM,AV PARNAMIRIM,,RUA JOAO TUDE DE MELO,SEMÁFORO 010 / ESQUINA COM O SERPRO / PRÓX AO POSTO SHELL,AV PARNAMIRIM,,SEMÁFORO 010 / ESQUINA COM O SERPRO / PRÓX AO POSTO SHELL,PARNAMIRIM,10,,COLISÃO,ENTRE 2 AUTOS. S/V,2,,,,,,,,,0,,,,,,,,,,,,,,,,,,,,
2019-06-01,00:11:00,SEM VÍTIMA,FINALIZADA,PINA,AV ANTONIO DE GOES,,AV CONSELHEIRO AGUIAR,,AV ANTONIO DE GOES,,,PINA,226,CIDADE,ABALROAMENTO LONGITUDINAL,COLISÃO ENTRE DOIS AUTOS, SEM VÍTIMAS.,2,,,,,,,,,0,,Cruzamento,Chuvoso,Sem defeito,Perfeito estado,Molhada,Perfeito estado,Faixa de pedestre,,60 km/h,Única,Faixa seccionada,,,,,,,
2019-06-01,01:45:00,SEM VÍTIMA,FINALIZADA,DERBY,AV GOVERNADOR AGAMENON MAGALHAES,,AV CONDE DA BOA VISTA,MC DONALD'S,AV GOVERNADOR AGAMENON MAGALHAES,,MC DONALD'S,DERBY,75,SUBURBIO,ABALROAMENTO LONGITUDINAL,COLISÃO ENTRE DOIS AUTOS, SEM VÍTIMAS.,2,,,,,,,,,0,,Cruzamento,Chuvoso,Sem defeito,Perfeito estado,Molhada,Perfeito estado,Faixa de pedestre,Outras,60 km/h,Única,Faixa seccionada,,,,,,,
2019-06-01,03:01:00,SEM VÍTIMA,FINALIZADA,SÃO JOSÉ,RUA DO SOL,,PTE BOA VISTA,SEMÁFORO 013,RUA DO SOL,,SEMÁFORO 013,SÃO JOSÉ,13,,ABALROAMENTO LONGITUDINAL,COLISÃO ENTRE DOIS AUTOS, SEM VÍTIMAS.,2,,,,,,,,,0,,Cruzamento,Chuvoso,Intermitente,Perfeito estado,Seca,Perfeito estado,Faixa de pedestre,R-6a,30 km/h,Única,,,,,,,,
2019-06-01,07:08:00,COM VÍTIMA,CANCELADA,SÃO JOSÉ,RUA PRINCESA IZABEL,,RUA DA AURORA,,RUA PRINCESA IZABEL,,,SÃO JOSÉ,22,,COLISÃO,MOTO E AUTO,1,1,,,,,,,,1,,,,,,,,,,,,,,,,,,,,
2019-06-01,09:22:00,COM VÍTIMA,FINALIZADA,JOANA BEZERRA,VDO PAPA JOAO PAULO II,,,SOB O VIADUTO,VDO PAPA JOAO PAULO II,,SOB O VIADUTO,JOANA BEZERRA,,CIDADE,COLISÃO TRASEIRA,COLISÃO COM VITIMA SOCORRIDA PELO SAMU,1,1,,,,,,,,1,,Viaduto,Bom,Não existe,Perfeito estado,Seca,Perfeito estado,Outros,Outras,60 km/h,Única,Faixa seccionada,,,,,,,,
2019-06-01,09:30:00,SEM VÍTIMA,CANCELADA,NOVA DESCOBERTA,RUA NOVA DESCOBERTA,622,,EM FRENTE A IGREJA ASSEMBLEIA DE DEUS,RUA NOVA DESCOBERTA,622,EM FRENTE A IGREJA ASSEMBLEIA DE DEUS,NOVA DESCOBERTA,,,COLISÃO,AUTO E MOTO,1,1,,,,,,,,0,,,,,,,,,,,,,,,,,,,,
2019-06-01,10:04:00,SEM VÍTIMA,FINALIZADA,IMBIRIBEIRA,AV MARECHAL MASCARENHAS DE MORAES,4080,,,AV MARECHAL MASCARENHAS DE MORAES,4080,,IMBIRIBEIRA,,SUBURBIO,COLISÃO TRASEIRA,COLISÃO S/VITIMA ENTRE ONIBUS E AUTO,1,,,,,1,,,,0,,Longo da via,Bom,Não existe,Perfeito estado,Seca,Perfeito estado,Não existe,Outras,,Única,Faixa contínua,Faixa seccionada,,,,,,,
2019-06-01,10:05:00,COM VÍTIMA,FINALIZADA,VÁRZEA,AV AFONSO OLINDENSE,1524,,EM FRENTE AO RESTAURANTE PICUÍ,AV AFONSO OLINDENSE,1524,EM FRENTE AO RESTAURANTE PICUÍ,VÁRZEA,,SUBURBIO,ABALROAMENTO LONGITUDINAL,PRISMA X HONDA TITAN 150,1,1,,,,,,,,1,,Longo da via,Bom,Não existe,Perfeito estado,Seca,Perfeito estado,Outros,Não há placas,30 km/h,Dupla,Faixa contínua,,,,,,,,
2019-06-01,10:12:00,SEM VÍTIMA,FINALIZADA,VÁRZEA,,81,,EDF ANDORRA,,81,EDF ANDORRA,VÁRZEA,,,ABALROAMENTO LONGITUDINAL,ONIBUS E AUTO,1,,,,,1,,,,0,,Longo da via,Bom,Sem defeito,Não existente,Seca,Perfeito estado,Não existe,Não há placas,,Única,Não existe,,,,,,,,
2019-06-01,10:26:00,SEM VÍTIMA,CANCELADA,HIPÓDROMO,RUA JOAO PEREIRA DE MELO,227,,RESIDENCIA,RUA JOAO PEREIRA DE MELO,227,RESIDENCIA,HIPÓDROMO,,,COLISÃO,COLISÃO SEM VITIMAS,2,,,,,,,,,0,,,,,,,,,,,,,,,,,,,,
2019-06-01,12:04:00,SEM VÍTIMA,FINALIZADA,BOA VIAGEM,AV CONSELHEIRO AGUIAR,,RUA PADRE CARAPUCEIRO,,AV CONSELHEIRO AGUIAR,,,BOA VIAGEM,115,SUBURBIO,ABALROAMENTO TRANSVERSAL,COLISÃO SEM VITIMA,1,,,,,1,,,,0,,Cruzamento,Bom,Sem defeito,Perfeito estado,Seca,Perfeito estado,Faixa de pedestre,Não há placas,,Única,Não existe,,,,,,,,
2019-06-01,12:15:00,COM VÍTIMA,FINALIZADA,IMBIRIBEIRA,RUA ITACARI,340,RUA CACHOEIRA,,RUA ITACARI,340,,IMBIRIBEIRA,,SUBURBIO,ABALROAMENTO TRANSVERSAL,COLISÃO COM VITIMA,1,1,,,,,,,,1,,Cruzamento,Bom,Não existe,Incompleta,Seca,Perfeito estado,Não existe,Não há placas,,Única,Faixa seccionada,,,,,,,,
2019-06-01,14:06:00,SEM VÍTIMA,FINALIZADA,CASA AMARELA,RUA EVARISTO DA VEIGA,,,EM FRENTE A Nº 76,RUA EVARISTO DA VEIGA,,EM FRENTE A Nº 76,CASA AMARELA,,SUBURBIO,ABALROAMENTO LONGITUDINAL,COLISÃO SEM VITIMA,2,,,,,,,,,0,,Longo da via,Bom,Não existe,Não existente,Seca,Perfeito estado,,Não há placas,,Única,,,,,,,,,
2019-06-01,14:35:00,COM VÍTIMA,FINALIZADA,APIPUCOS,RUA DOIS IRMAOS,371,,PRÓXIMO A ROSE BELTRÃO RECEPÇÕES,RUA DOIS IRMAOS,371,PRÓXIMO A ROSE BELTRÃO RECEPÇÕES,APIPUCOS,535,CIDADE,COLISÃO TRASEIRA,COLISAO ENTRE MOTO E AUTOS COM UMA VITIMA,1,1,,,,,,,,1,,Longo da via,Bom,Sem defeito,Perfeito estado,Seca,Perfeito estado,Faixa de pedestre,R-6a,,Dupla,Faixa contínua,,,,,,,,
2019-06-01,15:11:00,SEM VÍTIMA,FINALIZADA,IBURA,RUA DR PEDRO MOSCOSO,279,,PROX A ESCOLA LAGOA ENCANTADA,RUA DR PEDRO MOSCOSO,279,PROX A ESCOLA LAGOA ENCANTADA,IBURA,,,ABALROAMENTO LONGITUDINAL,COLISAO ENTRE DOIS AUTOS S/V,2,,,,,,,,,0,,Longo da via,Bom,Não existe,Não existente,Seca,Mal conservada,Não existe,Não há placas,,,Não existe,,,,,,,,
2019-06-01,15:20:00,COM VÍTIMA,CANCELADA,PASSARINHO,RUA CORREGO DA BICA,,,PROX. AO TERMINAL DE NOVA DESCOBERTA,RUA CORREGO DA BICA,,PROX. AO TERMINAL DE NOVA DESCOBERTA,PASSARINHO,,,COLISÃO COM CICLISTA,COLISÃO COM VITIMA, O CONDUTOR DO AUTO PERDEU A DIREÇÃO ATINGINDO UM CICLISTA E OUTRO AUTO QUE ESTAVA ESTACIONADO,2,,,1,,,,,,1,,,,,,,,,,,,,,,,,,,
2019-06-01,16:00:00,SEM VÍTIMA,FINALIZADA,ESPINHEIRO,RUA DO ESPINHEIRO,,RUA SANTO ELIAS,,RUA DO ESPINHEIRO,,,ESPINHEIRO,,,ABALROAMENTO TRANSVERSAL,,2,,,,,,,,,0,,Cruzamento,Bom,Não existe,Perfeito estado,Seca,Perfeito estado,Faixa de pedestre,Placas Pare,,Única,Faixa seccionada,,,,,,,,
2019-06-01,16:01:00,SEM VÍTIMA,FINALIZADA,NOVA DESCOBERTA,RUA NOVA DESCOBERTA,1745,,,RUA NOVA DESCOBERTA,1745,,NOVA DESCOBERTA,,CIDADE,ABALROAMENTO LONGITUDINAL,COLISÃO SEM VÍTIMA,1,,,,,1,,,,0,,Longo da via,Bom,Não existe,Perfeito estado,Seca,Perfeito estado,Não existe,R-19,30 km/h,Dupla,Faixa seccionada,,,,,,,,
2019-06-01,17:08:00,COM VÍTIMA,CANCELADA,JARDIM SÃO PAULO,AV RECIFE,,,ARTE PEDRAS,AV RECIFE,,ARTE PEDRAS,JARDIM SÃO PAULO,,,COLISÃO,POSSÍVEL ATROPELAMENTO,,,,,,,,,,1,,,,,,,,,,,,,,,,,,,,
2019-06-01,19:09:00,SEM VÍTIMA,CANCELADA,GRAÇAS,AV RUI BARBOSA,815,,BAR MISTER HOPE/ COLEGIO AGNES,AV RUI BARBOSA,815,BAR MISTER HOPE/ COLEGIO AGNES,GRAÇAS,,,COLISÃO,COLISÃO SEM VITIMA,2,,,,,,,,,0,,,,,,,,,,,,,,,,,,,,
2019-06-01,19:27:00,SEM VÍTIMA,FINALIZADA,DERBY,AV GOVERNADOR AGAMENON MAGALHAES,,,EM FRENTE AO MEMORIAL SÃO JOSÉ,AV GOVERNADOR AGAMENON MAGALHAES,,EM FRENTE AO MEMORIAL SÃO JOSÉ,DERBY,,,ABALROAMENTO LONGITUDINAL,COLISÃO SEM VITIMA,1,,,,,1,,,,0,,Longo da via,Bom,Sem defeito,Perfeito estado,Seca,Perfeito estado,Faixa de pedestre,,,Dupla,Canal,,,,,,,,
2019-06-01,20:26:00,SEM VÍTIMA,FINALIZADA,ENCRUZILHADA,AV BEBERIBE,,RUA PEDRO ALVES,,AV BEBERIBE,,,ENCRUZILHADA,,SUBURBIO,ABALROAMENTO LONGITUDINAL,TOYOTA X FORD K,2,,,,,,,,,0,,Cruzamento,Bom,Sem defeito,Perfeito estado,Seca,Perfeito estado,Faixa de retenção,Outras,40 km/h,Dupla,Faixa contínua,,,,,,,,
2019-06-01,21:32:00,SEM VÍTIMA,CANCELADA,ESPINHEIRO,AV GOVERNADOR AGAMENON MAGALHAES,1800,,ENF A PROCURADORIA REPUBLICA // SENTIDO BOA VIAGEM VIA PRINCIPAL,AV GOVERNADOR AGAMENON MAGALHAES,1800,ENF A PROCURADORIA REPUBLICA // SENTIDO BOA VIAGEM VIA PRINCIPAL,ESPINHEIRO,,,COLISÃO,HB 20 X GOL,2,,,,,,,,,0,,,,,,,,,,,,,,,,,,,,
2019-06-01,21:51:00,SEM VÍTIMA,FINALIZADA,TORRE,RUA AMELIA,,AV BEIRA RIO,PONTE DA TORRE,RUA AMELIA,,PONTE DA TORRE,TORRE,630,SUBURBIO,CHOQUE VEÍCULO PARADO,ONIBUS CAXANGA X SANDERO X HB 20,2,,,,,1,,,,0,,Longo da via,Bom,Sem defeito,Perfeito estado,Seca,Perfeito estado,Faixa de pedestre,Não há placas,,Dupla,Faixa contínua,Faixa seccionada,Canteiro central,,,,,,
2019-06-02,02:48:00,SEM VÍTIMA,CANCELADA,AFOGADOS,RUA SAO MIGUEL,,,EM FRENTE AO ARMAZEM CORAL,RUA SAO MIGUEL,,EM FRENTE AO ARMAZEM CORAL,AFOGADOS,,,COLISÃO,COLISÃO ENTRE DOIS AUTOS S/V,2,,,,,,,,,0,,,,,,,,,,,,,,,,,,,,
2019-06-02,02:57:00,SEM VÍTIMA,FINALIZADA,ÁGUA FRIA,RUA BOMBA DO HEMETERIO,248,,,RUA BOMBA DO HEMETERIO,248,,ÁGUA FRIA,,SUBURBIO,ABALROAMENTO LONGITUDINAL,COLISÃO ENTRE DOIS AUTOS S/V,2,,,,,,,,,0,,Longo da via,Bom,Não existe,Perfeito estado,Seca,Perfeito estado,,,,Dupla,,,,,,,,,
2019-06-02,07:33:00,SEM VÍTIMA,FINALIZADA,SÃO JOSÉ,RUA IMPERIAL,,RUA CABO EUTROPIO,,RUA IMPERIAL,,,SÃO JOSÉ,352,SUBURBIO,ABALROAMENTO TRANSVERSAL,COLISÃO SEM VITIMAS,2,,,,,,,,,0,,Cruzamento,Bom,Sem defeito,,Seca,,Faixa de pedestre,R-6a,,Única,Não existe,,,,,,,,