data,hora,natureza_acidente,situacao,bairro,endereco,numero,detalhe_endereco_acidente,complemento,endereco_cruzamento,numero_cruzamento,referencia_cruzamento,bairro_cruzamento,num_semaforo,sentido_via,tipo,descricao,auto,moto,ciclom,ciclista,pedestre,onibus,caminhao,viatura,outros,vitimas,vitimasfatais,acidente_verificado,tempo_clima,situacao_semaforo,sinalizacao,condicao_via,conservacao_via,ponto_controle,situacao_placa,velocidade_max_via,mao_direcao,divisao_via1,divisao_via2,divisao_via3,,,,,,
2019-06-02,07:57:00,COM VÍTIMA,CANCELADA,CAMPO GRANDE,RUA LUIZ CORREA,449,,,RUA LUIZ CORREA,449,,CAMPO GRANDE,,,COLISÃO,COLISÃO COM VITIMA,1,1,,,,,,,,1,,,,,,,,,,,,,,,,,,,,
2019-06-02,08:49:00,SEM VÍTIMA,FINALIZADA,PARNAMIRIM,AV DEZESSETE DE AGOSTO,,,EM FRENTE A FARMÁCIA DROGASIL,AV DEZESSETE DE AGOSTO,,EM FRENTE A FARMÁCIA DROGASIL,PARNAMIRIM,,CIDADE,ABALROAMENTO LONGITUDINAL,COLISÃO SEM VITIMAS,1,,,,,1,,,,0,,Longo da via,Bom,Não existe,Perfeito estado,Seca,Perfeito estado,Não existe,Não há placas,60 km/h,Dupla,Faixa contínua,,,,,,,,
2019-06-02,09:14:00,COM VÍTIMA,FINALIZADA,TEJIPIÓ,AV DR JOSE RUFINO,,,EM FRENTE AO 4 BCOM,AV DR JOSE RUFINO,,EM FRENTE AO 4 BCOM,TEJIPIÓ,,SUBURBIO,ABALROAMENTO LONGITUDINAL,AUTO/MOTO COM VÍTIMA,1,1,,,,,,,,1,,Longo da via,Bom,Não existe,Perfeito estado,Seca,Perfeito estado,Não existe,Não há placas,,Dupla,Faixa contínua,,,,,,,,
2019-06-02,09:50:00,SEM VÍTIMA,FINALIZADA,AFLITOS,AV CONS ROSA E SILVA,,RUA JOSE CLEMENTINO,PRÓXIMO AO BOMPREÇO,AV CONS ROSA E SILVA,,PRÓXIMO AO BOMPREÇO,AFLITOS,,SUBURBIO,ABALROAMENTO TRANSVERSAL,DOIS AUTOS,2,,,,,,,,,0,,Cruzamento,Bom,Não existe,Perfeito estado,Seca,Perfeito estado,,Outras,,Única,Faixa seccionada,,,,,,,,
2019-06-02,09:55:00,COM VÍTIMA,FINALIZADA,BOA VIAGEM,AV BOA VIAGEM,5740,,EM FRENTE AO EDF MANOEL DE BRITO,AV BOA VIAGEM,5740,EM FRENTE AO EDF MANOEL DE BRITO,BOA VIAGEM,,SUB/CID,TOMBAMENTO,BICICLETA ELÉTRICA TRAVOU E O CICLISTA FOI ARREMEÇADO À FRENTE, VINDO A SER SOCORRIDO PELO SAMU,,,,1,,,,,,1,,Longo da via,Bom,Sem defeito,Perfeito estado,Seca,Perfeito estado,Faixa de pedestre,Não há placas,60 km/h,Única,Não existe,,,,,,,
2019-06-02,12:26:00,SEM VÍTIMA,FINALIZADA,GRAÇAS,AV GOVERNADOR AGAMENON MAGALHAES,,,LADO OPOSTO AO COLÉGIO AMERICANO BATISTA,AV GOVERNADOR AGAMENON MAGALHAES,,LADO OPOSTO AO COLÉGIO AMERICANO BATISTA,GRAÇAS,37,,COLISÃO TRASEIRA,COLISÃO SEM VITIMA,3,,,,,,,,,0,,Longo da via,Bom,Sem defeito,Perfeito estado,Seca,Perfeito estado,Faixa de pedestre,Outras,60 km/h,Única,Faixa seccionada,Canteiro central,,,,,,,
2019-06-02,14:38:00,SEM VÍTIMA,FINALIZADA,CASA FORTE,AV DEZESSETE DE AGOSTO,1417,,SOB O SEMÁFORO 372,AV DEZESSETE DE AGOSTO,1417,SOB O SEMÁFORO 372,CASA FORTE,372,SUBURBIO,ABALROAMENTO LONGITUDINAL,COLISÃO SEM VÍTIMA,2,,,,,,,,,0,,Longo da via,Bom,Sem defeito,Perfeito estado,Seca,Perfeito estado,Faixa de pedestre,R-6a,,Dupla,Não existe,,,,,,,,
2019-06-02,15:02:00,COM VÍTIMA,FINALIZADA,ENCRUZILHADA,AV NORTE,1858,AV JOAO DE BARROS,CRUZAMENTO DAS VIAS,AV NORTE,1858,CRUZAMENTO DAS VIAS,ENCRUZILHADA,,,ABALROAMENTO TRANSVERSAL,COLISÃO COM VITIMA,2,,,,,,,,,1,,Cruzamento,Bom,Sem defeito,Perfeito estado,Seca,,Faixa de pedestre,Outras,,Dupla,Faixa contínua,Canteiro central,,,,,,,
2019-06-02,18:35:00,SEM VÍTIMA,CANCELADA,CASA AMARELA,AV NORTE,,,AO LADO DA HONDA, SENTIDO INTEGRAÇÃO DA MACAXEIRA,AV NORTE,,AO LADO DA HONDA, SENTIDO INTEGRAÇÃO DA MACAXEIRA,CASA AMARELA,,,COLISÃO,COLISÃO SEM VITIMAS,2,,,,,,,,,0,,,,,,,,,,,,,,,,,,
2019-06-02,18:49:00,COM VÍTIMA,FINALIZADA,ROSARINHO,RUA TREZE DE JUNHO,,,EM FRENTE AO IMÓVEL 589,RUA TREZE DE JUNHO,,EM FRENTE AO IMÓVEL 589,ROSARINHO,,CID/SUB,CHOQUE OBJETO FIXO,ONIBUS X ARVORE OBS: ARVORE CAIU SOBRE O ONIBUS E UM PEDESTRE,,,,,,1,,,,1,,Longo da via,Bom,Não existe,Perfeito estado,Seca,Mal iluminada,,R-6a,20 km/h,Única,,,,,,,,,
2019-06-02,19:25:00,COM VÍTIMA,FINALIZADA,IMBIRIBEIRA,RUA ARQUITETO LUIZ NUNES,,AV ENGENHEIRO ALVES DE SOUZA,EM FRENTE A JULIETTO,RUA ARQUITETO LUIZ NUNES,,EM FRENTE A JULIETTO,IMBIRIBEIRA,,,COLISÃO,COLISÃO COM VITIMA/ CONDUTOR DO AUTO EVADIU DO LOCAL,,1,,,,,,,,1,,Cruzamento,Bom,Sem defeito,Incompleta,Seca,Mal iluminada,Faixa de pedestre,Outras,,Dupla,Faixa contínua,,,,,,,,
2019-06-02,19:46:00,COM VÍTIMA,FINALIZADA,CAMPINA DO BARRETO,RUA IGUATU,,RUA CONEGO OLIMPIO TORRES,,RUA IGUATU,,,CAMPINA DO BARRETO,,SUBURBIO,COLISÃO COM CICLISTA,MOTO X CICLISTA,,1,,1,,,,,,1,,Longo da via,Bom,Não existe,Perfeito estado,Seca,Perfeito estado,Outros,Outras,,Dupla,Outros,,,,,,,,
2019-06-02,21:19:00,COM VÍTIMA,FINALIZADA,ARRUDA,AV PROFESSOR JOSE DOS ANJOS,,RUA PETRONILA BOTELHO,,AV PROFESSOR JOSE DOS ANJOS,,,ARRUDA,,SUB/CID,ABALROAMENTO LONGITUDINAL,AUTO X MOTO,1,1,,,,,,,,1,,Cruzamento,Bom,Sem defeito,Perfeito estado,Seca,Perfeito estado,Faixa de pedestre,,,Dupla,Canal,,,,,,,,
2019-06-02,21:58:00,SEM VÍTIMA,CANCELADA,TORRE,AV BEIRA RIO,,RUA CONDE DE IRAJA,PROX AO EDF DUAS NACOES,AV BEIRA RIO,,PROX AO EDF DUAS NACOES,TORRE,,,COLISÃO,,2,,,,,,,,,0,,,,,,,,,,,,,,,,,,,,
2019-06-02,23:52:00,SEM VÍTIMA,FINALIZADA,IPSEP,RUA ITACARE,,,PAGODE DO ESPAÇO ABERTO,RUA ITACARE,,PAGODE DO ESPAÇO ABERTO,IPSEP,,,CHOQUE VEÍCULO PARADO,DOIS AUTO SEM VITIMAS,2,,,,,,,,,0,,Longo da via,Bom,Não existe,Incompleta,Seca,Perfeito estado,,Não há placas,30 km/h,Dupla,Não existe,,,,,,,,
2019-06-03,06:56:00,SEM VÍTIMA,FINALIZADA,ENCRUZILHADA,AV BEBERIBE,,,,AV BEBERIBE,,,ENCRUZILHADA,,CIDADE,COLISÃO TRASEIRA,SEM VITIMAS,2,,,,,,,,,0,,Longo da via,Bom,Sem defeito,Perfeito estado,Seca,Perfeito estado,,,60 km/h,,,,,,,,,,
2019-06-03,07:29:00,SEM VÍTIMA,FINALIZADA,SÃO JOSÉ,C SANTA RITA,595,,EM FRENTE AS TORRES GEMEAS,C SANTA RITA,595,EM FRENTE AS TORRES GEMEAS,SÃO JOSÉ,,CIDADE,COLISÃO TRASEIRA,TRES AUTOS,3,,,,,,,,,0,,Longo da via,Bom,Não existe,Perfeito estado,Seca,,Não existe,Não há placas,60 km/h,Única,Faixa seccionada,,,,,,,,
2019-06-03,07:44:00,SEM VÍTIMA,CANCELADA,IMBIRIBEIRA,RUA JAMAICA,,,AO LADO DO MARTELINHO DE OURO,RUA JAMAICA,,AO LADO DO MARTELINHO DE OURO,IMBIRIBEIRA,,,COLISÃO,DOIS AUTOS,2,,,,,,,,,0,,,,,,,,,,,,,,,,,,,,
2019-06-03,07:55:00,SEM VÍTIMA,FINALIZADA,TORRE,RUA JOSE BONIFACIO,,RUA PADRE ANCHIETA,,RUA JOSE BONIFACIO,,,TORRE,193,SUBURBIO,ABALROAMENTO TRANSVERSAL,COLISÃO SEM VITIMAS,1,,,,,1,,,,0,,Cruzamento,Bom,Sem defeito,Perfeito estado,Seca,Perfeito estado,Não existe,Não há placas,,Única,Faixa seccionada,,,,,,,,
2019-06-03,08:48:00,SEM VÍTIMA,CANCELADA,ESTÂNCIA,AV RECIFE,204,,EM FRENTE A OFICINA BARATÃO,AV RECIFE,204,EM FRENTE A OFICINA BARATÃO,ESTÂNCIA,,BR101,COLISÃO,SEM VITIMAS,1,,,,,,1,,,0,,,,,,,,,,,,,,,,,,,,
2019-06-03,09:31:00,SEM VÍTIMA,CANCELADA,AFOGADOS,AV SUL,,,100 APOS POLICLINICA AGAMENON MAGALHÃES,AV SUL,,100 APOS POLICLINICA AGAMENON MAGALHÃES,AFOGADOS,,,COLISÃO,SEM VITIMAS,2,,,,,,,,,0,,,,,,,,,,,,,,,,,,,,
2019-06-03,10:13:00,SEM VÍTIMA,FINALIZADA,DERBY,RUA DR SEVERINO PINHEIRO,,,SOBRE A PONTE DO DERBY ( PONTE ESTÁCIO COIMBRA),RUA DR SEVERINO PINHEIRO,,SOBRE A PONTE DO DERBY ( PONTE ESTÁCIO COIMBRA),DERBY,,CIDADE,COLISÃO TRASEIRA,DOIS AUTOS,2,,,,,,,,,0,,Longo da via,Bom,Não existe,Perfeito estado,Seca,Perfeito estado,Não existe,Não há placas,,Dupla,Faixa contínua,,,,,,,,
2019-06-03,12:10:00,SEM VÍTIMA,FINALIZADA,PRADO,RUA GOMES TABORDA,1172,,,RUA GOMES TABORDA,1172,,PRADO,,SUBURBIO,ABALROAMENTO LONGITUDINAL,DOIS AUTO SEM VITIMAS,2,,,,,,,,,0,,Longo da via,Bom,Não existe,Perfeito estado,Seca,,Não existe,Outras,,Única,Faixa seccionada,,,,,,,,
2019-06-03,12:41:00,SEM VÍTIMA,FINALIZADA,ENCRUZILHADA,AV BEBERIBE,189,,EM FRENTE A DROGARIA PRIME,AV BEBERIBE,189,EM FRENTE A DROGARIA PRIME,ENCRUZILHADA,,SUBURBIO,COLISÃO TRASEIRA,COLISÃO SEM VÍTIMA,2,,,,,,,,,0,,Longo da via,Bom,Sem defeito,Perfeito estado,Seca,Perfeito estado,Faixa de pedestre,R-6a,40 km/h,Dupla,Faixa contínua,,,,,,,,
2019-06-03,13:47:00,SEM VÍTIMA,FINALIZADA,CABANGA,AV SUL,,,EM FRENTE AO SEMÁFORO Nº 260,AV SUL,,EM FRENTE AO SEMÁFORO Nº 260,CABANGA,,,COLISÃO TRASEIRA,DOIS AUTO SEM VITIMAS,2,,,,,,,,,0,,Longo da via,Bom,Sem defeito,Perfeito estado,Seca,Perfeito estado,Não existe,Não há placas,,Dupla,Faixa seccionada,,,,,,,,
2019-06-03,14:17:00,SEM VÍTIMA,FINALIZADA,ESPINHEIRO,AV GOVERNADOR AGAMENON MAGALHAES,,,E/F AO POSTO SHELL,AV GOVERNADOR AGAMENON MAGALHAES,,E/F AO POSTO SHELL,ESPINHEIRO,78,CIDADE,ABALROAMENTO TRANSVERSAL,COLISAO ENTRE DOIS AUTOS S/V,2,,,,,,,,,0,,Longo da via,Bom,Sem defeito,Perfeito estado,Seca,Perfeito estado,Não existe,Não há placas,60 km/h,Única,Faixa contínua,,,,,,,,
2019-06-03,14:37:00,COM VÍTIMA,FINALIZADA,BOA VISTA,AV CONDE DA BOA VISTA,,RUA GONCALVES MAIA,POSTO DE COMBUSTÍVEL SHELL,AV CONDE DA BOA VISTA,,POSTO DE COMBUSTÍVEL SHELL,BOA VISTA,299,CIDADE,ABALROAMENTO TRANSVERSAL,AUTO PASSEIO E MOTOCICLETA COM UMA VÍTIMA,1,1,,,,,,,,1,,Longo da via,Bom,Sem defeito,Perfeito estado,Seca,Perfeito estado,Não existe,Outras,60 km/h,Dupla,Faixa contínua,,,,,,,,
2019-06-03,14:53:00,SEM VÍTIMA,FINALIZADA,IMBIRIBEIRA,AV MARECHAL MASCARENHAS DE MORAES,2555,,,AV MARECHAL MASCARENHAS DE MORAES,2555,,IMBIRIBEIRA,,SUBURBIO,ABALROAMENTO LONGITUDINAL,DOIS AUTOS,2,,,,,,,,,0,,Longo da via,Bom,Sem defeito,Perfeito estado,Seca,Perfeito estado,Faixa de pedestre,Não há placas,,Dupla,Canteiro central,,,,,,,,
2019-06-03,15:40:00,SEM VÍTIMA,FINALIZADA,ESPINHEIRO,AV CONS ROSA E SILVA,295,RUA DA HORA,ALBERICO NOIVAS,AV CONS ROSA E SILVA,295,ALBERICO NOIVAS,ESPINHEIRO,,SUBURBIO,ABALROAMENTO LONGITUDINAL,DOIS AUTO SEM VITIMAS,2,,,,,,,,,0,,,Bom,Não existe,Perfeito estado,Seca,Perfeito estado,Não existe,R-6a,,Única,Faixa seccionada,,,,,,,,
2019-06-03,15:42:00,SEM VÍTIMA,FINALIZADA,CAJUEIRO,AV SEBASTIAO SALAZAR,,AV BEBERIBE,LADO OPOSTO À GALERIA CAJUEIRO,AV SEBASTIAO SALAZAR,,LADO OPOSTO À GALERIA CAJUEIRO,CAJUEIRO,,SUBURBIO,ABALROAMENTO LONGITUDINAL,COLISAO ENTRE DOIS AUTOS S/V,2,,,,,,,,,0,,Cruzamento,Bom,Não existe,Perfeito estado,Seca,Perfeito estado,Faixa de pedestre,Não há placas,,Dupla,Faixa contínua,Faixa seccionada,Blocos,,,,,,
2019-06-03,15:53:00,SEM VÍTIMA,FINALIZADA,BOA VIAGEM,AV REPUBLICA DO LIBANO,,,EM FRENTE AO EMPRESARIAL RIOMAR,AV REPUBLICA DO LIBANO,,EM FRENTE AO EMPRESARIAL RIOMAR,BOA VIAGEM,,SUBURBIO,COLISÃO TRASEIRA,COLISAO ENTRE DOIS AUTOS S/V,2,,,,,,,,,0,,Longo da via,Bom,Não existe,Perfeito estado,Seca,Perfeito estado,Não existe,Não há placas,,Única,Faixa seccionada,,,,,,,,
2019-06-03,16:11:00,SEM VÍTIMA,FINALIZADA,CIDADE UNIVERSITÁRIA,AV PROFESSOR LUIZ FREIRE,,,LADO OPSOTO AO COMANDO DA 7º REGIÃO MILITAR,AV PROFESSOR LUIZ FREIRE,,LADO OPSOTO AO COMANDO DA 7º REGIÃO MILITAR,CIDADE UNIVERSITÁRIA,,SUBURBIO,ABALROAMENTO LONGITUDINAL,COLISAO ENTRE DOIS AUTOS S/V,2,,,,,,,,,0,,Longo da via,Bom,Não existe,Incompleta,Seca,,Não existe,Não há placas,,Dupla,Faixa seccionada,,,,,,,,
2019-06-03,16:13:00,COM VÍTIMA,FINALIZADA,VASCO DA GAMA,RUA VASCO DA GAMA,,,,RUA VASCO DA GAMA,,,VASCO DA GAMA,,SUBURBIO,COLISÃO FRONTAL,AUTO E MOTO COM VITIMAS,1,1,,,,,,,,1,,Longo da via,Bom,Não existe,Perfeito estado,Seca,Perfeito estado,Não existe,R-6a,30 km/h,,Não existe,,,,,,,,
2019-06-03,16:38:00,SEM VÍTIMA,CANCELADA,SANTO AMARO,AV JOAO DE BARROS,,,E/F AO POSTO DE GASOLINA PETROBRAS,AV JOAO DE BARROS,,E/F AO POSTO DE GASOLINA PETROBRAS,SANTO AMARO,,SUBURBIO,COLISÃO,ONIBUS E AUTO SEM VITIMAS,1,,,,,1,,,,0,,,,,,,,,,,,,,,,,,,,
2019-06-03,16:41:00,SEM VÍTIMA,FINALIZADA,BOA VIAGEM,RUA ERNESTO DE PAULA SANTOS,,RUA AMALIA BERNARDINO DE SOUZA,EM FRENTE AO POSTO DE COMBUSTÍVEL BR,RUA ERNESTO DE PAULA SANTOS,,EM FRENTE AO POSTO DE COMBUSTÍVEL BR,BOA VIAGEM,,,ABALROAMENTO TRANSVERSAL,DOIS AUTO SEM VITIMAS,2,,,,,,,,,0,,Cruzamento,Bom,Não existe,Não existente,Seca,Perfeito estado,Não existe,Não há placas,,Única,Faixa seccionada,,,,,,,,
2019-06-03,16:55:00,SEM VÍTIMA,FINALIZADA,BONGI,RUA ISAAC MARKMAN,,AV MANOEL GONCALVES DA LUZ,,RUA ISAAC MARKMAN,,,BONGI,,,ABALROAMENTO LONGITUDINAL,COLISÃO SEM VÍTIMA,1,,,,,1,,,,0,,Cruzamento,Bom,Não existe,Perfeito estado,Seca,Perfeito estado,Outros,Outras,60 km/h,Dupla,Faixa contínua,Faixa seccionada,,,,,,,
2019-06-03,18:35:00,SEM VÍTIMA,FINALIZADA,SAN MARTIN,RUA VINTE E UM DE ABRIL,,,EM FRENTE A EMPREL,RUA VINTE E UM DE ABRIL,,EM FRENTE A EMPREL,SAN MARTIN,,SUBURBIO,COLISÃO TRASEIRA,ENTRE ÕNIBUS E KOMBI. S/V,1,,,,,1,,,,0,,Longo da via,Bom,Não existe,Perfeito estado,Seca,Perfeito estado,Não existe,Não há placas,,Dupla,Não existe,,,,,,,,
2019-06-03,18:47:00,SEM VÍTIMA,FINALIZADA,SÃO JOSÉ,RUA FLORIANO PEIXOTO,699,RUA DO PEIXOTO,PROX A ANDERSON MOTO PEÇAS,RUA FLORIANO PEIXOTO,699,PROX A ANDERSON MOTO PEÇAS,SÃO JOSÉ,,SUBURBIO,ABALROAMENTO LONGITUDINAL,ONIBUS X HB 20,1,,,,,1,,,,0,,,,Não existe,Perfeito estado,Seca,Mal conservada,Não existe,Outras,,Única,Faixa seccionada,,,,,,,,
2019-06-03,19:07:00,SEM VÍTIMA,FINALIZADA,BOA VISTA,TRV CORREIA NETO,,RUA DA AURORA,AO LADO DA ASSEMBLEIA LEGISLATIVA DE PERNAMBUCO,TRV CORREIA NETO,,AO LADO DA ASSEMBLEIA LEGISLATIVA DE PERNAMBUCO,BOA VISTA,,SUBURBIO,CHOQUE VEÍCULO PARADO,CAMINHAO BAU X AUTO,1,,,,,,1,,,0,,Longo da via,Bom,Não existe,Perfeito estado,Seca,,Não existe,Outras,,Única,Não existe,,,,,,,,
2019-06-03,19:24:00,COM VÍTIMA,FINALIZADA,SANTO AMARO,AV CRUZ CABUGA,,RUA VINTE E QUATRO DE AGOSTO,,AV CRUZ CABUGA,,,SANTO AMARO,,SUBURBIO,ABALROAMENTO TRANSVERSAL,MOTO E COLETIVO,,1,,,,1,,,,1,,Cruzamento,Bom,Não existe,Incompleta,Seca,Perfeito estado,Não existe,Outras,,Dupla,Faixa contínua,,,,,,,,
2019-06-03,19:44:00,SEM VÍTIMA,FINALIZADA,NOVA DESCOBERTA,RUA NOVA DESCOBERTA,4338,,,RUA NOVA DESCOBERTA,4338,,NOVA DESCOBERTA,,SUBURBIO,ABALROAMENTO TRANSVERSAL,ENTRE ÕNIBUS E AUTO. S/V,1,,,,,1,,,,0,,Longo da via,Bom,Não existe,Incompleta,Seca,Perfeito estado,Não existe,Não há placas,,Dupla,Faixa seccionada,,,,,,,,
2019-06-03,20:28:00,SEM VÍTIMA,FINALIZADA,PINA,AV ANTONIO DE GOES,,,TÚNEL JOUSÉ DE CASTRO,AV ANTONIO DE GOES,,TÚNEL JOUSÉ DE CASTRO,PINA,,CIDADE,ABALROAMENTO LONGITUDINAL,ENTRE 2 AUTOS. S/V,2,,,,,,,,,0,,Cruzamento,Bom,Sem defeito,Perfeito estado,Seca,Perfeito estado,,,,,,,,,,,,,
2019-06-03,21:21:00,SEM VÍTIMA,CANCELADA,CASA AMARELA,AV NORTE,,,E/F A PRC DO TRABALHO, SNT CENTRO,AV NORTE,,E/F A PRC DO TRABALHO, SNT CENTRO,CASA AMARELA,,,COLISÃO,ENTRE 2 AUTOS. S/V,2,,,,,,,,,0,,,,,,,,,,,,,,,,,,
2019-06-04,03:11:00,COM VÍTIMA,FINALIZADA,CORDEIRO,AV CAXANGA,,,POSTE Nº B 058761 / EM FRENTE AO CENTRO PASTORAL PE OSCAR MARTINS,AV CAXANGA,,POSTE Nº B 058761 / EM FRENTE AO CENTRO PASTORAL PE OSCAR MARTINS,CORDEIRO,,CIDADE,CHOQUE OBJETO FIXO,CONDUTOR PERDEU O CONTROLE DO VEÍCULO E CHOCOU-SE CONTRA O POSTE,1,,,,,,,,,1,,Longo da via,Chuvoso,Não existe,Perfeito estado,Molhada,Perfeito estado,Não existe,Outras,60 km/h,Dupla,Canteiro central,,,,,,,,
2019-06-04,05:38:00,SEM VÍTIMA,FINALIZADA,ILHA DO LEITE,PRC MIGUEL DE CERVANTES,,RUA ANTONIO GOMES DE FREITAS,AO LADO DO N 60,PRC MIGUEL DE CERVANTES,,AO LADO DO N 60,ILHA DO LEITE,,CIDADE,ABALROAMENTO TRANSVERSAL,COLISÃO ENTRE ÔNIBUS E AUTO S/V,1,,,,,1,,,,0,,Cruzamento,Bom,Não existe,Perfeito estado,Seca,Perfeito estado,Não existe,Placas Pare,,Única,,,,,,,,,
2019-06-04,06:14:00,SEM VÍTIMA,FINALIZADA,TORRÕES,AV ENGENHEIRO ABDIAS DE CARVALHO,,,,AV ENGENHEIRO ABDIAS DE CARVALHO,,,TORRÕES,272,CIDADE,COLISÃO TRASEIRA,SEM VITIMAS,1,,,,,,1,,,0,,Longo da via,Bom,Sem defeito,Perfeito estado,Seca,Perfeito estado,Faixa de pedestre,Não há placas,,Dupla,Faixa seccionada,Canteiro central,,,,,,,
2019-06-04,06:56:00,SEM VÍTIMA,FINALIZADA,IMBIRIBEIRA,AV MARECHAL MASCARENHAS DE MORAES,2967,RUA JOSE DA SILVA LUCENA,,AV MARECHAL MASCARENHAS DE MORAES,2967,,IMBIRIBEIRA,,CIDADE,COLISÃO TRASEIRA,,2,,,,,,,,,0,,,Bom,Não existe,Perfeito estado,Seca,Perfeito estado,Não existe,Não há placas,60 km/h,Dupla,Faixa seccionada,Canteiro central,,,,,,,
2019-06-04,07:02:00,SEM VÍTIMA,CANCELADA,GRAÇAS,AV RUI BARBOSA,,PRC DO ENTRONCAMENTO,EM FRENTE AS PRAÇA DO ENTRONCAMENTO,E AO BANCO ITAÚ,AV RUI BARBOSA,,EM FRENTE AS PRAÇA DO ENTRONCAMENTO,E AO BANCO ITAÚ,GRAÇAS,,,COLISÃO,SEM, VITIMAS,1,,,,,1,,,,0,,,,,,,,,,,,,,,,,
2019-06-04,07:28:00,SEM VÍTIMA,FINALIZADA,DERBY,AV GOVERNADOR AGAMENON MAGALHAES,,,APÓS O SEMÁFORO 75,AV GOVERNADOR AGAMENON MAGALHAES,,APÓS O SEMÁFORO 75,DERBY,75,SUBURBIO,COLISÃO TRASEIRA,SEM VITIMAS,3,,,,,,,,,0,,Longo da via,Chuvoso,Sem defeito,Perfeito estado,Molhada,Perfeito estado,Outros,Outras,,Dupla,Canteiro central,,,,,,,,
2019-06-04,07:37:00,COM VÍTIMA,FINALIZADA,BOA VIAGEM,AV ARMINDO MOURA,500,,GAP GRUPO DE APOIO DO RECIFE,AV ARMINDO MOURA,500,GAP GRUPO DE APOIO DO RECIFE,BOA VIAGEM,,,ABALROAMENTO TRANSVERSAL,COLISÃO C/VITIMA ENTRE UMA MOTO E UM AUTO,1,1,,,,,,,,1,,Longo da via,Bom,Não existe,Perfeito estado,Molhada,Perfeito estado,Não existe,Não há placas,40 km/h,Dupla,Faixa seccionada,,,,,,,,
2019-06-04,08:14:00,SEM VÍTIMA,FINALIZADA,AFOGADOS,RUA MOTOCOLOMBO,,RUA FRANCISCO SILVEIRA,,RUA MOTOCOLOMBO,,,AFOGADOS,,SUBURBIO,ABALROAMENTO LONGITUDINAL,SEM VITIMAS,2,,,,,,,,,0,,Longo da via,Bom,Não existe,Perfeito estado,Seca,Perfeito estado,Não existe,Não há placas,,,,,,,,,,,
2019-06-04,08:21:00,SEM VÍTIMA,FINALIZADA,TAMARINEIRA,RUA TELES JUNIOR,155 B,RUA GENERAL ARTUR OSCAR,,RUA TELES JUNIOR,155 B,,TAMARINEIRA,,SUBURBIO,ABALROAMENTO LONGITUDINAL,DOIS AUTOS,2,,,,,,,,,0,,Longo da via,Bom,Não existe,Perfeito estado,Seca,Perfeito estado,Faixa de pedestre,Placas Pare,,Dupla,Não existe,,,,,,,,
2019-06-04,09:15:00,SEM VÍTIMA,FINALIZADA,MADALENA,EST DOS REMEDIOS,2464,,EM FRENTE A POLICLÍNICA LESSA DE ANDRADE,EST DOS REMEDIOS,2464,EM FRENTE A POLICLÍNICA LESSA DE ANDRADE,MADALENA,,CIDADE,ABALROAMENTO LONGITUDINAL,COLISÃO S/VITIMAS ENTRE DOIS AUTOS,2,,,,,,,,,0,,Longo da via,Chuvoso,Sem defeito,Perfeito estado,Seca,Perfeito estado,Não existe,Não há placas,,Única,Faixa contínua,,,,,,,,
2019-06-04,09:21:00,COM VÍTIMA,FINALIZADA,IBURA,LAD DA COHAB,,,PROX. A PICLINA ARNALDO MARQUES,LAD DA COHAB,,PROX. A PICLINA ARNALDO MARQUES,IBURA,,SUBURBIO,COLISÃO COM CICLISTA,AUTO E CICLISTA (PONTO FIXO),1,,,1,,,,,,1,,Longo da via,Bom,Não existe,Perfeito estado,Seca,Mal conservada,Agente,Não há placas,,Dupla,Faixa contínua,,,,,,,,
2019-06-04,09:33:00,SEM VÍTIMA,FINALIZADA,ESPINHEIRO,AV JOAO DE BARROS,,RUA DO ESPINHEIRO,,AV JOAO DE BARROS,,,ESPINHEIRO,89,SUBURBIO,ABALROAMENTO LONGITUDINAL,COLISÃO S/VITIMAS ENTRE DOIS AUTOS,2,,,,,,,,,0,,Cruzamento,Chuvoso,Sem defeito,Perfeito estado,Molhada,Perfeito estado,Faixa de pedestre,Outras,,Única,Faixa contínua,Faixa seccionada,,,,,,,
2019-06-04,09:36:00,SEM VÍTIMA,FINALIZADA,BOA VIAGEM,RUA ERNESTO DE PAULA SANTOS,,,SEMÁFORO 330,RUA ERNESTO DE PAULA SANTOS,,SEMÁFORO 330,BOA VIAGEM,330,SUBURBIO,COLISÃO TRASEIRA,SEM VITIMAS,2,,,,,,,1,,0,,Longo da via,Bom,Sem defeito,Perfeito estado,Seca,Perfeito estado,,Outras,,Única,Faixa seccionada,,,,,,,,
2019-06-04,10:12:00,COM VÍTIMA,FINALIZADA,BOA VISTA,AV CONDE DA BOA VISTA,1482,,EM FRENTE AO EDF SANTA TEREZINHA,AV CONDE DA BOA VISTA,1482,EM FRENTE AO EDF SANTA TEREZINHA,BOA VISTA,,,ATROPELAMENTO,MOTO E PEDESTRE BATEDORES NO LOCAL,,1,,,1,,,,,1,,Longo da via,Bom,Não existe,Perfeito estado,Seca,Perfeito estado,Faixa de pedestre,R-6c,,Dupla,Faixa contínua,,,,,,,,
2019-06-04,10:21:00,SEM VÍTIMA,FINALIZADA,VÁRZEA,AV AFONSO OLINDENSE,202,,,AV AFONSO OLINDENSE,202,,VÁRZEA,,SUBURBIO,ABALROAMENTO TRANSVERSAL,DOIS AUTOS,2,,,,,,,,,0,,Longo da via,Bom,Não existe,Perfeito estado,Seca,Perfeito estado,Não existe,R-6a,,Dupla,Faixa seccionada,,,,,,,,