data,hora,natureza_acidente,situacao,bairro,endereco,numero,detalhe_endereco_acidente,complemento,endereco_cruzamento,numero_cruzamento,referencia_cruzamento,bairro_cruzamento,num_semaforo,sentido_via,tipo,descricao,auto,moto,ciclom,ciclista,pedestre,onibus,caminhao,viatura,outros,vitimas,vitimasfatais,acidente_verificado,tempo_clima,situacao_semaforo,sinalizacao,condicao_via,conservacao_via,ponto_controle,situacao_placa,velocidade_max_via,mao_direcao,divisao_via1,divisao_via2,divisao_via3,,,,,,
2019-06-08,15:43:00,SEM VÍTIMA,FINALIZADA,ROSARINHO,RUA COUTO MAGALHAES,395,,LADO OPOSTO AO Nº 470,RUA COUTO MAGALHAES,395,LADO OPOSTO AO Nº 470,ROSARINHO,,,ABALROAMENTO LONGITUDINAL,COLISÃO COM VITIMA,2,1,,,,,,,,0,,Longo da via,Bom,Não existe,Perfeito estado,Seca,Perfeito estado,Não existe,R-6a,,Única,Faixa seccionada,,,,,,,,
2019-06-08,17:45:00,SEM VÍTIMA,FINALIZADA,IMBIRIBEIRA,AV MARECHAL MASCARENHAS DE MORAES,,,E/F AO POSTO SHELL,AV MARECHAL MASCARENHAS DE MORAES,,E/F AO POSTO SHELL,IMBIRIBEIRA,,SUBURBIO,ABALROAMENTO LONGITUDINAL,COLISAO ENTRE DOIS AUTOS S/V,2,,,,,,,,,0,,,Bom,Não existe,,Seca,Perfeito estado,Não existe,Não há placas,,,,,,,,,,,
2019-06-08,20:36:00,SEM VÍTIMA,FINALIZADA,IPUTINGA,AV CAXANGA,,,LADO OPOSTO AO HOSPITAL SANTA TEREZINHA,AV CAXANGA,,LADO OPOSTO AO HOSPITAL SANTA TEREZINHA,IPUTINGA,,,ABALROAMENTO LONGITUDINAL,,1,,,,,,,,,0,,Longo da via,Bom,Não existe,Ilegível,Seca,Mal iluminada,,Outras,,Dupla,Canteiro central,,,,,,,,
2019-06-08,23:02:00,SEM VÍTIMA,FINALIZADA,BOA VIAGEM,AV BOA VIAGEM,5030,RUA DR VICENTE GOMES,,AV BOA VIAGEM,5030,,BOA VIAGEM,483,CIDADE,ABALROAMENTO LONGITUDINAL,ENTRE ÕNIBUS E AUTO PASSEIO. S/V,1,,,,,1,,,,0,,Longo da via,Bom,Sem defeito,Perfeito estado,Seca,Perfeito estado,Faixa de pedestre,Não há placas,,Única,Faixa contínua,Faixa seccionada,,,,,,,
2019-06-09,00:57:00,SEM VÍTIMA,FINALIZADA,CASA AMARELA,RUA DA HARMONIA,,EST DO ENCANAMENTO,,RUA DA HARMONIA,,,CASA AMARELA,435,,ABALROAMENTO TRANSVERSAL,COLISÃO ENTRE DOIS AUTOS, SEM VÍTIMAS,2,,,,,,,,,0,,Cruzamento,Bom,Intermitente,Perfeito estado,Molhada,Perfeito estado,Faixa de pedestre,Outras,,Dupla,Faixa seccionada,,,,,,,
2019-06-09,02:20:00,SEM VÍTIMA,CANCELADA,SÃO JOSÉ,RUA IMPERIAL,,,NA DESCIDA DO VIADUTO CAPITÃO TEMUDO // ACESOO PARA AV IMPERIAL,RUA IMPERIAL,,NA DESCIDA DO VIADUTO CAPITÃO TEMUDO // ACESOO PARA AV IMPERIAL,SÃO JOSÉ,,,CHOQUE OBJETO FIXO,CONDUTOR PERDEU O CONTROLE DO VEÍCULO E CHOCOU-SE CONTRA O MEIO-FIO,1,,,,,,,,,0,,,,,,,,,,,,,,,,,,,,
2019-06-09,03:27:00,SEM VÍTIMA,FINALIZADA,AFOGADOS,RUA MOTOCOLOMBO,,RUA PROFESSOR AUGUSTO WANDERLEY FILHO,,RUA MOTOCOLOMBO,,,AFOGADOS,39,SUBURBIO,ABALROAMENTO TRANSVERSAL,ENTRRE 2 AUTOS. S/V,2,,,,,,,,,0,,Cruzamento,Bom,Intermitente,Perfeito estado,Seca,Perfeito estado,Faixa de pedestre,R-6c,50 km/h,Única,,,,,,,,,
2019-06-09,04:52:00,SEM VÍTIMA,FINALIZADA,GUABIRABA,AV DA RECUPERACAO,1702,,EM FRENTE AO TERMINAL DE ÔNIBUS DA GUABIRABA,AV DA RECUPERACAO,1702,EM FRENTE AO TERMINAL DE ÔNIBUS DA GUABIRABA,GUABIRABA,,SUBURBIO,CHOQUE OBJETO FIXO,VEÍCULO CHOCOU-SE CONTRA O MURO DE UMA RESIDÊNCIA,1,,,,,,,,,0,,Longo da via,Chuvoso,Não existe,Não existente,Molhada,Perfeito estado,Não existe,Não há placas,,Dupla,Não existe,,,,,,,,
2019-06-09,05:08:00,SEM VÍTIMA,FINALIZADA,ARRUDA,AV BEBERIBE,,AV PROFESSOR JOSE DOS ANJOS,AO LADO DO CAMPO DO ARRUDA,AV BEBERIBE,,AO LADO DO CAMPO DO ARRUDA,ARRUDA,131,CIDADE,ABALROAMENTO LONGITUDINAL,ENTRE 2 AUTOS. S/V,2,,,,,,,,,0,,Cruzamento,Bom,Intermitente,Ilegível,Seca,Mal iluminada,Faixa de pedestre,Outras,60 km/h,Dupla,Faixa contínua,,,,,,,,
2019-06-09,05:51:00,COM VÍTIMA,FINALIZADA,BOA VIAGEM,AV ENGENHEIRO DOMINGOS FERREIRA,636,RUA PEREIRA DA COSTA,EM FRENTE AO CLINICCAL CENTER,AV ENGENHEIRO DOMINGOS FERREIRA,636,EM FRENTE AO CLINICCAL CENTER,BOA VIAGEM,142,SUBURBIO,COLISÃO TRASEIRA,COLISÃO ENTRE DOIS AUTOS, COM VÍTIMA,2,,,,,,,,,2,,Longo da via,Bom,Sem defeito,Perfeito estado,Seca,Perfeito estado,Faixa de pedestre,,60 km/h,Única,Canteiro central,,,,,,,
2019-06-09,07:04:00,SEM VÍTIMA,FINALIZADA,PRADO,AV ENGENHEIRO ABDIAS DE CARVALHO,,,EM FRENTE AO HABIB´S,AV ENGENHEIRO ABDIAS DE CARVALHO,,EM FRENTE AO HABIB´S,PRADO,,CIDADE,COLISÃO,COLISÃO SEM VITIMAS,3,,,,,,,,,0,,,,,,,,,,,,,,,,,,,,
2019-06-09,08:04:00,SEM VÍTIMA,FINALIZADA,SÃO JOSÉ,AV SUL,,,LADO OPOSTO AO 16 BPM,AV SUL,,LADO OPOSTO AO 16 BPM,SÃO JOSÉ,582,CIDADE,COLISÃO TRASEIRA,SEM VITIMAS,VT15,,,,,,2,,,,0,,Longo da via,Bom,Sem defeito,Perfeito estado,Seca,Perfeito estado,Faixa de pedestre,Outras,,Única,Faixa contínua,,,,,,,
2019-06-09,10:16:00,SEM VÍTIMA,FINALIZADA,DOIS UNIDOS,RUA DIVISOPOLIS,19,,,RUA DIVISOPOLIS,19,,DOIS UNIDOS,,,ABALROAMENTO LONGITUDINAL,AUTO E MOTO,1,1,,,,,,,,0,,Longo da via,Bom,Não existe,Não existente,Seca,Perfeito estado,Não existe,Não há placas,,Dupla,Não existe,,,,,,,,
2019-06-09,12:21:00,SEM VÍTIMA,FINALIZADA,IBURA,AV JORNALISTA COSTA PORTO,600,,EM FRENTE AO Nº 600,AV JORNALISTA COSTA PORTO,600,EM FRENTE AO Nº 600,IBURA,,CIDADE,ABALROAMENTO LONGITUDINAL,COLISÃO SEM VITIMA,2,,,,,,,,,0,,Longo da via,Bom,Não existe,Perfeito estado,Seca,Perfeito estado,Não existe,Não há placas,,Dupla,Não existe,,,,,,,,
2019-06-09,12:40:00,SEM VÍTIMA,FINALIZADA,BOA VIAGEM,AV CONSELHEIRO AGUIAR,4310,RUA ERNESTO DE PAULA SANTOS,AO LADO HABIB'S,AV CONSELHEIRO AGUIAR,4310,AO LADO HABIB'S,BOA VIAGEM,127,CIDADE,ABALROAMENTO LONGITUDINAL,COLISÃO SEM VÍTIMA,2,,,,,,,,,0,,Cruzamento,Bom,Sem defeito,Perfeito estado,Seca,Perfeito estado,Faixa de pedestre,R-6a,,Única,Faixa contínua,Faixa seccionada,,,,,,,
2019-06-09,16:22:00,SEM VÍTIMA,FINALIZADA,MACAXEIRA,AV NORTE,,RUA CORONEL JOAO BATISTA DO REGO BARROS,PROX A ANTIGA FABRICA da macaxeira,AV NORTE,,PROX A ANTIGA FABRICA da macaxeira,MACAXEIRA,671,CIDADE,COLISÃO TRASEIRA,COLISÃO SEM VITIMA,2,,,,,,,,,0,,Longo da via,Bom,Sem defeito,Perfeito estado,Seca,Perfeito estado,Faixa de retenção,R-6a,,Dupla,Canteiro central,,,,,,,,
2019-06-09,16:24:00,SEM VÍTIMA,FINALIZADA,BOA VIAGEM,RUA ANTONIO FALCAO,,AV ENGENHEIRO DOMINGOS FERREIRA,,RUA ANTONIO FALCAO,,,BOA VIAGEM,145,SUBURBIO,COLISÃO TRASEIRA,COLISÃO SEM VITIMA,1,1,,,,,,,,0,,Cruzamento,Bom,Sem defeito,Perfeito estado,Seca,Perfeito estado,Faixa de pedestre,R-6a,,Única,Faixa contínua,,,,,,,,
2019-06-09,16:25:00,SEM VÍTIMA,FINALIZADA,BOA VISTA,RUA AURORA,,AV CONDE DA BOA VISTA,,RUA AURORA,,,BOA VISTA,162,SUBURBIO,ABALROAMENTO LONGITUDINAL,DOIS ÔNIBUS - EMPRESAS - METROPOLITANA X BORBOREMA,,,,,,2,,,,0,,Cruzamento,Bom,Sem defeito,Perfeito estado,Seca,Perfeito estado,Faixa de pedestre,,,,,,,,,,,,
2019-06-09,16:58:00,COM VÍTIMA,FINALIZADA,APIPUCOS,RUA CORONEL JOAO BATISTA DO REGO BARROS,,,PROX. AO PARQUE , SOBRE A PONTE,RUA CORONEL JOAO BATISTA DO REGO BARROS,,PROX. AO PARQUE , SOBRE A PONTE,APIPUCOS,540,SUBURBIO,COLISÃO COM CICLISTA,COLISÃO COM VITIMA,,1,,1,,,,,,1,,Longo da via,Bom,Sem defeito,Perfeito estado,Seca,Perfeito estado,Não existe,Não há placas,,Dupla,Não existe,,,,,,
2019-06-09,17:22:00,SEM VÍTIMA,FINALIZADA,IPSEP,AV RECIFE,1287,,,AV RECIFE,1287,,IPSEP,,CIDADE,COLISÃO TRASEIRA,COLISÃO SEM VITIMA,2,,,,,,,,,0,,Longo da via,Bom,Não existe,Perfeito estado,Seca,Perfeito estado,Não existe,R-6a,60 km/h,Única,Faixa seccionada,,,,,,,,
2019-06-09,18:10:00,COM VÍTIMA,FINALIZADA,VÁRZEA,RUA VALE DO SIRIJI,,,E/F AO COLÉGIO ESTADUAL MARIA DA CONC E AO LADO DA IGREJA CATÓLICA,RUA VALE DO SIRIJI,,E/F AO COLÉGIO ESTADUAL MARIA DA CONC E AO LADO DA IGREJA CATÓLICA,VÁRZEA,,SUBURBIO,COLISÃO TRASEIRA,ENTRE MOTO E AUTO. C/V,1,1,,,,,,,,1,,Longo da via,Bom,Não existe,Não existente,Seca,Perfeito estado,Não existe,Não há placas,,Dupla,Faixa,,,,,,,,
2019-06-09,18:59:00,SEM VÍTIMA,FINALIZADA,LINHA DO TIRO,RUA URIEL DE HOLANDA,88,COR DO ABDIAS,EMPÓRIO DA COXINHA DE BATATA,RUA URIEL DE HOLANDA,88,EMPÓRIO DA COXINHA DE BATATA,LINHA DO TIRO,,CIDADE,COLISÃO TRASEIRA,ENTRE ÕNIBUS E KOMBI. S/V,1,,,,,1,,,,0,,Longo da via,Bom,Não existe,Perfeito estado,Seca,Perfeito estado,Não existe,Não há placas,,Dupla,Faixa seccionada,,,,,,,,
2019-06-09,20:45:00,SEM VÍTIMA,CANCELADA,BOA VIAGEM,RUA WALDEMAR NERY CARNEIRO MONTEIRO,415,,PROX A ESCOLA CRISTÃ,RUA WALDEMAR NERY CARNEIRO MONTEIRO,415,PROX A ESCOLA CRISTÃ,BOA VIAGEM,,,COLISÃO,PALIO X HB 20,2,,,,,,,,,0,,,,,,,,,,,,,,,,,,,,
2019-06-10,07:48:00,SEM VÍTIMA,FINALIZADA,BAIRRO DO RECIFE,AV NORTE,,,PONTE LIMOEIRO,AV NORTE,,PONTE LIMOEIRO,BAIRRO DO RECIFE,,CIDADE,COLISÃO TRASEIRA,TRÊS AUTOS S/ VÍTIMAS,3,,,,,,,,,0,,Ponte,Bom,Sem defeito,Perfeito estado,Seca,Perfeito estado,,Não há placas,,Dupla,Faixa contínua,,,,,,,,
2019-06-10,07:59:00,SEM VÍTIMA,FINALIZADA,,AV JOAO DE BARROS,,RUA DR LEOPOLDO LINS,EM FRENTE A FACULDADE DE CIENCIAS,AV JOAO DE BARROS,,EM FRENTE A FACULDADE DE CIENCIAS,,,,ABALROAMENTO LONGITUDINAL,SEM VITIMAS/BATEDOR VÃO FAZER O B.O,2,,,,,,,,,0,,Longo da via,Bom,Sem defeito,Perfeito estado,Seca,Perfeito estado,Outros,Outras,,Única,Faixa seccionada,,,,,,,,
2019-06-10,07:49:00,COM VÍTIMA,FINALIZADA,CASA AMARELA,AV NORTE,5600,,AO LADO DA UPINHA,AV NORTE,5600,AO LADO DA UPINHA,CASA AMARELA,,SUBURBIO,ABALROAMENTO LONGITUDINAL,AUTO E MOTO,1,1,,,,,,,,1,,Longo da via,Bom,Não existe,Perfeito estado,Seca,Perfeito estado,Não existe,Outras,,Dupla,Canteiro central,,,,,,,,
2019-06-10,08:07:00,SEM VÍTIMA,FINALIZADA,JOANA BEZERRA,VIADUTO CAPITAO TEMUDO,,,,VIADUTO CAPITAO TEMUDO,,,JOANA BEZERRA,,SUBURBIO,COLISÃO TRASEIRA,MOTO E AUTO,1,1,,,,,,,,0,,Viaduto,Bom,Não existe,Perfeito estado,Seca,Perfeito estado,Não existe,Não há placas,,Dupla,Canteiro central,,,,,,,,
2019-06-10,08:23:00,SEM VÍTIMA,FINALIZADA,AFOGADOS,RUA SANTOS ARAUJO,,RUA SAO MIGUEL,AO LADO DE SÃO MIGUEL AUTO PEÇAS,RUA SANTOS ARAUJO,,AO LADO DE SÃO MIGUEL AUTO PEÇAS,AFOGADOS,333,SUBURBIO,ABALROAMENTO LONGITUDINAL,CAMINHÃO E AUTO,1,,,,,,1,,,0,,Longo da via,Bom,Sem defeito,Perfeito estado,Seca,Perfeito estado,Faixa de pedestre,Outras,,Única,Faixa seccionada,,,,,,,,
2019-06-10,08:51:00,COM VÍTIMA,FINALIZADA,SANTO AMARO,RUA DOS PALMARES,,RUA MAJOR CODECEIRA,APOS O PROCAPE. em frente ao laboratório municipal de saúde púbica,RUA DOS PALMARES,,APOS O PROCAPE. em frente ao laboratório municipal de saúde púbica,SANTO AMARO,,SUBURBIO,ABALROAMENTO LONGITUDINAL,MOTO E AUTO,1,1,,,,,,,,1,,Longo da via,Bom,Não existe,Perfeito estado,Seca,Perfeito estado,Não existe,Não há placas,,Única,,,,,,,,,
2019-06-10,08:59:00,SEM VÍTIMA,FINALIZADA,BAIRRO DO RECIFE,RUA MADRE DEUS,170,RUA DA MOEDA,,RUA MADRE DEUS,170,,BAIRRO DO RECIFE,,,ABALROAMENTO LONGITUDINAL,DOIS AUTO,2,,,,,,,,,0,,Longo da via,Bom,Não existe,Perfeito estado,Seca,Perfeito estado,Não existe,Não há placas,30 km/h,Única,Não existe,,,,,,,,
2019-06-10,09:09:00,SEM VÍTIMA,CANCELADA,IPUTINGA,AV MAURICIO DE NASSAU,155,AV PROFESSOR JOAQUIM CAVALCANTI,EM FRENTE AO ATACADO DOS VIDROS,AV MAURICIO DE NASSAU,155,EM FRENTE AO ATACADO DOS VIDROS,IPUTINGA,,,COLISÃO,SEM VITIMAS.,3,,,,,,,,,0,,,,,,,,,,,,,,,,,,,,
2019-06-10,09:24:00,SEM VÍTIMA,PENDENTE,IBURA,AV RECIFE,2240,,EM FRENTE A MOTO ELÉTRICA,AV RECIFE,2240,EM FRENTE A MOTO ELÉTRICA,IBURA,,,COLISÃO,COLISÃO S/VITIMAS ENTRE CAMINHÃO E AUTO,1,,,,,,1,,,0,,,,,,,,,,,,,,,,,,,,
2019-06-10,10:18:00,SEM VÍTIMA,PENDENTE,AFOGADOS,RUA SAO MIGUEL,432,,EM FRENTE AO CURSO FORMAÇÃO,RUA SAO MIGUEL,432,EM FRENTE AO CURSO FORMAÇÃO,AFOGADOS,,,COLISÃO,DOIS AUTOS,2,,,,,,,,,0,,,,,,,,,,,,,,,,,,,,
2019-06-10,10:25:00,SEM VÍTIMA,FINALIZADA,TORRE,RUA DOM MANOEL DA COSTA,,RUA PADRE LANDIM,,RUA DOM MANOEL DA COSTA,,,TORRE,252,SUBURBIO,ABALROAMENTO LONGITUDINAL,COLISÃO S/ VITIMAS ENTRE UMA MOTO E AUTO,1,1,,,,,,,,0,,Cruzamento,Bom,Sem defeito,Perfeito estado,Seca,Perfeito estado,Faixa de pedestre,Não há placas,,Única,Faixa seccionada,,,,,,,,
2019-06-10,10:47:00,SEM VÍTIMA,PENDENTE,SANTO AMARO,AV CRUZ CABUGA,,,EM FRENTE A SANTA CASA,AV CRUZ CABUGA,,EM FRENTE A SANTA CASA,SANTO AMARO,,SUBURBIO,COLISÃO,MOTO E AMBULANCIA,1,,,,,,,1,,0,,,,,,,,,,,,,,,,,,,,
2019-06-10,12:05:00,COM VÍTIMA,FINALIZADA,AFOGADOS,AV SUL,,,E/F A DISMAR ANTES DO VIADUTO DA AV SUL,AV SUL,,E/F A DISMAR ANTES DO VIADUTO DA AV SUL,AFOGADOS,320,CIDADE,COLISÃO COM CICLISTA,DOIS AUTO E CICLISTA COM VITIMAS,2,,,1,,,,,,1,,Longo da via,Bom,Sem defeito,Perfeito estado,Seca,Mal iluminada,Não existe,Não há placas,,Única,Faixa,,,,,,,,
2019-06-10,12:44:00,COM VÍTIMA,FINALIZADA,ESPINHEIRO,RUA SANTO ELIAS,,RUA DO ESPINHEIRO,EM FRENTE AO POSTO IPIRANGA,RUA SANTO ELIAS,,EM FRENTE AO POSTO IPIRANGA,ESPINHEIRO,,CIDADE,ABALROAMENTO TRANSVERSAL,COLISÃO COM VITIMA,1,1,,,,,,,,1,,Cruzamento,Bom,Não existe,Perfeito estado,Seca,Perfeito estado,Faixa de pedestre,Placas Pare,,Única,Faixa seccionada,,,,,,,,
2019-06-10,13:49:00,SEM VÍTIMA,CANCELADA,SANTO ANTÔNIO,RUA ITAPIRA,,,AO LADO DA DISTRIBUIDORA PORTELA,RUA ITAPIRA,,AO LADO DA DISTRIBUIDORA PORTELA,SANTO ANTÔNIO,,,COLISÃO,COLISÃO SEM VITIMA...A PARTE SOLICITANTE FOI INFORMADA QUE PODERIA REGISTRAR ATRAVÉS DO SITE OU NA DP,1,,,,,,1,,,0,,,,,,,,,,,,,,,,,,,,
2019-06-10,15:29:00,SEM VÍTIMA,FINALIZADA,CORDEIRO,AV CAXANGA,2215,,ACESSO SAÚDE UNIDADE RECIFE,AV CAXANGA,2215,ACESSO SAÚDE UNIDADE RECIFE,CORDEIRO,,CIDADE,ABALROAMENTO TRANSVERSAL,ONIBUS E AUTO PASSEIO SEM VITIMAS,1,,,,,1,,,,0,,Longo da via,Bom,Não existe,Perfeito estado,Seca,Perfeito estado,Não existe,Outras,,Dupla,Canteiro central,,,,,,,,
2019-06-10,15:59:00,SEM VÍTIMA,FINALIZADA,CORDEIRO,AV CAXANGA,,,EM FRENTE A DELI DOCES Nº 2255,AV CAXANGA,,EM FRENTE A DELI DOCES Nº 2255,CORDEIRO,,CIDADE,ABALROAMENTO LONGITUDINAL,COLISÃO SEM VITIMA,1,,,,,1,,,,0,,Longo da via,Bom,Não existe,Não existente,Seca,Perfeito estado,Não existe,Não há placas,60 km/h,Única,Não existe,,,,,,,,
2019-06-10,16:16:00,SEM VÍTIMA,CANCELADA,CURADO,AV PREFEITO ANTONIO PEREIRA,,,TIP, PLATAFORMA SUPERIOR,AV PREFEITO ANTONIO PEREIRA,,TIP, PLATAFORMA SUPERIOR,CURADO,,,COLISÃO,DOIS AUTO SEM VITIMAS,2,,,,,,,,,0,,,,,,,,,,,,,,,,,,
2019-06-10,16:49:00,SEM VÍTIMA,FINALIZADA,IPUTINGA,RUA JOSE TAVARES DA MOTA,90,,,RUA JOSE TAVARES DA MOTA,90,,IPUTINGA,,SUBURBIO,ABALROAMENTO LONGITUDINAL,COLISAO ENTRE AUTO E CAMINHAO,1,,,,,,1,,,0,,Longo da via,Bom,Não existe,Incompleta,Seca,Mal conservada,Não existe,Não há placas,,Dupla,Não existe,,,,,,,,
2019-06-10,17:20:00,COM VÍTIMA,FINALIZADA,DERBY,PRC DO DERBY,,RUA JENER DE SOUZA,EM FRENTE AO QUARTEL DO DERBY,PRC DO DERBY,,EM FRENTE AO QUARTEL DO DERBY,DERBY,,,ATROPELAMENTO,ONIBUS E PEDESTRE,,,,,1,1,,,,1,,Longo da via,Bom,Não existe,Perfeito estado,Seca,Perfeito estado,Não existe,Não há placas,,Única,Não existe,,,,,,,,
2019-06-10,17:38:00,SEM VÍTIMA,FINALIZADA,BEBERIBE,AV BEBERIBE,94,,NA PRAÇA DA CONVENÇÃO ( RETORNO),AV BEBERIBE,94,NA PRAÇA DA CONVENÇÃO ( RETORNO),BEBERIBE,,SUBURBIO,ABALROAMENTO LONGITUDINAL,COLISÃO SEM VITIMAS,1,,,,,1,,,,0,,,Bom,Não existe,Incompleta,Seca,Perfeito estado,Não existe,Não há placas,,Única,Não existe,,,,,,,,
2019-06-10,17:41:00,COM VÍTIMA,CANCELADA,AREIAS,AV DR JOSE RUFINO,,,E/F A HONDA,AV DR JOSE RUFINO,,E/F A HONDA,AREIAS,,,COLISÃO,AUTO E MOTO COM VITIMAS,1,1,,,,,,,,2,,,,,,,,,,,,,,,,,,,,
2019-06-10,17:44:00,SEM VÍTIMA,FINALIZADA,DOIS IRMÃOS,RUA MANUEL DE MEDEIROS,,,EM FRENTE A UFPE,RUA MANUEL DE MEDEIROS,,EM FRENTE A UFPE,DOIS IRMÃOS,,CIDADE,ABALROAMENTO LONGITUDINAL,COLISAO ENTRE TAXI E MOTO,1,1,,,,,,,,0,,Longo da via,Bom,Não existe,Perfeito estado,Seca,Perfeito estado,Não existe,Não há placas,60 km/h,Dupla,Faixa contínua,,,,,,,,
2019-06-10,18:25:00,COM VÍTIMA,FINALIZADA,BOA VISTA,RUA AURORA,,AV CONDE DA BOA VISTA,EM FRENTE AO CINE SÃO LUIZ,RUA AURORA,,EM FRENTE AO CINE SÃO LUIZ,BOA VISTA,162,,COLISÃO TRASEIRA,COLISÃO COM VÍTIMA, ENTRE CAMINHÃO E MOTO,,1,,,,,1,,,1,,Longo da via,Bom,Sem defeito,Perfeito estado,Seca,Perfeito estado,Faixa de retenção,Não há placas,,Única,Faixa seccionada,,,,,,,
2019-06-10,19:05:00,SEM VÍTIMA,FINALIZADA,DOIS IRMÃOS,EST DOS PINTOS,,,GRANJA DE DOIS IRMÃOS,EST DOS PINTOS,,GRANJA DE DOIS IRMÃOS,DOIS IRMÃOS,,,ABALROAMENTO LONGITUDINAL,ENTRE ÕNIBUAS E AUTO. S/V,1,,,,,1,,,,0,,Longo da via,Bom,Não existe,Incompleta,Seca,Mal iluminada,Não existe,Outras,,Dupla,Faixa seccionada,,,,,,,,
2019-06-10,19:43:00,SEM VÍTIMA,FINALIZADA,ÁGUA FRIA,RUA DA REGENERACAO,,AV BEBERIBE,SEMÁFORO 622,RUA DA REGENERACAO,,SEMÁFORO 622,ÁGUA FRIA,622,SUBURBIO,ABALROAMENTO LONGITUDINAL,ENTRE 2 AUTOS. S/V,2,,,,,,,,,0,,Longo da via,Bom,Sem defeito,Perfeito estado,Seca,Perfeito estado,Outros,Outras,,Única,Faixa contínua,,,,,,,,
2019-06-10,20:28:00,COM VÍTIMA,FINALIZADA,CAXANGÁ,AV CAXANGA,1440,,PROX AO HOSPITAL GETULIO VARGAS, SNT CAMARAGIBE / SEMÁFORO 80 ----- VT 02 NO LOCAL - EDVAN,AV CAXANGA,1440,PROX AO HOSPITAL GETULIO VARGAS, SNT CAMARAGIBE / SEMÁFORO 80 ----- VT 02 NO LOCAL - EDVAN,CAXANGÁ,80,SUBURBIO,ABALROAMENTO LONGITUDINAL,ENTRE MOTO E AUTO. C/V,1,1,,,,,,,,1,,Longo da via,Bom,Sem defeito,Perfeito estado,Seca,Perfeito estado,Agente,Outras,,Dupla,Canteiro central,,,,,,
2019-06-10,21:43:00,SEM VÍTIMA,FINALIZADA,ESTÂNCIA,AV RECIFE,,AV JOAO CABRAL DE MELO NETO,EM FRENTE AO CERPE,AV RECIFE,,EM FRENTE AO CERPE,ESTÂNCIA,259,,CHOQUE VEÍCULO PARADO,CLASSIC X VOYAGE,2,,,,,,,,,0,,Longo da via,Chuvoso,Sem defeito,Perfeito estado,Molhada,Perfeito estado,Faixa de pedestre,,60 km/h,Dupla,Canteiro central,,,,,,,,
2019-06-11,01:41:00,COM VÍTIMA,FINALIZADA,DERBY,AV GOVERNADOR AGAMENON MAGALHAES,,,SEMÁFORO 078,AV GOVERNADOR AGAMENON MAGALHAES,,SEMÁFORO 078,DERBY,78,SUBURBIO,CAPOTAMENTO,MOTORISTA PERDEU O CONTROLE DO VEÍCULO E CAIU DENTRO DO CANAL COM O MESMO, C/V,1,,,,,,,,,1,,Longo da via,Bom,Sem defeito,Perfeito estado,Seca,Perfeito estado,Outros,Outras,,Única,Canteiro central,,,,,,,
2019-06-11,02:26:00,SEM VÍTIMA,FINALIZADA,IPUTINGA,RUA PADRE DEHON,,,PRÓX AO DETRAN,RUA PADRE DEHON,,PRÓX AO DETRAN,IPUTINGA,,,CHOQUE OBJETO FIXO,CONDUTOR CHOCOU-SE CONTRA UM POSTE,,,,,,,1,,,0,,,,,,,,,,,,,,,,,,,,
2019-06-11,05:51:00,SEM VÍTIMA,FINALIZADA,BOA VISTA,RUA DO RIACHUELO,,RUA DA UNIAO,,RUA DO RIACHUELO,,,BOA VISTA,,,CHOQUE,VEÍCULO PERDEU O CONTROLE E CHOCOU-SE COM O CANTEIRO DA VIA PERMANECENDO PARTE DO VEÍCULO SOBRE A CALÇADA E PARTE SOBRE A VIA,1,,,,,,,,,0,,,,,,,,,,,,,,,,,,,,
2019-06-12,06:55:00,SEM VÍTIMA,FINALIZADA,JARDIM SÃO PAULO,AV RECIFE,5635,,LABORATORIO CERPE,AV RECIFE,5635,LABORATORIO CERPE,JARDIM SÃO PAULO,259,,COLISÃO TRASEIRA,COLISÃO SEM VITIMAS,1,,,,,,1,,,0,,Longo da via,Chuvoso,Sem defeito,Perfeito estado,Molhada,Perfeito estado,Não existe,Não há placas,60 km/h,Dupla,Canteiro central,,,,,,,,
2019-06-11,07:26:00,SEM VÍTIMA,FINALIZADA,SANTO AMARO,AV GOVERNADOR AGAMENON MAGALHAES,,,EM FRENTE AO POSTO DE GASOLINA DISLUB,AV GOVERNADOR AGAMENON MAGALHAES,,EM FRENTE AO POSTO DE GASOLINA DISLUB,SANTO AMARO,,SUBURBIO,ABALROAMENTO LONGITUDINAL,COLISÃO SEM VITIMAS,1,1,,,,,,,,0,,Longo da via,Chuvoso,Não existe,Perfeito estado,Molhada,Perfeito estado,Não existe,Outras,60 km/h,Dupla,Canteiro central,,,,,,,,
2019-06-11,08:15:00,COM VÍTIMA,FINALIZADA,ÁGUA FRIA,AV BEBERIBE,,RUA ZEFERINO AGRA,,AV BEBERIBE,,,ÁGUA FRIA,,CIDADE,ABALROAMENTO LONGITUDINAL,COLISÃO COM VITIMA,1,1,,,,,,,,1,,Longo da via,Bom,Não existe,Perfeito estado,Seca,Perfeito estado,Faixa de pedestre,R-6a,,Dupla,Não existe,,,,,,,,
2019-06-11,08:33:00,SEM VÍTIMA,FINALIZADA,IMBIRIBEIRA,RUA BARAO DE AGUA BRANCA,316,RUA DUQUE ESTRADA,,RUA BARAO DE AGUA BRANCA,316,,IMBIRIBEIRA,,CIDADE,ABALROAMENTO TRANSVERSAL,CAMINHÃO E DOIS AUTOS,1,,,,,,1,,,0,,Cruzamento,Chuvoso,Não existe,Não existente,Molhada,Perfeito estado,Não existe,Não há placas,,Dupla,Não existe,,,,,,,,