data,hora,natureza_acidente,situacao,bairro,endereco,numero,detalhe_endereco_acidente,complemento,endereco_cruzamento,numero_cruzamento,referencia_cruzamento,bairro_cruzamento,num_semaforo,sentido_via,tipo,descricao,auto,moto,ciclom,ciclista,pedestre,onibus,caminhao,viatura,outros,vitimas,vitimasfatais,acidente_verificado,tempo_clima,situacao_semaforo,sinalizacao,condicao_via,conservacao_via,ponto_controle,situacao_placa,velocidade_max_via,mao_direcao,divisao_via1,divisao_via2,divisao_via3,,,,,,
2019-06-16,09:29:00,SEM VÍTIMA,FINALIZADA,TORRE,RUA MARCOS ANDRE,651,,AO LADO DO CARREFOUR,RUA MARCOS ANDRE,651,AO LADO DO CARREFOUR,TORRE,,SUBURBIO,COLISÃO TRASEIRA,DOIS AUTOS,2,,,,,,,,,0,,Longo da via,Chuvoso,Não existe,Incompleta,Molhada,Perfeito estado,Não existe,Não há placas,,Única,Não existe,,,,,,,,
2019-06-16,09:37:00,SEM VÍTIMA,FINALIZADA,BOA VIAGEM,AV BOA VIAGEM,3698,RUA FELIX DE BRITO E MELO,EDF 14 BIS,AV BOA VIAGEM,3698,EDF 14 BIS,BOA VIAGEM,347,CIDADE,COLISÃO TRASEIRA,COLISÃO SEM VITIMA,2,,,,,,,,,0,,Longo da via,Chuvoso,Sem defeito,Perfeito estado,Molhada,Perfeito estado,Faixa de pedestre,Outras,,Única,Faixa contínua,Faixa seccionada,,,,,,,
2019-06-16,10:00:00,COM VÍTIMA,FINALIZADA,PARNAMIRIM,RUA JOAO TUDE DE MELO,,,LADO OPOSTO AO SHOPPING PARNAMIRIM,RUA JOAO TUDE DE MELO,,LADO OPOSTO AO SHOPPING PARNAMIRIM,PARNAMIRIM,,CIDADE,ABALROAMENTO LONGITUDINAL,DOIS AUTOS E UMA MOTO,2,1,,,,,,,,1,,Longo da via,Chuvoso,Não existe,Perfeito estado,Molhada,Perfeito estado,Não existe,Não há placas,60 km/h,Única,Faixa seccionada,,,,,,,,
2019-06-16,11:13:00,SEM VÍTIMA,CANCELADA,PARNAMIRIM,RUA JOAO TUDE DE MELO,,,LADO OPOSTO AO SHOPPING PARNAMIRIM,RUA JOAO TUDE DE MELO,,LADO OPOSTO AO SHOPPING PARNAMIRIM,PARNAMIRIM,,,COLISÃO,COLISÃO S/VITIMAS ENTRE DOIS AUTOS,2,,,,,,,,,0,,,,,,,,,,,,,,,,,,,,
2019-06-16,12:05:00,SEM VÍTIMA,FINALIZADA,CASA AMARELA,RUA DA HARMONIA,,,,RUA DA HARMONIA,,,CASA AMARELA,,CIDADE,ABALROAMENTO LONGITUDINAL,DOIS AUTO SEM VITIMAS,2,,,,,,,,,0,,Longo da via,Chuvoso,Não existe,Perfeito estado,Molhada,Perfeito estado,,Outras,,Dupla,Faixa contínua,,,,,,,,
2019-06-16,13:20:00,SEM VÍTIMA,FINALIZADA,BOA VIAGEM,AV CONSELHEIRO AGUIAR,,,SAÍDA DA RUA DO ATLÂNTICO / EM FRENTE AO BELELEU,AV CONSELHEIRO AGUIAR,,SAÍDA DA RUA DO ATLÂNTICO / EM FRENTE AO BELELEU,BOA VIAGEM,,CIDADE,ABALROAMENTO TRANSVERSAL,DOIS AUTO SEM VITIMAS,2,,,,,,,,,0,,Longo da via,Chuvoso,Não existe,Perfeito estado,Molhada,Perfeito estado,Não existe,Não há placas,60 km/h,Única,Faixa seccionada,,,,,,,,
2019-06-16,13:25:00,SEM VÍTIMA,FINALIZADA,IMBIRIBEIRA,AV MARECHAL MASCARENHAS DE MORAES,,,LADO OPOSTO AO Nº 948,AV MARECHAL MASCARENHAS DE MORAES,,LADO OPOSTO AO Nº 948,IMBIRIBEIRA,396,SUBURBIO,COLISÃO TRASEIRA,ONIBUS E AUTO PASSEIO SEM VITIMAS,1,,,,,1,,,,0,,Longo da via,Chuvoso,Sem defeito,Perfeito estado,Molhada,Perfeito estado,Faixa de pedestre,R-6a,,Dupla,Faixa seccionada,Canteiro central,,,,,,,
2019-06-16,14:14:00,SEM VÍTIMA,CANCELADA,BARRO,AV DR JOSE RUFINO,2241,RUA DOROTHEA VIEIRA,E/F IGREJA DO BARRO,AV DR JOSE RUFINO,2241,E/F IGREJA DO BARRO,BARRO,539,,COLISÃO,ONIBUS E AUTO PASSEIO SEM VITIMAS,1,,,,,1,,,,0,,,,,,,,,,,,,,,,,,,,
2019-06-16,15:50:00,SEM VÍTIMA,FINALIZADA,ARRUDA,AV BEBERIBE,,,AO LADO DO BOMPREÇO,AV BEBERIBE,,AO LADO DO BOMPREÇO,ARRUDA,,SUBURBIO,COLISÃO TRASEIRA,ONIBUS E AUTO PASSEIO SEM VITIMAS,1,,,,,1,,,,0,,Longo da via,Chuvoso,Não existe,Perfeito estado,Molhada,Perfeito estado,Não existe,Não há placas,60 km/h,Dupla,Faixa contínua,,,,,,,,
2019-06-16,16:01:00,SEM VÍTIMA,FINALIZADA,BOA VIAGEM,RUA WALDEMAR NERY CARNEIRO MONTEIRO,365,RUA SIDERAL,,RUA WALDEMAR NERY CARNEIRO MONTEIRO,365,,BOA VIAGEM,,SUBURBIO,ABALROAMENTO TRANSVERSAL,DOIS AUTO SEM VITIMAS,2,,,,,,,,,0,,Cruzamento,Chuvoso,Não existe,Não existente,Molhada,Mal conservada,Não existe,Não há placas,,Dupla,Não existe,,,,,,,,
2019-06-16,18:08:00,COM VÍTIMA,FINALIZADA,CASA FORTE,AV DEZESSETE DE AGOSTO,,,EM FRENTE AO LABORATÓRIO MARCELO MAGALHÃES,AV DEZESSETE DE AGOSTO,,EM FRENTE AO LABORATÓRIO MARCELO MAGALHÃES,CASA FORTE,,SUBURBIO,ACID. DE PERCURSO,QUEDA DE MOTO,,1,,,,,,,,1,,Longo da via,Chuvoso,Não existe,Perfeito estado,Molhada,Perfeito estado,Não existe,Não há placas,60 km/h,Dupla,Faixa contínua,,,,,,,,
2019-06-16,18:32:00,SEM VÍTIMA,FINALIZADA,IBURA,AV RIO SAO FRANCISCO,641,,,AV RIO SAO FRANCISCO,641,,IBURA,,CIDADE,CHOQUE OBJETO FIXO,CONDUTOR DO ÔNIBUS PERDEU O CONTROLE DO VEÍCULO E ACABOU SE CHOCANDO CONTRA O PORTÃO DA RESIDÊNCIA,,,,,,1,,,,0,,,Chuvoso,Não existe,Perfeito estado,Molhada,Perfeito estado,Outros,Outras,,Única,Faixa contínua,,,,,,,,
2019-06-16,19:08:00,SEM VÍTIMA,CANCELADA,IMBIRIBEIRA,AV MARECHAL MASCARENHAS DE MORAES,7787,,ENF AO GERALDAO,AV MARECHAL MASCARENHAS DE MORAES,7787,ENF AO GERALDAO,IMBIRIBEIRA,,CIDADE,COLISÃO,GOL X CLASSIC TAXI,2,,,,,,,,,0,,,,,,,,,,,,,,,,,,,,
2019-06-16,19:48:00,SEM VÍTIMA,FINALIZADA,TORRE,RUA JOSE BONIFACIO,1210,,POSTO SHELL,RUA JOSE BONIFACIO,1210,POSTO SHELL,TORRE,,,ABALROAMENTO TRANSVERSAL,ENTRE 2 AUTOS. S/V,2,,,,,,,,,0,,,Chuvoso,Não existe,Perfeito estado,Molhada,Perfeito estado,Não existe,R-6a,,Dupla,Faixa seccionada,Canteiro central,,,,,,,
2019-06-16,21:14:00,COM VÍTIMA,FINALIZADA,BOA VIAGEM,RUA PROFESSOR AUGUSTO LINS E SILVA,861,,E/F A EXTRAFARMA,RUA PROFESSOR AUGUSTO LINS E SILVA,861,E/F A EXTRAFARMA,BOA VIAGEM,,SUBURBIO,ABALROAMENTO LONGITUDINAL,ENTRE AUTO E MOTO. C/V,1,1,,,,,,,,1,,Longo da via,Chuvoso,Não existe,Perfeito estado,Molhada,Perfeito estado,Outros,Placas Pare,,Única,Não existe,,,,,,,,
2019-06-16,22:29:00,COM VÍTIMA,FINALIZADA,IMBIRIBEIRA,AV ENGENHEIRO ALVES DE SOUZA,,RUA ARQUITETO LUIZ NUNES,,AV ENGENHEIRO ALVES DE SOUZA,,,IMBIRIBEIRA,634,,ABALROAMENTO TRANSVERSAL,ENTRE AUTO E MOTO. C/V,1,1,,,,,,,,1,,Cruzamento,,Com defeito,,Molhada,Perfeito estado,Outros,Outras,,Dupla,Faixa contínua,,,,,,,,
2019-06-17,07:36:00,SEM VÍTIMA,FINALIZADA,BOA VISTA,PRC PARQUE AMORIM,34,AV GOVERNADOR AGAMENON MAGALHAES,EM FRENTE AO WALMART,PRC PARQUE AMORIM,34,EM FRENTE AO WALMART,BOA VISTA,173,SUBURBIO,COLISÃO TRASEIRA,SEM VITIMAS,2,,,,,,,,,0,,Longo da via,Chuvoso,Sem defeito,Perfeito estado,Molhada,Perfeito estado,Faixa de pedestre,Não há placas,30 km/h,Única,Não existe,,,,,,,,
2019-06-17,07:39:00,SEM VÍTIMA,CANCELADA,MADALENA,RUA MENEZES DRUMOND,155,,EM FRENTE AO SUPERMERCADO MINUTO PÃO DE AÇUCAR,RUA MENEZES DRUMOND,155,EM FRENTE AO SUPERMERCADO MINUTO PÃO DE AÇUCAR,MADALENA,,,COLISÃO,COLISÃO SEM VITIMAS,2,,,,,,,,,0,,,,,,,,,,,,,,,,,,,,
2019-06-17,08:14:00,SEM VÍTIMA,FINALIZADA,CORDEIRO,AV CAXANGA,1179,,PF PEÇAS E SERVIÇOS,AV CAXANGA,1179,PF PEÇAS E SERVIÇOS,CORDEIRO,,CIDADE,COLISÃO TRASEIRA,TRES AUTOS,3,,,,,,,,,0,,Longo da via,Chuvoso,,Perfeito estado,Molhada,Perfeito estado,Não existe,R-6a,,Dupla,Canteiro central,,,,,,,,
2019-06-17,08:23:00,SEM VÍTIMA,FINALIZADA,ESPINHEIRO,AV JOAO DE BARROS,,AV GOVERNADOR AGAMENON MAGALHAES,LADO OPOSTO AO POSTO BR,AV JOAO DE BARROS,,LADO OPOSTO AO POSTO BR,ESPINHEIRO,,,COLISÃO TRASEIRA,SEM VITIMAS,2,,,,,,,,,0,,,Chuvoso,Não existe,Perfeito estado,Molhada,Perfeito estado,,R-6a,,Única,,,,,,,,,
2019-06-17,08:54:00,COM VÍTIMA,FINALIZADA,PARNAMIRIM,RUA CONEGO BARATA,,,EM FRENTE A FERREIRA COSTA,RUA CONEGO BARATA,,EM FRENTE A FERREIRA COSTA,PARNAMIRIM,,SUBURBIO,COLISÃO TRASEIRA,AUTO E MOTO,1,1,,,,,,,,1,,Longo da via,Chuvoso,Não existe,Perfeito estado,Molhada,Perfeito estado,Não existe,Não há placas,,Única,Faixa seccionada,,,,,,,,
2019-06-17,09:01:00,SEM VÍTIMA,FINALIZADA,,AV GOVERNADOR AGAMENON MAGALHAES,,,SOB O SEMAFORO 37 SENTINDO OLINDA,AV GOVERNADOR AGAMENON MAGALHAES,,SOB O SEMAFORO 37 SENTINDO OLINDA,,37,SUBURBIO,COLISÃO TRASEIRA,SEM VITIMAS,1,,,,,2,,,,0,,Cruzamento,Chuvoso,Sem defeito,Perfeito estado,Molhada,Perfeito estado,Faixa de pedestre,,60 km/h,Dupla,Faixa contínua,Faixa seccionada,Canteiro central,,,,,,
2019-06-17,09:09:00,SEM VÍTIMA,FINALIZADA,CORDEIRO,RUA ODETE MONTEIRO,,AV PROFESSOR ESTEVAO FRANCISCO DA COSTA,EM FRENTE AO POSTO DE GASOLINA PETROCAL E MARTELINHO DE OURO, SENT. CAMARAGIBE,RUA ODETE MONTEIRO,,EM FRENTE AO POSTO DE GASOLINA PETROCAL E MARTELINHO DE OURO, SENT. CAMARAGIBE,CORDEIRO,589,,COLISÃO,MOTO E AUTO,1,1,,,,,,,,0,,,,,,,,,,,,,,,,,,
2019-06-17,10:00:00,SEM VÍTIMA,FINALIZADA,ESPINHEIRO,RUA ALFREDO DE CARVALHO,209,,,RUA ALFREDO DE CARVALHO,209,,ESPINHEIRO,,CIDADE,COLISÃO TRASEIRA,SEM VITIMAS,2,,,,,,,,,0,,Longo da via,Chuvoso,Não existe,Perfeito estado,Molhada,Perfeito estado,Faixa de pedestre,Placas Pare,,Única,Não existe,,,,,,,,
2019-06-17,10:19:00,SEM VÍTIMA,FINALIZADA,CASA FORTE,RUA LEONARDO BEZERRA CAVALCANTE,540,RUA AFONSO DE ALBUQUERQUE MELO,EM FRENTE A SEDATEC TECIDOS,RUA LEONARDO BEZERRA CAVALCANTE,540,EM FRENTE A SEDATEC TECIDOS,CASA FORTE,,SUBURBIO,ABALROAMENTO LONGITUDINAL,SEM VITIMAS,2,,,,,,,,,0,,Cruzamento,Chuvoso,Não existe,Perfeito estado,Molhada,Perfeito estado,Não existe,R-6a,,Única,Faixa seccionada,,,,,,,,
2019-06-17,10:32:00,SEM VÍTIMA,CANCELADA,TAMARINEIRA,AV NORTE,3630,,EM FRENTE A LOJA ALARM CENTER,AV NORTE,3630,EM FRENTE A LOJA ALARM CENTER,TAMARINEIRA,,,COLISÃO,SEM VITIMAS,,,,,,,,,,0,,,,,,,,,,,,,,,,,,,,
2019-06-17,10:52:00,SEM VÍTIMA,FINALIZADA,BOA VIAGEM,RUA ERNESTO DE PAULA SANTOS,561,,EM FRENTE AO EDF MONT BLANC,RUA ERNESTO DE PAULA SANTOS,561,EM FRENTE AO EDF MONT BLANC,BOA VIAGEM,,CIDADE,COLISÃO TRASEIRA,SEM VITIMAS,2,,,,,,,,,0,,Longo da via,Bom,Não existe,Perfeito estado,Molhada,Perfeito estado,Não existe,Não há placas,,Única,Faixa seccionada,,,,,,,,
2019-06-17,11:01:00,COM VÍTIMA,FINALIZADA,MADALENA,AV CAXANGA,3095,RUA AMBROSIO MACHADO,EM FRENTE A AUTO ESCOLA PILOTO,AV CAXANGA,3095,EM FRENTE A AUTO ESCOLA PILOTO,MADALENA,610,CIDADE,CHOQUE VEÍCULO PARADO,COM UMA VÍTIMA , AGUARDANDO SAMU,1,1,,,,,,,,1,,Longo da via,Chuvoso,Sem defeito,Perfeito estado,Molhada,Perfeito estado,,Não há placas,60 km/h,Única,Faixa contínua,,,,,,,
2019-06-17,11:26:00,SEM VÍTIMA,FINALIZADA,BOA VIAGEM,RUA MAMANGUAPE,,RUA PROFESSOR JULIO FERREIRA DE MELO,,RUA MAMANGUAPE,,,BOA VIAGEM,,SUBURBIO,ABALROAMENTO TRANSVERSAL,SEM VITIMAS,2,,,,,,,,,0,,Cruzamento,Chuvoso,Não existe,Não existente,Molhada,Perfeito estado,Não existe,Não há placas,,Dupla,Não existe,,,,,,,,
2019-06-17,14:43:00,SEM VÍTIMA,CANCELADA,ESTÂNCIA,AV RECIFE,810,,EM FRENTE AO HOSPITAL GERAL DE AREIAS,AV RECIFE,810,EM FRENTE AO HOSPITAL GERAL DE AREIAS,ESTÂNCIA,,CAXANGA,COLISÃO,COLISÃO S/ VITIMAS UM CAMINHÃO E MOTO,,1,,,,,1,,,0,,,,,,,,,,,,,,,,,,,,
2019-06-17,16:05:00,SEM VÍTIMA,FINALIZADA,ROSARINHO,AV NORTE,3388,RUA TREZE DE JUNHO,AO LADO DO POSTO BR,AV NORTE,3388,AO LADO DO POSTO BR,ROSARINHO,456,SUBURBIO,COLISÃO TRASEIRA,SEM VITIMAS,2,,,,,,,,,0,,Longo da via,Chuvoso,Sem defeito,Perfeito estado,Molhada,Perfeito estado,Faixa de retenção,R-4b,,Dupla,Canteiro central,,,,,,,,
2019-06-17,17:15:00,SEM VÍTIMA,FINALIZADA,IMBIRIBEIRA,AV MARECHAL MASCARENHAS DE MORAES,,,EM FRENTE A PRAÇA MINISTRO SALGADO FILHO,AV MARECHAL MASCARENHAS DE MORAES,,EM FRENTE A PRAÇA MINISTRO SALGADO FILHO,IMBIRIBEIRA,,SUBURBIO,ABALROAMENTO LONGITUDINAL,COLISAO ENTRE AUTO E CARRETA S/V,1,,,,,,1,,,0,,Longo da via,Chuvoso,Não existe,Perfeito estado,Molhada,Perfeito estado,Agente,Não há placas,60 km/h,Dupla,Canteiro central,,,,,,,,
2019-06-17,18:38:00,SEM VÍTIMA,FINALIZADA,IPUTINGA,AV CAXANGA,,,LADO OPOSTO AO GOLF CLUBE,AV CAXANGA,,LADO OPOSTO AO GOLF CLUBE,IPUTINGA,,CIDADE,CHOQUE VEÍCULO PARADO,,1,,,,,1,,,,0,,Longo da via,Chuvoso,Não existe,Perfeito estado,Molhada,Perfeito estado,Não existe,Não há placas,,Única,Faixa seccionada,Canteiro central,,,,,,,
2019-06-17,19:36:00,COM VÍTIMA,FINALIZADA,LINHA DO TIRO,RUA URIEL DE HOLANDA,,RUA GUARAJA,EM FRENTE AO Nº 1034,RUA URIEL DE HOLANDA,,EM FRENTE AO Nº 1034,LINHA DO TIRO,,SUBURBIO,COLISÃO FRONTAL,AUTO E MOTO COM VITIMAS ( MOTORISTA DO AUTO COM SUSPEITA DE EMBRIAGUEZ),1,1,,,,,,,,1,,,Chuvoso,Não existe,Perfeito estado,Molhada,Perfeito estado,Não existe,Não há placas,,Dupla,Faixa seccionada,,,,,,,,
2019-06-17,19:59:00,SEM VÍTIMA,FINALIZADA,ÁGUA FRIA,AV BEBERIBE,2584,,EM FRENTE AO Nº 2584,AV BEBERIBE,2584,EM FRENTE AO Nº 2584,ÁGUA FRIA,,SUBURBIO,COLISÃO TRASEIRA,MOTO E AUTO SEM ITIMAS,1,1,,,,,,,,0,,Longo da via,Chuvoso,Não existe,Perfeito estado,Molhada,Perfeito estado,Faixa de pedestre,Outras,,Dupla,Faixa contínua,,,,,,,,
2019-06-17,20:50:00,COM VÍTIMA,FINALIZADA,BOA VIAGEM,RUA ANTONIO FALCAO,1013,AV DOM JOAO VI,,RUA ANTONIO FALCAO,1013,,BOA VIAGEM,,SUBURBIO,COLISÃO FRONTAL,ENTRE AUTO E MOTO. C/V,1,1,,,,,,,,1,,Cruzamento,Chuvoso,Não existe,Perfeito estado,Molhada,Perfeito estado,Não existe,Outras,,Única,Faixa seccionada,,,,,,,,
2019-06-17,21:52:00,SEM VÍTIMA,FINALIZADA,BOA VISTA,AV MANOEL BORBA,,RUA JOSE DE ALENCAR,,AV MANOEL BORBA,,,BOA VISTA,29,,ABALROAMENTO TRANSVERSAL,ENTRE AUTO E MOTO. S/V,1,1,,,,,,,,0,,Cruzamento,Chuvoso,Com defeito,,Molhada,Perfeito estado,Faixa de pedestre,,,Única,,,,,,,,,
2019-06-17,22:05:00,SEM VÍTIMA,FINALIZADA,BONGI,AV ENGENHEIRO ABDIAS DE CARVALHO,,,POSTE CELPE Nº B 030729,AV ENGENHEIRO ABDIAS DE CARVALHO,,POSTE CELPE Nº B 030729,BONGI,,,ABALROAMENTO LONGITUDINAL,ONIBUS E AUTO SEM VITIMAS,1,,,,,1,,,,0,,Longo da via,Chuvoso,Sem defeito,Perfeito estado,Molhada,Perfeito estado,Não existe,R-6a,60 km/h,Dupla,Canteiro central,,,,,,,,
2019-06-18,07:45:00,SEM VÍTIMA,FINALIZADA,PRADO,RUA GOMES TABORDA,,,LADO OPOSTO AO Nº 318,RUA GOMES TABORDA,,LADO OPOSTO AO Nº 318,PRADO,,CIDADE,COLISÃO TRASEIRA,SEM VITIMAS,2,,,,,,,,,0,,Longo da via,Chuvoso,Não existe,Perfeito estado,Molhada,Perfeito estado,Não existe,R-6a,,Dupla,Faixa seccionada,,,,,,,,
2019-06-18,08:20:00,SEM VÍTIMA,FINALIZADA,JARDIM SÃO PAULO,AV RECIFE,5425,,EM FRENTE AO MOTEL ESTORIL,AV RECIFE,5425,EM FRENTE AO MOTEL ESTORIL,JARDIM SÃO PAULO,,SUBURBIO,COLISÃO TRASEIRA,SEM VITIMAS,1,1,,,,,,,,0,,Longo da via,Chuvoso,Não existe,Perfeito estado,Molhada,Perfeito estado,Não existe,Outras,60 km/h,Dupla,Canteiro central,,,,,,,,
2019-06-18,08:20:00,SEM VÍTIMA,FINALIZADA,IPUTINGA,RUA OSVALDO GUIMARAES,,RUA BOM PASTOR,,RUA OSVALDO GUIMARAES,,,IPUTINGA,,SUBURBIO,ABALROAMENTO LONGITUDINAL,ONIBUS E AUTO,1,,,,,1,,,,0,,Longo da via,Chuvoso,Não existe,Não existente,Molhada,Perfeito estado,Não existe,R-6a,,Dupla,Não existe,,,,,,,,
2019-06-18,08:51:00,SEM VÍTIMA,FINALIZADA,BOA VIAGEM,AV DOM JOAO VI,,RUA FELIX DE BRITO E MELO,,AV DOM JOAO VI,,,BOA VIAGEM,543,CIDADE,COLISÃO TRASEIRA,DOIS AUTOS,2,,,,,,,,,0,,Longo da via,Chuvoso,Sem defeito,Perfeito estado,Molhada,Perfeito estado,Não existe,Não há placas,,Única,Faixa seccionada,,,,,,,,
2019-06-18,09:36:00,SEM VÍTIMA,FINALIZADA,TORRE,RUA REAL DA TORRE,1275,,APÓS A DROGARIA SÃO PAULO,RUA REAL DA TORRE,1275,APÓS A DROGARIA SÃO PAULO,TORRE,,SUBURBIO,COLISÃO TRASEIRA,SEM VITIMAS,2,,,,,,,,,0,,Longo da via,Bom,Não existe,Perfeito estado,Seca,Perfeito estado,Não existe,Não há placas,,Única,Faixa seccionada,,,,,,,,
2019-06-18,09:49:00,COM VÍTIMA,FINALIZADA,SÃO JOSÉ,AV SUL,867,,LADO OPOSTO AO CRIS HOTEL,AV SUL,867,LADO OPOSTO AO CRIS HOTEL,SÃO JOSÉ,,CIDADE,ATROPELAMENTO,VITIMA SENDO SOCORRIDA BOMBEIROS,,,,,1,1,,,,1,,Longo da via,Chuvoso,Não existe,Não existente,Molhada,Mal conservada,Não existe,Não há placas,,Dupla,Canteiro central,,,,,,,,
2019-06-18,09:59:00,COM VÍTIMA,FINALIZADA,SAN MARTIN,AV GENERAL SAN MARTIN,1941,,,AV GENERAL SAN MARTIN,1941,,SAN MARTIN,,CIDADE,CAPOTAMENTO,,,1,,,,,,,,1,,Longo da via,Nublado,Não existe,Perfeito estado,Seca,Perfeito estado,Não existe,R-6a,,Dupla,Faixa contínua,,,,,,,,
2019-06-18,10:06:00,SEM VÍTIMA,FINALIZADA,BOA VIAGEM,AV BOA VIAGEM,,RUA DONA BENVINDA DE FARIAS,SOB O SEMÁFORO 123,AV BOA VIAGEM,,SOB O SEMÁFORO 123,BOA VIAGEM,123,CIDADE,COLISÃO TRASEIRA,COLISÃO S/VITIMAS ENTRE DOIS AUTOS,2,,,,,,,,,0,,Longo da via,Bom,Sem defeito,Perfeito estado,Seca,Perfeito estado,Faixa de pedestre,Não há placas,60 km/h,Única,Faixa contínua,,,,,,,,
2019-06-18,10:12:00,COM VÍTIMA,FINALIZADA,ESTÂNCIA,AV DR JOSE RUFINO,476,RUA BARAO DE BUIQUE,,AV DR JOSE RUFINO,476,,ESTÂNCIA,,SUBURBIO,ABALROAMENTO LONGITUDINAL,VITIMA SOCORRIDA PELO SAMU,1,1,,,,,,,,1,,Longo da via,Nublado,Não existe,Incompleta,Seca,Perfeito estado,Não existe,R-6a,,Dupla,Faixa contínua,,,,,,,,
2019-06-18,10:34:00,SEM VÍTIMA,FINALIZADA,SANTO AMARO,AV CRUZ CABUGA,347,,EM FRENTE AO Nº 347,AV CRUZ CABUGA,347,EM FRENTE AO Nº 347,SANTO AMARO,,CIDADE,COLISÃO TRASEIRA,COLISÃO S/VITIMAS ENTRE DOIS AUTOS,2,,,,,,,,,0,,Longo da via,Bom,Não existe,Perfeito estado,Molhada,Mal conservada,Não existe,R-6a,,Dupla,Faixa contínua,,,,,,,,
2019-06-18,10:45:00,SEM VÍTIMA,FINALIZADA,BOA VIAGEM,AV ENGENHEIRO DOMINGOS FERREIRA,2574,RUA PROFESSOR JOSE BRANDAO,FARMACIA INDEPENDENTE,AV ENGENHEIRO DOMINGOS FERREIRA,2574,FARMACIA INDEPENDENTE,BOA VIAGEM,550,SUBURBIO,COLISÃO TRASEIRA,SEM VITIMAS,2,,,,,,,,,0,,Cruzamento,Bom,Sem defeito,Perfeito estado,Seca,Perfeito estado,Faixa de pedestre,Não há placas,60 km/h,Única,Canteiro central,,,,,,,,
2019-06-18,10:49:00,SEM VÍTIMA,FINALIZADA,IMBIRIBEIRA,AV MARECHAL MASCARENHAS DE MORAES,,,SOB ALÇA VIÁRIA, APÓS AEROPORTO,AV MARECHAL MASCARENHAS DE MORAES,,SOB ALÇA VIÁRIA, APÓS AEROPORTO,IMBIRIBEIRA,,SUBURBIO,ABALROAMENTO LONGITUDINAL,COLISÃO S/ VITIMAS ENTRE AUTO E CAMINHÃO,1,,,,,,1,,,0,,Longo da via,Chuvoso,Não existe,Perfeito estado,Seca,Perfeito estado,,,60 km/h,Dupla,Canteiro central,,,,,,
2019-06-18,11:01:00,SEM VÍTIMA,FINALIZADA,JIQUIÁ,AV DR JOSE RUFINO,548,,,AV DR JOSE RUFINO,548,,JIQUIÁ,,SUBURBIO,ABALROAMENTO LONGITUDINAL,COLISÃO SEM VITIMAS,2,,,,,,,,,0,,Longo da via,Bom,Não existe,Perfeito estado,Seca,Perfeito estado,Não existe,Não há placas,,Dupla,Faixa contínua,,,,,,,,
2019-06-18,11:14:00,SEM VÍTIMA,CANCELADA,IMBIRIBEIRA,RUA CORONEL FABRICIANO,,AV MARECHAL MASCARENHAS DE MORAES,AO LADO DO ATACADO DOS PRESENTES,RUA CORONEL FABRICIANO,,AO LADO DO ATACADO DOS PRESENTES,IMBIRIBEIRA,,,COLISÃO,COLISÃO SEM VITIMAS,,,,,,1,1,,,0,,,,,,,,,,,,,,,,,,,,
2019-06-18,11:42:00,SEM VÍTIMA,FINALIZADA,CASA FORTE,RUA SAMUEL FARIAS,46,AV DEZESSETE DE AGOSTO,,RUA SAMUEL FARIAS,46,,CASA FORTE,,SUBURBIO,ABALROAMENTO LONGITUDINAL,SEM VITIMAS,2,,,,,,,,,0,,Longo da via,Bom,Sem defeito,Perfeito estado,Seca,Perfeito estado,Não existe,R-6a,,Única,Não existe,,,,,,,,
2019-06-18,11:42:00,COM VÍTIMA,FINALIZADA,TORRE,RUA JOSE BONIFACIO,944,,EM FRENTE AO ATACADO DOS PRESENTES,RUA JOSE BONIFACIO,944,EM FRENTE AO ATACADO DOS PRESENTES,TORRE,,SUBURBIO,COLISÃO TRASEIRA,MOTO E AUTO PASSEIO,1,1,,,,,,,,1,,Longo da via,Bom,Não existe,Perfeito estado,Seca,Perfeito estado,Não existe,R-6a,,Única,Faixa seccionada,,,,,,,,
2019-06-18,12:37:00,SEM VÍTIMA,FINALIZADA,ESPINHEIRO,RUA DO ESPINHEIRO,,RUA BARAO DE ITAMARACA,,RUA DO ESPINHEIRO,,,ESPINHEIRO,86,CIDADE,ABALROAMENTO TRANSVERSAL,COLISAO ENTRE DOIS AUTOS S/V,2,,,,,,,,,0,,Cruzamento,Bom,Sem defeito,Perfeito estado,Seca,Perfeito estado,Faixa de pedestre,R-6a,,Única,Faixa contínua,,,,,,,,
2019-06-18,12:58:00,SEM VÍTIMA,FINALIZADA,AFOGADOS,RUA AUGUSTO CALHEIROS,12,,APÓS O SEMÁFORO 553,RUA AUGUSTO CALHEIROS,12,APÓS O SEMÁFORO 553,AFOGADOS,,SUBURBIO,COLISÃO TRASEIRA,COLISÃO SEM VÍTIMA,2,,,,,,,,,0,,Longo da via,Bom,Sem defeito,Perfeito estado,Seca,Perfeito estado,Não existe,Não há placas,,Única,Faixa seccionada,,,,,,,,
2019-06-18,13:33:00,SEM VÍTIMA,FINALIZADA,SANTO AMARO,AV NORTE,866,,LADO OPOSTO DO CENTRO JUVENTUDE DE SANTO AMARO,AV NORTE,866,LADO OPOSTO DO CENTRO JUVENTUDE DE SANTO AMARO,SANTO AMARO,,SUBURBIO,COLISÃO TRASEIRA,COLISAO ENTRE ONIBUS E AUTO S/V,1,,,,,1,,,,0,,Longo da via,Bom,Não existe,Não existente,Seca,Perfeito estado,Não existe,Não há placas,60 km/h,Única,Faixa contínua,,,,,,,,