data,hora,natureza_acidente,situacao,bairro,endereco,numero,detalhe_endereco_acidente,complemento,endereco_cruzamento,numero_cruzamento,referencia_cruzamento,bairro_cruzamento,num_semaforo,sentido_via,tipo,descricao,auto,moto,ciclom,ciclista,pedestre,onibus,caminhao,viatura,outros,vitimas,vitimasfatais,acidente_verificado,tempo_clima,situacao_semaforo,sinalizacao,condicao_via,conservacao_via,ponto_controle,situacao_placa,velocidade_max_via,mao_direcao,divisao_via1,divisao_via2,divisao_via3,,,,,,
2019-06-18,14:52:00,SEM VÍTIMA,FINALIZADA,BOA VIAGEM,AV FERNANDO SIMOES BARBOSA,,RUA PADRE CARAPUCEIRO,SEMÁFORO 231,AV FERNANDO SIMOES BARBOSA,,SEMÁFORO 231,BOA VIAGEM,,SUBURBIO,ABALROAMENTO LONGITUDINAL,DOIS AUTO SEM VITIMAS,2,,,,,,,,,0,,,Bom,Sem defeito,Perfeito estado,Seca,Perfeito estado,,,40 km/h,Única,Faixa seccionada,,,,,,,,
2019-06-18,15:10:00,SEM VÍTIMA,FINALIZADA,BOA VIAGEM,AV DOM JOAO VI,830,RUA CABO GONCALO DE PAIVA,POR TRÁS DO SHOPP RECIFE,AV DOM JOAO VI,830,POR TRÁS DO SHOPP RECIFE,BOA VIAGEM,,SUBURBIO,ABALROAMENTO TRANSVERSAL,DOIS AUTO SEM VITIMAS, UM DOS AUTO SE CHOCOU-SE COM UMA ARVORE,2,,,,,,,,,0,,Cruzamento,Chuvoso,Não existe,Perfeito estado,Seca,Perfeito estado,Não existe,Não há placas,60 km/h,Dupla,Canal,,,,,,,
2019-06-18,15:55:00,SEM VÍTIMA,FINALIZADA,MADALENA,AV CAXANGA,612,RUA JOSE OSORIO,,AV CAXANGA,612,,MADALENA,489,SUBURBIO,ABALROAMENTO LONGITUDINAL,ONIBUS E AUTO SEM VITIMAS,1,,,,,1,,,,0,,Longo da via,Nublado,Sem defeito,Perfeito estado,Seca,Perfeito estado,Faixa de pedestre,R-25b,,Dupla,Canteiro central,,,,,,,,
2019-06-18,16:08:00,SEM VÍTIMA,FINALIZADA,DERBY,RUA HENRIQUE DIAS,,,COLEGIO DA POLICIA MILITAR,RUA HENRIQUE DIAS,,COLEGIO DA POLICIA MILITAR,DERBY,,CIDADE,COLISÃO TRASEIRA,COLISÃO SEM VÍTIMA,2,,,,,,,,,0,,Longo da via,Bom,Não existe,Incompleta,Seca,Perfeito estado,Faixa de pedestre,Outras,,Única,Faixa contínua,Faixa seccionada,,,,,,,
2019-06-18,16:23:00,SEM VÍTIMA,FINALIZADA,ALTO SANTA TERESINHA,RUA ALTO BRASIL,581,,EM FRENTE AO Nº 581,RUA ALTO BRASIL,581,EM FRENTE AO Nº 581,ALTO SANTA TERESINHA,,SUBURBIO,ABALROAMENTO LONGITUDINAL,COLISAO ENTRE AUTO E CAMINHAO S/V,1,,,,,,1,,,0,,Longo da via,Bom,Não existe,Não existente,Seca,Perfeito estado,Não existe,Não há placas,,Dupla,Não existe,,,,,,,,
2019-06-18,16:24:00,COM VÍTIMA,FINALIZADA,BOA VISTA,AV CONDE DA BOA VISTA,,,EM FRENTE AO ATACADO DOS PRESSENTES,AV CONDE DA BOA VISTA,,EM FRENTE AO ATACADO DOS PRESSENTES,BOA VISTA,,CIDADE,ATROPELAMENTO,,1,,,,1,,,,,1,,Longo da via,Bom,Não existe,Não existente,Seca,Perfeito estado,Não existe,Não há placas,,Dupla,Faixa contínua,,,,,,,,
2019-06-18,16:27:00,SEM VÍTIMA,FINALIZADA,CAMPO GRANDE,RUA ODORICO MENDES,,,LADO OPOSTO AO CLUBE DAS PAZ,RUA ODORICO MENDES,,LADO OPOSTO AO CLUBE DAS PAZ,CAMPO GRANDE,,SUBURBIO,COLISÃO TRASEIRA,COLISÃO SEM VÍTIMA,2,,,,,,,,,0,,Longo da via,Bom,Não existe,Perfeito estado,Seca,Perfeito estado,Não existe,Não há placas,,Dupla,Faixa seccionada,,,,,,,,
2019-06-18,17:40:00,SEM VÍTIMA,FINALIZADA,BOA VIAGEM,AV ENGENHEIRO DOMINGOS FERREIRA,2117,RUA HENRIQUE CAPITULINO,POSTO RECH ( BANDEIRA BR),AV ENGENHEIRO DOMINGOS FERREIRA,2117,POSTO RECH ( BANDEIRA BR),BOA VIAGEM,484,SUBURBIO,ABALROAMENTO LONGITUDINAL,DOIS AUTO SEM VITMAS (UM DOS CONDUTORES SINTOMAS DE EMBRIAGUEZ),3,,,,,,,,,0,,Longo da via,Bom,Sem defeito,Perfeito estado,Seca,Perfeito estado,,,50 km/h,Única,Canteiro central,,,,,,,,
2019-06-18,17:46:00,SEM VÍTIMA,FINALIZADA,BOA VIAGEM,RUA RIBEIRO DE BRITO,,,EM FRENTE AO 1326,RUA RIBEIRO DE BRITO,,EM FRENTE AO 1326,BOA VIAGEM,,SUBURBIO,ABALROAMENTO TRANSVERSAL,TRES AUTO SEM VITIMAS,3,,,,,,,,,0,,Longo da via,Bom,Não existe,Perfeito estado,Seca,Perfeito estado,Não existe,Não há placas,,Única,Não existe,,,,,,,,
2019-06-18,18:35:00,SEM VÍTIMA,FINALIZADA,DERBY,PRC DO DERBY,,RUA JENER DE SOUZA,,PRC DO DERBY,,,DERBY,418,CIDADE,ABALROAMENTO LONGITUDINAL,FIESTA X AUTO,2,,,,,,,,,0,,Cruzamento,Bom,Sem defeito,Perfeito estado,Seca,Perfeito estado,Não existe,Outras,,Única,Faixa contínua,,,,,,,,
2019-06-18,20:01:00,COM VÍTIMA,FINALIZADA,SANTO AMARO,RUA BARROS BARRETO,19,RUA TIMBIRAS,,RUA BARROS BARRETO,19,,SANTO AMARO,,CIDADE,CHOQUE VEÍCULO PARADO,COLISÃO SEM VÍTIMA,2,,,,,,,,1,2,,Longo da via,Bom,Não existe,Não existente,Seca,Perfeito estado,Não existe,Não há placas,,Dupla,Não existe,,,,,,,,
2019-06-18,20:09:00,SEM VÍTIMA,FINALIZADA,ÁGUA FRIA,EST VELHA DE AGUA FRIA,,,POSTO DE GASOLINA NORTEBRAS,EST VELHA DE AGUA FRIA,,POSTO DE GASOLINA NORTEBRAS,ÁGUA FRIA,,,ABALROAMENTO LONGITUDINAL,ONIBUS E AUTO PASSEIO SEM VITIMAS,1,,,,,1,,,,0,,,Bom,Não existe,Incompleta,Seca,Perfeito estado,,Não há placas,,Dupla,Faixa seccionada,Canteiro central,,,,,,,
2019-06-18,22:48:00,SEM VÍTIMA,CANCELADA,DERBY,RUA DA BAIXA VERDE,287,RUA JORNALISTA PAULO BITTENCOURT,AO LADO DA RESTAURAÇAO,RUA DA BAIXA VERDE,287,AO LADO DA RESTAURAÇAO,DERBY,,,COLISÃO,PARATI X TOYOTA,2,,,,,,,,,0,,,,,,,,,,,,,,,,,,,,
2019-06-19,07:23:00,SEM VÍTIMA,FINALIZADA,DERBY,RUA JENER DE SOUZA,,,SOB O SEMÁFORO Nº 418,RUA JENER DE SOUZA,,SOB O SEMÁFORO Nº 418,DERBY,418,,COLISÃO TRASEIRA,COLISÃO SEM VITIMAS ,2,,,,,,,,,0,,Cruzamento,Bom,Sem defeito,Perfeito estado,Seca,Perfeito estado,Faixa de pedestre,Outras,,Dupla,Canteiro central,,,,,,,,
2019-06-19,08:03:00,SEM VÍTIMA,FINALIZADA,BOA VIAGEM,AV CONSELHEIRO AGUIAR,857,RUA ATLANTICO,TROIS BARBEARIA,AV CONSELHEIRO AGUIAR,857,TROIS BARBEARIA,BOA VIAGEM,,CIDADE,ABALROAMENTO LONGITUDINAL,DOIS AUTOS,2,,,,,,,,,0,,Cruzamento,Bom,Não existe,Perfeito estado,Seca,Perfeito estado,Faixa de pedestre,Placas Pare,60 km/h,Única,Faixa seccionada,,,,,,,,
2019-06-19,08:04:00,COM VÍTIMA,FINALIZADA,MADALENA,AV ENGENHEIRO ABDIAS DE CARVALHO,351,RUA SENADOR FABIO DE BARROS,EM FRENTE A LOJA PIRELLI CAMPNEUS,AV ENGENHEIRO ABDIAS DE CARVALHO,351,EM FRENTE A LOJA PIRELLI CAMPNEUS,MADALENA,,CIDADE,COLISÃO TRASEIRA,AUTO E MOTO.,1,1,,,,,,,,1,,Longo da via,Bom,Não existe,Não existente,Seca,Perfeito estado,Não existe,Não há placas,,Única,Faixa seccionada,,,,,,,,
2019-06-19,08:07:00,SEM VÍTIMA,FINALIZADA,SANTO AMARO,AV CRUZ CABUGA,,,HOSPITAL DO CANCER DE PE,AV CRUZ CABUGA,,HOSPITAL DO CANCER DE PE,SANTO AMARO,,CIDADE,ABALROAMENTO LONGITUDINAL,ONIBUS E AUTO,1,,,,,1,,,,0,,Longo da via,Bom,Não existe,Perfeito estado,Seca,Perfeito estado,Não existe,Não há placas,60 km/h,Dupla,Não existe,,,,,,,,
2019-06-19,08:27:00,SEM VÍTIMA,FINALIZADA,IPUTINGA,AV CAXANGA,,,EM FRENTE AO HOSPITAL BARÃO DE LUCENA,AV CAXANGA,,EM FRENTE AO HOSPITAL BARÃO DE LUCENA,IPUTINGA,,CID/SUB,COLISÃO TRASEIRA,COLISÃO S/VITIMAS ENTRE DOIS AUTOS,2,,,,,,,,,0,,Longo da via,Bom,Não existe,Perfeito estado,Seca,Perfeito estado,Não existe,R-6a,60 km/h,Dupla,Canteiro central,,,,,,,,
2019-06-19,08:39:00,COM VÍTIMA,CANCELADA,CASA FORTE,RUA SAMUEL FARIAS,,,RUA AMARAJJI,RUA SAMUEL FARIAS,,RUA AMARAJJI,CASA FORTE,,,COLISÃO COM CICLISTA,HILLUX E BICICLETA,1,,,1,1,,,,,1,,,,,,,,,,,,,,,,,,,,
2019-06-19,08:55:00,SEM VÍTIMA,FINALIZADA,IMBIRIBEIRA,AV MARECHAL MASCARENHAS DE MORAES,,,EM FRENTE A CONCESSIONARIA ITALIANA,AV MARECHAL MASCARENHAS DE MORAES,,EM FRENTE A CONCESSIONARIA ITALIANA,IMBIRIBEIRA,502,SUBURBIO,COLISÃO TRASEIRA,COLISÃO SEM VITIMAS,2,,,,,,,,,0,,Longo da via,Bom,Sem defeito,Perfeito estado,Seca,Perfeito estado,Faixa de pedestre,Não há placas,60 km/h,Dupla,Faixa contínua,Canteiro central,,,,,,,
2019-06-19,09:04:00,COM VÍTIMA,FINALIZADA,VÁRZEA,RUA MARECHAL MANOEL LUIS OSORIO,495,RUA PROFESSOR ANTONIO COELHO,EM FRENTE AO COLÉGIO PONTUAL,RUA MARECHAL MANOEL LUIS OSORIO,495,EM FRENTE AO COLÉGIO PONTUAL,VÁRZEA,,SUBURBIO,ABALROAMENTO TRANSVERSAL,COLISÃO C/ VITIMAS ENTRE UM AUTO (EVADIU-SE DO LOCAL) E UMA MOTO,,1,,,,,,,,1,,Cruzamento,Bom,Não existe,Não existente,Seca,,Não existe,Não há placas,40 km/h,Dupla,Não existe,,,,,,,,
2019-06-19,09:18:00,SEM VÍTIMA,FINALIZADA,ROSARINHO,RUA GENERAL ABREU E LIMA,319,,,RUA GENERAL ABREU E LIMA,319,,ROSARINHO,,SUBURBIO,COLISÃO TRASEIRA,COLISÃO S/ VITIMAS ENTRE UMA MOTO E DOIS AUTOS.,2,1,,,,,,,,0,,Longo da via,Bom,Não existe,Não existente,Seca,Perfeito estado,Não existe,Não há placas,,Única,Não existe,,,,,,,,
2019-06-19,09:38:00,SEM VÍTIMA,FINALIZADA,ILHA DO RETIRO,EST DOS REMEDIOS,,RUA DR JOAO MARQUES,,EST DOS REMEDIOS,,,ILHA DO RETIRO,,SUBURBIO,ABALROAMENTO TRANSVERSAL,COLISÃO SEM VITIMAS,1,,,,,1,,,,0,,,Bom,Não existe,Não existente,Seca,Perfeito estado,Não existe,Não há placas,,Única,Faixa seccionada,,,,,,,,
2019-06-19,09:51:00,SEM VÍTIMA,FINALIZADA,SOLEDADE,RUA JOAO FERNANDES VIEIRA,,RUA DA SOLEDADE,AO LADO DA IGREJA NOSSA SENHORA DA SOLEDADE,RUA JOAO FERNANDES VIEIRA,,AO LADO DA IGREJA NOSSA SENHORA DA SOLEDADE,SOLEDADE,,,ABALROAMENTO TRANSVERSAL,COLISÃO S/VITIMAS ENTRE DOIS AUTOS,2,,,,,,,,,0,,Cruzamento,Bom,Com defeito,Perfeito estado,Seca,Perfeito estado,Faixa de pedestre,Não há placas,,Única,Faixa contínua,,,,,,,,
2019-06-19,10:02:00,SEM VÍTIMA,FINALIZADA,BONGI,EST DO BONGI,388,,,EST DO BONGI,388,,BONGI,,,ABALROAMENTO LONGITUDINAL,COLISÃO SEM VITIMAS,2,,,,,,,,,0,,Longo da via,Bom,Não existe,Perfeito estado,Seca,Perfeito estado,Não existe,Não há placas,,Dupla,Faixa contínua,,,,,,,,
2019-06-19,10:36:00,SEM VÍTIMA,CANCELADA,SÃO JOSÉ,AV DANTAS BARRETO,1341,,PROX. A PRAÇA SERGIO LORETO E O COMERCIO DE BOMBOM PAO DE MEL,AV DANTAS BARRETO,1341,PROX. A PRAÇA SERGIO LORETO E O COMERCIO DE BOMBOM PAO DE MEL,SÃO JOSÉ,,,COLISÃO,ONIBUS E AUTO,1,,,,,1,,,,0,,,,,,,,,,,,,,,,,,,,
2019-06-19,10:37:00,SEM VÍTIMA,FINALIZADA,BOA VIAGEM,AV BOA VIAGEM,6636,RUA PADRE LEANDRO CAMELO,EM FRENTE EDIFICIO PORTO DE ALEXANDRIA,AV BOA VIAGEM,6636,EM FRENTE EDIFICIO PORTO DE ALEXANDRIA,BOA VIAGEM,,,COLISÃO,COLISÃO SEM VITIMAS,2,,,,,,,,,0,,,,,,,,,,,,,,,,,,,,
2019-06-19,10:43:00,SEM VÍTIMA,FINALIZADA,IPSEP,AV RECIFE,,RUA PINTOR ANTONIO ALBUQUERQUE,,AV RECIFE,,,IPSEP,55,CIDADE,ABALROAMENTO LONGITUDINAL,COLISÃO S/VITIMAS UM AUTO E UM ONIBUS,1,,,,,1,,,,0,,Cruzamento,Bom,Sem defeito,Perfeito estado,Seca,Perfeito estado,Faixa de pedestre,Não há placas,60 km/h,Dupla,Canteiro central,,,,,,,,
2019-06-19,10:59:00,SEM VÍTIMA,FINALIZADA,IMBIRIBEIRA,AV MARECHAL MASCARENHAS DE MORAES,4536,,DISPOR ( DISTRIBUIDORA DE ISOPOR ),AV MARECHAL MASCARENHAS DE MORAES,4536,DISPOR ( DISTRIBUIDORA DE ISOPOR ),IMBIRIBEIRA,,SUBURBIO,ABALROAMENTO LONGITUDINAL,COLISÃO S/VITIMAS UM AUTO E UMA MOTO,1,1,,,,,,,,0,,Longo da via,Bom,Sem defeito,Perfeito estado,Seca,Perfeito estado,Outros,Outras,60 km/h,Dupla,Canteiro central,,,,,,,,
2019-06-19,11:42:00,SEM VÍTIMA,FINALIZADA,IPUTINGA,RUA JACKSON DE FIGUEIREDO,174,,EM FRENTE AO Nº 174,RUA JACKSON DE FIGUEIREDO,174,EM FRENTE AO Nº 174,IPUTINGA,,SUBURBIO,ABALROAMENTO LONGITUDINAL,COLISÃO SEM VITIMAS,2,,,,,,,,,0,,Longo da via,Bom,Não existe,Não existente,Seca,Mal conservada,Não existe,Não há placas,,Dupla,Não existe,,,,,,,,
2019-06-19,11:45:00,SEM VÍTIMA,CANCELADA,ALTO JOSÉ BONIFÁCIO,RUA CORREGO DO EUCLIDES,1505,,PROX. AO DEPOSITO BOM AGUA,RUA CORREGO DO EUCLIDES,1505,PROX. AO DEPOSITO BOM AGUA,ALTO JOSÉ BONIFÁCIO,,,COLISÃO,ONIBUS E AUTO,1,,,,,1,,,,0,,,,,,,,,,,,,,,,,,,,
2019-06-19,12:10:00,SEM VÍTIMA,FINALIZADA,PINA,AV ANTONIO DE GOES,534,,SULAMERICA ( CASA CENTRO AUTOMOTIVO SULAMERICA ),AV ANTONIO DE GOES,534,SULAMERICA ( CASA CENTRO AUTOMOTIVO SULAMERICA ),PINA,,CIDADE,COLISÃO TRASEIRA,COLISÃO SEM VITIMAS,1,1,,,,,,,,0,,Longo da via,Bom,Sem defeito,Perfeito estado,Seca,Perfeito estado,Agente,Outras,60 km/h,Única,Faixa contínua,Faixa seccionada,Canteiro central,,,,,,
2019-06-19,12:12:00,SEM VÍTIMA,FINALIZADA,PINA,RUA CARNEIRO PESSOA,645,,,RUA CARNEIRO PESSOA,645,,PINA,,SUBURBIO,CHOQUE VEÍCULO PARADO,COLISAO ENTRE AUTO E CAMINHAO S/V,1,,,,,,1,,,0,,Longo da via,Bom,Não existe,Não existente,Seca,Mal conservada,Não existe,Não há placas,,Dupla,Não existe,,,,,,,,
2019-06-19,12:28:00,SEM VÍTIMA,CANCELADA,BOA VISTA,RUA CARLOS PORTO CARREIRO,55,,EM FRENTE A ESCOLA TECNICA CEAPE,RUA CARLOS PORTO CARREIRO,55,EM FRENTE A ESCOLA TECNICA CEAPE,BOA VISTA,,,COLISÃO,COLISÃO SEM COLISÃO,2,,,,,,,,,0,,,,,,,,,,,,,,,,,,,,
2019-06-19,13:03:00,SEM VÍTIMA,FINALIZADA,BOA VIAGEM,RUA CORONEL SERGIO HENRIQUE CARDIM,118,,PRÓXIMO AO RESTAURANTE CHICA PITANGA,RUA CORONEL SERGIO HENRIQUE CARDIM,118,PRÓXIMO AO RESTAURANTE CHICA PITANGA,BOA VIAGEM,,CIDADE,ABALROAMENTO LONGITUDINAL,COLISAO ENTRE DOIS AUTOS S/V,2,,,,,,,,,0,,Longo da via,Bom,Não existe,Não existente,Seca,Perfeito estado,Não existe,Não há placas,,Única,Não existe,,,,,,,,
2019-06-19,13:19:00,COM VÍTIMA,FINALIZADA,NOVA DESCOBERTA,RUA NOVA DESCOBERTA,2276,AV VEREADOR OTACILIO AZEVEDO,MERCADINHO VAREJÃO OURO VERDE.,RUA NOVA DESCOBERTA,2276,MERCADINHO VAREJÃO OURO VERDE.,NOVA DESCOBERTA,,CIDADE,ABALROAMENTO LONGITUDINAL,DOIS ÔNIBUS E UMA MOTOCICLETA.,,1,,,,2,,,,1,,Longo da via,Bom,Não existe,Perfeito estado,Seca,Perfeito estado,Não existe,R-19,30 km/h,Dupla,Faixa contínua,,,,,,,,
2019-06-19,13:36:00,COM VÍTIMA,FINALIZADA,SANCHO,AV LIBERDADE,156,,EM FRENTE DOS ANJOS AUTO PEÇAS,AV LIBERDADE,156,EM FRENTE DOS ANJOS AUTO PEÇAS,SANCHO,,SUBURBIO,ATROPELAMENTO,COM VÍTIMA,1,,,,1,,,,,1,,Longo da via,Bom,Não existe,Não existente,Seca,Perfeito estado,Não existe,Não há placas,,Dupla,Não existe,,,,,,,,
2019-06-19,13:41:00,COM VÍTIMA,FINALIZADA,IMBIRIBEIRA,AV MARECHAL MASCARENHAS DE MORAES,,,E/F A JUSTIÇA DO TRABALHO S/T CID,AV MARECHAL MASCARENHAS DE MORAES,,E/F A JUSTIÇA DO TRABALHO S/T CID,IMBIRIBEIRA,471,CIDADE,COLISÃO FRONTAL,COLISAO ENTRE MOTO E AUTO COM UMA VITIMA,1,1,,,,,,,,1,,Longo da via,Bom,Sem defeito,Ilegível,Seca,Perfeito estado,Outros,Outras,,Dupla,Canteiro central,,,,,,,,
2019-06-19,13:43:00,SEM VÍTIMA,FINALIZADA,BOA VIAGEM,AV BOA VIAGEM,3762,,,AV BOA VIAGEM,3762,,BOA VIAGEM,,CIDADE,COLISÃO TRASEIRA,COLISÃO SEM VÍTIMA,2,,,,,,,,,0,,Longo da via,Bom,Não existe,Perfeito estado,Seca,Perfeito estado,Não existe,Não há placas,60 km/h,Única,Faixa seccionada,,,,,,,,
2019-06-19,13:47:00,SEM VÍTIMA,FINALIZADA,BOA VIAGEM,RUA ERNESTO DE PAULA SANTOS,,,AO LADO DO HABIB'S,RUA ERNESTO DE PAULA SANTOS,,AO LADO DO HABIB'S,BOA VIAGEM,,SUBURBIO,COLISÃO TRASEIRA,COLISAO ENTRE DOIS AUTOS S/V,1,,,,,1,,,,0,,Longo da via,Bom,Sem defeito,Perfeito estado,Seca,Perfeito estado,Faixa de pedestre,Outras,,Única,Faixa contínua,,,,,,,,
2019-06-19,14:24:00,SEM VÍTIMA,FINALIZADA,DOIS UNIDOS,AV HILDEBRANDO DE VASCONCELOS,,,LADO OPOSTO AGUA MINERAL SANTA CLARA,AV HILDEBRANDO DE VASCONCELOS,,LADO OPOSTO AGUA MINERAL SANTA CLARA,DOIS UNIDOS,,SUBURBIO,COLISÃO TRASEIRA,COLISAO ENTRE MICROONIBUS E AUTO S/V,1,,,,,1,,,,0,,Longo da via,Bom,Não existe,Perfeito estado,Seca,Perfeito estado,Não existe,Outras,,Dupla,Faixa contínua,,,,,,,,
2019-06-19,14:38:00,SEM VÍTIMA,FINALIZADA,SANTO ANTÔNIO,AV MARTINS DE BARROS,,RUA PRIMEIRO DE MARCO,PRÓXIMO A PONTE MAURICIO DE NASSAU,AV MARTINS DE BARROS,,PRÓXIMO A PONTE MAURICIO DE NASSAU,SANTO ANTÔNIO,194,CIDADE,ABALROAMENTO LONGITUDINAL,COLISAO ENTRE AUTO E BRT S/V,1,,,,,1,,,,0,,Longo da via,Bom,Sem defeito,Perfeito estado,Seca,Perfeito estado,Faixa de retenção,Outras,,Única,Faixa seccionada,,,,,,,,
2019-06-19,14:55:00,SEM VÍTIMA,FINALIZADA,ILHA DO LEITE,AV GOVERNADOR AGAMENON MAGALHAES,,,EM FRENTE AO ED ISAAC NEWTON,AV GOVERNADOR AGAMENON MAGALHAES,,EM FRENTE AO ED ISAAC NEWTON,ILHA DO LEITE,,CIDADE,ABALROAMENTO LONGITUDINAL,COLISAO ENTRE ONIBUS E AUTO S/V,1,,,,,1,,,,0,,Longo da via,Bom,Não existe,Perfeito estado,Seca,Perfeito estado,Não existe,Não há placas,60 km/h,Dupla,Canal,,,,,,,,
2019-06-19,16:36:00,SEM VÍTIMA,FINALIZADA,CORDEIRO,RUA ADELMAR TAVARES,260,,EM FRENTE STUDIO S.V FASHION,RUA ADELMAR TAVARES,260,EM FRENTE STUDIO S.V FASHION,CORDEIRO,,SUBURBIO,CHOQUE VEÍCULO PARADO,COLISÃO SEM VÍTMA,2,,,,,,,,,0,,Longo da via,Bom,Não existe,Não existente,Seca,Perfeito estado,Não existe,Não há placas,,Dupla,Não existe,,,,,,,,
2019-06-19,17:07:00,SEM VÍTIMA,CANCELADA,GRAÇAS,RUA JOSE CLEMENTINO,106,RUA DO FUTURO,AO LADO DOS CORREIOS,RUA JOSE CLEMENTINO,106,AO LADO DOS CORREIOS,GRAÇAS,,,COLISÃO,COLISAO ENTRE CAMINHAO E AUTO S/V,1,,,,,,1,,,0,,,,,,,,,,,,,,,,,,,,
2019-06-19,17:20:00,COM VÍTIMA,FINALIZADA,SANTO AMARO,VDO INDEPENDENCIA,,,DECIDA DO VIADUTO QUE PASSA POR CIMA DA JOAO DE BARROS SENTINDO OLINDA,VDO INDEPENDENCIA,,DECIDA DO VIADUTO QUE PASSA POR CIMA DA JOAO DE BARROS SENTINDO OLINDA,SANTO AMARO,,SUBURBIO,TOMBAMENTO,MOTOQUEIRO CAIDO NO LOCAL,,1,,,,,,,,2,,Viaduto,Bom,Não existe,Perfeito estado,Seca,Perfeito estado,Não existe,Não há placas,,Única,Faixa contínua,,,,,,,,
2019-06-19,17:44:00,COM VÍTIMA,FINALIZADA,CIDADE UNIVERSITÁRIA,AV PROFESSOR LUIZ FREIRE,500,,EM FRENTE IFPE,AV PROFESSOR LUIZ FREIRE,500,EM FRENTE IFPE,CIDADE UNIVERSITÁRIA,,,COLISÃO FRONTAL,,1,1,,,,,,,,1,,Longo da via,Bom,Não existe,Perfeito estado,Seca,Perfeito estado,Não existe,Não há placas,40 km/h,Dupla,Faixa seccionada,,,,,,,,
2019-06-19,18:34:00,SEM VÍTIMA,FINALIZADA,IPSEP,RUA SAO NICOLAU,,RUA ABDIAS CABRAL DE MOURA,SOB O SEMÁFORO 315,RUA SAO NICOLAU,,SOB O SEMÁFORO 315,IPSEP,315,SUBURBIO,ABALROAMENTO LONGITUDINAL,,1,1,,,,,,,,0,,Longo da via,Bom,Sem defeito,Perfeito estado,Seca,Perfeito estado,Agente,Não há placas,,Única,Não existe,,,,,,,,
2019-06-19,18:38:00,SEM VÍTIMA,FINALIZADA,IMBIRIBEIRA,AV MARECHAL MASCARENHAS DE MORAES,,RUA CAPITAO JOAO PONTES,SEMÁFORO 471,AV MARECHAL MASCARENHAS DE MORAES,,SEMÁFORO 471,IMBIRIBEIRA,,CIDADE,ABALROAMENTO LONGITUDINAL,ONIBUS VERA CRUZ X GOL,1,,,,,1,,,,0,,,Chuvoso,Intermitente,Perfeito estado,Molhada,Perfeito estado,,Não há placas,,Dupla,Canteiro central,,,,,,,,
2019-06-19,18:48:00,SEM VÍTIMA,CANCELADA,BOA VIAGEM,RUA SA E SOUZA,400,RUA CAPITAO ZUZINHA,PROX AO EDF SANTOS DUMONT,RUA SA E SOUZA,400,PROX AO EDF SANTOS DUMONT,BOA VIAGEM,,,COLISÃO,SIENA X AUTO,2,,,,,,,,,0,,,,,,,,,,,,,,,,,,,,
2019-06-19,19:51:00,SEM VÍTIMA,FINALIZADA,JARDIM SÃO PAULO,AV SAO PAULO,,,SUPERMERCADO RENDE MAIS,AV SAO PAULO,,SUPERMERCADO RENDE MAIS,JARDIM SÃO PAULO,,,ABALROAMENTO LONGITUDINAL,GOL X PALIO,2,,,,,,,,,0,,Longo da via,Chuvoso,Não existe,Incompleta,Molhada,,Não existe,Não há placas,,Dupla,Não existe,,,,,,,,
2019-06-19,20:26:00,SEM VÍTIMA,FINALIZADA,IMBIRIBEIRA,AV PRESIDENTE DUTRA,451 A,,CHURRASCARIA SAL E BRASA,AV PRESIDENTE DUTRA,451 A,CHURRASCARIA SAL E BRASA,IMBIRIBEIRA,,,ABALROAMENTO LONGITUDINAL,DOIS AUTO SEM VITIMAS,2,,,,,,,,,0,,,Chuvoso,Não existe,Perfeito estado,Molhada,Perfeito estado,Não existe,Não há placas,,Única,Não existe,,,,,,,,
2019-06-19,21:31:00,SEM VÍTIMA,FINALIZADA,ÁGUA FRIA,RUA JULIO RAMOS,,,,RUA JULIO RAMOS,,,ÁGUA FRIA,405,SUBURBIO,ABALROAMENTO LONGITUDINAL,AUTO E CAMINHÃO DO LIXO SEM VITIMAS,1,,,,,,1,,,0,,Longo da via,Chuvoso,Sem defeito,Perfeito estado,Molhada,Perfeito estado,Faixa de retenção,R-6a,,Única,Faixa seccionada,,,,,,,,
2019-06-19,22:50:00,SEM VÍTIMA,FINALIZADA,TAMARINEIRA,RUA CONEGO BARATA,618,,,RUA CONEGO BARATA,618,,TAMARINEIRA,,SUBURBIO,ABALROAMENTO LONGITUDINAL,MOTO X FORD K,1,1,,,,,,,,0,,Longo da via,Bom,Sem defeito,,,,,,,Dupla,,,,,,,,,
2019-06-20,05:46:00,SEM VÍTIMA,FINALIZADA,AREIAS,AV RECIFE,,,EM FRENTE AO MACRO,AV RECIFE,,EM FRENTE AO MACRO,AREIAS,,SUBURBIO,COLISÃO TRASEIRA,COLISÃO ENTRE DOIS AUTOS S/V,2,,,,,,,,,0,,Longo da via,Chuvoso,Não existe,Perfeito estado,Molhada,Perfeito estado,Não existe,R-6a,,Dupla,Canteiro central,,,,,,,,