data,hora,natureza_acidente,situacao,bairro,endereco,numero,detalhe_endereco_acidente,complemento,endereco_cruzamento,numero_cruzamento,referencia_cruzamento,bairro_cruzamento,num_semaforo,sentido_via,tipo,descricao,auto,moto,ciclom,ciclista,pedestre,onibus,caminhao,viatura,outros,vitimas,vitimasfatais,acidente_verificado,tempo_clima,situacao_semaforo,sinalizacao,condicao_via,conservacao_via,ponto_controle,situacao_placa,velocidade_max_via,mao_direcao,divisao_via1,divisao_via2,divisao_via3,,,,,,
2019-06-22,01:53:00,SEM VÍTIMA,FINALIZADA,BOA VIAGEM,RUA RIBEIRO DE BRITO,1326,RUA AMALIA BERNARDINO DE SOUZA,,RUA RIBEIRO DE BRITO,1326,,BOA VIAGEM,,SUBURBIO,ABALROAMENTO TRANSVERSAL,COLISÃO ENTRE DOIS AUTOS, SEM VÍTIMAS,2,,,,,,,,,0,,Cruzamento,Bom,Não existe,Perfeito estado,Seca,Perfeito estado,Não existe,Não há placas,,Única,Faixa seccionada,,,,,,,
2019-06-22,02:48:00,SEM VÍTIMA,FINALIZADA,BOA VIAGEM,RUA DOS NAVEGANTES,1847,RUA ANTONIO FALCAO,STUDIO PORTAL DOS MARES,RUA DOS NAVEGANTES,1847,STUDIO PORTAL DOS MARES,BOA VIAGEM,,SUBURBIO,ABALROAMENTO TRANSVERSAL,COLISÃO ENTRE DOIS AUTOS, SEM VÍTIMAS,2,,,,,,,,,0,,Cruzamento,Bom,Não existe,Perfeito estado,Seca,Perfeito estado,Não existe,Outras,,Única,Faixa seccionada,,,,,,,
2019-06-22,08:06:00,SEM VÍTIMA,FINALIZADA,ARRUDA,AV PROFESSOR JOSE DOS ANJOS,,RUA PETRONILA BOTELHO,,AV PROFESSOR JOSE DOS ANJOS,,,ARRUDA,554,SUBURBIO,ABALROAMENTO TRANSVERSAL,MOTO E TAXI,1,1,,,,,,,,0,,Cruzamento,Bom,Sem defeito,Perfeito estado,Seca,Perfeito estado,,Outras,,Dupla,Canal,,,,,,,,
2019-06-22,10:21:00,SEM VÍTIMA,FINALIZADA,SANTO AMARO,RUA TREZE DE MAIO,976,,,RUA TREZE DE MAIO,976,,SANTO AMARO,,,COLISÃO TRASEIRA,DOIS AUTOS,2,,,,,,,,,0,,Longo da via,Bom,Não existe,Perfeito estado,Seca,Perfeito estado,Não existe,Não há placas,,Dupla,Faixa contínua,,,,,,,,
2019-06-22,11:04:00,SEM VÍTIMA,CANCELADA,FUNDÃO,AV BEBERIBE,2595,,EM FRENTE A ESCOLA ESTADUAL PROF. PEDRO AUGUSTO CARNEIRO LEÃO,AV BEBERIBE,2595,EM FRENTE A ESCOLA ESTADUAL PROF. PEDRO AUGUSTO CARNEIRO LEÃO,FUNDÃO,,,COLISÃO,COLISÃO S/VITIMAS ENTRE TRES AUTOS,3,,,,,,,,,0,,,,,,,,,,,,,,,,,,,,
2019-06-22,11:34:00,SEM VÍTIMA,CANCELADA,VASCO DA GAMA,RUA VASCO DA GAMA,212,,PROX AO SESI,RUA VASCO DA GAMA,212,PROX AO SESI,VASCO DA GAMA,,CIDADE,COLISÃO,ONIBUS E AUTO PASSEIO,1,,,,,1,,,,0,,,,,,,,,,,,,,,,,,,,
2019-06-22,12:02:00,COM VÍTIMA,FINALIZADA,CASA AMARELA,AV NORTE,5600,,EM FRENTE A BORRACHARIA GHR PNEUS,AV NORTE,5600,EM FRENTE A BORRACHARIA GHR PNEUS,CASA AMARELA,,SUBURBIO,COLISÃO TRASEIRA,COLISÃO ENTRE AUTO E MOTO.,1,1,,,,,,,,1,,Longo da via,Bom,Não existe,Perfeito estado,Seca,Perfeito estado,Não existe,R-6a,,Dupla,Canteiro central,,,,,,,,
2019-06-22,12:09:00,SEM VÍTIMA,CANCELADA,TEJIPIÓ,RUA GENERAL MANUEL RABELO,54,,NA PRAÇA DO PACHECO,RUA GENERAL MANUEL RABELO,54,NA PRAÇA DO PACHECO,TEJIPIÓ,,,COLISÃO,COLISAO ENTRE AUTO E CAMINHAO S/V,1,,,,,,1,,,0,,,,,,,,,,,,,,,,,,,,
2019-06-22,13:14:00,SEM VÍTIMA,FINALIZADA,IBURA,AV PERNAMBUCO,,,EM FRENTE AO BRADESCO,AV PERNAMBUCO,,EM FRENTE AO BRADESCO,IBURA,,,COLISÃO,COLISAÕ SEM VITIMAS,2,,,,,,,,,0,,,,,,,,,,,,,,,,,,,,
2019-06-22,13:23:00,SEM VÍTIMA,FINALIZADA,ESPINHEIRO,AV GOVERNADOR AGAMENON MAGALHAES,1286,,PRÓX A UPE,AV GOVERNADOR AGAMENON MAGALHAES,1286,PRÓX A UPE,ESPINHEIRO,,SUBURBIO,COLISÃO TRASEIRA,CLISAO ENTRE DOIS AUTOS S/V,2,,,,,,,,,0,,Longo da via,Bom,Sem defeito,Perfeito estado,Seca,Perfeito estado,Não existe,Outras,60 km/h,Dupla,Canteiro central,,,,,,,,
2019-06-22,13:52:00,SEM VÍTIMA,FINALIZADA,DOIS UNIDOS,RUA DOM JOSE TAVORA,145,,,RUA DOM JOSE TAVORA,145,,DOIS UNIDOS,,SUBURBIO,CHOQUE VEÍCULO PARADO,DOIS AUTO SEM VITIMAS,2,,,,,,,,,0,,Longo da via,Bom,Não existe,Perfeito estado,Seca,Perfeito estado,Não existe,Não há placas,40 km/h,Dupla,Não existe,,,,,,,,
2019-06-22,14:51:00,COM VÍTIMA,FINALIZADA,JARDIM SÃO PAULO,RUA NOSSA SENHORA DE FATIMA,,RUA MAESTRO ALCIDES LEAO,POR TRAS DO POSTO TOTAL NA ANTIGA FABRICA DO CAFE ROYAL S/T BOA VIAGEM,RUA NOSSA SENHORA DE FATIMA,,POR TRAS DO POSTO TOTAL NA ANTIGA FABRICA DO CAFE ROYAL S/T BOA VIAGEM,JARDIM SÃO PAULO,,AV. RECIFE,ABALROAMENTO LONGITUDINAL,AUTO E MOTO.,1,1,,,,,,,,1,,Longo da via,Bom,Não existe,Não existente,Seca,Mal conservada,Não existe,Não há placas,,Única,Não existe,,,,,,,,
2019-06-22,15:49:00,COM VÍTIMA,FINALIZADA,PRADO,AV ENGENHEIRO ABDIAS DE CARVALHO,,RUA CARLOS GOMES,APOS A FACULDADE ESTACIO. EM FRENTE A BIG CAR.,AV ENGENHEIRO ABDIAS DE CARVALHO,,APOS A FACULDADE ESTACIO. EM FRENTE A BIG CAR.,PRADO,57,CIDADE,COLISÃO TRASEIRA,COLISAO ENTRE DOIS AUTOS COM UMA VITIMA,2,,,,,,,,,1,,Cruzamento,Bom,Sem defeito,Perfeito estado,Seca,Perfeito estado,Faixa de retenção,R-6a,60 km/h,Dupla,Canteiro central,,,,,,,,
2019-06-22,16:26:00,SEM VÍTIMA,FINALIZADA,BOA VISTA,RUA DO PRINCIPE,1817,,EM FRENTE AO HOSPITAL MILITAR DO RECIFE,RUA DO PRINCIPE,1817,EM FRENTE AO HOSPITAL MILITAR DO RECIFE,BOA VISTA,,CIDADE,CHOQUE OBJETO FIXO,COLISÃO COM VITIMAS,,,,,,1,,,,0,,Longo da via,Bom,Não existe,Perfeito estado,Seca,Perfeito estado,Não existe,Outras,,Única,Faixa seccionada,,,,,,,,
2019-06-22,17:09:00,SEM VÍTIMA,FINALIZADA,PONTO DE PARADA,AV BEBERIBE,,RUA COUTO MAGALHAES,,AV BEBERIBE,,,PONTO DE PARADA,63,,COLISÃO TRASEIRA,COLISÃO SEM VITIMAS,2,,,,,,,,,0,,Cruzamento,Bom,Sem defeito,Perfeito estado,Seca,Perfeito estado,Faixa de pedestre,Não há placas,60 km/h,Dupla,Faixa contínua,,,,,,,,
2019-06-22,18:35:00,SEM VÍTIMA,FINALIZADA,PONTO DE PARADA,AV BEBERIBE,,RUA COUTO DE MAGALHAES,,AV BEBERIBE,,,PONTO DE PARADA,63,,ABALROAMENTO TRANSVERSAL,MOTO X MOTO,,2,,,,,,,,0,,Cruzamento,Bom,Sem defeito,Perfeito estado,Seca,Perfeito estado,Faixa de pedestre,Não há placas,60 km/h,Dupla,Faixa contínua,,,,,,,,
2019-06-22,21:30:00,SEM VÍTIMA,FINALIZADA,DOIS UNIDOS,AV HILDEBRANDO DE VASCONCELOS,,RUA FERNANDO CARVALHEIRA,,AV HILDEBRANDO DE VASCONCELOS,,,DOIS UNIDOS,,,ABALROAMENTO LONGITUDINAL,ENTRE 2 AUTOS. S/V,2,,,,,,,,,0,,,Bom,Não existe,Incompleta,Seca,Mal iluminada,Não existe,R-6a,60 km/h,Dupla,,,,,,,,,
2019-06-23,01:27:00,SEM VÍTIMA,CANCELADA,MACAXEIRA,AV NORTE,,RUA MARIA CANDIDA,,AV NORTE,,,MACAXEIRA,296,,COLISÃO,COLISÃO ENTRE DOIS AUTOS, SEM VÍTIMAS,2,,,,,,,,,0,,,,,,,,,,,,,,,,,,,
2019-06-23,05:07:00,SEM VÍTIMA,FINALIZADA,PRADO,AV ENGENHEIRO ABDIAS DE CARVALHO,,,POSTO BR MANIA,AV ENGENHEIRO ABDIAS DE CARVALHO,,POSTO BR MANIA,PRADO,354,SUBURBIO,COLISÃO TRASEIRA,COLISÃO ENTRE DOIS AUTOS, SEM VÍTIMAS,1,,,,,,,,,0,,Longo da via,Bom,Sem defeito,Perfeito estado,Molhada,Perfeito estado,Faixa de pedestre,R-6a,,Única,Faixa contínua,,,,,,,
2019-06-23,05:42:00,COM VÍTIMA,FINALIZADA,AFOGADOS,EST DOS REMEDIOS,,,EMBAIXO DO PONTILHÃO DE AFOGADOS. EM FRENTE A FEIRA LIVRE DE AFOGADOS.,EST DOS REMEDIOS,,EMBAIXO DO PONTILHÃO DE AFOGADOS. EM FRENTE A FEIRA LIVRE DE AFOGADOS.,AFOGADOS,,CIDADE,ABALROAMENTO TRANSVERSAL,COLISÃO ENTRE UM ÔNIBUS E MOTO C/V,,1,,,,1,,,,1,,Longo da via,Bom,Não existe,Perfeito estado,Molhada,Perfeito estado,,R-6a,30 km/h,Dupla,Faixa,,,,,,,,
2019-06-23,06:32:00,SEM VÍTIMA,FINALIZADA,BOA VIAGEM,RUA GENERAL AMERICANO FREIRE,,,AO LADO DO RESTAURANTE CARCARÁ,RUA GENERAL AMERICANO FREIRE,,AO LADO DO RESTAURANTE CARCARÁ,BOA VIAGEM,,SUBURBIO,CHOQUE VEÍCULO PARADO,SEM VITIMAS,2,,,,,,,,,0,,Longo da via,Bom,Não existe,Perfeito estado,Seca,Perfeito estado,Não existe,Não há placas,,Dupla,Não existe,,,,,,,,
2019-06-23,06:51:00,SEM VÍTIMA,FINALIZADA,SAN MARTIN,RUA COMENDADOR FRANCO FERREIRA,,AV CONSUL VILARES FRAGOSO,AO LADO DA CAVALARIA,RUA COMENDADOR FRANCO FERREIRA,,AO LADO DA CAVALARIA,SAN MARTIN,,CIDADE,ABALROAMENTO TRANSVERSAL,SEM VITIMAS,2,,,,,,,,,0,,,Bom,Não existe,Perfeito estado,Seca,Perfeito estado,Não existe,R-6a,,Dupla,Faixa seccionada,,,,,,,,
2019-06-23,07:44:00,SEM VÍTIMA,FINALIZADA,PINA,AVENIDA CELSO FURTADO (VIA MANGUE),,,LADO OPOSTO A ENTRADA DO AEROCLUBE,AVENIDA CELSO FURTADO (VIA MANGUE),,LADO OPOSTO A ENTRADA DO AEROCLUBE,PINA,,SUBURBIO,CHOQUE OBJETO FIXO,VEÍCULO ABANDONADO NA VIA,1,,,,,,,,,0,,Longo da via,Bom,Não existe,Perfeito estado,Seca,Perfeito estado,Não existe,Outras,60 km/h,Única,Faixa seccionada,,,,,,,,
2019-06-23,09:31:00,SEM VÍTIMA,CANCELADA,TAMARINEIRA,RUA GOMES COUTINHO,86,,AO LADO DO EDF ROSA MEIRELES,RUA GOMES COUTINHO,86,AO LADO DO EDF ROSA MEIRELES,TAMARINEIRA,,,COLISÃO,SEM VITIMAS/VT DA CTTU 29 INSP DU VALE,CARLOS FERNANDES ,FAZENDO B.O,2,,,,,,,,,0,,,,,,,,,,,,,,,,,,
2019-06-23,09:47:00,SEM VÍTIMA,FINALIZADA,TOTÓ,RUA ORFEU DO CARNAVAL,,,AO LADO DO PRESIDIO ANIBAL BRUNO,RUA ORFEU DO CARNAVAL,,AO LADO DO PRESIDIO ANIBAL BRUNO,TOTÓ,,,COLISÃO TRASEIRA,,2,,,,,,,,,0,,Longo da via,Bom,Não existe,Perfeito estado,Seca,Perfeito estado,Não existe,Não há placas,,,Não existe,,,,,,,,
2019-06-23,10:07:00,COM VÍTIMA,FINALIZADA,BARRO,AV DR JOSE RUFINO,2984,,ESCOLA ESTADUAL PRESIDENTE HUMBERTO CASTELO BRANCO,AV DR JOSE RUFINO,2984,ESCOLA ESTADUAL PRESIDENTE HUMBERTO CASTELO BRANCO,BARRO,156,SUBURBIO,ABALROAMENTO TRANSVERSAL,AUTO E MOTO.,1,1,,,,,,,,1,,Longo da via,Bom,Sem defeito,Perfeito estado,Seca,Perfeito estado,Faixa de pedestre,Não há placas,40 km/h,Dupla,Faixa contínua,,,,,,,,
2019-06-23,11:29:00,SEM VÍTIMA,FINALIZADA,SÃO JOSÉ,RUA IMPERIAL,,TRV DO RAPOSO,NO SEMAFORO 510,RUA IMPERIAL,,NO SEMAFORO 510,SÃO JOSÉ,,SUBURBIO,ABALROAMENTO TRANSVERSAL,DOIS AUTOS,2,,,,,,,,,0,,Cruzamento,Bom,Sem defeito,Perfeito estado,Seca,Perfeito estado,Faixa de pedestre,R-6a,,Única,Faixa contínua,,,,,,,,
2019-06-23,15:04:00,SEM VÍTIMA,FINALIZADA,IBURA,RUA VALE DO ITAJAI,455,,TERMINAL DE ONIBUS UR-05,RUA VALE DO ITAJAI,455,TERMINAL DE ONIBUS UR-05,IBURA,,SUBURBIO,ABALROAMENTO TRANSVERSAL,ONIBUS E AUTO,1,,,,,1,,,,0,,Longo da via,Bom,Não existe,Não existente,Seca,Perfeito estado,Não existe,Não há placas,,,Não existe,,,,,,,,
2019-06-23,17:52:00,SEM VÍTIMA,FINALIZADA,CAMPO GRANDE,AV GOVERNADOR AGAMENON MAGALHAES,,RUA ODORICO MENDES,SOB O POSTE DE Nº B026957,AV GOVERNADOR AGAMENON MAGALHAES,,SOB O POSTE DE Nº B026957,CAMPO GRANDE,,SUBURBIO,ABALROAMENTO LONGITUDINAL,COLISÃO SEM VITIMAS,1,1,,,,,,,,0,,,Bom,Não existe,Perfeito estado,Seca,Perfeito estado,,Placas Dê a preferência,,Única,Não existe,,,,,,,,
2019-06-23,18:50:00,SEM VÍTIMA,FINALIZADA,IBURA,AV DOIS RIOS,,,EM FRENTE AO SEMÁFORO 325,AV DOIS RIOS,,EM FRENTE AO SEMÁFORO 325,IBURA,325,SUBURBIO,COLISÃO TRASEIRA,ENTRE 2 AUTOS. S/V,2,,,,,,,,,0,,Longo da via,Bom,Sem defeito,Perfeito estado,Seca,Perfeito estado,Faixa de pedestre,Não há placas,,Dupla,Faixa contínua,,,,,,,,
2019-06-23,19:48:00,SEM VÍTIMA,CANCELADA,CORDEIRO,RUA ANTERO MOTA,,AV CAXANGA,AO LADO DO DA EXPOSIÇÃO DE ANIMAIS,RUA ANTERO MOTA,,AO LADO DO DA EXPOSIÇÃO DE ANIMAIS,CORDEIRO,,,COLISÃO,COLISÃO SEM VITIMAS,1,1,,,,,,,,0,,,,,,,,,,,,,,,,,,,,
2019-06-23,22:40:00,SEM VÍTIMA,FINALIZADA,ILHA DO LEITE,RUA FRANCISCO ALVES,,AV FREI MATIAS TEVES,,RUA FRANCISCO ALVES,,,ILHA DO LEITE,490,,ABALROAMENTO TRANSVERSAL,ENTRE 2 AUTOS. S/V,2,,,,,,,,,0,,Cruzamento,Bom,Sem defeito,Perfeito estado,Seca,Perfeito estado,Não existe,Outras,,Dupla,Canteiro central,,,,,,,,
2019-06-23,22:58:00,SEM VÍTIMA,CANCELADA,ARRUDA,RUA DAS MOCAS,,RUA DA REGENERACAO,SEMÁFORO 472,RUA DAS MOCAS,,SEMÁFORO 472,ARRUDA,,,COLISÃO,ENTRE 2 AUTOS. S/V,2,,,,,,,,,0,,,,,,,,,,,,,,,,,,,,
2019-06-23,23:18:00,COM VÍTIMA,FINALIZADA,BOA VIAGEM,AV VINTE DE JANEIRO,513,RUA SIDERAL,PRÓX AO TERMINAL SETUBAL / E/F A FEIJOADA LEAL DO LEOPOLDO,AV VINTE DE JANEIRO,513,PRÓX AO TERMINAL SETUBAL / E/F A FEIJOADA LEAL DO LEOPOLDO,BOA VIAGEM,,SUBURBIO,ABALROAMENTO TRANSVERSAL,AUTO E MOTO.,1,1,,,,,,,,1,,Cruzamento,Bom,Não existe,Incompleta,Seca,Perfeito estado,Não existe,Não há placas,,Dupla,Não existe,,,,,,,,
2019-06-23,23:24:00,SEM VÍTIMA,FINALIZADA,IBURA,AV SANTA FE,346,,PADARIA FLOR DO IBURA,AV SANTA FE,346,PADARIA FLOR DO IBURA,IBURA,,SUBURBIO,COLISÃO FRONTAL,ENTRE VT E MOTO. S/V,,1,,,,,,1,,0,,Longo da via,Bom,Não existe,,Seca,Perfeito estado,Não existe,R-6a,,Dupla,Faixa seccionada,,,,,,,,
2019-06-23,23:58:00,SEM VÍTIMA,FINALIZADA,ÁGUA FRIA,RUA DO MACHADO,,RUA DA REGENERACAO,SOB O SEMÁFORO 536,RUA DO MACHADO,,SOB O SEMÁFORO 536,ÁGUA FRIA,536,,COLISÃO TRASEIRA,COLISÃO ENTRE DOIS AUTOS, S/V,2,,,,,,,,,0,,Cruzamento,Chuvoso,Sem defeito,,Molhada,Perfeito estado,Faixa de pedestre,,,Dupla,Faixa contínua,,,,,,,
2019-06-24,06:48:00,SEM VÍTIMA,FINALIZADA,ENCRUZILHADA,EST DE BELEM,636,,EM FRENTE AO Nº 636,EST DE BELEM,636,EM FRENTE AO Nº 636,ENCRUZILHADA,504,,COLISÃO TRASEIRA,COLISÃO S/VITIMAS ENTRE DOIS AUTOS ( UM DOS ENVOLVIDOS COM SUSPEITA DE EMBRIAGUEZ),2,,,,,,,,,0,,Longo da via,Bom,Sem defeito,Perfeito estado,Seca,Perfeito estado,Faixa de pedestre,R-6a,,Dupla,Faixa contínua,,,,,,,,
2019-06-24,11:29:00,SEM VÍTIMA,FINALIZADA,SÃO JOSÉ,RUA IMPERIAL,,TRV DO RAPOSO,SEMÁFORO 510,RUA IMPERIAL,,SEMÁFORO 510,SÃO JOSÉ,510,SUBURBIO,COLISÃO TRASEIRA,SEM VITIMAS,2,,,,,,,,,0,,Cruzamento,Bom,Sem defeito,Perfeito estado,Seca,Perfeito estado,Faixa de pedestre,Outras,,Única,Faixa contínua,,,,,,,,
2019-06-24,14:08:00,SEM VÍTIMA,FINALIZADA,SANTO ANTÔNIO,RUA IMPERIAL,,TRV DO RAPOSO,NO SEMÁFORO 510,RUA IMPERIAL,,NO SEMÁFORO 510,SANTO ANTÔNIO,510,SUBURBIO,ABALROAMENTO TRANSVERSAL,COLISÃO SEM VÍTIMA,2,,,,,,,,,0,,Cruzamento,Bom,Sem defeito,Perfeito estado,Seca,Perfeito estado,Faixa de pedestre,Não há placas,,Única,Faixa seccionada,,,,,,,,
2019-06-24,14:11:00,COM VÍTIMA,FINALIZADA,BOA VISTA,AV GOVERNADOR AGAMENON MAGALHAES,,RUA DR BANDEIRA FILHO,ENTRE A MC DONALD´S E A EMBRATEL PISTA LOCAL S/T BOA VIAGEM,AV GOVERNADOR AGAMENON MAGALHAES,,ENTRE A MC DONALD´S E A EMBRATEL PISTA LOCAL S/T BOA VIAGEM,BOA VISTA,173,SUBURBIO,ABALROAMENTO LONGITUDINAL,COLISAO ENTRE AUTO E MOTO COM UMA VITIMA,1,1,,,,,,,,1,,Longo da via,Bom,Sem defeito,Perfeito estado,Seca,Perfeito estado,Não existe,Não há placas,,Única,Faixa,,,,,,,,
2019-06-24,14:27:00,SEM VÍTIMA,FINALIZADA,BOA VIAGEM,AV ENGENHEIRO DOMINGOS FERREIRA,125,,E/F AUTO PARVI,AV ENGENHEIRO DOMINGOS FERREIRA,125,E/F AUTO PARVI,BOA VIAGEM,324,SUBURBIO,ABALROAMENTO TRANSVERSAL,ONIBUS E AUTO PASSEIO SEM VITIMAS,1,,,,,1,,,,0,,Longo da via,Bom,Sem defeito,Perfeito estado,Molhada,Perfeito estado,Faixa de pedestre,Outras,60 km/h,Dupla,Faixa contínua,,,,,,,,
2019-06-24,14:45:00,SEM VÍTIMA,FINALIZADA,ESPINHEIRO,RUA DR BANDEIRA FILHO,,,SEMÁFORO 173,RUA DR BANDEIRA FILHO,,SEMÁFORO 173,ESPINHEIRO,,CID/SUB,COLISÃO TRASEIRA,COLISAO ENTRE DOIS AUTOS S/V,2,,,,,,,,,0,,Longo da via,Bom,Sem defeito,Perfeito estado,Seca,Perfeito estado,Faixa de pedestre,Outras,,Única,Faixa seccionada,,,,,,,,
2019-06-24,18:07:00,SEM VÍTIMA,FINALIZADA,BOA VIAGEM,RUA VISCONDE DE JEQUITINHONHA,,RUA DOM JOSE LOPES,,RUA VISCONDE DE JEQUITINHONHA,,,BOA VIAGEM,,CIDADE,ABALROAMENTO TRANSVERSAL,DOIS AUTO SEM VITIMAS,2,,,,,,,,,0,,Cruzamento,Bom,Não existe,Perfeito estado,Seca,Perfeito estado,Faixa de pedestre,Não há placas,,Única,Não existe,,,,,,,,
2019-06-24,19:40:00,SEM VÍTIMA,FINALIZADA,JARDIM SÃO PAULO,RUA LEANDRO BARRETO,,,LADO OPOSTO A PADARIA LA ROQUE,RUA LEANDRO BARRETO,,LADO OPOSTO A PADARIA LA ROQUE,JARDIM SÃO PAULO,,SUBURBIO,CHOQUE VEÍCULO PARADO,FORD FOCUS X RENAULT DUSTER,2,,,,,,,,,0,,,Bom,Não existe,Incompleta,Seca,Perfeito estado,Faixa de pedestre,Não há placas,30 km/h,Dupla,Faixa contínua,,,,,,,,
2019-06-24,20:00:00,COM VÍTIMA,FINALIZADA,BARRO,AV DR JOSE RUFINO,,,SOBRE A PONTE DO BARRO / PROX A INTEGRAÇÃO DO BARRO,AV DR JOSE RUFINO,,SOBRE A PONTE DO BARRO / PROX A INTEGRAÇÃO DO BARRO,BARRO,,SUBURBIO,ABALROAMENTO LONGITUDINAL,AUTO E MOTO COM VITIMAS,1,1,,,,,,,,2,,Viaduto,Bom,Não existe,Incompleta,Seca,Mal iluminada,Não existe,Não há placas,60 km/h,Dupla,Faixa contínua,,,,,,,,
2019-06-24,20:22:00,SEM VÍTIMA,FINALIZADA,MADALENA,AV VISCONDE DE ALBUQUERQUE,,RUA LOPES DE CARVALHO,,AV VISCONDE DE ALBUQUERQUE,,,MADALENA,,SUBURBIO,ABALROAMENTO LONGITUDINAL,DOIS AUTO SEM VITIMAS,2,,,,,,,,,0,,,Bom,Não existe,,Seca,Perfeito estado,,Placas Pare,60 km/h,Única,Faixa seccionada,,,,,,,,
2019-06-24,21:55:00,SEM VÍTIMA,CANCELADA,TEJIPIÓ,RUA FALCAO DE LACERDA,5617,,ENTRE A PANIFICADORA MANDACARU E AO CARTORIO PROX A LOMBADA ELETRONICA,RUA FALCAO DE LACERDA,5617,ENTRE A PANIFICADORA MANDACARU E AO CARTORIO PROX A LOMBADA ELETRONICA,TEJIPIÓ,,,COLISÃO,CLASSIC X CROSSFOX,2,,,,,,,,,0,,,,,,,,,,,,,,,,,,,,
2019-06-25,06:52:00,SEM VÍTIMA,FINALIZADA,IBURA,RUA EXP FRANCISCO VITORIANO,9,,EM FRENTE A IGREJA BATISTA EM DOIS RIOS,RUA EXP FRANCISCO VITORIANO,9,EM FRENTE A IGREJA BATISTA EM DOIS RIOS,IBURA,,CIDADE,CHOQUE VEÍCULO PARADO,AUTO E CAMINHÃO,1,,,,,,1,,,0,,Longo da via,Bom,Não existe,Não existente,Seca,Perfeito estado,Faixa de pedestre,,30 km/h,Dupla,Faixa contínua,,,,,,,,
2019-06-25,07:11:00,SEM VÍTIMA,CANCELADA,BOA VIAGEM,RUA BALTAZAR PASSOS,,RUA SA E SOUZA,EM FRENTE A CULTURA INGLESA,RUA BALTAZAR PASSOS,,EM FRENTE A CULTURA INGLESA,BOA VIAGEM,,,COLISÃO,DOIS AUTOS,2,,,,,,,,,0,,,,,,,,,,,,,,,,,,,,
2019-06-25,07:23:00,SEM VÍTIMA,FINALIZADA,BOA VISTA,AV GOVERNADOR AGAMENON MAGALHAES,2764,,AO LADO DO Nº 2764,AV GOVERNADOR AGAMENON MAGALHAES,2764,AO LADO DO Nº 2764,BOA VISTA,,,ABALROAMENTO LONGITUDINAL,COLISÃO S/VITIMAS ENTRE UM AUTO E ONIBUS,1,,,,,1,,,,0,,Longo da via,Bom,Sem defeito,Perfeito estado,Seca,Perfeito estado,Faixa de pedestre,Não há placas,,Dupla,Faixa seccionada,Canteiro central,,,,,,,
2019-06-25,07:33:00,COM VÍTIMA,FINALIZADA,CAXANGÁ,AV CAXANGA,2117,RUA DO FORTE,EM FRENTE A CAXANGÁ ACESSÓRIOS,AV CAXANGA,2117,EM FRENTE A CAXANGÁ ACESSÓRIOS,CAXANGÁ,,CIDADE,ATROPELAMENTO,AUTO E PEDESTRE.,1,,,,1,,,,,1,,Longo da via,Bom,Não existe,Perfeito estado,Seca,Perfeito estado,Não existe,Não há placas,,Dupla,Canteiro central,,,,,,,,
2019-06-25,07:38:00,SEM VÍTIMA,FINALIZADA,ESTÂNCIA,AV RECIFE,,,LADO OPOSTO AO SUPERMERCADO MAKRO,AV RECIFE,,LADO OPOSTO AO SUPERMERCADO MAKRO,ESTÂNCIA,,SUBURBIO,ABALROAMENTO LONGITUDINAL,COLISÃO S/ VITIMAS ENTRE DOIS AUTOS,2,,,,,,,,,0,,Viaduto,Bom,Não existe,Perfeito estado,Seca,Perfeito estado,Não existe,Não há placas,,Dupla,Canteiro central,,,,,,,,
2019-06-25,08:01:00,SEM VÍTIMA,FINALIZADA,DERBY,AV GOVERNADOR AGAMENON MAGALHAES,,RUA JOAQUIM NABUCO,SEMÁFORO 174,AV GOVERNADOR AGAMENON MAGALHAES,,SEMÁFORO 174,DERBY,,,COLISÃO TRASEIRA,COLISÃO SEM VITIMAS,2,,,,,,,,,0,,Longo da via,Bom,Sem defeito,Perfeito estado,Seca,Perfeito estado,Agente,Outras,60 km/h,Única,Faixa contínua,,,,,,,,
2019-06-25,08:20:00,SEM VÍTIMA,FINALIZADA,BAIRRO DO RECIFE,AV ALFREDO LISBOA,,,EM FRENTE AO ARMAZEM 14,AV ALFREDO LISBOA,,EM FRENTE AO ARMAZEM 14,BAIRRO DO RECIFE,,CIDADE,ABALROAMENTO LONGITUDINAL,COLISÃO S/VITIMAS ENTRE DOIS AUTOS,2,,,,,,,,,0,,Longo da via,Bom,Não existe,Perfeito estado,Seca,Perfeito estado,Não existe,Não há placas,30 km/h,Única,Faixa seccionada,,,,,,,,
2019-06-25,08:32:00,SEM VÍTIMA,FINALIZADA,BAIRRO DO RECIFE,AV ALFREDO LISBOA,,,POSTO PETROCAL,AV ALFREDO LISBOA,,POSTO PETROCAL,BAIRRO DO RECIFE,,SUBURBIO,ABALROAMENTO LONGITUDINAL,COLISÃO SEM VITIMAS,1,,,,,1,,,,0,,Longo da via,Bom,Não existe,Perfeito estado,Seca,Perfeito estado,Não existe,Outras,30 km/h,Única,Faixa contínua,,,,,,,,
2019-06-25,08:57:00,SEM VÍTIMA,FINALIZADA,MADALENA,RUA JOSE OSORIO,227,AV VISCONDE DE ALBUQUERQUE,,RUA JOSE OSORIO,227,,MADALENA,50,,ABALROAMENTO LONGITUDINAL,COLISÃO SEM VITIMAS,2,,,,,,,,,0,,Longo da via,Bom,Sem defeito,Perfeito estado,Seca,Perfeito estado,Faixa de pedestre,R-6a,,Única,Faixa contínua,,,,,,,,