data,hora,natureza_acidente,situacao,bairro,endereco,numero,detalhe_endereco_acidente,complemento,endereco_cruzamento,numero_cruzamento,referencia_cruzamento,bairro_cruzamento,num_semaforo,sentido_via,tipo,descricao,auto,moto,ciclom,ciclista,pedestre,onibus,caminhao,viatura,outros,vitimas,vitimasfatais,acidente_verificado,tempo_clima,situacao_semaforo,sinalizacao,condicao_via,conservacao_via,ponto_controle,situacao_placa,velocidade_max_via,mao_direcao,divisao_via1,divisao_via2,divisao_via3,,,,,,
2019-06-30,19:35:00,VÍTIMA FATAL,FINALIZADA,SANTO AMARO,AV GOVERNADOR AGAMENON MAGALHAES,,,SOB O VIADUTO AV NORTE MIGUEL ARRAES DE ALENCAR,AV GOVERNADOR AGAMENON MAGALHAES,,SOB O VIADUTO AV NORTE MIGUEL ARRAES DE ALENCAR,SANTO AMARO,,,COLISÃO COM CICLISTA,ÔNIBUS E CICLISTA. C/VF,,,,1,,1,,,,,1,Longo da via,Bom,Não existe,Perfeito estado,Seca,Perfeito estado,,,60 km/h,Dupla,Faixa contínua,Canal,,,,,,,
2019-06-30,20:32:00,SEM VÍTIMA,FINALIZADA,MADALENA,EST DOS REMEDIOS,,,,EST DOS REMEDIOS,,,MADALENA,51,CIDADE,COLISÃO TRASEIRA,ENTRE AUTO E ÕNIBUS. S/V,1,,,,,1,,,,0,,Longo da via,Chuvoso,Sem defeito,Perfeito estado,Molhada,Perfeito estado,Outros,Outras,,Única,Faixa contínua,,,,,,,,
2019-06-30,20:49:00,SEM VÍTIMA,FINALIZADA,BONGI,AV MANOEL GONCALVES DA LUZ,45,,ATACADO DAS MADEIRAS,AV MANOEL GONCALVES DA LUZ,45,ATACADO DAS MADEIRAS,BONGI,,CIDADE,CHOQUE VEÍCULO PARADO,GOL X FORD K OBS: SUSPEITA DE EMBRIAGUEZ,2,,,,,,,,,0,,Longo da via,Chuvoso,Não existe,Incompleta,Molhada,Perfeito estado,,Não há placas,40 km/h,Dupla,Faixa seccionada,,,,,,,,
2019-06-30,23:50:00,SEM VÍTIMA,CANCELADA,BEBERIBE,AV BEBERIBE,,,PRÓX A PRAÇA DE BEBERIBE E E/F A VIA MOVEIS,AV BEBERIBE,,PRÓX A PRAÇA DE BEBERIBE E E/F A VIA MOVEIS,BEBERIBE,,,COLISÃO,MOTO - X MOTO -,2,,,,,,,,,0,,,,,,,,,,,,,,,,,,,,
2019-07-01,00:29:00,SEM VÍTIMA,FINALIZADA,ESPINHEIRO,RUA QUARENTA E OITO,,RUA SAMUEL CAMPELO,GALERIA 48 CENTER,RUA QUARENTA E OITO,,GALERIA 48 CENTER,ESPINHEIRO,,SUBURBIO,ABALROAMENTO TRANSVERSAL,COLISÃO ENTRE DOIS AUTOS, SEM VÍTIMAS,2,,,,,,,,,0,,Cruzamento,Chuvoso,,,Molhada,Perfeito estado,,,,,,,,,,,,
2019-07-01,05:37:00,SEM VÍTIMA,FINALIZADA,GRAÇAS,RUA DAS CREOULAS,,AV RUI BARBOSA,SEMÁFORO Nº 102,RUA DAS CREOULAS,,SEMÁFORO Nº 102,GRAÇAS,102,CIDADE,ABALROAMENTO LONGITUDINAL,COLISÃO ENTRE AUTO E ÔNIBUS S/V,1,,,,,1,,,,0,,Cruzamento,Chuvoso,Sem defeito,Perfeito estado,Molhada,Perfeito estado,Faixa de pedestre,R-6a,20 km/h,Única,,,,,,,,,
2019-07-01,06:14:00,COM VÍTIMA,FINALIZADA,BOA VIAGEM,AV ENGENHEIRO DOMINGOS FERREIRA,1818,RUA DR GILSON MACHADO GUIMARAES,EM FRENTE AO SUPERMERCADO EXTRA,AV ENGENHEIRO DOMINGOS FERREIRA,1818,EM FRENTE AO SUPERMERCADO EXTRA,BOA VIAGEM,297,SUBURBIO,COLISÃO TRASEIRA,COLISÃO C/ VITIMAS ENTRE DOIS ONIBUS,,,,,,2,,,,2,,Longo da via,Chuvoso,Sem defeito,Perfeito estado,Molhada,Perfeito estado,Não existe,Outras,60 km/h,Única,Canteiro central,,,,,,,,
2019-07-01,07:35:00,SEM VÍTIMA,FINALIZADA,BOA VIAGEM,AV CONSELHEIRO AGUIAR,,RUA RIBEIRO DE BRITO,SOB O SEMÁFORO 147,AV CONSELHEIRO AGUIAR,,SOB O SEMÁFORO 147,BOA VIAGEM,147,CIDADE,ABALROAMENTO LONGITUDINAL,COLISÃO SEM VITIMAS,2,,,,,,,,,0,,Cruzamento,Chuvoso,Sem defeito,Perfeito estado,Molhada,Perfeito estado,Faixa de pedestre,,60 km/h,Única,Faixa contínua,,,,,,,,
2019-07-01,07:45:00,SEM VÍTIMA,FINALIZADA,,AV CAXANGA,,RUA BOM PASTOR,,AV CAXANGA,,,,8,CIDADE,ABALROAMENTO LONGITUDINAL,COLISÃO SEM VITIMAS,2,,,,,,,,,0,,Cruzamento,Chuvoso,Sem defeito,Perfeito estado,Molhada,Perfeito estado,Faixa de pedestre,R-5b,50 km/h,Dupla,Canteiro central,,,,,,,,
2019-07-01,07:47:00,SEM VÍTIMA,FINALIZADA,TORRE,RUA PROFESSOR TRAJANO DE MENDONCA,,,APÓS O ATACADO DOS PRESENTES,RUA PROFESSOR TRAJANO DE MENDONCA,,APÓS O ATACADO DOS PRESENTES,TORRE,,CIDADE,ABALROAMENTO LONGITUDINAL,,1,,,,,,1,,,0,,Longo da via,Bom,Não existe,Perfeito estado,Seca,Perfeito estado,Não existe,Não há placas,,Única,Faixa seccionada,,,,,,,,
2019-07-01,07:52:00,SEM VÍTIMA,FINALIZADA,SANTO AMARO,AV GOVERNADOR AGAMENON MAGALHAES,2000,,MINISTÉRIO DO TRABALHO E EMPREGO,AV GOVERNADOR AGAMENON MAGALHAES,2000,MINISTÉRIO DO TRABALHO E EMPREGO,SANTO AMARO,,CIDADE,COLISÃO TRASEIRA,DOIS AUTOS,2,,,,,,,,,0,,Longo da via,Chuvoso,Sem defeito,Perfeito estado,Molhada,Perfeito estado,Não existe,Outras,60 km/h,Única,Faixa seccionada,,,,,,,,
2019-07-01,08:02:00,SEM VÍTIMA,FINALIZADA,VÁRZEA,AV CAXANGA,4617,,FIAT ITALIANA,AV CAXANGA,4617,FIAT ITALIANA,VÁRZEA,608,CIDADE,ABALROAMENTO LONGITUDINAL,DOIS AUTOS,2,,,,,,,,,0,,Longo da via,Chuvoso,Sem defeito,Perfeito estado,Molhada,Perfeito estado,Faixa de pedestre,R-6a,,Dupla,,,,,,,,,
2019-07-01,08:10:00,COM VÍTIMA,FINALIZADA,PINA,AV ANTONIO DE GOES,,,LADO OPOSTO AO Nº 275,AV ANTONIO DE GOES,,LADO OPOSTO AO Nº 275,PINA,,CIDADE,COLISÃO TRASEIRA,DOIS ONIBUS PONTO FIXO,,,,,,2,,,,1,,Longo da via,Chuvoso,Não existe,Perfeito estado,Molhada,Perfeito estado,Agente,Outras,60 km/h,Única,Faixa contínua,Faixa seccionada,Canteiro central,,,,,,
2019-07-01,09:15:00,SEM VÍTIMA,FINALIZADA,MADALENA,EST DOS REMEDIOS,,,LADO OPOSTO HC PNEUS,EST DOS REMEDIOS,,LADO OPOSTO HC PNEUS,MADALENA,,CIDADE,COLISÃO TRASEIRA,MOTO E AUTO,1,1,,,,,,,,0,,Longo da via,Bom,,Perfeito estado,Seca,Perfeito estado,Outros,R-6a,,Única,Faixa seccionada,,,,,,,,
2019-07-01,09:42:00,SEM VÍTIMA,FINALIZADA,AFOGADOS,RUA SAO MIGUEL,,RUA SANTOS ARAUJO,EM FRENTE AO POSTO DE GASOLINA BP,RUA SAO MIGUEL,,EM FRENTE AO POSTO DE GASOLINA BP,AFOGADOS,,,COLISÃO,COLISÃO SEM VITIMAS,1,,,,,,1,,,0,,,,,,,,,,,,,,,,,,,,
2019-07-01,09:35:00,SEM VÍTIMA,FINALIZADA,CIDADE UNIVERSITÁRIA,RUA GENERAL POLIDORO,,,EM FRENTE AO RESTAURANTE DRAGÃO CHINES,RUA GENERAL POLIDORO,,EM FRENTE AO RESTAURANTE DRAGÃO CHINES,CIDADE UNIVERSITÁRIA,,,CHOQUE OBJETO FIXO,,,,,,,,1,,,0,,,,,,,,,,,,,,,,,,,,
2019-07-01,09:47:00,SEM VÍTIMA,FINALIZADA,SÃO JOSÉ,AV SUL,,,NA ENTRADA DO CABANGA EM FRENTE A EMPRESA PORTELA,AV SUL,,NA ENTRADA DO CABANGA EM FRENTE A EMPRESA PORTELA,SÃO JOSÉ,260,CIDADE,COLISÃO,COLISÃO SEM VITIMAS,3,,,,,,,,,0,,,,,,,,,,,,,,,,,,,,
2019-07-01,10:53:00,SEM VÍTIMA,FINALIZADA,PRADO,RUA SANTA EDWIRGES,97,RUA PADRE TEOFILO TWORZ,EM FRENTE A IGREJA PRESBITERIANA DO PRADO,RUA SANTA EDWIRGES,97,EM FRENTE A IGREJA PRESBITERIANA DO PRADO,PRADO,,,COLISÃO,COLISÃO S/VITIMAS ENTRE AUTOS,2,,,,,,,,,0,,,,,,,,,,,,,,,,,,,,
2019-07-01,12:13:00,COM VÍTIMA,FINALIZADA,IMBIRIBEIRA,AV PRESIDENTE DUTRA,347,,ACESSO AO VIADUTO TANCREDO NEVES,AV PRESIDENTE DUTRA,347,ACESSO AO VIADUTO TANCREDO NEVES,IMBIRIBEIRA,,,CAPOTAMENTO,,2,,,,,,,,,5,,Longo da via,Bom,Não existe,Perfeito estado,Seca,Perfeito estado,Não existe,Outras,60 km/h,Dupla,Canteiro central,,,,,,,,
2019-07-01,12:24:00,SEM VÍTIMA,FINALIZADA,VÁRZEA,AV CAXANGA,,,PRÓXIMO A UPA DA CAXANGÁ,AV CAXANGA,,PRÓXIMO A UPA DA CAXANGÁ,VÁRZEA,,SUBURBIO,COLISÃO TRASEIRA,COLISAO ENTRE DOIS AUTOS S/V,2,,,,,,,,,0,,Ponte,Bom,Sem defeito,Perfeito estado,Seca,Perfeito estado,,,,Dupla,Canteiro central,,,,,,,,
2019-07-01,12:30:00,COM VÍTIMA,FINALIZADA,BOA VIAGEM,RUA BALTAZAR PASSOS,515,RUA JOSE HIPOLITO CARDOSO,PROX A PADARIA PAN JOVEM,RUA BALTAZAR PASSOS,515,PROX A PADARIA PAN JOVEM,BOA VIAGEM,,SUL,COLISÃO,COLISAO ENTRE DOIS AUTOS E UM ONIBUS,2,,,,,1,,,,1,,Cruzamento,Bom,Não existe,,,,Faixa de pedestre,Placas Pare,,Única,Faixa seccionada,,,,,,,,
2019-07-01,12:48:00,SEM VÍTIMA,FINALIZADA,AFOGADOS,RUA COSME VIANA,,,HOME CENTER TUPAN,RUA COSME VIANA,,HOME CENTER TUPAN,AFOGADOS,,SUBURBIO,COLISÃO TRASEIRA,ONIBUS E AUTO PASSEIO SEM VITIMAS,1,,,,,1,,,,0,,Longo da via,Bom,Não existe,Perfeito estado,Seca,Perfeito estado,Não existe,Não há placas,,Única,Faixa contínua,,,,,,,,
2019-07-01,13:31:00,COM VÍTIMA,FINALIZADA,SAN MARTIN,AV GENERAL SAN MARTIN,163,,TERMINAL DE ÔNIBUS SAN MARTIN,AV GENERAL SAN MARTIN,163,TERMINAL DE ÔNIBUS SAN MARTIN,SAN MARTIN,,SUBURBIO,ABALROAMENTO TRANSVERSAL,AUTO E MOTO COM VITIMAS,1,1,,,,,,,,1,,Longo da via,Bom,Não existe,Perfeito estado,Seca,Perfeito estado,Não existe,Placas Dê a preferência,,Dupla,Canteiro central,,,,,,,,
2019-07-01,13:40:00,SEM VÍTIMA,FINALIZADA,BOA VIAGEM,AV FERNANDO SIMOES BARBOSA,702,,,AV FERNANDO SIMOES BARBOSA,702,,BOA VIAGEM,,SUBURBIO,ABALROAMENTO LONGITUDINAL,CAMINHÃO E UM AUTO PASSEIO SEM VITIMAS,1,,,,,,1,,,0,,Longo da via,Bom,Não existe,Perfeito estado,Seca,Perfeito estado,Não existe,Não há placas,,Única,Faixa seccionada,,,,,,,,
2019-07-01,13:59:00,SEM VÍTIMA,FINALIZADA,BOA VIAGEM,AV FERNANDO SIMOES BARBOSA,406,,POSTO DE COMBUSTÍVEL BR,AV FERNANDO SIMOES BARBOSA,406,POSTO DE COMBUSTÍVEL BR,BOA VIAGEM,,SUBURBIO,ABALROAMENTO TRANSVERSAL,COLISÃO SEM VÍTIMA,2,,,,,,,,,0,,,Bom,Não existe,Não existente,Seca,Perfeito estado,Não existe,Não há placas,,,Não existe,,,,,,,,
2019-07-01,14:01:00,SEM VÍTIMA,FINALIZADA,IMBIRIBEIRA,AV ANTONIO TORRES GALVAO,,,SOB O SEMÁFORO DE Nº 442,AV ANTONIO TORRES GALVAO,,SOB O SEMÁFORO DE Nº 442,IMBIRIBEIRA,442,SUBURBIO,ABALROAMENTO LONGITUDINAL,COLISAO ENTRE MOTO E AUTO S/V,1,1,,,,,,,,0,,Cruzamento,Bom,Sem defeito,Ilegível,Seca,Mal conservada,,Outras,,Única,Faixa contínua,Faixa seccionada,,,,,,,
2019-07-01,14:07:00,SEM VÍTIMA,FINALIZADA,SANTO ANTÔNIO,PRC DA REPUBLICA,,,,PRC DA REPUBLICA,,,SANTO ANTÔNIO,,SUBURBIO,ABALROAMENTO LONGITUDINAL,COLISÃO SEM VÍTIMA,2,,,,,,,,,0,,Longo da via,Bom,Sem defeito,Perfeito estado,Seca,Perfeito estado,Não existe,Não há placas,,Única,Faixa contínua,,,,,,,,
2019-07-01,14:14:00,COM VÍTIMA,FINALIZADA,BARRO,AV DR JOSE RUFINO,,,SOBRE O VIADUTO DA BR 101,AV DR JOSE RUFINO,,SOBRE O VIADUTO DA BR 101,BARRO,,SUBURBIO,ABALROAMENTO LONGITUDINAL,COLISAO ENTRE CAMINHAO E MOTO COM UMA VITIMA,,1,,,,,,,,1,,Cruzamento,Bom,Não existe,Não existente,Seca,Mal conservada,Não existe,Não há placas,,Dupla,Faixa contínua,,,,,,,,
2019-07-01,14:22:00,SEM VÍTIMA,FINALIZADA,BOA VIAGEM,RUA JORNALISTA ADETH LEITE,,AV ENGENHEIRO DOMINGOS FERREIRA,LADO OPOSTO AO WALMART,RUA JORNALISTA ADETH LEITE,,LADO OPOSTO AO WALMART,BOA VIAGEM,,SUBURBIO,ABALROAMENTO LONGITUDINAL,COLISAO ENTRE DOIS AUTOS S/V,2,,,,,,,,,0,,Longo da via,Bom,Sem defeito,Perfeito estado,Seca,Perfeito estado,Agente,Não há placas,30 km/h,Única,Faixa seccionada,,,,,,,,
2019-07-01,15:42:00,COM VÍTIMA,FINALIZADA,ALTO JOSÉ BONIFÁCIO,RUA ALTO JOSE BONIFACIO,450,,NA LADEIRA DO BOI,RUA ALTO JOSE BONIFACIO,450,NA LADEIRA DO BOI,ALTO JOSÉ BONIFÁCIO,,,ABALROAMENTO LONGITUDINAL,COLISAO ENTRE ONIBUS E MOTO COM UMA VITIMA,,1,,,,1,,,,1,,Longo da via,Bom,Não existe,Perfeito estado,Seca,Perfeito estado,Não existe,R-6a,,Dupla,Faixa seccionada,,,,,,,,
2019-07-01,16:16:00,SEM VÍTIMA,FINALIZADA,SANTO AMARO,AV GOVERNADOR AGAMENON MAGALHAES,,,SOB O SEMÁFORO 049,AV GOVERNADOR AGAMENON MAGALHAES,,SOB O SEMÁFORO 049,SANTO AMARO,49,,COLISÃO TRASEIRA,COLISÃO SEM VÍTIMA,2,,,,,,,,,0,,Longo da via,Bom,Sem defeito,Perfeito estado,Seca,Perfeito estado,Faixa de pedestre,Não há placas,60 km/h,Única,Faixa contínua,,,,,,,,
2019-07-01,16:36:00,SEM VÍTIMA,FINALIZADA,IPSEP,RUA ITANAGE,69,RUA BLUMENAU,,RUA ITANAGE,69,,IPSEP,111,SUBURBIO,COLISÃO TRASEIRA,COLISÃO SEM VÍTIMA,2,,,,,,,,,0,,Longo da via,Bom,Sem defeito,Perfeito estado,Seca,Perfeito estado,Não existe,R-4b,,Dupla,Não existe,,,,,,,,
2019-07-01,16:40:00,COM VÍTIMA,FINALIZADA,BOMBA DO HEMETÉRIO,RUA CORREGO DO EUCLIDES,104,,NA LADEIRA DO BOI E/F A PANIFICADORA PAN LUNA,RUA CORREGO DO EUCLIDES,104,NA LADEIRA DO BOI E/F A PANIFICADORA PAN LUNA,BOMBA DO HEMETÉRIO,,SUBURBIO,ATROPELAMENTO,MOTO ATROPELOU UM PEDESTRE VT 08 NO LOCAL.,,1,,,1,,,,,1,,Longo da via,Bom,Não existe,Perfeito estado,Seca,Perfeito estado,Não existe,Não há placas,30 km/h,Dupla,Faixa contínua,,,,,,,,
2019-07-01,16:45:00,SEM VÍTIMA,FINALIZADA,JORDÃO,RUA BOANERGES PEREIRA,1049,,,RUA BOANERGES PEREIRA,1049,,JORDÃO,,,ABALROAMENTO LONGITUDINAL,COLISÃO SEM VÍTIMA,1,,,,,,1,,,0,,Longo da via,Bom,Não existe,Não existente,Seca,Perfeito estado,Não existe,Não há placas,,Dupla,Não existe,,,,,,,,
2019-07-01,17:47:00,SEM VÍTIMA,CANCELADA,JORDÃO,AV MARIA IRENE,,,E/F AO POSTO DE GASOLINA IPIRANGA,AV MARIA IRENE,,E/F AO POSTO DE GASOLINA IPIRANGA,JORDÃO,,,COLISÃO,MOTO E AUTO SEM VITIMAS,1,1,,,,,,,,0,,,,,,,,,,,,,,,,,,,,
2019-07-01,18:10:00,COM VÍTIMA,FINALIZADA,AFOGADOS,AV SUL,,,ENF AO POSTO DE SAUDE E A ESTAÇAO LARGO DA PAZ,AV SUL,,ENF AO POSTO DE SAUDE E A ESTAÇAO LARGO DA PAZ,AFOGADOS,,CIDADE,ABALROAMENTO LONGITUDINAL,2 MOTOS,,2,,,,,,,,1,,Longo da via,Bom,Não existe,Perfeito estado,Seca,Perfeito estado,Agente,Não há placas,40 km/h,Única,Faixa seccionada,,,,,,,,
2019-07-01,19:00:00,SEM VÍTIMA,FINALIZADA,IMBIRIBEIRA,RUA ARQUITETO LUIZ NUNES,650,,,RUA ARQUITETO LUIZ NUNES,650,,IMBIRIBEIRA,,SUBURBIO,COLISÃO TRASEIRA,FIESTA X MOTO,1,1,,,,,,,,0,,Longo da via,Bom,Não existe,Perfeito estado,Seca,Perfeito estado,Não existe,Não há placas,,Dupla,Faixa contínua,,,,,,,,
2019-07-01,19:45:00,COM VÍTIMA,FINALIZADA,BOA VISTA,RUA DO RIACHUELO,,RUA DO HOSPICIO,EM FRENTE AO EDF GARAGEM DO HMAR,RUA DO RIACHUELO,,EM FRENTE AO EDF GARAGEM DO HMAR,BOA VISTA,92,SUBURBIO,TOMBAMENTO,MOTOCICLETA,,1,,,,,,,,1,,Cruzamento,Bom,Sem defeito,Perfeito estado,Seca,Perfeito estado,Não existe,Não há placas,40 km/h,Dupla,Canteiro central,,,,,,,,
2019-07-01,20:06:00,SEM VÍTIMA,CANCELADA,TOTÓ,AV LIBERDADE,,,NA FRENTE DO ARMAZEM CORAL,AV LIBERDADE,,NA FRENTE DO ARMAZEM CORAL,TOTÓ,,,COLISÃO,COLISÃO SEM VITIMAS,2,,,,,,,,,0,,,,,,,,,,,,,,,,,,,,
2019-07-01,20:48:00,COM VÍTIMA,FINALIZADA,ESPINHEIRO,RUA DA HORA,628,RUA AMELIA,,RUA DA HORA,628,,ESPINHEIRO,361,CIDADE,CHOQUE OBJETO FIXO,,1,,,,,,,,,1,,Cruzamento,Bom,Sem defeito,Perfeito estado,Seca,Perfeito estado,Faixa de pedestre,,,Única,Faixa seccionada,,,,,,,,
2019-07-02,00:30:00,COM VÍTIMA,FINALIZADA,ESPINHEIRO,AV JOAO DE BARROS,,RUA DO ESPINHEIRO,FARMÁCIA PAGUE MENOS,AV JOAO DE BARROS,,FARMÁCIA PAGUE MENOS,ESPINHEIRO,89,SUBURBIO,ABALROAMENTO TRANSVERSAL,COLISÃO ENTRE DOIS AUTOS C/V,2,,,,,,,,,2,,Cruzamento,Chuvoso,Sem defeito,Perfeito estado,Molhada,Perfeito estado,,Outras,,Única,Faixa contínua,,,,,,,,
2019-07-02,06:52:00,SEM VÍTIMA,FINALIZADA,VÁRZEA,RUA GENERAL POLIDORO,759,,ACADEMIA PRIME FIT,RUA GENERAL POLIDORO,759,ACADEMIA PRIME FIT,VÁRZEA,,CIDADE,CHOQUE OBJETO FIXO,,,,,,,,1,,1,0,,Longo da via,Nublado,Não existe,Incompleta,Seca,Perfeito estado,Outros,Não há placas,,Dupla,Faixa contínua,,,,,,,,
2019-07-02,07:21:00,SEM VÍTIMA,FINALIZADA,CABANGA,AV SUL,,,,AV SUL,,,CABANGA,260,CIDADE,COLISÃO TRASEIRA,,3,,,,,,,,,0,,Cruzamento,Chuvoso,Sem defeito,Incompleta,Molhada,Mal conservada,,Não há placas,,Dupla,Faixa seccionada,,,,,,,,
2019-07-02,07:23:00,SEM VÍTIMA,CANCELADA,BOA VIAGEM,AVENIDA CELSO FURTADO (VIA MANGUE),,,PROX AO SUPERMERCADO EXTRA,AVENIDA CELSO FURTADO (VIA MANGUE),,PROX AO SUPERMERCADO EXTRA,BOA VIAGEM,,CIDADE,COLISÃO,COLISÃO SEM VITIMAS,2,,,,,,,,,0,,,,,,,,,,,,,,,,,,,,
2019-07-02,07:50:00,SEM VÍTIMA,CANCELADA,TORRÕES,AV ENGENHEIRO ABDIAS DE CARVALHO,170,,EM FRENTE A DISQUE PEDRAS,AV ENGENHEIRO ABDIAS DE CARVALHO,170,EM FRENTE A DISQUE PEDRAS,TORRÕES,,CIDADE,COLISÃO,COLISÃO SEM VITIMAS ENTRE DOIS AUTOS,2,,,,,,,,,0,,,,,,,,,,,,,,,,,,,,
2019-07-02,08:20:00,SEM VÍTIMA,FINALIZADA,MACAXEIRA,AV NORTE,7574,,LADO OPOSTO AO PARQUE DA MACAXEIRA,AV NORTE,7574,LADO OPOSTO AO PARQUE DA MACAXEIRA,MACAXEIRA,,SUBURBIO,COLISÃO TRASEIRA,DOIS AUTOS,2,,,,,,,,,0,,Longo da via,Bom,Não existe,Perfeito estado,Seca,Perfeito estado,Não existe,R-6a,,Dupla,Faixa seccionada,Canteiro central,,,,,,,
2019-07-02,08:33:00,COM VÍTIMA,FINALIZADA,BOA VIAGEM,RUA JACK AYRES,198,RUA PROFESSOR JULIO FERREIRA DE MELO,EDF SÃO TIAGO,RUA JACK AYRES,198,EDF SÃO TIAGO,BOA VIAGEM,,,ABALROAMENTO LONGITUDINAL,COLISÃO SEM VITIMAS,1,1,,,,,,,,1,,Cruzamento,Bom,Não existe,Perfeito estado,Seca,Perfeito estado,Faixa de retenção,Placas Pare,,Única,Não existe,,,,,,,,
2019-07-02,08:37:00,SEM VÍTIMA,FINALIZADA,SANTO AMARO,AV JOAO DE BARROS,111,RUA JOAQUIM FELIPE,EM FRENTE A CELPE,AV JOAO DE BARROS,111,EM FRENTE A CELPE,SANTO AMARO,365,CIDADE,ABALROAMENTO LONGITUDINAL,COLISÃO SEM VITIMAS,1,,,,,1,,,,0,,Longo da via,Bom,Sem defeito,Perfeito estado,Seca,,Faixa de pedestre,Outras,60 km/h,Única,Faixa seccionada,,,,,,,,
2019-07-02,08:59:00,COM VÍTIMA,FINALIZADA,SÃO JOSÉ,RUA BARAO DA VITORIA,,RUA FLORIANO PEIXOTO,,RUA BARAO DA VITORIA,,,SÃO JOSÉ,12,SUBURBIO,ABALROAMENTO LONGITUDINAL,COLISÃO COM VITIMA A ESPERA DO SAMU,1,1,,,,,,,,1,,Cruzamento,Bom,Sem defeito,Perfeito estado,Seca,Perfeito estado,Faixa de retenção,Outras,,Única,Não existe,,,,,,,,
2019-07-02,09:31:00,COM VÍTIMA,FINALIZADA,VÁRZEA,RUA AGRICOLANDIA,,RUA PROFESSOR ANTONIO COELHO,,RUA AGRICOLANDIA,,,VÁRZEA,,CIDADE,ABALROAMENTO TRANSVERSAL,COLISÃO COM VITIMA A ESPERA DO SAMU,1,1,,,,,,,,1,,Cruzamento,Bom,Não existe,Não existente,Seca,Perfeito estado,Não existe,Não há placas,,Dupla,Não existe,,,,,,,,
2019-07-02,09:59:00,SEM VÍTIMA,CANCELADA,BOA VIAGEM,RUA CORONEL ANIZIO RODRIGUES COELHO,,RUA DES JOAO PAES,EM FRENTE AO EDIFICIO MARIA HELOISA,RUA CORONEL ANIZIO RODRIGUES COELHO,,EM FRENTE AO EDIFICIO MARIA HELOISA,BOA VIAGEM,,,COLISÃO,COLISÃO S/VITIMAS ENTRE DOIS AUTOS,2,,,,,,,,,0,,,,,,,,,,,,,,,,,,,,
2019-07-02,10:04:00,SEM VÍTIMA,FINALIZADA,CASA AMARELA,RUA DA HARMONIA,860,,EM FRENTE AO POSTE B 005333,RUA DA HARMONIA,860,EM FRENTE AO POSTE B 005333,CASA AMARELA,435,,COLISÃO TRASEIRA,SEM VITIMAS,2,,,,,,,,,0,,Longo da via,Bom,Sem defeito,Perfeito estado,Seca,Perfeito estado,Faixa de pedestre,R-6a,,Dupla,Faixa contínua,,,,,,,,
2019-07-02,11:56:00,SEM VÍTIMA,FINALIZADA,AFLITOS,AV CONS ROSA E SILVA,1547,,POSTO DE GASOLINA SHELL,AV CONS ROSA E SILVA,1547,POSTO DE GASOLINA SHELL,AFLITOS,214,SUBURBIO,COLISÃO TRASEIRA,COLISÃO SEM VITIMAS,1,1,,,,,,,,0,,Longo da via,Bom,Sem defeito,Perfeito estado,Seca,,,Outras,,Única,Faixa contínua,,,,,,,,
2019-07-02,12:14:00,SEM VÍTIMA,FINALIZADA,ESPINHEIRO,AV JOAO DE BARROS,1280,,EM FRENTE AO Nº 1280,AV JOAO DE BARROS,1280,EM FRENTE AO Nº 1280,ESPINHEIRO,,CIDADE,ABALROAMENTO LONGITUDINAL,COLISAO SEM VITIMAS,1,,,,,1,,,,0,,Longo da via,Bom,Não existe,Incompleta,Seca,Perfeito estado,Não existe,Outras,,Dupla,Faixa seccionada,,,,,,,,
2019-07-02,12:45:00,SEM VÍTIMA,CANCELADA,BOA VIAGEM,AV CONSELHEIRO AGUIAR,3595,,EM FRENTE AS AMERICANAS EXPRESS,AV CONSELHEIRO AGUIAR,3595,EM FRENTE AS AMERICANAS EXPRESS,BOA VIAGEM,,PINA,COLISÃO,COLISÃO SEM VITIMAS,2,,,,,,,,,0,,,,,,,,,,,,,,,,,,,,
2019-07-02,14:22:00,SEM VÍTIMA,FINALIZADA,COQUEIRAL,RUA QUINZE DE NOVEMBRO,,RUA ARACAJU,,RUA QUINZE DE NOVEMBRO,,,COQUEIRAL,,SUBURBIO,COLISÃO TRASEIRA,COLISÃO SEM VITIMAS,2,,,,,,,,,0,,Longo da via,Bom,Não existe,Não existente,Seca,Perfeito estado,Não existe,Não há placas,,Dupla,Não existe,,,,,,,,
2019-07-02,14:42:00,COM VÍTIMA,CANCELADA,AREIAS,AV RECIFE,3856,,APOS O HOSPITAL GERAL DE AREIAS S/T BOA VIAGEM,AV RECIFE,3856,APOS O HOSPITAL GERAL DE AREIAS S/T BOA VIAGEM,AREIAS,,,COLISÃO,COLISAO ENTRE AUTO E MOTO SHINERAY COM UMA VITIMA,1,,1,,,,,,,1,,,,,,,,,,,,,,,,,,,,
2019-07-02,15:01:00,SEM VÍTIMA,CANCELADA,MACAXEIRA,AV JOSE AMERICO DE ALMEIDA,,,NA ROTATORIA NA PRAÇA ZUMBI DS PALMARES,AV JOSE AMERICO DE ALMEIDA,,NA ROTATORIA NA PRAÇA ZUMBI DS PALMARES,MACAXEIRA,,,COLISÃO,COLISAO ENTRE DOIS AUTOS S/V,2,,,,,,,,,0,,,,,,,,,,,,,,,,,,,,
2019-07-02,15:03:00,SEM VÍTIMA,FINALIZADA,BOA VIAGEM,RUA FRANCISCO DA CUNHA,654,RUA PADRE BERNADINO PESSOA,,RUA FRANCISCO DA CUNHA,654,,BOA VIAGEM,,,ABALROAMENTO TRANSVERSAL,COLISAO SEM VITIMAS,2,,,,,,,,,0,,Cruzamento,Bom,Não existe,Perfeito estado,Seca,Perfeito estado,Faixa de pedestre,Placas Pare,,Única,Não existe,,,,,,,,