data,hora,natureza_acidente,situacao,bairro,endereco,numero,detalhe_endereco_acidente,complemento,endereco_cruzamento,numero_cruzamento,referencia_cruzamento,bairro_cruzamento,num_semaforo,sentido_via,tipo,descricao,auto,moto,ciclom,ciclista,pedestre,onibus,caminhao,viatura,outros,vitimas,vitimasfatais,acidente_verificado,tempo_clima,situacao_semaforo,sinalizacao,condicao_via,conservacao_via,ponto_controle,situacao_placa,velocidade_max_via,mao_direcao,divisao_via1,divisao_via2,divisao_via3,,,,,,
2019-07-06,09:45:00,SEM VÍTIMA,FINALIZADA,TEJIPIÓ,AV DR JOSE RUFINO,,,DENTRO DO POSTO DE COMBUSTÍVEL IPIRANGA,AV DR JOSE RUFINO,,DENTRO DO POSTO DE COMBUSTÍVEL IPIRANGA,TEJIPIÓ,434,SUBURBIO,ABALROAMENTO TRANSVERSAL,SEM VITIMAS,2,,,,,,,,,0,,Outros,Bom,Sem defeito,Perfeito estado,Seca,Perfeito estado,,Outras,,Dupla,Faixa contínua,,,,,,,,
2019-07-06,10:59:00,SEM VÍTIMA,CANCELADA,SANTO AMARO,RUA TREZE DE MAIO,,,EM FRENTE A PRAÇA DO CEMITERIO DE SANTO AMARO,RUA TREZE DE MAIO,,EM FRENTE A PRAÇA DO CEMITERIO DE SANTO AMARO,SANTO AMARO,428,,COLISÃO,COLISÃO SEM VITIMAS,2,,,,,,,,,0,,,,,,,,,,,,,,,,,,,,
2019-07-06,11:38:00,SEM VÍTIMA,CANCELADA,IPSEP,AV RECIFE,,,EM FRENTE AO POSTO FEDERAL,AV RECIFE,,EM FRENTE AO POSTO FEDERAL,IPSEP,,BOA VIAGEM,COLISÃO,SEM VITIMAS,3,,,,,,,,,0,,,,,,,,,,,,,,,,,,,,
2019-07-06,11:39:00,SEM VÍTIMA,FINALIZADA,BOA VIAGEM,RUA BARAO DE SOUZA LEAO,1092,,Nº 1092,RUA BARAO DE SOUZA LEAO,1092,Nº 1092,BOA VIAGEM,,,ABALROAMENTO LONGITUDINAL,COLISÃO SEM VITIMAS,1,,,,,1,,,,0,,Longo da via,Bom,,Perfeito estado,Seca,Perfeito estado,Não existe,R-6a,60 km/h,Única,Faixa seccionada,,,,,,,,
2019-07-06,12:41:00,SEM VÍTIMA,FINALIZADA,PINA,AV BOA VIAGEM,100,,,AV BOA VIAGEM,100,,PINA,104,CIDADE,COLISÃO TRASEIRA,COLISÃO SEM VÍTIMA,3,,,,,,,,,0,,Longo da via,Bom,Sem defeito,Perfeito estado,Seca,Perfeito estado,Faixa de pedestre,Outras,60 km/h,Única,Faixa contínua,Faixa seccionada,Canteiro central,,,,,,
2019-07-06,12:43:00,SEM VÍTIMA,CANCELADA,PINA,AV HERCULANO BANDEIRA,383,,E/F A DELL ANNO,AV HERCULANO BANDEIRA,383,E/F A DELL ANNO,PINA,,BOA VIAGEM,COLISÃO,DOIS AUTO SEM VITIMAS,2,,,,,,,,,0,,,,,,,,,,,,,,,,,,,,
2019-07-06,12:45:00,SEM VÍTIMA,FINALIZADA,BOA VIAGEM,RUA GENERAL AMERICANO FREIRE,562,RUA DES JOAO PAES,E/F AO EDF CAPIBA,RUA GENERAL AMERICANO FREIRE,562,E/F AO EDF CAPIBA,BOA VIAGEM,,SUBURBIO,ABALROAMENTO LONGITUDINAL,COLISAO ENTRE DOIS AUTOS S/V,3,,,,,,,,,0,,Longo da via,Bom,Não existe,Perfeito estado,Seca,Perfeito estado,Não existe,Outras,40 km/h,Única,Não existe,,,,,,,,
2019-07-06,13:14:00,SEM VÍTIMA,FINALIZADA,ROSARINHO,AV SANTOS DUMONT,458,RUA TELES JUNIOR,EXTRA FARMA,AV SANTOS DUMONT,458,EXTRA FARMA,ROSARINHO,,SUBURBIO,ABALROAMENTO LONGITUDINAL,AUTO E MOTO SEM VITIMAS,1,1,,,,,,,,0,,Longo da via,Bom,Não existe,Perfeito estado,Seca,Perfeito estado,Não existe,Outras,,Única,Não existe,,,,,,,,
2019-07-06,13:45:00,SEM VÍTIMA,FINALIZADA,AREIAS,AV RECIFE,581,,SEMÁFORO 620,AV RECIFE,581,SEMÁFORO 620,AREIAS,620,CIDADE,ABALROAMENTO LONGITUDINAL,COLISAO ENTRE CAMINHAO E AUTO S/V,1,,,,,,1,,1,0,,Longo da via,Bom,Sem defeito,Perfeito estado,Seca,Perfeito estado,,Outras,,Única,Faixa seccionada,Canteiro central,,,,,,,
2019-07-06,16:37:00,SEM VÍTIMA,FINALIZADA,JORDÃO,AV GOVERNADOR ROBERTO SILVEIRA,10,AV GOVERNADOR TORRES GALVAO,EM FRENTE A ESCOLA MUNICIPAL JORDÃO BAIXO,AV GOVERNADOR ROBERTO SILVEIRA,10,EM FRENTE A ESCOLA MUNICIPAL JORDÃO BAIXO,JORDÃO,,,ABALROAMENTO LONGITUDINAL,COLISAO ENTRE ONIBUS E AUTOS /V,1,,,,,1,,,,0,,Cruzamento,Bom,Não existe,Não existente,Seca,Perfeito estado,Não existe,Não há placas,,Dupla,Não existe,,,,,,,,
2019-07-06,16:44:00,SEM VÍTIMA,FINALIZADA,AREIAS,RUA PARENTE VIANA,113,,,RUA PARENTE VIANA,113,,AREIAS,,SUBURBIO,ABALROAMENTO LONGITUDINAL,DOIS AUTO SEM VITIMAS,2,,,,,,,,,0,,Longo da via,Bom,Não existe,Não existente,Seca,Mal conservada,Não existe,Não há placas,,Dupla,Não existe,,,,,,,,
2019-07-06,16:49:00,SEM VÍTIMA,FINALIZADA,CAMPINA DO BARRETO,RUA DAS MOCAS,,RUA MARCILIO DIAS,,RUA DAS MOCAS,,,CAMPINA DO BARRETO,,SUBURBIO,ABALROAMENTO LONGITUDINAL,COLISÃO SEM VÍTIMA,1,,,,,1,,,,0,,Cruzamento,Bom,Não existe,Incompleta,Seca,Perfeito estado,Não existe,Não há placas,,Dupla,Faixa seccionada,,,,,,,,
2019-07-06,19:01:00,SEM VÍTIMA,FINALIZADA,JARDIM SÃO PAULO,AV RECIFE,,,APÓS TRIBUNAL DE JUSTIÇA FEDERAL,AV RECIFE,,APÓS TRIBUNAL DE JUSTIÇA FEDERAL,JARDIM SÃO PAULO,,SUBURBIO,CHOQUE OBJETO FIXO,VT SE CHOCA CONTRA UM FERRO LARGADO NA VIA, SOLICITA A CTTU NO LOCAL. S/V,,,,,,,,1,,0,,Longo da via,Bom,Não existe,Perfeito estado,Seca,Perfeito estado,Outros,Outras,,Única,Faixa seccionada,,,,,,,
2019-07-06,19:14:00,SEM VÍTIMA,FINALIZADA,ENCRUZILHADA,AV NORTE,2829,,EM FRENTE AO HOSPITAL INFANTIL JORGE DE MEDEIROS,AV NORTE,2829,EM FRENTE AO HOSPITAL INFANTIL JORGE DE MEDEIROS,ENCRUZILHADA,,CIDADE,ABALROAMENTO LONGITUDINAL,ENTRE 2 AUTOS. S/V,2,,,,,,,,,0,,Longo da via,Bom,Não existe,Ilegível,Seca,Mal iluminada,Não existe,Não há placas,,Dupla,Canteiro central,,,,,,,,
2019-07-06,19:33:00,SEM VÍTIMA,CANCELADA,BOA VIAGEM,RUA FRANCISCO DA CUNHA,,RUA PROFESSOR JOSE BRANDAO,ESQUINA COM O RESTAURANTE AMADEUS,RUA FRANCISCO DA CUNHA,,ESQUINA COM O RESTAURANTE AMADEUS,BOA VIAGEM,,,COLISÃO,ENTRE 2 AUTOS. S/V,2,,,,,,,,,0,,,,,,,,,,,,,,,,,,,,
2019-07-06,20:27:00,SEM VÍTIMA,FINALIZADA,IBURA,AV DOIS RIOS,,,SEMAFORO 594 - IGREJA BATISTA VALE DOS RIOS,AV DOIS RIOS,,SEMAFORO 594 - IGREJA BATISTA VALE DOS RIOS,IBURA,,CIDADE,COLISÃO TRASEIRA,FIAT X KOMBI,2,,,,,,,,,0,,Longo da via,Bom,Sem defeito,Perfeito estado,Seca,Perfeito estado,Faixa de pedestre,,,Dupla,Faixa contínua,,,,,,,,
2019-07-06,20:56:00,SEM VÍTIMA,FINALIZADA,MANGABEIRA,AV PROFESSOR JOSE DOS ANJOS,364,AV NORTE,,AV PROFESSOR JOSE DOS ANJOS,364,,MANGABEIRA,,CIDADE,ABALROAMENTO LONGITUDINAL,ENTRE 3 AUTOS, S/V,2,,,,,,,,,0,,Cruzamento,Bom,Sem defeito,Ilegível,Seca,Mal iluminada,Faixa de pedestre,Não há placas,,Única,Faixa seccionada,,,,,,,
2019-07-06,21:20:00,SEM VÍTIMA,FINALIZADA,CIDADE UNIVERSITÁRIA,RUA GENERAL POLIDORO,192,RUA JOAO SALES MENEZES,CASA DE Nº 192,RUA GENERAL POLIDORO,192,CASA DE Nº 192,CIDADE UNIVERSITÁRIA,,SUBURBIO,COLISÃO TRASEIRA,CAMINHAO DE LIXO X ONIX,1,,,,,,1,,,0,,Cruzamento,Bom,Não existe,Não existente,Seca,Perfeito estado,Não existe,Placas Pare,,Dupla,Faixa contínua,,,,,,,,
2019-07-06,22:32:00,SEM VÍTIMA,FINALIZADA,BONGI,AV ENGENHEIRO ABDIAS DE CARVALHO,618,,HELENO SUSPENSÃO,AV ENGENHEIRO ABDIAS DE CARVALHO,618,HELENO SUSPENSÃO,BONGI,,CIDADE,COLISÃO TRASEIRA,ENTRE 3 AUTOS, S/V,3,,,,,,,,,0,,Longo da via,Bom,Não existe,Incompleta,Seca,Mal iluminada,,,60 km/h,Dupla,Canteiro central,,,,,,,
2019-07-06,22:57:00,COM VÍTIMA,FINALIZADA,TORRE,RUA MARQUES DE MARICA,483,RUA SOUZA BANDEIRA,SEMAFORO 317,RUA MARQUES DE MARICA,483,SEMAFORO 317,TORRE,,,ABALROAMENTO LONGITUDINAL,MOTO X PRISMA,1,1,,,,,,,,1,,Cruzamento,Bom,Sem defeito,Perfeito estado,Seca,Perfeito estado,Faixa de pedestre,Não há placas,,Dupla,Faixa contínua,,,,,,,,
2019-07-06,23:19:00,COM VÍTIMA,FINALIZADA,TORRÕES,AV ENGENHEIRO ABDIAS DE CARVALHO,618,,HELENO SUSPENSÃO,AV ENGENHEIRO ABDIAS DE CARVALHO,618,HELENO SUSPENSÃO,TORRÕES,,CIDADE,ATROPELAMENTO,UNO X PEDESTRE OBS. VT 20 DA CTTU ESTA NO LOCAL,1,,,,1,,,,,1,,Longo da via,Bom,Não existe,Perfeito estado,Seca,Perfeito estado,Não existe,,60 km/h,Dupla,Canteiro central,,,,,,,,
2019-07-07,00:32:00,SEM VÍTIMA,FINALIZADA,JARDIM SÃO PAULO,EST DO CURADO,138,RUA MAMANGUAPE,,EST DO CURADO,138,,JARDIM SÃO PAULO,,SUBURBIO,CHOQUE OBJETO FIXO,VT DA RADIO PATRULHA X BARRA DE FERRO DE CALÇADA,,,,,,,,1,,0,,Cruzamento,Bom,Não existe,Perfeito estado,Seca,Perfeito estado,Não existe,Não há placas,,Dupla,Não existe,,,,,,,,
2019-07-07,11:06:00,COM VÍTIMA,FINALIZADA,MADALENA,RUA JOSE OSORIO,401,,RM EXPRESS,RUA JOSE OSORIO,401,RM EXPRESS,MADALENA,,SUBURBIO,ABALROAMENTO LONGITUDINAL,AUTO E MOTO,,,1,,,,,,1,1,,Longo da via,Bom,Sem defeito,Perfeito estado,Seca,Perfeito estado,,Outras,,Única,Faixa seccionada,,,,,,,,
2019-07-07,12:02:00,SEM VÍTIMA,FINALIZADA,VASCO DA GAMA,RUA ALTO NOVO MUNDO,5917,,,RUA ALTO NOVO MUNDO,5917,,VASCO DA GAMA,,SUBURBIO,CHOQUE VEÍCULO PARADO,COLISÃO SEM VÍTIMA,3,,,,,,,,1,0,,Longo da via,Bom,Não existe,Não existente,Seca,Perfeito estado,Não existe,Não há placas,,Dupla,Não existe,,,,,,,,
2019-07-07,12:24:00,COM VÍTIMA,FINALIZADA,VÁRZEA,AV CAXANGA,,RUA RIBEIRO PESSOA,,AV CAXANGA,,,VÁRZEA,281,SUBURBIO,ABALROAMENTO TRANSVERSAL,COLISÃO COM VÍTIMA,1,1,,,,,,,,1,,Cruzamento,Bom,Sem defeito,Perfeito estado,Seca,Perfeito estado,Faixa de pedestre,,,Dupla,Canteiro central,,,,,,,,
2019-07-07,12:35:00,SEM VÍTIMA,FINALIZADA,AFOGADOS,EST DOS REMEDIOS,1232,EST DO BONGI,EM FRENTE AO POSTO BR,EST DOS REMEDIOS,1232,EM FRENTE AO POSTO BR,AFOGADOS,,,COLISÃO,COLISÃO SEM VÍTIMA,2,,,,,,,,,0,,,,,,,,,,,,,,,,,,,,
2019-07-07,12:50:00,SEM VÍTIMA,FINALIZADA,BEBERIBE,PRC DA CONVENCAO,,,E/F AO MERCADO STIYLLO,PRC DA CONVENCAO,,E/F AO MERCADO STIYLLO,BEBERIBE,,,ENGAVETAMENTO,TRES AUTO SEM VITIMAS,3,,,,,,,,,0,,,,,,,,,,,,,,,,,,,,
2019-07-07,13:48:00,SEM VÍTIMA,FINALIZADA,BOA VIAGEM,AV CONSELHEIRO AGUIAR,,RUA ERNESTO DE PAULA SANTOS,,AV CONSELHEIRO AGUIAR,,,BOA VIAGEM,127,,ABALROAMENTO LONGITUDINAL,COLISÃO SEM VÍTIMA,1,,,,,1,,,,0,,Cruzamento,Bom,Sem defeito,Perfeito estado,Seca,Perfeito estado,Faixa de pedestre,R-6a,,Única,Não existe,,,,,,,,
2019-07-07,14:26:00,SEM VÍTIMA,FINALIZADA,MADALENA,RUA BENFICA,,,INTERNACIONAL CLUB,RUA BENFICA,,INTERNACIONAL CLUB,MADALENA,,CIDADE,ABALROAMENTO LONGITUDINAL,COLISÃO SEM VÍTIMA,2,,,,,,,,,0,,Longo da via,Bom,Sem defeito,Perfeito estado,Seca,Perfeito estado,Não existe,R-6a,,Única,Faixa contínua,Faixa seccionada,,,,,,,
2019-07-07,16:03:00,SEM VÍTIMA,FINALIZADA,SANTO ANTÔNIO,PTE BUARQUE DE MACEDO,,AV MARTINS DE BARROS,PRAÇA DA REPÚBLICA,PTE BUARQUE DE MACEDO,,PRAÇA DA REPÚBLICA,SANTO ANTÔNIO,164,,ABALROAMENTO LONGITUDINAL,COLISÃO SEM VÍTIMA,1,,,,,1,,,,0,,Ponte,Bom,Sem defeito,Perfeito estado,Seca,Perfeito estado,Faixa de pedestre,Não há placas,,Única,Faixa seccionada,,,,,,,,
2019-07-07,16:25:00,SEM VÍTIMA,FINALIZADA,CAXANGÁ,AV CAXANGA,5504,,COXINHA DE BATATA,AV CAXANGA,5504,COXINHA DE BATATA,CAXANGÁ,,SUBURBIO,COLISÃO TRASEIRA,DOIS AUTO SEM VITIMAS,2,,,,,,,,,0,,Longo da via,Bom,,Perfeito estado,Seca,Perfeito estado,Não existe,R-6a,,Dupla,Canteiro central,,,,,,,,
2019-07-07,16:35:00,SEM VÍTIMA,FINALIZADA,MADALENA,RUA DEMOCRITO DE SOUZA FILHO,478,RUA BARTOLOMEU DE GUSMAO,GARDEN ( BELEZA, CAFÉ, MODA),RUA DEMOCRITO DE SOUZA FILHO,478,GARDEN ( BELEZA, CAFÉ, MODA),MADALENA,,CIDADE,ABALROAMENTO TRANSVERSAL,COLISÃO SEM VÍTIMA,1,1,,,,,,,,0,,Cruzamento,Bom,Não existe,Incompleta,Seca,Perfeito estado,Faixa de retenção,Placas Pare,,Única,Não existe,,,,
2019-07-07,17:58:00,SEM VÍTIMA,CANCELADA,BAIRRO DO RECIFE,AV MARTINS DE BARROS,,RUA DA MOEDA,E/F A ESTATUA DE CHICO SCIENCE PROX A RUA DA MOEDA,AV MARTINS DE BARROS,,E/F A ESTATUA DE CHICO SCIENCE PROX A RUA DA MOEDA,BAIRRO DO RECIFE,,,COLISÃO,DOIS AUTO SEM VITIMAS,2,,,,,,,,,0,,,,,,,,,,,,,,,,,,,,
2019-07-07,19:29:00,SEM VÍTIMA,FINALIZADA,AFOGADOS,RUA SAO MIGUEL,,RUA OLIMPIO CHACON,,RUA SAO MIGUEL,,,AFOGADOS,,SUBURBIO,COLISÃO TRASEIRA,DOIS AUTO SEM VITMAS,2,,,,,,,,,0,,,Bom,Não existe,Perfeito estado,Seca,Perfeito estado,Não existe,Não há placas,,Dupla,Faixa contínua,,,,,,,,
2019-07-07,21:09:00,COM VÍTIMA,FINALIZADA,MANGABEIRA,AV NORTE,,AV PROFESSOR JOSE DOS ANJOS,,AV NORTE,,,MANGABEIRA,364,SUBURBIO,ABALROAMENTO TRANSVERSAL,TAXI X MOTO,1,1,,,,,,,,1,,Cruzamento,Bom,Sem defeito,Perfeito estado,Seca,Perfeito estado,Faixa de pedestre,Não há placas,60 km/h,Dupla,Canteiro central,,,,,,,,
2019-07-07,22:34:00,SEM VÍTIMA,FINALIZADA,TORRE,RUA CONS THEODORO,,,,RUA CONS THEODORO,,,TORRE,513,SUBURBIO,CHOQUE VEÍCULO PARADO,ONIX X CELTA,1,,,,,,,,,0,,Longo da via,Bom,Sem defeito,Perfeito estado,Seca,Perfeito estado,,R-6a,,Dupla,Não existe,,,,,,,,
2019-07-07,22:46:00,COM VÍTIMA,CANCELADA,SAN MARTIN,AV CONSUL VILARES FRAGOSO,,AV GENERAL SAN MARTIN,AO LADO DA CAVALARIA DE SAN MARTINS,AV CONSUL VILARES FRAGOSO,,AO LADO DA CAVALARIA DE SAN MARTINS,SAN MARTIN,,,COLISÃO,MOTO X ECOSPORT,1,1,,,,,,,,1,,,,,,,,,,,,,,,,,,,,
2019-07-07,22:52:00,SEM VÍTIMA,FINALIZADA,TAMARINEIRA,AV PROFESSOR JOSE DOS ANJOS,,AV NORTE,,AV PROFESSOR JOSE DOS ANJOS,,,TAMARINEIRA,364,,COLISÃO TRASEIRA,DOIS AUTOS,1,,,,,,,,1,0,,,Bom,Sem defeito,Perfeito estado,Seca,Perfeito estado,Faixa de pedestre,Placas Pare,60 km/h,Dupla,Canteiro central,,,,,,,,
2019-07-08,02:02:00,SEM VÍTIMA,FINALIZADA,AFOGADOS,RUA VINTE E UM DE ABRIL,271,,EM FRENTE RESIDENCIA DE Nº 271,RUA VINTE E UM DE ABRIL,271,EM FRENTE RESIDENCIA DE Nº 271,AFOGADOS,,CIDADE,CHOQUE OBJETO FIXO,VEÍCULO CHOCOU-SE CONTRA UM POSTE,1,,,,,,,,,0,,Longo da via,Bom,Intermitente,Incompleta,Seca,Perfeito estado,Não existe,Outras,,Dupla,Não existe,,,,,,,,
2019-07-08,08:00:00,SEM VÍTIMA,FINALIZADA,PINA,AV ANTONIO DE GOES,,,FRENTE AO Nº 298,AV ANTONIO DE GOES,,FRENTE AO Nº 298,PINA,538,CIDADE,COLISÃO TRASEIRA,MOTO E DOIS AUTOS,2,1,,,,,,,,0,,Longo da via,Chuvoso,Sem defeito,Perfeito estado,Molhada,Perfeito estado,Agente,Outras,60 km/h,Única,Faixa contínua,Faixa seccionada,Canteiro central,,,,,,
2019-07-08,08:11:00,COM VÍTIMA,FINALIZADA,AFOGADOS,RUA SAO MIGUEL,1630,,AO LADO DA CHURRASCARIA CHARQUE NA BRASA REAL,RUA SAO MIGUEL,1630,AO LADO DA CHURRASCARIA CHARQUE NA BRASA REAL,AFOGADOS,,CIDADE,COLISÃO TRASEIRA,COLISÃO COM VITIMA A ESPERA DO SAMU,,1,,,,1,,,,1,,Longo da via,Bom,Não existe,Perfeito estado,Seca,Perfeito estado,Não existe,Não há placas,60 km/h,Dupla,Faixa contínua,,,,,,,,
2019-07-08,08:12:00,COM VÍTIMA,FINALIZADA,ÁGUA FRIA,RUA DA REGENERACAO,345,,INNOVANET SOLUÇÕES,RUA DA REGENERACAO,345,INNOVANET SOLUÇÕES,ÁGUA FRIA,,SUBURBIO,COLISÃO FRONTAL,BOMBEIROS NO LOCAL,DUAS VITIMAS,1,1,,,,,,,,2,,Longo da via,Bom,Não existe,Perfeito estado,Seca,Perfeito estado,Não existe,Outras,,Dupla,Não existe,,,,,,,
2019-07-08,08:16:00,SEM VÍTIMA,CANCELADA,TORRE,RUA REAL DA TORRE,1645,,EM FRENTE A ESCOLA DESPERTAR,RUA REAL DA TORRE,1645,EM FRENTE A ESCOLA DESPERTAR,TORRE,,,COLISÃO,DOIS AUTOS,2,,,,,,,,,0,,,,,,,,,,,,,,,,,,,,
2019-07-08,08:17:00,SEM VÍTIMA,CANCELADA,MADALENA,AV CAXANGA,,,EM FRENTE A CELPE,AV CAXANGA,,EM FRENTE A CELPE,MADALENA,,SUBURBIO CIDADE,COLISÃO,COLISÃO SEM VITIMAS,2,,,,,,,,,0,,,,,,,,,,,,,,,,,,,,
2019-07-08,09:16:00,SEM VÍTIMA,FINALIZADA,BOA VIAGEM,RUA PROFESSOR MARIO CASTRO,,RUA ANTONIO PASSOS,,RUA PROFESSOR MARIO CASTRO,,,BOA VIAGEM,,,ABALROAMENTO TRANSVERSAL,SEM VITIMAS,2,,,,,,,,,0,,Cruzamento,Bom,Não existe,Perfeito estado,Seca,Perfeito estado,Outros,Não há placas,,Dupla,Não existe,,,,,,,,
2019-07-08,10:10:00,SEM VÍTIMA,CANCELADA,IPUTINGA,AV CAXANGA,,,EM FRENTE AO WALMART, SENT. SUB/CID,AV CAXANGA,,EM FRENTE AO WALMART, SENT. SUB/CID,IPUTINGA,,,COLISÃO,DOIS AUTOS,1,,,,,1,,,,0,,,,,,,,,,,,,,,,,,
2019-07-08,11:23:00,COM VÍTIMA,FINALIZADA,VÁRZEA,RUA MARECHAL MANOEL LUIS OSORIO,,RUA PROFESSOR ANTONIO COELHO,AO LADO DO COLÉGIO PONTUAL,RUA MARECHAL MANOEL LUIS OSORIO,,AO LADO DO COLÉGIO PONTUAL,VÁRZEA,,SUBURBIO,ABALROAMENTO TRANSVERSAL,COLISÃO ENTRE ÔNIBUS E AUTO SEM VÍTIMAS,1,,,,,1,,,,1,,Cruzamento,Bom,Não existe,Não existente,Seca,Perfeito estado,Não existe,Não há placas,,Dupla,Não existe,,,,,,,,
2019-07-08,11:44:00,SEM VÍTIMA,FINALIZADA,BOA VIAGEM,RUA ANTONIO FALCAO,,AV ENGENHEIRO DOMINGOS FERREIRA,AO LADO DO BANCO DO NORDESTE,RUA ANTONIO FALCAO,,AO LADO DO BANCO DO NORDESTE,BOA VIAGEM,145,SUBURBIO,ABALROAMENTO LONGITUDINAL,COLISÃO S/VITIMAS ENTRE DOIS CARROS,2,1,,,,,,,,0,,Longo da via,Bom,Sem defeito,Perfeito estado,Seca,Perfeito estado,Faixa de pedestre,Não há placas,,Única,Não existe,,,,,,,,
2019-07-08,12:53:00,SEM VÍTIMA,FINALIZADA,ILHA DO LEITE,PRC MIGUEL DE CERVANTES,190,,,PRC MIGUEL DE CERVANTES,190,,ILHA DO LEITE,,SUBURBIO,ABALROAMENTO TRANSVERSAL,COLISÃO SEM VITIMAS,2,,,,,,,,,0,,Longo da via,Bom,Não existe,Perfeito estado,Seca,Perfeito estado,Não existe,Não há placas,,Única,Não existe,,,,,,,,
2019-07-08,12:55:00,SEM VÍTIMA,FINALIZADA,IMBIRIBEIRA,AV MARECHAL MASCARENHAS DE MORAES,,RUA NAPOLIS,FIAT ITALIANA,AV MARECHAL MASCARENHAS DE MORAES,,FIAT ITALIANA,IMBIRIBEIRA,,SUBURBIO,ABALROAMENTO LONGITUDINAL,COLISAO ENTRE DOIS AUTOS S/V,2,,,,,,,,,0,,,Bom,Não existe,Perfeito estado,Seca,Perfeito estado,Outros,Outras,60 km/h,Dupla,Canteiro central,,,,,,,,
2019-07-08,12:59:00,SEM VÍTIMA,FINALIZADA,CAXANGÁ,AV CAXANGA,,,EM FRENTE WALMART,AV CAXANGA,,EM FRENTE WALMART,CAXANGÁ,,SUBURBIO,ABALROAMENTO LONGITUDINAL,COLISÃO SEM VITIMAS,2,,,,,,,,,0,,Longo da via,Bom,Sem defeito,Perfeito estado,Seca,Perfeito estado,Agente,,,Única,Faixa seccionada,,,,,,,,
2019-07-08,13:30:00,SEM VÍTIMA,FINALIZADA,CAXANGÁ,AV CAXANGA,2379,,AO LADO DA PIAUTO VEÍCULOS,AV CAXANGA,2379,AO LADO DA PIAUTO VEÍCULOS,CAXANGÁ,,,COLISÃO TRASEIRA,COLISÃO SEM VITIMAS,2,,,,,,,,,0,,Longo da via,Bom,Sem defeito,Perfeito estado,Seca,Perfeito estado,Não existe,Outras,,Dupla,Canteiro central,,,,,,,,
2019-07-08,14:59:00,SEM VÍTIMA,FINALIZADA,BOA VISTA,RUA JOSE DE ALENCAR,522,RUA VISCONDE DE GOIANA,,RUA JOSE DE ALENCAR,522,,BOA VISTA,,,ABALROAMENTO TRANSVERSAL,COLISÃO SEM VÍTIMA,2,,,,,,,,,0,,Cruzamento,Bom,Não existe,Perfeito estado,Seca,Perfeito estado,Faixa de retenção,Placas Pare,,Única,Não existe,,,,,,,,
2019-07-08,15:05:00,SEM VÍTIMA,FINALIZADA,BOA VIAGEM,RUA JOSE MARIA DE MIRANDA,,AV ENGENHEIRO DOMINGOS FERREIRA,SOB O SEMÁFORO Nº 484,RUA JOSE MARIA DE MIRANDA,,SOB O SEMÁFORO Nº 484,BOA VIAGEM,484,,ABALROAMENTO LONGITUDINAL,COLISÃO SEM VÍTIMA,2,,,,,,,,,0,,,Bom,Sem defeito,Incompleta,Seca,Mal conservada,,Outras,,Única,Não existe,,,,,,,,
2019-07-08,15:20:00,COM VÍTIMA,FINALIZADA,CASA AMARELA,RUA XAVANTES,150,RUA OSCAR DE BARROS,,RUA XAVANTES,150,,CASA AMARELA,,SUBURBIO,ABALROAMENTO TRANSVERSAL,COLISÃO COM VITIMAS,2,1,,,,,,,,1,,Cruzamento,Bom,Não existe,Perfeito estado,Seca,Perfeito estado,Não existe,Placas Pare,40 km/h,Dupla,Faixa seccionada,,,,,,,,
2019-07-08,15:59:00,SEM VÍTIMA,FINALIZADA,TAMARINEIRA,AV NORTE,,RUA GOMES COUTINHO,SEMÁFORO 643,AV NORTE,,SEMÁFORO 643,TAMARINEIRA,,,ABALROAMENTO TRANSVERSAL,COLISÃO SEM VITIMAS,1,,,,,,,1,,0,,Cruzamento,Bom,Sem defeito,Perfeito estado,Seca,Perfeito estado,Faixa de pedestre,,,Dupla,Canteiro central,,,,,,,,
2019-07-08,16:06:00,SEM VÍTIMA,FINALIZADA,BOA VIAGEM,RUA VISCONDE DE JEQUITINHONHA,,RUA VERDES MARES,AO LADO DO POSTE DE ILUMINAÇÃO Nº B 007419,RUA VISCONDE DE JEQUITINHONHA,,AO LADO DO POSTE DE ILUMINAÇÃO Nº B 007419,BOA VIAGEM,,SUBURBIO,ABALROAMENTO LONGITUDINAL,COLISAO ENTRE AUTO E MOTO S/V,1,1,,,,,,,,0,,Longo da via,Bom,Não existe,Perfeito estado,Seca,Perfeito estado,Não existe,Não há placas,,Única,Faixa seccionada,Canteiro central,Canal,,,,,,
2019-07-08,16:25:00,SEM VÍTIMA,FINALIZADA,AREIAS,AV RECIFE,5008,,LADO OPOSTO AO SUPERMERCADO MAKRO,AV RECIFE,5008,LADO OPOSTO AO SUPERMERCADO MAKRO,AREIAS,621,,COLISÃO TRASEIRA,COLISAO ENTRE DOIS AUTOS S/V,2,,,,,,,,,0,,Longo da via,Bom,Sem defeito,Perfeito estado,Seca,Perfeito estado,,Outras,,Dupla,Canteiro central,,,,,,,,
2019-07-08,16:43:00,SEM VÍTIMA,FINALIZADA,IMBIRIBEIRA,RUA CONDE PEREIRA CARNEIRO,2613,,AO LADO DA TROLLER,RUA CONDE PEREIRA CARNEIRO,2613,AO LADO DA TROLLER,IMBIRIBEIRA,,CIDADE,ABALROAMENTO LONGITUDINAL,COLISAO SEM VITIMAS,2,,,,,,,,,0,,Longo da via,Bom,Não existe,Ilegível,Seca,Mal conservada,Não existe,Não há placas,,Dupla,Não existe,,,,,,,,