data,hora,natureza_acidente,situacao,bairro,endereco,numero,detalhe_endereco_acidente,complemento,endereco_cruzamento,numero_cruzamento,referencia_cruzamento,bairro_cruzamento,num_semaforo,sentido_via,tipo,descricao,auto,moto,ciclom,ciclista,pedestre,onibus,caminhao,viatura,outros,vitimas,vitimasfatais,acidente_verificado,tempo_clima,situacao_semaforo,sinalizacao,condicao_via,conservacao_via,ponto_controle,situacao_placa,velocidade_max_via,mao_direcao,divisao_via1,divisao_via2,divisao_via3,,,,,,
2019-07-10,17:58:00,SEM VÍTIMA,FINALIZADA,CASA AMARELA,RUA DONA ROSA DA FONSECA,,RUA DA HARMONIA,,RUA DONA ROSA DA FONSECA,,,CASA AMARELA,,SUBURBIO,ABALROAMENTO LONGITUDINAL,ENTRE 2 AUTOS. S/V,2,,,,,,,,,0,,,Bom,Não existe,Perfeito estado,Seca,Perfeito estado,Não existe,R-6a,,Dupla,Não existe,,,,,,,,
2019-07-10,18:12:00,SEM VÍTIMA,FINALIZADA,TORRÕES,AV ENGENHEIRO ABDIAS DE CARVALHO,,,SEMÁFORO 271,AV ENGENHEIRO ABDIAS DE CARVALHO,,SEMÁFORO 271,TORRÕES,271,SUBURBIO,COLISÃO TRASEIRA,ENTRE 2 AUTOS. S/V,2,,,,,,,,,0,,Longo da via,Chuvoso,Sem defeito,Perfeito estado,Molhada,Perfeito estado,Faixa de pedestre,R-6a,60 km/h,Dupla,Canteiro central,,,,,,,,
2019-07-10,18:18:00,SEM VÍTIMA,FINALIZADA,PRADO,AV ENGENHEIRO ABDIAS DE CARVALHO,,,EM FRENTE A FACULDADE ESTÁCIO,AV ENGENHEIRO ABDIAS DE CARVALHO,,EM FRENTE A FACULDADE ESTÁCIO,PRADO,,SUBURBIO,COLISÃO TRASEIRA,GOL X FIAT TORO,2,,,,,,,,,0,,Longo da via,Bom,Não existe,Ilegível,Seca,Mal iluminada,Não existe,Não há placas,60 km/h,Dupla,Canteiro central,,,,,,,,
2019-07-10,21:45:00,SEM VÍTIMA,FINALIZADA,MADALENA,AV BEIRA RIO,591,,EF SOBRADO DO CAPIBARIBE,AV BEIRA RIO,591,EF SOBRADO DO CAPIBARIBE,MADALENA,,CIDADE,COLISÃO TRASEIRA,ENTRE 2 AUTOS. S/V,2,,,,,,,,,0,,Longo da via,Chuvoso,Não existe,Perfeito estado,Molhada,Perfeito estado,,R-6a,40 km/h,Dupla,Faixa contínua,,,,,,,,
2019-07-10,22:39:00,SEM VÍTIMA,FINALIZADA,SANTO AMARO,AV GOVERNADOR AGAMENON MAGALHAES,,,BRADESCO SEGURO,AV GOVERNADOR AGAMENON MAGALHAES,,BRADESCO SEGURO,SANTO AMARO,,SUBURBIO,COLISÃO TRASEIRA,SIENA X ONIBUS,1,,,,,1,,,,0,,Longo da via,Chuvoso,Sem defeito,Perfeito estado,Molhada,Perfeito estado,Outros,Outras,,Dupla,Canteiro central,,,,,,,,
2019-07-10,22:59:00,SEM VÍTIMA,CANCELADA,TAMARINEIRA,RUA PADRE ROMA,191,RUA DO FUTURO,E/F A POLICLÍNICA ALBERT SABIN,RUA PADRE ROMA,191,E/F A POLICLÍNICA ALBERT SABIN,TAMARINEIRA,,,COLISÃO,ENTRE 2 AUTOS. S/V,2,,,,,,,,,0,,,,,,,,,,,,,,,,,,,,
2019-07-11,02:07:00,SEM VÍTIMA,FINALIZADA,BOA VIAGEM,RUA VISCONDE DE JEQUITINHONHA,1866,,,RUA VISCONDE DE JEQUITINHONHA,1866,,BOA VIAGEM,,SUBURBIO,CHOQUE VEÍCULO PARADO,COLISÃO ENTRE TRÊS AUTOS S/V,3,,,,,,,,,0,,Longo da via,Chuvoso,Não existe,Perfeito estado,Molhada,Perfeito estado,Outros,Outras,,Única,Faixa contínua,,,,,,,,
2019-07-11,07:01:00,SEM VÍTIMA,FINALIZADA,SANTO AMARO,RUA COELHO LEITE,135,AV DA SAUDADE,,POR TRÁS DA IGREJA ASSEMBLEIA DE DEUS,RUA COELHO LEITE,135,POR TRÁS DA IGREJA ASSEMBLEIA DE DEUS,SANTO AMARO,,CIDADE,ABALROAMENTO LONGITUDINAL,DOIS AUTOS,2,,,,,,,,,0,,Cruzamento,Bom,Não existe,Incompleta,Seca,Mal conservada,Não existe,Placas Pare,,Dupla,Faixa seccionada,,,,,,,
2019-07-11,07:12:00,COM VÍTIMA,FINALIZADA,MADALENA,RUA JOAO IVO DA SILVA,1117,,AO LADO DO POSTO PETROVIA,RUA JOAO IVO DA SILVA,1117,AO LADO DO POSTO PETROVIA,MADALENA,,SUBURBIO,COLISÃO TRASEIRA,AUTO E MOTO,2,,,,,,,,,1,,Longo da via,Bom,Não existe,Perfeito estado,Seca,Perfeito estado,Não existe,Não há placas,30 km/h,Única,Faixa seccionada,,,,,,,,
2019-07-11,07:15:00,COM VÍTIMA,FINALIZADA,ENCRUZILHADA,RUA FERNANDO CESAR,,RUA AMARO COUTINHO,,RUA FERNANDO CESAR,,,ENCRUZILHADA,,,ABALROAMENTO LONGITUDINAL,COLISÃO COM VITIMA,2,,,,,,,,,1,,Cruzamento,Bom,Não existe,Perfeito estado,Seca,Perfeito estado,,Placas Pare,,Única,Faixa seccionada,,,,,,,,
2019-07-11,07:26:00,SEM VÍTIMA,FINALIZADA,MADALENA,AV VISCONDE DE ALBUQUERQUE,205,RUA ARNALDO BASTOS,,AV VISCONDE DE ALBUQUERQUE,205,,MADALENA,,SUBURBIO,CHOQUE OBJETO FIXO,VEICULO CHOCOU-SE COM POSTE,1,,,,,,,,,0,,,Bom,Não existe,Perfeito estado,Molhada,Perfeito estado,,R-6a,,Dupla,Não existe,,,,,,,,
2019-07-11,08:05:00,SEM VÍTIMA,FINALIZADA,IPUTINGA,RUA SAO MATEUS,1160,,EDF FLORENTINA,RUA SAO MATEUS,1160,EDF FLORENTINA,IPUTINGA,,,ABALROAMENTO TRANSVERSAL,COLISÃO SEM VITIMAS,1,,,,,1,,,,0,,Cruzamento,Bom,Não existe,Perfeito estado,Seca,Perfeito estado,Não existe,,,Dupla,Não existe,,,,,,,,
2019-07-11,08:16:00,COM VÍTIMA,FINALIZADA,BOA VIAGEM,RUA DOM JOSE LOPES,871,RUA CORONEL ANIZIO RODRIGUES COELHO,EM FRENTE AO COLEGIO E CURSO VENCER,RUA DOM JOSE LOPES,871,EM FRENTE AO COLEGIO E CURSO VENCER,BOA VIAGEM,,SUBURBIO,ABALROAMENTO TRANSVERSAL,AUTO E MOTO,1,1,,,,,,,,1,,Cruzamento,Bom,Não existe,Perfeito estado,Seca,Perfeito estado,Faixa de pedestre,Placas Pare,30 km/h,Única,Não existe,,,,,,,,
2019-07-11,09:16:00,SEM VÍTIMA,CANCELADA,IMBIRIBEIRA,AV MARECHAL MASCARENHAS DE MORAES,4561,,EM FRENTE A TOYOLEX, SENT. AFOGADOS,AV MARECHAL MASCARENHAS DE MORAES,4561,EM FRENTE A TOYOLEX, SENT. AFOGADOS,IMBIRIBEIRA,,,COLISÃO,DOIS CAMINHÕES,,,,,,,2,,,0,,,,,,,,,,,,,,,,,,
2019-07-11,09:29:00,SEM VÍTIMA,FINALIZADA,BOA VISTA,RUA GERVASIO PIRES,,AV CONDE DA BOA VISTA,,RUA GERVASIO PIRES,,,BOA VISTA,24,,COLISÃO TRASEIRA,SEM VITIMAS,2,,,,,,,,,0,,Cruzamento,Bom,Sem defeito,Ilegível,Seca,Mal conservada,Agente,Não há placas,,Única,Não existe,,,,,,,,
2019-07-11,09:42:00,SEM VÍTIMA,FINALIZADA,NOVA DESCOBERTA,RUA CORREGO DA AREIA,569,,,RUA CORREGO DA AREIA,569,,NOVA DESCOBERTA,,SUBURBIO,CHOQUE VEÍCULO PARADO,SEM VITIMAS,,1,,,,1,,,,0,,Longo da via,Bom,Não existe,Não existente,Seca,Mal conservada,Não existe,Não há placas,,Dupla,Não existe,,,,,,,,
2019-07-11,09:46:00,SEM VÍTIMA,FINALIZADA,CASA AMARELA,AV NORTE,6004,,EM FRENTE A OFICINA NORTE GÁS,AV NORTE,6004,EM FRENTE A OFICINA NORTE GÁS,CASA AMARELA,,SUBURBIO,COLISÃO TRASEIRA,TRES AUTOS,2,,,,,,,,,0,,Longo da via,Bom,Não existe,Perfeito estado,Seca,Perfeito estado,Não existe,Não há placas,,Dupla,Canteiro central,,,,,,,,
2019-07-11,09:51:00,SEM VÍTIMA,FINALIZADA,CASA AMARELA,AV NORTE,6659,,ESPAÇO CAR - AUTO CENTRO,AV NORTE,6659,ESPAÇO CAR - AUTO CENTRO,CASA AMARELA,,CIDADE,ABALROAMENTO TRANSVERSAL,DOIS AUTOS,2,,,,,,,,,0,,,Bom,Não existe,Perfeito estado,Seca,Perfeito estado,Faixa de retenção,R-6a,,Dupla,Canteiro central,,,,,,,,
2019-07-11,09:54:00,COM VÍTIMA,FINALIZADA,TORRÕES,AV BICENTENARIO DA REVOLUCAO FRANCESA,101,RUA ZUMBI DOS PALMARES,,AV BICENTENARIO DA REVOLUCAO FRANCESA,101,,TORRÕES,,,ABALROAMENTO LONGITUDINAL,COLISÃO COM VITIMA SOCORRIDA PELA SAMU,2,,,,,,,,,1,,Cruzamento,Chuvoso,Não existe,Perfeito estado,Molhada,Perfeito estado,Não existe,Placas Pare,,Dupla,Não existe,,,,,,,,
2019-07-11,09:56:00,SEM VÍTIMA,FINALIZADA,TAMARINEIRA,RUA SILVEIRA DE CARVALHO,,,EM FRENTE AO Nº 703,RUA SILVEIRA DE CARVALHO,,EM FRENTE AO Nº 703,TAMARINEIRA,,SUBURBIO,ABALROAMENTO LONGITUDINAL,SEM VITIMAS,2,,,,,,,,,0,,Longo da via,Bom,Não existe,Não existente,Seca,Perfeito estado,,Não há placas,,Dupla,,,,,,,,,
2019-07-11,10:11:00,SEM VÍTIMA,FINALIZADA,BOA VISTA,RUA DOM BOSCO,,,LADO OPOSTO AO COLEGIO AMERICANO BATISTA,RUA DOM BOSCO,,LADO OPOSTO AO COLEGIO AMERICANO BATISTA,BOA VISTA,174,SUBURBIO,ABALROAMENTO LONGITUDINAL,COLISÃO SEM VITIMAS,,,,,,1,1,,,0,,Longo da via,Chuvoso,Sem defeito,Perfeito estado,Molhada,Perfeito estado,Faixa de pedestre,Outras,,Única,Faixa seccionada,,,,,,,,
2019-07-11,10:25:00,COM VÍTIMA,FINALIZADA,IMBIRIBEIRA,AV PRESIDENTE DUTRA,,,SOBRE O VIADUTO TANCREDO NEVES,AV PRESIDENTE DUTRA,,SOBRE O VIADUTO TANCREDO NEVES,IMBIRIBEIRA,,SUBURBIO,COLISÃO TRASEIRA,MOTO E AUTO,1,1,,,,,,,,1,,Viaduto,Bom,Não existe,Perfeito estado,Seca,Perfeito estado,Não existe,Não há placas,60 km/h,Dupla,Canteiro central,,,,,,,,
2019-07-11,10:59:00,SEM VÍTIMA,CANCELADA,SANTO ANTÔNIO,RUA DO SOL,,,EM FRENTE AO LICEU DE ARTES DE PE,RUA DO SOL,,EM FRENTE AO LICEU DE ARTES DE PE,SANTO ANTÔNIO,197,METRO,COLISÃO,SEM VITIMAS,1,,,,,1,,,,0,,,,,,,,,,,,,,,,,,,,
2019-07-11,12:24:00,SEM VÍTIMA,FINALIZADA,BOA VIAGEM,AV VINTE DE JANEIRO,1033,RUA JOAO CARDOSO AIRES,,AV VINTE DE JANEIRO,1033,,BOA VIAGEM,,CIDADE,ABALROAMENTO LONGITUDINAL,COLISÃO SEM VÍTIMA,1,,,,,1,,,,0,,Cruzamento,Bom,Não existe,Não existente,Seca,Perfeito estado,Não existe,Não há placas,,Dupla,Não existe,,,,,,,,
2019-07-11,12:48:00,COM VÍTIMA,FINALIZADA,SANTO AMARO,RUA DO POMBAL,,RUA TUPINAMBAS,,RUA DO POMBAL,,,SANTO AMARO,,SUBURBIO,ABALROAMENTO TRANSVERSAL,COLISÃO COM VÍTIMA,1,1,,,,,,,,1,,Cruzamento,Bom,Não existe,Incompleta,Seca,Perfeito estado,Faixa de retenção,,,Dupla,Faixa seccionada,,,,,,,,
2019-07-11,13:19:00,SEM VÍTIMA,FINALIZADA,SÃO JOSÉ,AV SUL,1115,,,AV SUL,1115,,SÃO JOSÉ,,CIDADE,COLISÃO TRASEIRA,COLISAÕ SEM VITIMAS,4,,,,,,,,,0,,Longo da via,Bom,Não existe,Perfeito estado,Seca,Perfeito estado,Não existe,Não há placas,,Dupla,Canteiro central,,,,,,,,
2019-07-11,14:04:00,SEM VÍTIMA,FINALIZADA,AFOGADOS,RUA NICOLAU PEREIRA,,RUA DO ACRE,AO LADO DO MERCADO PÚBLICO DE AFOGADOS,RUA NICOLAU PEREIRA,,AO LADO DO MERCADO PÚBLICO DE AFOGADOS,AFOGADOS,,SUBURBIO,ABALROAMENTO TRANSVERSAL,COLISÃO S/VITIMAS ENTRE UMA VIATURA E UM CAMINHÃ HR,,,,,,,1,1,,0,,Cruzamento,Bom,Não existe,Perfeito estado,Seca,Perfeito estado,Faixa de retenção,Outras,,Única,Faixa seccionada,,,,,,,,
2019-07-11,14:04:00,COM VÍTIMA,FINALIZADA,IPSEP,AV RECIFE,337,,SOB O SEMÁFORO 337,AV RECIFE,337,SOB O SEMÁFORO 337,IPSEP,337,,ABALROAMENTO LONGITUDINAL,COLISÃO SEM VÍTIMA,1,1,,,,,,,,1,,Longo da via,Bom,Sem defeito,Perfeito estado,Seca,Perfeito estado,Faixa de pedestre,Outras,,Única,Faixa seccionada,,,,,,,,
2019-07-11,14:23:00,COM VÍTIMA,FINALIZADA,MADALENA,RUA JOSE OSORIO,919,,IPANEMA VEÍCULOS,RUA JOSE OSORIO,919,IPANEMA VEÍCULOS,MADALENA,,SUBURBIO,ABALROAMENTO TRANSVERSAL,COLISÃO COM VITIMAS,1,1,,,,,,,,1,,Longo da via,Bom,Não existe,Perfeito estado,Seca,Perfeito estado,Não existe,Outras,,Dupla,Faixa contínua,,,,,,,,
2019-07-11,15:40:00,SEM VÍTIMA,FINALIZADA,AFOGADOS,RUA SAO MIGUEL,,,LADO OPOSTO AO 14º BATALHÃO LOGÍSTICO,RUA SAO MIGUEL,,LADO OPOSTO AO 14º BATALHÃO LOGÍSTICO,AFOGADOS,423,CIDADE,COLISÃO TRASEIRA,COLISÃO SEM VITIMAS,2,,,,,,,,,0,,Longo da via,Bom,Sem defeito,Perfeito estado,Seca,Perfeito estado,Faixa de pedestre,R-6a,,Dupla,Faixa contínua,,,,,,,,
2019-07-11,16:07:00,SEM VÍTIMA,CANCELADA,CASA AMARELA,RUA PADRE LEMOS,,,NA FRENTE DA IGREJA UNIVERSAL,RUA PADRE LEMOS,,NA FRENTE DA IGREJA UNIVERSAL,CASA AMARELA,,,COLISÃO,COLISÃO SEM VITIMAS,1,,,,,1,,,,0,,,,,,,,,,,,,,,,,,,,
2019-07-11,16:23:00,SEM VÍTIMA,FINALIZADA,CORDEIRO,RUA CONS SILVEIRA DE SOUZA,515,,EM FRENTE AO Nº 515,RUA CONS SILVEIRA DE SOUZA,515,EM FRENTE AO Nº 515,CORDEIRO,,CIDADE,COLISÃO TRASEIRA,COLISÃO S/ VITIMAS ENTRE DOIS AUTOS,2,,,,,,,,,0,,Longo da via,Bom,Não existe,Perfeito estado,Seca,Perfeito estado,Não existe,Outras,,Única,Não existe,,,,,,,,
2019-07-11,17:04:00,SEM VÍTIMA,FINALIZADA,ESTÂNCIA,AV DR JOSE RUFINO,392,,COLÉGIO ESPAÇO ABERTO,AV DR JOSE RUFINO,392,COLÉGIO ESPAÇO ABERTO,ESTÂNCIA,,SUBURBIO,ABALROAMENTO LONGITUDINAL,COLISÃO SEM VÍTIMA,1,,,,,,1,,,0,,Longo da via,Bom,Não existe,Perfeito estado,Seca,Perfeito estado,Não existe,Não há placas,,Dupla,Faixa contínua,,,,,,,,
2019-07-11,18:02:00,SEM VÍTIMA,FINALIZADA,JIQUIÁ,AV DR JOSE RUFINO,98,,PERNAMBUCO DISTRIBUIDORA,AV DR JOSE RUFINO,98,PERNAMBUCO DISTRIBUIDORA,JIQUIÁ,,SUBURBIO,COLISÃO TRASEIRA,COLISÃO ENTRE QUATRO AUTOMOVEIS,4,,,,,,,,,0,,Longo da via,Bom,Não existe,Perfeito estado,Seca,Perfeito estado,Não existe,Outras,60 km/h,Dupla,Faixa contínua,,,,,,,,
2019-07-11,18:11:00,SEM VÍTIMA,FINALIZADA,AFLITOS,AV CONS ROSA E SILVA,,,CLUBE NAUTICO CAPIBARIBE,AV CONS ROSA E SILVA,,CLUBE NAUTICO CAPIBARIBE,AFLITOS,,SUBURBIO,ABALROAMENTO LONGITUDINAL,COLISAO ENTRE UM CARRO E UM ONIBUS,1,,,,,1,,,,0,,Longo da via,Bom,Não existe,Perfeito estado,Seca,Perfeito estado,Não existe,R-6a,,Única,Faixa seccionada,,,,,,,,
2019-07-11,18:22:00,SEM VÍTIMA,FINALIZADA,IMBIRIBEIRA,AV MARECHAL MASCARENHAS DE MORAES,,RUA CORONEL FABRICIANO,ESQUINA COM ATACADO DOS PRESENTES,AV MARECHAL MASCARENHAS DE MORAES,,ESQUINA COM ATACADO DOS PRESENTES,IMBIRIBEIRA,310,CIDADE,ABALROAMENTO LONGITUDINAL,ENTRE 2 AUTOS. S/V,2,,,,,,,,,0,,,Bom,Sem defeito,Perfeito estado,Seca,Perfeito estado,Faixa de retenção,Outras,60 km/h,Dupla,Faixa contínua,Faixa seccionada,Canteiro central,,,,,,
2019-07-11,18:32:00,SEM VÍTIMA,FINALIZADA,ROSARINHO,AV NORTE,3300,,,AV NORTE,3300,,ROSARINHO,,SUBURBIO,COLISÃO TRASEIRA,COLISAO ENTRE UM AUTO E UMA MOTO,1,1,,,,,,,,0,,Longo da via,Bom,Não existe,Perfeito estado,Seca,Perfeito estado,Faixa de pedestre,R-6a,,Única,Faixa seccionada,Canteiro central,,,,,,,
2019-07-11,19:03:00,SEM VÍTIMA,FINALIZADA,GRAÇAS,AV RUI BARBOSA,715,RUA TENENTE ANTONIO JOAO,,AV RUI BARBOSA,715,,GRAÇAS,,,ABALROAMENTO LONGITUDINAL,ENTRE ÕNIBUS E AUTO PASSEIO. S/V,1,,,,,1,,,,0,,Longo da via,Bom,Não existe,Perfeito estado,Seca,Mal iluminada,,,,Única,Faixa contínua,,,,,,,,
2019-07-11,19:10:00,SEM VÍTIMA,FINALIZADA,PINA,RUA MANOEL DE BRITO,,,EM FRENTE AO 19º BATALHAO DA POLICIA MILITAR,RUA MANOEL DE BRITO,,EM FRENTE AO 19º BATALHAO DA POLICIA MILITAR,PINA,,CIDADE,ABALROAMENTO LONGITUDINAL,ENTRE ONIBUS E AUTO PASSEIO S/V,1,,,,,1,,,,0,,Longo da via,Bom,Não existe,Perfeito estado,Seca,Perfeito estado,Faixa de pedestre,Outras,,Única,Não existe,,,,,,,,
2019-07-11,19:51:00,SEM VÍTIMA,FINALIZADA,BARRO,RUA AMADOR ARAUJO,,RUA ESPERANCA,ESQUINA COM O Nº 525,RUA AMADOR ARAUJO,,ESQUINA COM O Nº 525,BARRO,,CIDADE,ABALROAMENTO TRANSVERSAL,ENTRE DOIS AUTO S/V,2,,,,,,,,,0,,Cruzamento,Bom,Não existe,Perfeito estado,Seca,Perfeito estado,Não existe,Placas Pare,,Dupla,Não existe,,,,,,,,
2019-07-11,20:04:00,SEM VÍTIMA,CANCELADA,AFOGADOS,EST DOS REMEDIOS,498,,EM FRENTE CARUARU BATERIAS,EST DOS REMEDIOS,498,EM FRENTE CARUARU BATERIAS,AFOGADOS,,,COLISÃO,ENTRE DOIS AUTO S/V,2,,,,,,,,,0,,,,,,,,,,,,,,,,,,,,
2019-07-11,20:35:00,SEM VÍTIMA,FINALIZADA,,RUA JOAO CARDOSO AIRES,628,RUA WALDEMAR NERY CARNEIRO MONTEIRO,RESTAURANTE E PIZZARIA DONA GULA,RUA JOAO CARDOSO AIRES,628,RESTAURANTE E PIZZARIA DONA GULA,,,SUBURBIO,ABALROAMENTO LONGITUDINAL,ENTRE 2 AUTOS. S/V,2,,,,,,,,,0,,Cruzamento,Bom,Não existe,Perfeito estado,Seca,Perfeito estado,Faixa de retenção,Placas Pare,,Dupla,Não existe,,,,,,,,
2019-07-11,22:57:00,SEM VÍTIMA,FINALIZADA,ALTO JOSÉ BONIFÁCIO,RUA SAO DOMINGOS SAVIO,322,,PRÓXIMO A SUBIDA DO ALTO JOSE BONIFÁCIO,RUA SAO DOMINGOS SAVIO,322,PRÓXIMO A SUBIDA DO ALTO JOSE BONIFÁCIO,ALTO JOSÉ BONIFÁCIO,,,CHOQUE VEÍCULO PARADO,CAMINHAO DE LIXO E AUTO S/V,1,,,,,,1,,,0,,Longo da via,Bom,Não existe,Ilegível,Seca,Mal iluminada,Não existe,Não há placas,10 km/h,Dupla,Não existe,,,,,,,,
2019-07-12,00:24:00,SEM VÍTIMA,FINALIZADA,JARDIM SÃO PAULO,AV SAO PAULO,,,EMBAIXO DO PONTILHÃO DO METRÔ,AV SAO PAULO,,EMBAIXO DO PONTILHÃO DO METRÔ,JARDIM SÃO PAULO,,SUBURBIO,COLISÃO TRASEIRA,COLISÃO ENTRE DOIS AUTOS S/V,2,,,,,,,,,0,,Longo da via,Bom,Não existe,Perfeito estado,Seca,Perfeito estado,,,,Dupla,,,,,,,,,
2019-07-12,07:01:00,SEM VÍTIMA,FINALIZADA,ESTÂNCIA,AV DR JOSE RUFINO,,,LADO OPOSTO A PERNAMBUCO DISTRIBUIDORA,AV DR JOSE RUFINO,,LADO OPOSTO A PERNAMBUCO DISTRIBUIDORA,ESTÂNCIA,,CIDADE,COLISÃO TRASEIRA,COLISÃO S/VITIMAS ENTRE TRES AUTOS,3,,,,,,,,,0,,,,,,,,,,,,,,,,,,,,
2019-07-12,07:26:00,SEM VÍTIMA,FINALIZADA,TORREÃO,1PR DIAS COELHO,430,,,1PR DIAS COELHO,430,,TORREÃO,,SUBURBIO,CHOQUE OBJETO FIXO,,1,,,,,,,,,0,,Longo da via,Bom,Não existe,Perfeito estado,Seca,Perfeito estado,Não existe,Não há placas,,Dupla,Faixa seccionada,,,,,,,,
2019-07-12,07:27:00,SEM VÍTIMA,FINALIZADA,COHAB,AV SAO PAULO,183,RUA IBIRA,EM FRENTE AO SUPERVAREJÃO / TRÊS CARNEIROS,AV SAO PAULO,183,EM FRENTE AO SUPERVAREJÃO / TRÊS CARNEIROS,COHAB,,SUBURBIO,CHOQUE VEÍCULO PARADO,SEM VITIMAS/,1,,,,,1,,,,0,,Longo da via,Bom,Não existe,Incompleta,Seca,Perfeito estado,Não existe,Não há placas,,Dupla,Não existe,,,,,,,,
2019-07-12,08:22:00,SEM VÍTIMA,FINALIZADA,PINA,AV ANTONIO DE GOES,,,SEMÁFORO Nº 277,AV ANTONIO DE GOES,,SEMÁFORO Nº 277,PINA,277,CIDADE,COLISÃO TRASEIRA,COLISÃO SEM VÍTIMA,1,,,,,,,,1,0,,Longo da via,Bom,Sem defeito,Perfeito estado,Seca,Perfeito estado,Agente,Outras,60 km/h,Única,Faixa contínua,Faixa seccionada,Canteiro central,,,,,,
2019-07-12,09:30:00,SEM VÍTIMA,FINALIZADA,BOA VIAGEM,RUA TENENTE JOAO CICERO,717,,EDF GOLDEN HOME,RUA TENENTE JOAO CICERO,717,EDF GOLDEN HOME,BOA VIAGEM,,SUBURBIO,ABALROAMENTO LONGITUDINAL,COLISÃO S/VITIMAS ENTRE DOIS AUTOS,2,,,,,,,,,0,,Longo da via,Bom,Não existe,Não existente,Seca,Perfeito estado,Não existe,Não há placas,,Única,Não existe,,,,,,,,
2019-07-12,09:57:00,SEM VÍTIMA,CANCELADA,BOA VIAGEM,AV HELIO FALCAO,447,RUA DES JOAO PAES,EM FRENTE AO EDIFICIO CASTELO QUELUZ,AV HELIO FALCAO,447,EM FRENTE AO EDIFICIO CASTELO QUELUZ,BOA VIAGEM,,,CHOQUE OBJETO FIXO,CHOQUE EM OBJETO FIXO SOBRE CALÇADA,1,,,,,,,,,0,,,,,,,,,,,,,,,,,,,,
2019-07-12,10:28:00,SEM VÍTIMA,FINALIZADA,ENGENHO DO MEIO,RUA GOVERNADOR LOPO GARRO,,RUA MANOEL CORTE REAL,AO LADO DO REGIS SUSPENSÃO,RUA GOVERNADOR LOPO GARRO,,AO LADO DO REGIS SUSPENSÃO,ENGENHO DO MEIO,,SUBURBIO,ABALROAMENTO TRANSVERSAL,COLISÃO S/ VITIMAS ENTRE DOIS AUTOS,2,,,,,,,,,0,,Cruzamento,Bom,Não existe,Não existente,Seca,Perfeito estado,Não existe,Não há placas,40 km/h,Dupla,Não existe,,,,,,,,
2019-07-12,10:24:00,COM VÍTIMA,FINALIZADA,BOA VISTA,AV CONDE DA BOA VISTA,,,EM FRENTE A FARMACIA PAGUE MENOS,AV CONDE DA BOA VISTA,,EM FRENTE A FARMACIA PAGUE MENOS,BOA VISTA,,SUBURBIO,ATROPELAMENTO,VITIMA A ESPERADO DO SAMU ,1,,,,1,,,,,1,,Longo da via,Bom,Não existe,Incompleta,Seca,Perfeito estado,Faixa de pedestre,R-6c,,Dupla,,,,,,,,,
2019-07-12,10:31:00,SEM VÍTIMA,FINALIZADA,BOA VIAGEM,RUA ERNESTO DE PAULA SANTOS,620,,,RUA ERNESTO DE PAULA SANTOS,620,,BOA VIAGEM,,,ABALROAMENTO LONGITUDINAL,COLISÃO SEM VITIMAS,2,,,,,,,,,0,,Longo da via,Bom,Não existe,Perfeito estado,Seca,Perfeito estado,,Outras,,Única,,,,,,,,,
2019-07-12,11:48:00,SEM VÍTIMA,FINALIZADA,BAIRRO DO RECIFE,RUA BIONE,,CAIS DO APOLO,PRAÇA TIRADENTES,RUA BIONE,,PRAÇA TIRADENTES,BAIRRO DO RECIFE,,SUBURBIO,COLISÃO TRASEIRA,COLISÃO S/VITIMAS ENTRE DOIS AUTOS,2,,,,,,,,,0,,Cruzamento,Bom,Não existe,Ilegível,Seca,Perfeito estado,Não existe,Outras,,Única,Não existe,,,,,,,,
2019-07-12,13:52:00,SEM VÍTIMA,FINALIZADA,MADALENA,RUA BENFICA,,,APÓS O TÚNEL CHICO SCIENCE,RUA BENFICA,,APÓS O TÚNEL CHICO SCIENCE,MADALENA,,SUBURBIO,ABALROAMENTO LONGITUDINAL,COLISAO ENTRE DOIS AUTOS S/V,2,,,,,,,,,0,,Longo da via,Bom,Não existe,Perfeito estado,Seca,Perfeito estado,Não existe,Não há placas,,Única,Não existe,,,,,,,,
2019-07-12,14:20:00,SEM VÍTIMA,FINALIZADA,ROSARINHO,AV NORTE,3538,,VISTORICAR,AV NORTE,3538,VISTORICAR,ROSARINHO,,SUBURBIO,COLISÃO TRASEIRA,COLISÃO SEM VÍTIMA,2,,,,,,,,,0,,Longo da via,Bom,Não existe,Perfeito estado,Seca,Perfeito estado,Não existe,Outras,,Dupla,Canteiro central,,,,,,,,
2019-07-12,15:04:00,SEM VÍTIMA,FINALIZADA,ILHA DO LEITE,AV GOVERNADOR AGAMENON MAGALHAES,4318,,EM FRENTE AO EMPRESATIAL RENATO DIAS,AV GOVERNADOR AGAMENON MAGALHAES,4318,EM FRENTE AO EMPRESATIAL RENATO DIAS,ILHA DO LEITE,,,ABALROAMENTO LONGITUDINAL,COLISAO ENTRE ONIBUS E AUTO S/V,1,,,,,1,,,,0,,Longo da via,Bom,Não existe,Perfeito estado,Seca,Perfeito estado,Não existe,Outras,60 km/h,Dupla,Canal,,,,,,,,