data,hora,natureza_acidente,situacao,bairro,endereco,numero,detalhe_endereco_acidente,complemento,endereco_cruzamento,numero_cruzamento,referencia_cruzamento,bairro_cruzamento,num_semaforo,sentido_via,tipo,descricao,auto,moto,ciclom,ciclista,pedestre,onibus,caminhao,viatura,outros,vitimas,vitimasfatais,acidente_verificado,tempo_clima,situacao_semaforo,sinalizacao,condicao_via,conservacao_via,ponto_controle,situacao_placa,velocidade_max_via,mao_direcao,divisao_via1,divisao_via2,divisao_via3,,,,,,
2019-07-14,16:53:00,SEM VÍTIMA,FINALIZADA,VÁRZEA,RUA MARQUES DE MARIALVA,222,,PRÓXIMO A ESTAÇÃO COSME E DAMIÃO,RUA MARQUES DE MARIALVA,222,PRÓXIMO A ESTAÇÃO COSME E DAMIÃO,VÁRZEA,,SUBURBIO,ABALROAMENTO LONGITUDINAL,COLISÃO SEM VÍTIMA,1,,,,,1,,,,0,,Longo da via,Chuvoso,Não existe,Perfeito estado,Molhada,Perfeito estado,Não existe,Outras,30 km/h,Dupla,Outros,,,,,,,,
2019-07-14,17:58:00,COM VÍTIMA,FINALIZADA,IMBIRIBEIRA,RUA ARQUITETO LUIZ NUNES,931,,E/F A PADARIA MAGIA PÃES,RUA ARQUITETO LUIZ NUNES,931,E/F A PADARIA MAGIA PÃES,IMBIRIBEIRA,,SUBURBIO,ABALROAMENTO TRANSVERSAL,ENTRE AUTO E MOTO. C/V,1,,,,,,,,1,1,,Longo da via,Chuvoso,Não existe,Perfeito estado,Molhada,Perfeito estado,Não existe,Não há placas,,Dupla,Faixa contínua,,,,,,,,
2019-07-14,18:23:00,SEM VÍTIMA,FINALIZADA,AFOGADOS,RUA VISCONDE DE PELOTAS,18,RUA VINTE E UM DE ABRIL,SEMÁFORO 334,RUA VISCONDE DE PELOTAS,18,SEMÁFORO 334,AFOGADOS,334,SUBURBIO,CHOQUE VEÍCULO PARADO,,1,1,,,,,,,,0,,Longo da via,Chuvoso,Sem defeito,Perfeito estado,Molhada,Perfeito estado,Faixa de pedestre,Placas Pare,40 km/h,Única,Faixa contínua,,,,,,,,
2019-07-14,21:55:00,COM VÍTIMA,FINALIZADA,IBURA,RUA PADRE CICERO,280,,,RUA PADRE CICERO,280,,IBURA,,,CHOQUE VEÍCULO PARADO,VEICULO ATROPELOU A VITIMA E DEPOIS CHOCOU-SE COM OUTRO VEICULO PARADO,2,,,,,,,,,1,,Longo da via,Bom,Não existe,Não existente,Seca,Mal iluminada,Não existe,Não há placas,,Dupla,Não existe,,,,,,,,
2019-07-14,21:51:00,SEM VÍTIMA,FINALIZADA,ALTO JOSÉ DO PINHO,RUA HORACIO SILVA,200,,EM FRENTE AO IMÓVEL 200,RUA HORACIO SILVA,200,EM FRENTE AO IMÓVEL 200,ALTO JOSÉ DO PINHO,,SUBURBIO,COLISÃO FRONTAL,SIENA X RENAULT SANDERO OBS: SUSPEITA DE EMBRIAGUEZ,2,,,,,,,,,0,,Cruzamento,Chuvoso,Não existe,Perfeito estado,Molhada,Perfeito estado,,R-6c,30 km/h,Dupla,Não existe,,,,,,,,
2019-07-14,22:31:00,SEM VÍTIMA,FINALIZADA,BOA VIAGEM,RUA DEZ DE JULHO,,RUA CAMBOIM,,RUA DEZ DE JULHO,,,BOA VIAGEM,,,ABALROAMENTO LONGITUDINAL,ENTRE 2 AUTOS. S/V,2,,,,,,,,,0,,Cruzamento,Bom,Não existe,Perfeito estado,Seca,Perfeito estado,Não existe,Placas Pare,,Única,Faixa seccionada,,,,,,,,
2019-07-14,23:49:00,SEM VÍTIMA,CANCELADA,DERBY,AV GOVERNADOR AGAMENON MAGALHAES,174,,EM FRENTE O HOSPITAL DA RESTAURAÇÃO,AV GOVERNADOR AGAMENON MAGALHAES,174,EM FRENTE O HOSPITAL DA RESTAURAÇÃO,DERBY,,SUBURBIO,COLISÃO,ENTRE UM ONIBUS E UM AUTO,1,,,,,1,,,,0,,,,,,,,,,,,,,,,,,,,
2019-07-14,23:54:00,SEM VÍTIMA,FINALIZADA,CORDEIRO,AV PROFESSOR ESTEVAO FRANCISCO DA COSTA,,RUA DIANOPOLIS,,AV PROFESSOR ESTEVAO FRANCISCO DA COSTA,,,CORDEIRO,589,SUBURBIO,ABALROAMENTO LONGITUDINAL,ENTRE DOIS AUTO S/V,2,,,,,,,,,0,,Cruzamento,Bom,Sem defeito,Ilegível,Molhada,Mal iluminada,Faixa de pedestre,Não há placas,,Única,Faixa seccionada,,,,,,,,
2019-07-15,06:13:00,SEM VÍTIMA,FINALIZADA,CASA FORTE,EST DO ENCANAMENTO,,,SEMÁFORO Nº 462,EST DO ENCANAMENTO,,SEMÁFORO Nº 462,CASA FORTE,462,CIDADE,COLISÃO TRASEIRA,SEM VITIMAS,2,,,,,,,,,0,,Cruzamento,Bom,Sem defeito,Perfeito estado,Molhada,Perfeito estado,Faixa de pedestre,,40 km/h,Única,,,,,,,,,
2019-07-15,06:43:00,SEM VÍTIMA,FINALIZADA,BAIRRO DO RECIFE,AV GOVERNADOR AGAMENON MAGALHAES,1318,,,AV GOVERNADOR AGAMENON MAGALHAES,1318,,BAIRRO DO RECIFE,173,SUBURBIO,COLISÃO TRASEIRA,SEM VITIMAS,2,,,,,,,,,0,,Longo da via,Bom,Sem defeito,Perfeito estado,Seca,Perfeito estado,Não existe,R-6a,,Dupla,Faixa seccionada,,,,,,,,
2019-07-15,08:03:00,SEM VÍTIMA,CANCELADA,JARDIM SÃO PAULO,AV RECIFE,,,EM FRENTE A GARAGEM DA RCR, SENT. CIDADE,AV RECIFE,,EM FRENTE A GARAGEM DA RCR, SENT. CIDADE,JARDIM SÃO PAULO,,,COLISÃO,CAMINHÃO E AUTO,1,,,,,,1,,,0,,,,,,,,,,,,,,,,,,
2019-07-15,08:18:00,SEM VÍTIMA,FINALIZADA,JOANA BEZERRA,VIADUTO CAPITAO TEMUDO,,,AO LADO DA ESTAÇÃO JOANA BEZERRA,VIADUTO CAPITAO TEMUDO,,AO LADO DA ESTAÇÃO JOANA BEZERRA,JOANA BEZERRA,,,COLISÃO TRASEIRA,DOIS AUTOS,2,,,,,,,,,0,,Viaduto,Bom,Não existe,Perfeito estado,Seca,Perfeito estado,Não existe,Outras,,Única,Faixa seccionada,,,,,,,,
2019-07-15,08:19:00,SEM VÍTIMA,FINALIZADA,PINA,RUA PROFESSOR JOSUE DE CASTRO,,RUA ANTONIO DE CASTRO,SEMÁFORO 103,RUA PROFESSOR JOSUE DE CASTRO,,SEMÁFORO 103,PINA,,,ABALROAMENTO LONGITUDINAL,SEM VITIMAS,2,,,,,,,,,0,,,Bom,Sem defeito,Perfeito estado,Seca,Perfeito estado,Faixa de pedestre,R-6a,,Única,Faixa seccionada,,,,,,,,
2019-07-15,09:37:00,COM VÍTIMA,FINALIZADA,BOA VIAGEM,RUA DEZ DE JULHO,417,,EM FRENTE A LOJA MENINA DOS OLHOS,RUA DEZ DE JULHO,417,EM FRENTE A LOJA MENINA DOS OLHOS,BOA VIAGEM,,CIDADE,ABALROAMENTO LONGITUDINAL,COM UMA VITIMA AGUARDANDO SAMU,1,1,,,,,,,,1,,Longo da via,Bom,Não existe,Perfeito estado,Seca,Perfeito estado,Não existe,Não há placas,40 km/h,Única,Faixa seccionada,,,,,,,,
2019-07-15,10:11:00,SEM VÍTIMA,FINALIZADA,IBURA,AV DOIS RIOS,13 B,,GRANJA DOIS RIOS,AV DOIS RIOS,13 B,GRANJA DOIS RIOS,IBURA,561,CIDADE,ABALROAMENTO LONGITUDINAL,ONIBUS E AUTO,1,,,,,1,,,,0,,Longo da via,Bom,Sem defeito,Perfeito estado,Seca,Perfeito estado,Faixa de pedestre,Outras,,Dupla,Faixa contínua,,,,,,,,
2019-07-15,10:35:00,SEM VÍTIMA,CANCELADA,BAIRRO DO RECIFE,TRV TIRADENTES,,RUA DO BRUM,EM FRENTE A PRAÇA TIRADENTES,TRV TIRADENTES,,EM FRENTE A PRAÇA TIRADENTES,BAIRRO DO RECIFE,,,COLISÃO,COLISÃO COM VITIMA A ESPERA DA SAMU,1,1,,,,,,,,0,,,,,,,,,,,,,,,,,,,,
2019-07-15,10:49:00,SEM VÍTIMA,FINALIZADA,BOA VIAGEM,RUA DEZ DE JULHO,401,,,RUA DEZ DE JULHO,401,,BOA VIAGEM,,SUBURBIO,COLISÃO TRASEIRA,COLISÃO SEM VITIMAS,2,,,,,,,,,0,,Longo da via,Bom,Não existe,Perfeito estado,Seca,Perfeito estado,Agente,Outras,40 km/h,Única,Faixa seccionada,,,,,,,,
2019-07-15,10:50:00,SEM VÍTIMA,FINALIZADA,AREIAS,AV DR JOSE RUFINO,,,APÓS O SEMÁFORO 506 / FRENTE TODO DIA,AV DR JOSE RUFINO,,APÓS O SEMÁFORO 506 / FRENTE TODO DIA,AREIAS,506,SUBURBIO,ABALROAMENTO LONGITUDINAL,SEM VITIMAS,1,,,,,,1,,,0,,Longo da via,Bom,Sem defeito,Perfeito estado,Seca,Perfeito estado,Faixa de pedestre,Outras,60 km/h,Dupla,Faixa contínua,,,,,,,,
2019-07-15,12:58:00,SEM VÍTIMA,FINALIZADA,BOA VISTA,RUA DO PRINCIPE,,,FRENTE AO HOSPITAL GERAL DO EXERCITO,RUA DO PRINCIPE,,FRENTE AO HOSPITAL GERAL DO EXERCITO,BOA VISTA,,,COLISÃO TRASEIRA,COLISAO ENTRE DOIS AUTOS S/V,2,,,,,,,,,0,,Longo da via,Bom,Não existe,Perfeito estado,Seca,Perfeito estado,Não existe,R-6a,,Única,,,,,,,,,
2019-07-15,13:01:00,SEM VÍTIMA,CANCELADA,VÁRZEA,RUA RIBEIRO PESSOA,,AV CAXANGA,EM FRENTE AO POSTO SHEL ( AO LADO DA UPA),RUA RIBEIRO PESSOA,,EM FRENTE AO POSTO SHEL ( AO LADO DA UPA),VÁRZEA,,,COLISÃO,COLISAO SEM VITIMAS,1,,,,,1,,,,0,,,,,,,,,,,,,,,,,,,,
2019-07-15,13:45:00,SEM VÍTIMA,FINALIZADA,SANTO AMARO,RUA CAPITAO LIMA,,RUA DA FUNDICAO,,RUA CAPITAO LIMA,,,SANTO AMARO,,,ABALROAMENTO TRANSVERSAL,COLISAO SEM VITIMAS,2,,,,,,,,,0,,Cruzamento,Bom,Não existe,Incompleta,Seca,,Não existe,Não há placas,,Dupla,Não existe,,,,,,,,
2019-07-15,14:17:00,SEM VÍTIMA,FINALIZADA,VÁRZEA,AV CAXANGA,4617,,FIAT ITALIANA JEEP,AV CAXANGA,4617,FIAT ITALIANA JEEP,VÁRZEA,608,CIDADE,COLISÃO TRASEIRA,COLISAO SEM VITIMAS DE 4 AUTO PASSEIO,4,,,,,,,,,0,,Longo da via,Bom,Sem defeito,Perfeito estado,Seca,Perfeito estado,Faixa de pedestre,R-6a,,Dupla,Canteiro central,,,,,,,,
2019-07-15,14:54:00,SEM VÍTIMA,FINALIZADA,IMBIRIBEIRA,AV MARECHAL MASCARENHAS DE MORAES,,,LADO OPOSTO A ANAC / SOB O SEMÁFORO 625,AV MARECHAL MASCARENHAS DE MORAES,,LADO OPOSTO A ANAC / SOB O SEMÁFORO 625,IMBIRIBEIRA,625,SUBURBIO,COLISÃO TRASEIRA,COLISAO SEM VITIMAS,3,,,,,,,,,0,,Longo da via,Bom,Sem defeito,Perfeito estado,Seca,Perfeito estado,Faixa de pedestre,Não há placas,60 km/h,Única,Faixa seccionada,,,,,,,,
2019-07-15,15:10:00,SEM VÍTIMA,FINALIZADA,SANTO AMARO,RUA CAPITAO LIMA,439,AV CRUZ CABUGA,E/F A UBER,RUA CAPITAO LIMA,439,E/F A UBER,SANTO AMARO,,,ABALROAMENTO LONGITUDINAL,COLISAO ENTRE DOIS AUTOS S/V,2,,,,,,,,,0,,Longo da via,Bom,Não existe,Perfeito estado,Seca,Perfeito estado,Não existe,Não há placas,40 km/h,Dupla,Faixa seccionada,,,,,,,,
2019-07-15,15:13:00,SEM VÍTIMA,FINALIZADA,DERBY,AV GOVERNADOR AGAMENON MAGALHAES,190,,AO LADO DA MAC DONALDS,AV GOVERNADOR AGAMENON MAGALHAES,190,AO LADO DA MAC DONALDS,DERBY,,SUBURBIO,ABALROAMENTO LONGITUDINAL,COLISAO ENTRE DOIS AUTOS S/V,2,,,,,,,,,0,,Longo da via,Bom,Não existe,Perfeito estado,Seca,Perfeito estado,Agente,Não há placas,60 km/h,Única,Faixa seccionada,,,,,,,,
2019-07-15,15:15:00,SEM VÍTIMA,FINALIZADA,MADALENA,RUA BENFICA,140,,SAÍDA DO TÚNEL,RUA BENFICA,140,SAÍDA DO TÚNEL,MADALENA,,CIDADE,TOMBAMENTO,COLISÃO COM VÍTIMA,1,,1,,,,,,,0,,,Bom,Não existe,Perfeito estado,Seca,Perfeito estado,Não existe,Não há placas,,Única,Faixa seccionada,,,,,,,,
2019-07-15,15:29:00,SEM VÍTIMA,FINALIZADA,SAN MARTIN,AV GENERAL SAN MARTIN,,,LADO OPOSTO AO 2300,AV GENERAL SAN MARTIN,,LADO OPOSTO AO 2300,SAN MARTIN,,CIDADE,COLISÃO TRASEIRA,COLISAO SEM VITIMAS,2,,,,,,,,,0,,Longo da via,Bom,Sem defeito,Perfeito estado,Seca,Perfeito estado,Faixa de pedestre,,,Dupla,Faixa contínua,,,,,,,,
2019-07-15,15:54:00,SEM VÍTIMA,FINALIZADA,BOA VIAGEM,AV BOA VIAGEM,3520,RUA PADRE CARAPUCEIRO,EDF VILA DO CONDE,AV BOA VIAGEM,3520,EDF VILA DO CONDE,BOA VIAGEM,,CIDADE,COLISÃO TRASEIRA,COLISÃO SEM VÍTIMA,2,,,,,,,,,0,,Longo da via,Bom,Sem defeito,Perfeito estado,Seca,Perfeito estado,Faixa de pedestre,Não há placas,,Única,Faixa seccionada,,,,,,,,
2019-07-15,16:02:00,SEM VÍTIMA,FINALIZADA,TAMARINEIRA,EST DO ARRAIAL,,RUA DES GOIS CAVALCANTE,LADO OPOSTO AO COLEGIO SANTA CATARINA,EST DO ARRAIAL,,LADO OPOSTO AO COLEGIO SANTA CATARINA,TAMARINEIRA,295,,ABALROAMENTO LONGITUDINAL,COLISÃO SEM VÍTIMA,1,,,,,1,,,,0,,,Bom,,Perfeito estado,Seca,Perfeito estado,Faixa de pedestre,R-6a,,Única,Faixa contínua,Faixa seccionada,,,,,,,
2019-07-15,16:24:00,SEM VÍTIMA,CANCELADA,AFLITOS,AV CONS ROSA E SILVA,1206,,EM FRENTE AO EMPRESARIAL CASA GRANDE ROSA E SILVA,AV CONS ROSA E SILVA,1206,EM FRENTE AO EMPRESARIAL CASA GRANDE ROSA E SILVA,AFLITOS,,,COLISÃO,COLISÃO SEM VÍTIMA,2,,,,,,,,,0,,,,,,,,,,,,,,,,,,,,
2019-07-15,16:40:00,COM VÍTIMA,CANCELADA,SANTO AMARO,AV CRUZ CABUGA,,,E/F ESCOLA DE APRENDIZ DE MARINHEIRO,AV CRUZ CABUGA,,E/F ESCOLA DE APRENDIZ DE MARINHEIRO,SANTO AMARO,,OLINDA,COLISÃO,COLISAÕ SE UMA MOTOCICLETA E UMA BICICLETA,,1,,1,,,,,,2,,,,,,,,,,,,,,,,,,,,
2019-07-15,16:59:00,SEM VÍTIMA,FINALIZADA,AFOGADOS,RUA COSME VIANA,24,,EM FRENTE A LOJA AR PARA AUTO,RUA COSME VIANA,24,EM FRENTE A LOJA AR PARA AUTO,AFOGADOS,,,COLISÃO TRASEIRA,COLISÃO SEM VÍTIMA,2,,,,,,,,,0,,Longo da via,Bom,Não existe,Perfeito estado,Seca,Perfeito estado,Outros,Outras,40 km/h,Única,Faixa seccionada,,,,,,,,
2019-07-15,17:17:00,SEM VÍTIMA,CANCELADA,AFOGADOS,RUA NICOLAU PEREIRA,,,EM BAIXO DO PONTILHAO DO METRO E/F A ESTAÇAO,RUA NICOLAU PEREIRA,,EM BAIXO DO PONTILHAO DO METRO E/F A ESTAÇAO,AFOGADOS,,,COLISÃO,COLISAO ENTRE DOIS AUTOS S/V,2,,,,,,,,,0,,,,,,,,,,,,,,,,,,,,
2019-07-15,18:21:00,COM VÍTIMA,FINALIZADA,SANTO AMARO,AV GOVERNADOR AGAMENON MAGALHAES,,,LADO OPOSTO AO SHOPPING TACARUNA,AV GOVERNADOR AGAMENON MAGALHAES,,LADO OPOSTO AO SHOPPING TACARUNA,SANTO AMARO,,CIDADE,COLISÃO COM CICLISTA,MOTOCICLETA E BICICLETA,,1,,1,,,,,,1,,Longo da via,Bom,Não existe,Perfeito estado,Seca,Perfeito estado,Não existe,Não há placas,60 km/h,Única,Faixa seccionada,,,,,,,,
2019-07-15,18:40:00,SEM VÍTIMA,CANCELADA,CAXANGÁ,AV JOAQUIM RIBEIRO,1096,,,AV JOAQUIM RIBEIRO,1096,,CAXANGÁ,,,COLISÃO,DOIS AUTOS,2,,,,,,,,,0,,,,,,,,,,,,,,,,,,,,
2019-07-15,18:57:00,SEM VÍTIMA,FINALIZADA,ILHA DO LEITE,AV FREI MATIAS TEVES,,RUA JORNALISTA TRAJANO CHACON,,AV FREI MATIAS TEVES,,,ILHA DO LEITE,,SUBURBIO,ABALROAMENTO TRANSVERSAL,ENTRE 2 AUTOS. S/V,2,,,,,,,,,0,,Cruzamento,Bom,Não existe,Perfeito estado,Seca,Perfeito estado,Não existe,Não há placas,,Única,Faixa seccionada,,,,,,,,
2019-07-15,19:38:00,SEM VÍTIMA,CANCELADA,AFOGADOS,EST DOS REMEDIOS,1030,RUA PROFESSOR FREDERICO CURIO,SEMAFORO 524 PROX A LOJA JOKAUTO E FARMA PAULA,EST DOS REMEDIOS,1030,SEMAFORO 524 PROX A LOJA JOKAUTO E FARMA PAULA,AFOGADOS,524,,CHOQUE,VT DA PM EM PERSEGUIÇAO A UM VEICULO QUE SE CHOCOU-SE COM POSTE,1,,,,,,,,1,0,,,,,,,,,,,,,,,,,,,,
2019-07-15,20:30:00,SEM VÍTIMA,FINALIZADA,IBURA,RUA RIO PAJEU,45,,,RUA RIO PAJEU,45,,IBURA,,SUBURBIO,ABALROAMENTO LONGITUDINAL,MOTO X AUTO,1,,,,,,,,,0,,Longo da via,Bom,Não existe,Não existente,Seca,,Não existe,Não há placas,,Dupla,Não existe,,,,,,,,
2019-07-15,22:30:00,SEM VÍTIMA,FINALIZADA,IMBIRIBEIRA,AV MARECHAL MASCARENHAS DE MORAES,,,AEROPORTO INTERNACIONAL DO RECIFE GUARARAPES GILBERTO FREYRE,AV MARECHAL MASCARENHAS DE MORAES,,AEROPORTO INTERNACIONAL DO RECIFE GUARARAPES GILBERTO FREYRE,IMBIRIBEIRA,,,CHOQUE VEÍCULO PARADO,CORSA X FIAT MOBI,2,,,,,,,,,0,,Longo da via,Bom,Não existe,Perfeito estado,Seca,Perfeito estado,Não existe,Não há placas,20 km/h,Única,Faixa seccionada,,,,,,,,
2019-07-15,23:00:00,SEM VÍTIMA,FINALIZADA,DOIS IRMÃOS,RUA MANUEL DE MEDEIROS,,,SEMÁFORO 224,RUA MANUEL DE MEDEIROS,,SEMÁFORO 224,DOIS IRMÃOS,,,ABALROAMENTO LONGITUDINAL,ENTRE AUTO E ÕNIBUS. S/V,1,,,,,1,,,,0,,Cruzamento,Bom,Sem defeito,,Seca,Perfeito estado,Não existe,Não há placas,,Dupla,,,,,,,,,
2019-07-16,01:21:00,SEM VÍTIMA,CANCELADA,BOA VIAGEM,RUA VISCONDE DE JEQUITINHONHA,1294,,PRÓX AO RECIFE FLAT // PROX A ÁGUA LINDA PISCINAS,RUA VISCONDE DE JEQUITINHONHA,1294,PRÓX AO RECIFE FLAT // PROX A ÁGUA LINDA PISCINAS,BOA VIAGEM,,,CHOQUE VEÍCULO PARADO,VEÍCULO CHOSOU-SE CONTRA UM AUTO E UM CAMINHÃO ESTACIONADO,2,,,,,,1,,,0,,,,,,,,,,,,,,,,,,,,
2019-07-16,09:27:00,SEM VÍTIMA,FINALIZADA,IMBIRIBEIRA,AV MARECHAL MASCARENHAS DE MORAES,,,DENTRO DO AEROPORTO,AV MARECHAL MASCARENHAS DE MORAES,,DENTRO DO AEROPORTO,IMBIRIBEIRA,,,ABALROAMENTO LONGITUDINAL,DOIS AUTOS,2,,,,,,,,,0,,Longo da via,Bom,Não existe,Perfeito estado,Seca,Perfeito estado,Faixa de pedestre,R-6a,20 km/h,Única,Faixa contínua,,,,,,,,
2019-07-16,10:53:00,SEM VÍTIMA,CANCELADA,DERBY,AV GOVERNADOR AGAMENON MAGALHAES,183,,EM FRENTE AO ITAU PERSONNALITÉ,AV GOVERNADOR AGAMENON MAGALHAES,183,EM FRENTE AO ITAU PERSONNALITÉ,DERBY,,,COLISÃO,COLISÃO S/VITIMAS ENTRE DOIS AUTOS,2,,,,,,,,,0,,,,,,,,,,,,,,,,,,,,
2019-07-16,12:27:00,COM VÍTIMA,FINALIZADA,SAN MARTIN,RUA VINTE E UM DE ABRIL,2287,,G-LINK,RUA VINTE E UM DE ABRIL,2287,G-LINK,SAN MARTIN,,SUBURBIO,ATROPELAMENTO,ATROPELAMENTO DE MOTO E PEDESTRE COM UMA VITIMA,,1,,,1,,,,,1,,Longo da via,Bom,Não existe,Não existente,Seca,Perfeito estado,Não existe,Outras,,Dupla,Não existe,,,,,,,,
2019-07-16,12:31:00,COM VÍTIMA,FINALIZADA,AFOGADOS,AV SUL,,,E/F A POLICLINICA DE AFOGADOS,AV SUL,,E/F A POLICLINICA DE AFOGADOS,AFOGADOS,,CIDADE,ABALROAMENTO LONGITUDINAL,COLISAO ENTRE AUTO E MOTO COM DUAS VITIMAS,1,1,,,,,,,,2,,Longo da via,Bom,Não existe,Perfeito estado,Seca,Perfeito estado,Não existe,Não há placas,40 km/h,Única,Faixa seccionada,,,,,,,,
2019-07-16,14:02:00,SEM VÍTIMA,FINALIZADA,AFOGADOS,RUA SAO MIGUEL,,,BANCO DO BRASIL,RUA SAO MIGUEL,,BANCO DO BRASIL,AFOGADOS,333,CIDADE,ABALROAMENTO TRANSVERSAL,ENTRE UMA MOTO E ONIBUS,,1,,,,1,,,,0,,Cruzamento,Bom,Sem defeito,Perfeito estado,Seca,Perfeito estado,Faixa de retenção,Não há placas,40 km/h,Dupla,Faixa contínua,,,,,,,,
2019-07-16,14:55:00,SEM VÍTIMA,FINALIZADA,ALTO JOSÉ DO PINHO,AV NORTE,,,E/F A ESCOLA DE ENFERMAGEM ISRAEL,AV NORTE,,E/F A ESCOLA DE ENFERMAGEM ISRAEL,ALTO JOSÉ DO PINHO,,SUBURBIO,COLISÃO TRASEIRA,COLISAO ENTRE AUTO E MOTO,1,1,,,,,,,,0,,Longo da via,Bom,Não existe,Perfeito estado,Seca,Perfeito estado,Não existe,Não há placas,60 km/h,Dupla,Canteiro central,,,,,,,,
2019-07-16,15:30:00,SEM VÍTIMA,FINALIZADA,DERBY,AV GOVERNADOR AGAMENON MAGALHAES,2291,,EM FRENTE AO MEMORIAL SÃO JOSÉ,AV GOVERNADOR AGAMENON MAGALHAES,2291,EM FRENTE AO MEMORIAL SÃO JOSÉ,DERBY,68,SUBURBIO,COLISÃO TRASEIRA,COLISAO ENTRE SEIS VEICULOS,5,,,,,,,,,0,,Longo da via,Bom,Sem defeito,Perfeito estado,Seca,Perfeito estado,Não existe,Outras,60 km/h,Dupla,Canteiro central,,,,,,,,
2019-07-16,16:04:00,SEM VÍTIMA,FINALIZADA,TORRE,RUA MARQUES DE MARICA,483,RUA DIANOPOLIS,PRÓXIMO A IGREJA ASSEMBLEIA DE DEUS,RUA MARQUES DE MARICA,483,PRÓXIMO A IGREJA ASSEMBLEIA DE DEUS,TORRE,317,SUBURBIO,ABALROAMENTO TRANSVERSAL,ENTRE AUTO E MOTO S/V,1,1,,,,,,,,0,,Cruzamento,Bom,Sem defeito,Perfeito estado,Seca,Perfeito estado,Outros,Outras,40 km/h,Dupla,Faixa contínua,,,,,,,,
2019-07-16,16:55:00,SEM VÍTIMA,FINALIZADA,BOA VIAGEM,AV ENGENHEIRO DOMINGOS FERREIRA,,,EM FRENTE AO WALMART,AV ENGENHEIRO DOMINGOS FERREIRA,,EM FRENTE AO WALMART,BOA VIAGEM,303,SUBURBIO,COLISÃO TRASEIRA,COLISAO SEM VITIMAS,2,,,,,,,,,0,,Longo da via,Bom,Sem defeito,Perfeito estado,Seca,Perfeito estado,Faixa de pedestre,Não há placas,,Única,Faixa seccionada,,,,,,,,
2019-07-16,21:23:00,SEM VÍTIMA,FINALIZADA,SÃO JOSÉ,VDO DAS CINCO PONTAS,,,,VDO DAS CINCO PONTAS,,,SÃO JOSÉ,,CIDADE,CHOQUE VEÍCULO PARADO,VT DA PM X PRISMA,1,,,,,,,1,,0,,Viaduto,Bom,Não existe,Ilegível,Seca,Mal iluminada,Não existe,Não há placas,,Dupla,Canteiro central,,,,,,,,
2019-07-16,22:59:00,SEM VÍTIMA,FINALIZADA,ILHA DO RETIRO,AV ENGENHEIRO ABDIAS DE CARVALHO,,EST DOS REMEDIOS,BOBS,AV ENGENHEIRO ABDIAS DE CARVALHO,,BOBS,ILHA DO RETIRO,52,CIDADE,COLISÃO TRASEIRA,ENTRE 2 AUTOS. S/V,2,,,,,,,,,0,,Longo da via,Bom,Sem defeito,Perfeito estado,Seca,Perfeito estado,Faixa de retenção,Outras,60 km/h,Única,Faixa contínua,,,,,,,,
2019-07-16,23:14:00,COM VÍTIMA,FINALIZADA,IMBIRIBEIRA,RUA JOAQUIM BANDEIRA,268,AV SUL,MICHELLY PEDROSA ADVOGADOS ASSOCIADOS,RUA JOAQUIM BANDEIRA,268,MICHELLY PEDROSA ADVOGADOS ASSOCIADOS,IMBIRIBEIRA,,SUBURBIO,ABALROAMENTO TRANSVERSAL,MOTO X TOYOTA,1,1,,,,,,,,1,,Cruzamento,Bom,Não existe,Incompleta,Seca,Perfeito estado,Não existe,Não há placas,,Única,Faixa seccionada,,,,,,,,
2019-07-17,06:29:00,COM VÍTIMA,FINALIZADA,JIQUIÁ,AV DR JOSE RUFINO,301,,AUTO ESCOLA MAP,AV DR JOSE RUFINO,301,AUTO ESCOLA MAP,JIQUIÁ,82,CIDADE,COLISÃO TRASEIRA,MOTO E AUTO,1,1,,,,,,,,1,,Longo da via,Bom,Sem defeito,Perfeito estado,Seca,Perfeito estado,Não existe,Outras,60 km/h,Dupla,Faixa contínua,,,,,,,,
2019-07-17,07:13:00,SEM VÍTIMA,FINALIZADA,PAISSANDU,PTE JOSE DE BARROS LIMA,,AV GOVERNADOR AGAMENON MAGALHAES,SOB O SEMÁFORO 069,PTE JOSE DE BARROS LIMA,,SOB O SEMÁFORO 069,PAISSANDU,69,,ABALROAMENTO LONGITUDINAL,COLISÃO SEM VITIMAS,1,,,,,,1,,,0,,Ponte,Bom,Sem defeito,Perfeito estado,Seca,Perfeito estado,Agente,,60 km/h,Única,,,,,,,,,
2019-07-17,08:12:00,SEM VÍTIMA,FINALIZADA,ENGENHO DO MEIO,AV MARIO ALVARES PEREIRA DE LYRA,323,AV CAMARAO,POSTO MÉDICO CELESTE AEDAS CHAVES,AV MARIO ALVARES PEREIRA DE LYRA,323,POSTO MÉDICO CELESTE AEDAS CHAVES,ENGENHO DO MEIO,,CIDADE,ABALROAMENTO LONGITUDINAL,DOIS AUTOS,2,,,,,,,,,0,,Cruzamento,Bom,Não existe,Não existente,Seca,Perfeito estado,Faixa de pedestre,Não há placas,,Dupla,Não existe,,,,,,,,
2019-07-17,08:23:00,SEM VÍTIMA,FINALIZADA,IMBIRIBEIRA,AV GENERAL MAC ARTHUR,285,,EM FRENTE AO CONDOMINIO LE PARC,AV GENERAL MAC ARTHUR,285,EM FRENTE AO CONDOMINIO LE PARC,IMBIRIBEIRA,,SUBURBIO,COLISÃO TRASEIRA,SEM VITIMAS,2,,,,,,,,,0,,Longo da via,Bom,Não existe,Perfeito estado,Seca,Perfeito estado,Não existe,Não há placas,40 km/h,Única,Faixa seccionada,,,,,,,,