data,hora,natureza_acidente,situacao,bairro,endereco,numero,detalhe_endereco_acidente,complemento,endereco_cruzamento,numero_cruzamento,referencia_cruzamento,bairro_cruzamento,num_semaforo,sentido_via,tipo,descricao,auto,moto,ciclom,ciclista,pedestre,onibus,caminhao,viatura,outros,vitimas,vitimasfatais,acidente_verificado,tempo_clima,situacao_semaforo,sinalizacao,condicao_via,conservacao_via,ponto_controle,situacao_placa,velocidade_max_via,mao_direcao,divisao_via1,divisao_via2,divisao_via3,,,,,,
2019-07-20,12:57:00,SEM VÍTIMA,FINALIZADA,IMBIRIBEIRA,AV MARECHAL MASCARENHAS DE MORAES,,AV LUXEMBURGO,AO LADO DA FIAT ITALIANA,AV MARECHAL MASCARENHAS DE MORAES,,AO LADO DA FIAT ITALIANA,IMBIRIBEIRA,,SUBURBIO,ABALROAMENTO LONGITUDINAL,SEM VITIMAS,1,,,,,1,,,,0,,Longo da via,Chuvoso,Sem defeito,Perfeito estado,Molhada,Perfeito estado,,,,Única,Faixa seccionada,,,,,,,,
2019-07-20,14:40:00,SEM VÍTIMA,FINALIZADA,AREIAS,RUA AIRES BELO,46,,,RUA AIRES BELO,46,,AREIAS,,SUBURBIO,COLISÃO FRONTAL,SEM VITIMAS,2,,,,,,,,,0,,Longo da via,Chuvoso,Não existe,Perfeito estado,Molhada,Perfeito estado,Não existe,Não há placas,30 km/h,Dupla,Faixa contínua,,,,,,,,
2019-07-20,16:16:00,SEM VÍTIMA,FINALIZADA,ALTO JOSÉ BONIFÁCIO,RUA CORREGO DO EUCLIDES,,,NA ROTATÓRIA EM FRENTE AO TERMINAL,RUA CORREGO DO EUCLIDES,,NA ROTATÓRIA EM FRENTE AO TERMINAL,ALTO JOSÉ BONIFÁCIO,,CIDADE,COLISÃO TRASEIRA,COLISÃO C/VITIMAS ENTRE DOIS AUTOS,1,,,,,1,,,,0,,,Chuvoso,Não existe,Perfeito estado,Molhada,Perfeito estado,Não existe,Não há placas,40 km/h,Dupla,Faixa seccionada,,,,,,,,
2019-07-20,17:03:00,SEM VÍTIMA,FINALIZADA,BOA VISTA,AV GOVERNADOR AGAMENON MAGALHAES,,RUA JOAO FERNANDES VIEIRA,EM FRENTE AO COLÉGIO AMERICANO BATISTA,AV GOVERNADOR AGAMENON MAGALHAES,,EM FRENTE AO COLÉGIO AMERICANO BATISTA,BOA VISTA,37,SUBURBIO,ABALROAMENTO LONGITUDINAL,COLISÃO ENTRE DOIS AUTOS SEM VÍTIMA,2,,,,,,,,,0,,Cruzamento,Chuvoso,Sem defeito,Perfeito estado,Molhada,Perfeito estado,Faixa de pedestre,,60 km/h,Dupla,Canteiro central,,,,,,,,
2019-07-20,19:13:00,SEM VÍTIMA,FINALIZADA,BOA VIAGEM,RUA CORONEL SERGIO HENRIQUE CARDIM,115,,RESTAURANTE CHICA PITANGA,RUA CORONEL SERGIO HENRIQUE CARDIM,115,RESTAURANTE CHICA PITANGA,BOA VIAGEM,,,CHOQUE VEÍCULO PARADO,COROLA X FIAT ARGO,2,,,,,,,,,0,,Longo da via,Chuvoso,Não existe,,Seca,Perfeito estado,Não existe,Outras,,Única,Não existe,,,,,,,,
2019-07-20,19:50:00,SEM VÍTIMA,FINALIZADA,HIPÓDROMO,RUA NOGUEIRA LIMA,,RUA FONSECA OLIVEIRA,,RUA NOGUEIRA LIMA,,,HIPÓDROMO,,SUBURBIO,ABALROAMENTO TRANSVERSAL,ENTRE 2 AUTOS. S/V,2,,,,,,,,,0,,Cruzamento,Chuvoso,Não existe,,Molhada,Perfeito estado,Outros,Outras,,Dupla,Faixa seccionada,,,,,,,,
2019-07-20,22:00:00,SEM VÍTIMA,FINALIZADA,DERBY,AV GOVERNADOR AGAMENON MAGALHAES,,,HOSPITAL DA RESTAURAÇÃO,AV GOVERNADOR AGAMENON MAGALHAES,,HOSPITAL DA RESTAURAÇÃO,DERBY,,SUBURBIO,ABALROAMENTO LONGITUDINAL,ENTRE AUTO E CAMINHÃO. S/V,1,,,,,,1,,,0,,Longo da via,Chuvoso,Sem defeito,Perfeito estado,Molhada,Perfeito estado,Outros,Não há placas,,Única,Faixa seccionada,,,,,,,,
2019-07-20,22:19:00,COM VÍTIMA,FINALIZADA,IBURA,AV DOIS RIOS,,,LADEIRA DA COHAB,AV DOIS RIOS,,LADEIRA DA COHAB,IBURA,,SUBURBIO,ABALROAMENTO TRANSVERSAL,KOMBI X MOTO,1,1,,,,,,,,1,,Longo da via,Chuvoso,Não existe,Perfeito estado,Molhada,Perfeito estado,Não existe,Não há placas,,Dupla,Faixa contínua,Faixa seccionada,,,,,,,
2019-07-20,22:37:00,SEM VÍTIMA,FINALIZADA,CASA FORTE,AV DEZESSETE DE AGOSTO,,,ENF QUARTEL DO EXERCITO E FARMACIA PAGUEMENOS,AV DEZESSETE DE AGOSTO,,ENF QUARTEL DO EXERCITO E FARMACIA PAGUEMENOS,CASA FORTE,,,COLISÃO,FOX X PALIO OBS: SUSPEITA DE EMBRIAGUEZ,2,,,,,,,,,0,,,,,,,,,,,,,,,,,,,,
2019-07-20,22:41:00,SEM VÍTIMA,FINALIZADA,BOA VIAGEM,AVENIDA CELSO FURTADO (VIA MANGUE),,,NA DESCIDA DO HIPER,AVENIDA CELSO FURTADO (VIA MANGUE),,NA DESCIDA DO HIPER,BOA VIAGEM,,SUBURBIO,ABALROAMENTO LONGITUDINAL,ENTRE 2 AUTOS. S/V,2,,,,,,,,,0,,Longo da via,Chuvoso,Não existe,Não existente,Molhada,Perfeito estado,Não existe,Não há placas,,Única,Faixa seccionada,,,,,,,,
2019-07-20,23:47:00,SEM VÍTIMA,FINALIZADA,,RUA ALTO DO EUCALIPTO,711,,PROXIMO AO TERMINAL,RUA ALTO DO EUCALIPTO,711,PROXIMO AO TERMINAL,,,SUBURBIO,CHOQUE OBJETO FIXO,ENTRE DOIS AUTO S/V ( MOTORISTA EMBREAGADO CAUSOU A COLISAO),2,,,,,,,,,0,,Longo da via,Chuvoso,Não existe,Perfeito estado,Molhada,Perfeito estado,Outros,Outras,,Dupla,Faixa seccionada,,,,,,,,
2019-07-20,23:54:00,COM VÍTIMA,FINALIZADA,IPSEP,AV RECIFE,,RUA SAO NICOLAU,CASA DA BATERIA,AV RECIFE,,CASA DA BATERIA,IPSEP,16,SUBURBIO,ABALROAMENTO TRANSVERSAL,ENTRE UM AUTO PASSEIO E MOTO COM VITIMA,1,1,,,,,,,,2,,Cruzamento,Chuvoso,Sem defeito,Perfeito estado,Molhada,Perfeito estado,Faixa de pedestre,,,Dupla,Canteiro central,,,,,,,,
2019-07-21,01:58:00,SEM VÍTIMA,FINALIZADA,BOA VIAGEM,RUA DOS NAVEGANTES,,RUA ERNESTO DE PAULA SANTOS,,RUA DOS NAVEGANTES,,,BOA VIAGEM,,,ABALROAMENTO TRANSVERSAL,ENTRE DOIS AUTO S/V,2,,,,,,,,,0,,Cruzamento,Bom,Não existe,Incompleta,Seca,Mal iluminada,Faixa de pedestre,Placas Pare,,Dupla,Faixa seccionada,,,,,,,,
2019-07-21,06:27:00,SEM VÍTIMA,FINALIZADA,VASCO DA GAMA,RUA ALTO DO EUCALIPTO,816,,,RUA ALTO DO EUCALIPTO,816,,VASCO DA GAMA,,SUBURBIO,CHOQUE VEÍCULO PARADO,COLISÃO SEM VITIMAS,2,1,,,,,,,,0,,Longo da via,Chuvoso,Não existe,Incompleta,Molhada,,Não existe,Não há placas,30 km/h,Dupla,Não existe,,,,,,,,
2019-07-21,07:43:00,SEM VÍTIMA,FINALIZADA,IMBIRIBEIRA,AV MARECHAL MASCARENHAS DE MORAES,1482,,EM FRENTE A ENCRUZILHADA PNEUS, SENT. CIDADE,AV MARECHAL MASCARENHAS DE MORAES,1482,EM FRENTE A ENCRUZILHADA PNEUS, SENT. CIDADE,IMBIRIBEIRA,,,COLISÃO,DOIS AUTOS,2,,,,,,,,,0,,,,,,,,,,,,,,,,,,
2019-07-21,10:15:00,COM VÍTIMA,FINALIZADA,PINA,AV HERCULANO BANDEIRA,825,,SENTIDO DOMINGOS FERREIRA,AV HERCULANO BANDEIRA,825,SENTIDO DOMINGOS FERREIRA,PINA,,SUBURBIO,ABALROAMENTO TRANSVERSAL,AUTO E MOTO,1,1,,,,,,,,1,,Longo da via,Bom,Sem defeito,Perfeito estado,Seca,Perfeito estado,Outros,Outras,60 km/h,Única,Faixa seccionada,,,,,,,,
2019-07-21,10:35:00,COM VÍTIMA,FINALIZADA,IMBIRIBEIRA,AV MARECHAL MASCARENHAS DE MORAES,,,LADO OPOSTO AO AEROPORTO,AV MARECHAL MASCARENHAS DE MORAES,,LADO OPOSTO AO AEROPORTO,IMBIRIBEIRA,,CID/SUB,ABALROAMENTO LONGITUDINAL,COM DUAS VITIMAS CTTU NO LOCAL/VT28,1,1,,,,,,,,2,,Longo da via,Bom,Não existe,Perfeito estado,Seca,Perfeito estado,Não existe,Não há placas,60 km/h,Única,,,,,,,,,
2019-07-21,12:11:00,SEM VÍTIMA,FINALIZADA,BOA VIAGEM,RUA BALTAZAR PASSOS,,RUA COSMORAMA,,RUA BALTAZAR PASSOS,,,BOA VIAGEM,556,SUBURBIO,ABALROAMENTO TRANSVERSAL,COLISÃO SEM VITIMA,2,,,,,,,,,0,,Cruzamento,Bom,Sem defeito,Perfeito estado,Seca,Perfeito estado,Faixa de retenção,,,Única,Faixa seccionada,,,,,,,,
2019-07-21,14:01:00,SEM VÍTIMA,FINALIZADA,BOA VIAGEM,AV CONSELHEIRO AGUIAR,2775,,LAVANDERIA VIVAZ,AV CONSELHEIRO AGUIAR,2775,LAVANDERIA VIVAZ,BOA VIAGEM,,CIDADE,ABALROAMENTO TRANSVERSAL,COLISÃO SEM VÍTIMA,1,,,,,1,,,,0,,Longo da via,Bom,Não existe,Perfeito estado,Seca,Perfeito estado,Agente,R-6a,60 km/h,Única,Faixa contínua,,,,,,,,
2019-07-21,14:13:00,SEM VÍTIMA,FINALIZADA,IMBIRIBEIRA,AV MARECHAL MASCARENHAS DE MORAES,1482,,EM FRENTE A ENCRUZILHADA PNEUS,AV MARECHAL MASCARENHAS DE MORAES,1482,EM FRENTE A ENCRUZILHADA PNEUS,IMBIRIBEIRA,287,,COLISÃO TRASEIRA,COLISÃO SEM VÍTIMA,2,,,,,,,,,0,,Longo da via,Bom,Sem defeito,Perfeito estado,Seca,Perfeito estado,Faixa de pedestre,Não há placas,,Dupla,Faixa contínua,,,,,,,,
2019-07-21,15:14:00,SEM VÍTIMA,CANCELADA,CASA AMARELA,COR DO BARTOLOMEU,61,,PROXIMO AO BAR DO CHUVEIRÃO,COR DO BARTOLOMEU,61,PROXIMO AO BAR DO CHUVEIRÃO,CASA AMARELA,,,COLISÃO,COLISÃO SEM VÍTIMA,2,,,,,,,,,0,,,,,,,,,,,,,,,,,,,,
2019-07-21,16:15:00,COM VÍTIMA,FINALIZADA,CAMPO GRANDE,RUA DONA ELVIRA,194,RUA FREDERICO,,RUA DONA ELVIRA,194,,CAMPO GRANDE,,SUBURBIO,ABALROAMENTO TRANSVERSAL,COLISÃO SEM VÍTIMA,1,1,,,,,,,,2,,Cruzamento,Bom,Não existe,Incompleta,Seca,Mal conservada,Não existe,Placas Pare,,Dupla,Não existe,,,,,,,,
2019-07-21,16:58:00,SEM VÍTIMA,FINALIZADA,DERBY,PRC DO DERBY,,,EM FRENTE AO BANCO BRADESCO,PRC DO DERBY,,EM FRENTE AO BANCO BRADESCO,DERBY,,SUBURBIO,ABALROAMENTO LONGITUDINAL,COLISÃO SEM VÍTIMA,2,,,,,,,,,0,,Longo da via,Bom,Sem defeito,Perfeito estado,Seca,Perfeito estado,Não existe,Outras,60 km/h,Única,Faixa seccionada,,,,,,,,
2019-07-21,17:25:00,COM VÍTIMA,FINALIZADA,VÁRZEA,AV AFONSO OLINDENSE,,,APÓS A LOMBADA ELETRÔNICA,AV AFONSO OLINDENSE,,APÓS A LOMBADA ELETRÔNICA,VÁRZEA,,SUBURBIO,ABALROAMENTO TRANSVERSAL,01 AUTO E 01 MOTOCICLETA,1,,1,,,,,,,1,,Longo da via,Bom,Não existe,Perfeito estado,Seca,Perfeito estado,Não existe,Não há placas,,Dupla,Faixa seccionada,,,,,,,,
2019-07-21,19:01:00,SEM VÍTIMA,FINALIZADA,PINA,AV ANTONIO DE GOES,,,TROCAO,AV ANTONIO DE GOES,,TROCAO,PINA,,CIDADE,CHOQUE OBJETO FIXO,HONDA CIVIC OBS: VEICULO SE CHOCA-SE COM POSTE E MOTORISTA SE EVADIU DO LOCAL DEIXANDO O VEICULO NO MEIO DA VIA,1,,,,,,,,,0,,Longo da via,Bom,Não existe,Perfeito estado,Seca,Perfeito estado,Não existe,Não há placas,,Única,Canteiro central,,,,,,,,
2019-07-21,20:35:00,COM VÍTIMA,FINALIZADA,BOA VIAGEM,RUA PROFESSOR JOAO MEDEIROS,457,RUA RIBEIRO DE BRITO,NA ESQUINA DA LOJA TIDELLI E LOJA HONDA BEIRA CANAL,RUA PROFESSOR JOAO MEDEIROS,457,NA ESQUINA DA LOJA TIDELLI E LOJA HONDA BEIRA CANAL,BOA VIAGEM,332,CIDADE,COLISÃO COM CICLISTA,AUTO X CICLISTA,1,,,1,,,,,,1,,Cruzamento,Bom,Sem defeito,Perfeito estado,Seca,Perfeito estado,Faixa de pedestre,Não há placas,,Única,Faixa seccionada,Canteiro central,Blocos,,,,,,
2019-07-21,20:54:00,COM VÍTIMA,FINALIZADA,IMBIRIBEIRA,AV MARECHAL MASCARENHAS DE MORAES,,,SEMAFORO 626,AV MARECHAL MASCARENHAS DE MORAES,,SEMAFORO 626,IMBIRIBEIRA,,CIDADE,COLISÃO TRASEIRA,AUTO X MOTO OBS: SUSPEITA DE EMBRIAGUEZ,1,1,,,,,,,,1,,Longo da via,Bom,Sem defeito,Perfeito estado,Seca,,Faixa de pedestre,,,Dupla,Canteiro central,,,,,,,,
2019-07-22,00:36:00,SEM VÍTIMA,FINALIZADA,BREJO DE BEBERIBE,AV VEREADOR OTACILIO AZEVEDO,961,RUA TUPIRACABA,LADO OPOSTO AO Nº 961,AV VEREADOR OTACILIO AZEVEDO,961,LADO OPOSTO AO Nº 961,BREJO DE BEBERIBE,,SUBURBIO,COLISÃO FRONTAL,COLISÃO ENTRE DOIS AUTOS, S/V,2,,,,,,,,,0,,Longo da via,Chuvoso,Não existe,Perfeito estado,Molhada,Perfeito estado,Não existe,Não há placas,,Dupla,Faixa seccionada,,,,,,,
2019-07-22,00:37:00,SEM VÍTIMA,FINALIZADA,BOA VIAGEM,RUA RIBEIRO DE BRITO,1009,RUA TENENTE DOMINGOS DE BRITO,FARMÁCIA DROGASIL,RUA RIBEIRO DE BRITO,1009,FARMÁCIA DROGASIL,BOA VIAGEM,331,SUBURBIO,ABALROAMENTO TRANSVERSAL,COLISÃO ENTRE DOIS AUTOS, SEM VÍTIMAS.,2,,,,,,,,,0,,Cruzamento,Chuvoso,Intermitente,Perfeito estado,Molhada,Perfeito estado,Faixa de pedestre,Outras,,Única,Faixa seccionada,,,,,,,
2019-07-22,06:38:00,SEM VÍTIMA,FINALIZADA,BOA VIAGEM,AV BOA VIAGEM,110,,EDF. MAR AZUL,AV BOA VIAGEM,110,EDF. MAR AZUL,BOA VIAGEM,,SUBURBIO,ABALROAMENTO LONGITUDINAL,TRES AUTOS,3,,,,,,,,,0,,Longo da via,Chuvoso,Não existe,Perfeito estado,Molhada,Perfeito estado,Não existe,Não há placas,,Única,Faixa seccionada,,,,,,,,
2019-07-22,07:02:00,SEM VÍTIMA,CANCELADA,DERBY,RUA JENER DE SOUZA,,,PRAÇA DO DERBY,RUA JENER DE SOUZA,,PRAÇA DO DERBY,DERBY,418,,COLISÃO,SEM VITIMAS/CTTU NO LOCAL/BATEDOR N VT MOTO31,1,,,,,1,,,,0,,,,,,,,,,,,,,,,,,,,
2019-07-22,07:37:00,SEM VÍTIMA,FINALIZADA,BOA VISTA,AV GOVERNADOR AGAMENON MAGALHAES,,PRC PARQUE AMORIM,,AV GOVERNADOR AGAMENON MAGALHAES,,,BOA VISTA,173,,COLISÃO TRASEIRA,COLISÃO S/VITIMAS ENTRE DOIS UM ONIBUS E AUTO,1,,,,,1,,,,0,,Cruzamento,Chuvoso,Sem defeito,Perfeito estado,Seca,Perfeito estado,Faixa de pedestre,Outras,,Dupla,Canteiro central,,,,,,,,
2019-07-22,07:44:00,SEM VÍTIMA,FINALIZADA,IPSEP,AV RECIFE,,RUA JEAN EMILE FAVRE,SOB SEM 130,AV RECIFE,,SOB SEM 130,IPSEP,130,SUBURBIO,COLISÃO TRASEIRA,TRES AUTOS,3,,,,,,,,,0,,Longo da via,Chuvoso,,,,,Faixa de pedestre,R-6a,,Dupla,,,,,,,,,
2019-07-22,07:45:00,COM VÍTIMA,FINALIZADA,TEJIPIÓ,RUA APRIGIO GUIMARAES,585,,EM FRENTE AO HOSPITAL OTAVIO DE FREITAS,RUA APRIGIO GUIMARAES,585,EM FRENTE AO HOSPITAL OTAVIO DE FREITAS,TEJIPIÓ,,SUBURBIO,COLISÃO TRASEIRA,AUTO E MOTO C/V LOCAL DESCARACTERIZADO,1,1,,,,,,,,1,,Longo da via,Chuvoso,Não existe,Não existente,Molhada,Perfeito estado,Não existe,Não há placas,40 km/h,Dupla,Não existe,,,,,,,,
2019-07-22,07:48:00,COM VÍTIMA,FINALIZADA,MADALENA,AV VISCONDE DE ALBUQUERQUE,474,,EM FRENTE A LOJA PROJETOS MOVEIS PLANEJADOS. LADO OPOSTO AO PET SHOT KERO KOLO.,AV VISCONDE DE ALBUQUERQUE,474,EM FRENTE A LOJA PROJETOS MOVEIS PLANEJADOS. LADO OPOSTO AO PET SHOT KERO KOLO.,MADALENA,,SUBURBIO,ABALROAMENTO LONGITUDINAL,COLISÃO COM UMA VITIMA AGUARDANDO SOCORRO,1,1,,,,,,,,1,,Longo da via,Chuvoso,Não existe,Perfeito estado,Molhada,Perfeito estado,Não existe,Não há placas,,Única,Faixa seccionada,,,,,,,,
2019-07-22,08:20:00,SEM VÍTIMA,FINALIZADA,GRAÇAS,RUA AMELIA,,,POSTO DE COMBUSTÍVEL SHELL,RUA AMELIA,,POSTO DE COMBUSTÍVEL SHELL,GRAÇAS,,CIDADE,COLISÃO TRASEIRA,SEM VITIMAS,3,1,,,,,,,,0,,Longo da via,Chuvoso,Não existe,Perfeito estado,Molhada,Perfeito estado,Não existe,Outras,40 km/h,Única,Não existe,,,,,,,,
2019-07-22,09:11:00,SEM VÍTIMA,FINALIZADA,BOA VIAGEM,AV CONSELHEIRO AGUIAR,2394,,EM FRENTE A LOJA PRATA DA CASA,AV CONSELHEIRO AGUIAR,2394,EM FRENTE A LOJA PRATA DA CASA,BOA VIAGEM,,SUBURBIO,COLISÃO TRASEIRA,SEM VITIMAS,2,,,,,,,,,0,,Longo da via,Chuvoso,Não existe,,Molhada,Perfeito estado,Não existe,R-6a,60 km/h,Única,Faixa seccionada,,,,,,,,
2019-07-22,09:43:00,SEM VÍTIMA,CANCELADA,CASA AMARELA,AV NORTE,6318,RUA VASCO DA GAMA,EM FRENTE A MULTI PEÇAS,AV NORTE,6318,EM FRENTE A MULTI PEÇAS,CASA AMARELA,66,,ACID. DE PERCURSO,SEM VITIMAS,,1,,,,,,,,0,,,,,,,,,,,,,,,,,,,,
2019-07-22,10:09:00,SEM VÍTIMA,FINALIZADA,CORDEIRO,AV GENERAL SAN MARTIN,1083,,EM FRENTE AOS CORREIOS,AV GENERAL SAN MARTIN,1083,EM FRENTE AOS CORREIOS,CORDEIRO,,,ABALROAMENTO LONGITUDINAL,SEM VITIMAS CTTU NO LOCAL,2,,,,,,,,,0,,Longo da via,Chuvoso,Não existe,Perfeito estado,Molhada,Perfeito estado,Não existe,R-6a,,Dupla,Faixa contínua,,,,,,,,
2019-07-22,10:30:00,SEM VÍTIMA,FINALIZADA,IPUTINGA,AV CAXANGA,4038,EST DO BARBALHO,EM FRENTE AO WALMART,AV CAXANGA,4038,EM FRENTE AO WALMART,IPUTINGA,533,SUBURBIO,COLISÃO TRASEIRA,COLISÃO S/VITIMAS ENTRE DOS AUTOS,2,,,,,,,,,0,,Cruzamento,Bom,Sem defeito,Perfeito estado,Molhada,Perfeito estado,Faixa de pedestre,Não há placas,60 km/h,Dupla,Canteiro central,,,,,,,,
2019-07-22,10:51:00,SEM VÍTIMA,CANCELADA,SÃO JOSÉ,RUA SANTA RITA,675,,RUA AO LADO DO GRANDE RECIFE,RUA SANTA RITA,675,RUA AO LADO DO GRANDE RECIFE,SÃO JOSÉ,,,COLISÃO,DOIS AUTOS,2,,,,,,,,,0,,,,,,,,,,,,,,,,,,,,
2019-07-22,10:54:00,SEM VÍTIMA,FINALIZADA,AFOGADOS,EST DOS REMEDIOS,65,,,EST DOS REMEDIOS,65,,AFOGADOS,,CIDADE,ABALROAMENTO LONGITUDINAL,SEM VITIMAWS,1,,,,,1,,,,0,,Longo da via,Chuvoso,Não existe,Perfeito estado,Molhada,Perfeito estado,Não existe,R-6a,,Dupla,Faixa contínua,,,,,,,,
2019-07-22,11:13:00,SEM VÍTIMA,FINALIZADA,SANTO AMARO,RUA DA SAUDADE,,,SEMÁFORO 168,RUA DA SAUDADE,,SEMÁFORO 168,SANTO AMARO,168,CIDADE,ABALROAMENTO LONGITUDINAL,COLISÃO ENTRE UM CARRO-FORTE E UM AUTO, SEM VÍTIMAS.,1,,,,,,1,,,0,,Longo da via,Chuvoso,Sem defeito,Perfeito estado,Molhada,Perfeito estado,Faixa de pedestre,R-6a,,Única,Faixa seccionada,,,,,,,
2019-07-22,11:36:00,SEM VÍTIMA,CANCELADA,SANTO AMARO,AV CRUZ CABUGA,,,EM FRENTE A ASSEMBLEIA DE DEUS,AV CRUZ CABUGA,,EM FRENTE A ASSEMBLEIA DE DEUS,SANTO AMARO,,CIDADE,COLISÃO,COLISÃO S/VITIMAS ENTRE DOIS AUTOS,2,,,,,,,,,0,,,,,,,,,,,,,,,,,,,,
2019-07-22,12:20:00,SEM VÍTIMA,FINALIZADA,VÁRZEA,AV AFONSO OLINDENSE,,RUA AZEREDO COUTINHO,AO LADO DA PRAÇA DA VARZEA,AV AFONSO OLINDENSE,,AO LADO DA PRAÇA DA VARZEA,VÁRZEA,,SUBURBIO,ABALROAMENTO TRANSVERSAL,COLISAO ENTRE DOIS AUTOS S/V,2,,,,,,,,,0,,Cruzamento,Chuvoso,Não existe,Incompleta,Molhada,Perfeito estado,Não existe,Não há placas,,Única,Não existe,,,,,,,,
2019-07-22,12:22:00,SEM VÍTIMA,FINALIZADA,IMBIRIBEIRA,,,,EM FRENTE A LOJA GRILO,,,EM FRENTE A LOJA GRILO,IMBIRIBEIRA,,SUBURBIO,COLISÃO,ENTRE UM AUTO PASSEIO E ONIBUS S/V,1,,,,,1,,,,0,,,,,,,,,,,,,,,,,,,,
2019-07-22,12:53:00,SEM VÍTIMA,FINALIZADA,BOA VIAGEM,AV DOM JOAO VI,,AV ANTONIO TORRES GALVAO,LADO OPOSTO AO RESTAURANTE HORA CERTA,AV DOM JOAO VI,,LADO OPOSTO AO RESTAURANTE HORA CERTA,BOA VIAGEM,543,SUBURBIO,COLISÃO TRASEIRA,SEM VITIMAS,2,,,,,,,,,0,,Cruzamento,Chuvoso,Sem defeito,Perfeito estado,Molhada,Perfeito estado,Outros,Outras,60 km/h,Dupla,Blocos,,,,,,,,
2019-07-22,13:51:00,SEM VÍTIMA,CANCELADA,CAXANGÁ,RUA EMILIANO BRAGA,485,,POR TRAS DA INTEGRAÇÃO DA CAXANGA,RUA EMILIANO BRAGA,485,POR TRAS DA INTEGRAÇÃO DA CAXANGA,CAXANGÁ,,,COLISÃO,ENTRE DOIS AUTO S/V,2,,,,,,,,,0,,,,,,,,,,,,,,,,,,,,
2019-07-22,17:08:00,SEM VÍTIMA,FINALIZADA,IMBIRIBEIRA,AV MARECHAL MASCARENHAS DE MORAES,4555,,EM FRENTE A TOYOLEX,AV MARECHAL MASCARENHAS DE MORAES,4555,EM FRENTE A TOYOLEX,IMBIRIBEIRA,,CIDADE,ABALROAMENTO LONGITUDINAL,COLISAO ENTRE AUTO E MOTO S/V,1,1,,,,,,,,0,,Longo da via,Chuvoso,Não existe,Perfeito estado,Molhada,Perfeito estado,Não existe,Não há placas,,Dupla,Faixa seccionada,Canteiro central,,,,,,,
2019-07-22,17:48:00,SEM VÍTIMA,CANCELADA,CAXANGÁ,RUA RIBEIRO PESSOA,,,EM FRENTE DA UPA DA CAXANGA,RUA RIBEIRO PESSOA,,EM FRENTE DA UPA DA CAXANGA,CAXANGÁ,,,COLISÃO,SEM VITIMA,1,,,,,,1,,,0,,,,,,,,,,,,,,,,,,,,
2019-07-22,18:10:00,COM VÍTIMA,FINALIZADA,ARRUDA,RUA DO MACHADO,886,RUA MANOEL SILVA,E/F AO BAR SANTO DOM,RUA DO MACHADO,886,E/F AO BAR SANTO DOM,ARRUDA,,SUBURBIO,ABALROAMENTO TRANSVERSAL,ENTRE AUTO E MOTO. C/V,1,1,,,,,,,,1,,Cruzamento,Chuvoso,Não existe,Perfeito estado,Molhada,Perfeito estado,Faixa de pedestre,Placas Pare,,Dupla,Faixa contínua,,,,,,,,
2019-07-22,18:25:00,SEM VÍTIMA,FINALIZADA,ESPINHEIRO,RUA MARQUES DO PARANA,320,RUA GOMES PACHECO,PRÓXIMO DOM HÉLDER CAMARA,RUA MARQUES DO PARANA,320,PRÓXIMO DOM HÉLDER CAMARA,ESPINHEIRO,,SUBURBIO,CHOQUE,VEÍCULO CAÍDO EM UM BURACO DE OBRA. CONDUTORA SOLICITA O APOIO DA CTTU NO LOCAL,1,,,,,,,,,0,,Cruzamento,Chuvoso,,Perfeito estado,Seca,Mal conservada,Não existe,Não há placas,,Única,Faixa seccionada,,,,,,,,
2019-07-22,18:50:00,SEM VÍTIMA,FINALIZADA,SANTO AMARO,AV CRUZ CABUGA,,,ENF AO MERCADO MUNICIPAL DE SANTO AMARO,AV CRUZ CABUGA,,ENF AO MERCADO MUNICIPAL DE SANTO AMARO,SANTO AMARO,,CIDADE,COLISÃO TRASEIRA,ONIBUS CIDADE ALTA X FORD KA,1,,,,,1,,,,0,,Longo da via,Chuvoso,Não existe,Ilegível,Molhada,Mal iluminada,Não existe,Não há placas,,Dupla,Não existe,,,,,,,,
2019-07-22,19:35:00,SEM VÍTIMA,FINALIZADA,BOA VIAGEM,,,AV FERNANDO SIMOES BARBOSA,,,,,BOA VIAGEM,183,CIDADE,ABALROAMENTO LONGITUDINAL,ENTRE 2 AUTOS. S/V,2,,,,,,,,,0,,Longo da via,Chuvoso,Não existe,Perfeito estado,Molhada,Perfeito estado,Faixa de pedestre,Não há placas,,Única,,,,,,,,,
2019-07-22,19:56:00,SEM VÍTIMA,FINALIZADA,MADALENA,RUA JOSE OSORIO,417,,,RUA JOSE OSORIO,417,,MADALENA,,SUBURBIO,COLISÃO TRASEIRA,FAIT X LOGAN VT DA CTTU 06 NO LOCAL,2,,,,,,,,,0,,Longo da via,Bom,Não existe,Ilegível,Molhada,Mal iluminada,Não existe,Não há placas,,Única,Faixa seccionada,,,,,,,,
2019-07-22,20:12:00,SEM VÍTIMA,FINALIZADA,IMBIRIBEIRA,AV SUL,,,,AV SUL,,,IMBIRIBEIRA,,CIDADE,COLISÃO TRASEIRA,ENTRE 2 AUTOS. S/V,2,,,,,,,,,0,,Longo da via,Chuvoso,Não existe,Não existente,Molhada,Mal iluminada,Não existe,Não há placas,,Dupla,Não existe,,,,,,,,
2019-07-22,20:20:00,SEM VÍTIMA,FINALIZADA,SAN MARTIN,RUA ITAPEMIRIM,,AV CONSUL VILARES FRAGOSO,,RUA ITAPEMIRIM,,,SAN MARTIN,,,ABALROAMENTO LONGITUDINAL,UNO X MOTO,1,1,,,,,,,,0,,Cruzamento,Chuvoso,Não existe,Ilegível,Molhada,Mal iluminada,Não existe,Não há placas,,Dupla,Não existe,,,,,,,,