data,hora,natureza_acidente,situacao,bairro,endereco,numero,detalhe_endereco_acidente,complemento,endereco_cruzamento,numero_cruzamento,referencia_cruzamento,bairro_cruzamento,num_semaforo,sentido_via,tipo,descricao,auto,moto,ciclom,ciclista,pedestre,onibus,caminhao,viatura,outros,vitimas,vitimasfatais,acidente_verificado,tempo_clima,situacao_semaforo,sinalizacao,condicao_via,conservacao_via,ponto_controle,situacao_placa,velocidade_max_via,mao_direcao,divisao_via1,divisao_via2,divisao_via3,,,,,,
2019-07-24,21:41:00,SEM VÍTIMA,FINALIZADA,AREIAS,AV RECIFE,,,,AV RECIFE,,,AREIAS,620,SUBURBIO,CHOQUE VEÍCULO PARADO,GOL X PRISMA,2,,,,,,,,,0,,Longo da via,Chuvoso,Sem defeito,Perfeito estado,Molhada,Perfeito estado,Faixa de pedestre,Não há placas,60 km/h,Dupla,Canteiro central,,,,,,,,
2019-07-24,21:57:00,SEM VÍTIMA,FINALIZADA,,AV MARECHAL JUAREZ TAVORA,,,,AV MARECHAL JUAREZ TAVORA,,,,,SUBURBIO,CHOQUE VEÍCULO PARADO,ENTRE DOIS AUTO S/V,2,,,,,,,,,0,,Longo da via,Chuvoso,Não existe,Incompleta,Molhada,Mal iluminada,Não existe,Não há placas,40 km/h,Única,Faixa seccionada,,,,,,,,
2019-07-24,22:28:00,SEM VÍTIMA,FINALIZADA,TORRE,AV BEIRA RIO,,,COMPESA / POSTE B03690,AV BEIRA RIO,,COMPESA / POSTE B03690,TORRE,,SUBURBIO,COLISÃO TRASEIRA,VECTRA X NISSAN VERSA,2,,,,,,,,,0,,Longo da via,Chuvoso,Não existe,Perfeito estado,Molhada,Mal iluminada,Não existe,Não há placas,,Dupla,Faixa contínua,Faixa seccionada,,,,,,,
2019-07-24,23:05:00,SEM VÍTIMA,CANCELADA,TORRÕES,AV ENGENHEIRO ABDIAS DE CARVALHO,,,NA SAIDA DA ABDIAS PARA BR, PROXIMO A DLP DISTRIBUIDORA,AV ENGENHEIRO ABDIAS DE CARVALHO,,NA SAIDA DA ABDIAS PARA BR, PROXIMO A DLP DISTRIBUIDORA,TORRÕES,,,COLISÃO,ENTRE DOIS AUTO S/V,2,,,,,,,,,0,,,,,,,,,,,,,,,,,,
2019-07-25,05:05:00,SEM VÍTIMA,FINALIZADA,VÁRZEA,RUA MARIO CAMPELO,169,PRC PINTO DAMASO,,RUA MARIO CAMPELO,169,,VÁRZEA,,CIDADE,ABALROAMENTO LONGITUDINAL,COLISÃO ENTRE AUTO E ÔNIBUS, SEM VÍTIMAS.,1,,,,,1,,,,0,,,Bom,Não existe,Incompleta,Molhada,Perfeito estado,Não existe,Placas Pare,,Dupla,Não existe,,,,,,,
2019-07-25,08:45:00,SEM VÍTIMA,FINALIZADA,ILHA DO LEITE,RUA GENERAL JOAQUIM INACIO,566,,EM FRENTE A FARMACIA INDEPENDENTE,RUA GENERAL JOAQUIM INACIO,566,EM FRENTE A FARMACIA INDEPENDENTE,ILHA DO LEITE,,SUBURBIO,COLISÃO TRASEIRA,DOIS AUTOS,2,,,,,,,,,0,,Longo da via,Bom,Não existe,Perfeito estado,Seca,Perfeito estado,Agente,Não há placas,40 km/h,Única,Faixa seccionada,,,,,,,,
2019-07-25,08:47:00,SEM VÍTIMA,FINALIZADA,,RUA GENERAL POLIDORO,460,,,RUA GENERAL POLIDORO,460,,,,SUBURBIO,ABALROAMENTO LONGITUDINAL,ONIBUS X SAVEIRO,1,,,,,1,,,,0,,Longo da via,Bom,Não existe,Perfeito estado,Seca,Perfeito estado,Outros,Outras,,Dupla,Faixa contínua,,,,,,,,
2019-07-25,09:11:00,COM VÍTIMA,FINALIZADA,BOA VIAGEM,RUA AVIADOR SEVERIANO LINS,226,RUA JOSE MARIA DE MIRANDA,DE ESQUINA COM O HOSPITAL DO BOA VIAGEM,RUA AVIADOR SEVERIANO LINS,226,DE ESQUINA COM O HOSPITAL DO BOA VIAGEM,BOA VIAGEM,,PRAIA,ABALROAMENTO LONGITUDINAL,AUTO E MOTO,1,1,,,,,,,,2,,Cruzamento,Bom,Não existe,Perfeito estado,Seca,Perfeito estado,Faixa de retenção,Placas Pare,,Única,Não existe,,,,,,,,
2019-07-25,10:41:00,SEM VÍTIMA,FINALIZADA,CASA FORTE,RUA LEONARDO BEZERRA CAVALCANTE,540,RUA AFONSO DE ALBUQUERQUE MELO,AO LADO DO MUNDO PET,RUA LEONARDO BEZERRA CAVALCANTE,540,AO LADO DO MUNDO PET,CASA FORTE,485,SUBURBIO,ABALROAMENTO LONGITUDINAL,DOIS AUTOS,2,,,,,,,,,0,,Longo da via,Chuvoso,Sem defeito,Perfeito estado,Molhada,Perfeito estado,Outros,R-6a,,Única,Faixa seccionada,,,,,,,,
2019-07-25,11:42:00,SEM VÍTIMA,FINALIZADA,TEJIPIÓ,AV PADRE IBIAPINA,839,AV LIBERDADE,PROX. AO CONDOMINIO MONTE VILLE,AV PADRE IBIAPINA,839,PROX. AO CONDOMINIO MONTE VILLE,TEJIPIÓ,,,COLISÃO,DOIS AUTOS,2,,,,,,,,,0,,,,,,,,,,,,,,,,,,,,
2019-07-25,12:09:00,COM VÍTIMA,FINALIZADA,CORDEIRO,AV CAXANGA,1142,,BAP AUTOPEÇAS,AV CAXANGA,1142,BAP AUTOPEÇAS,CORDEIRO,236,,ABALROAMENTO LONGITUDINAL,MOTOCICLETA E ONIBUS,,,,,,1,,,,2,,Longo da via,Bom,Sem defeito,Perfeito estado,Seca,Perfeito estado,Agente,,,Dupla,Faixa contínua,Faixa seccionada,Canteiro central,,,,,,
2019-07-25,12:09:00,SEM VÍTIMA,FINALIZADA,ESPINHEIRO,RUA AMELIA,280,RUA DO ESPINHEIRO,GALERIA 280,RUA AMELIA,280,GALERIA 280,ESPINHEIRO,195,CIDADE,ABALROAMENTO TRANSVERSAL,COLISÃO SEM VÍTIMA,1,,,,,,,,1,0,,Cruzamento,Bom,Sem defeito,Perfeito estado,Seca,Perfeito estado,Faixa de pedestre,Placas Pare,,Única,Faixa contínua,,,,,,,,
2019-07-25,12:28:00,SEM VÍTIMA,FINALIZADA,NOVA DESCOBERTA,RUA SANTA TEREZA,,RUA JORNALISTA WALDETE AGRA,,RUA SANTA TEREZA,,,NOVA DESCOBERTA,,SUBURBIO,ABALROAMENTO LONGITUDINAL,COLISÃO SEM VÍTIMA,1,,,,,1,,,,0,,Cruzamento,Bom,Não existe,Perfeito estado,Seca,Perfeito estado,Não existe,Não há placas,,Dupla,Não existe,,,,,,,,
2019-07-25,12:40:00,SEM VÍTIMA,FINALIZADA,IMBIRIBEIRA,RUA ARQUITETO LUIZ NUNES,,,FRENTE AO SEMÁFORO,RUA ARQUITETO LUIZ NUNES,,FRENTE AO SEMÁFORO,IMBIRIBEIRA,634,CIDADE,COLISÃO TRASEIRA,COLISÃO SEM VÍTIMA,2,,,,,1,,,,0,,Longo da via,Bom,Sem defeito,Perfeito estado,Seca,Perfeito estado,Outros,Outras,60 km/h,Dupla,Faixa contínua,,,,,,,,
2019-07-25,12:49:00,SEM VÍTIMA,FINALIZADA,BOA VIAGEM,RUA DES JOAO PAES,730,RUA TENENTE DOMINGOS DE BRITO,,RUA DES JOAO PAES,730,,BOA VIAGEM,,CIDADE,ABALROAMENTO TRANSVERSAL,COLISÃO SEM VÍTIMA,1,1,,,,,,,,0,,Cruzamento,Bom,Não existe,Perfeito estado,Seca,Perfeito estado,,Placas Pare,40 km/h,Única,Faixa seccionada,,,,,,,,
2019-07-25,12:50:00,SEM VÍTIMA,FINALIZADA,JOANA BEZERRA,AV DES GUERRA BARRETO,,,EM FRENTE AO FÓRUM JOANA BEZERRA,AV DES GUERRA BARRETO,,EM FRENTE AO FÓRUM JOANA BEZERRA,JOANA BEZERRA,,SUBURBIO,COLISÃO TRASEIRA,COLISAO ENTRE TRES AUTOS S/V,2,,,,,,,,,0,,Longo da via,Bom,Não existe,Perfeito estado,Seca,Perfeito estado,Agente,Não há placas,40 km/h,Dupla,Faixa seccionada,,,,,,,,
2019-07-25,12:58:00,COM VÍTIMA,FINALIZADA,CAXANGÁ,AV CAXANGA,,,EM FRENTE AO CAXANGÁ COUNTRY GOLF CLUBE,AV CAXANGA,,EM FRENTE AO CAXANGÁ COUNTRY GOLF CLUBE,CAXANGÁ,,SUBURBIO,COLISÃO TRASEIRA,COLISÃO ENTRE ÔNIBUS E MOTOCICLETA.,,1,,,,1,,,,1,,Longo da via,Bom,Não existe,Perfeito estado,Seca,Perfeito estado,Não existe,Não há placas,,Dupla,Canteiro central,,,,,,,,
2019-07-25,13:48:00,SEM VÍTIMA,FINALIZADA,TORRE,RUA CONS THEODORO,116,,EM FRENTE AO Nº 116,RUA CONS THEODORO,116,EM FRENTE AO Nº 116,TORRE,,SUBURBIO,COLISÃO FRONTAL,COLISAO ENTRE DOIS AUTOS S/V,2,,,,,,,,,0,,Longo da via,Bom,Sem defeito,Perfeito estado,Seca,Perfeito estado,Faixa de pedestre,Outras,,Dupla,Faixa seccionada,,,,,,,,
2019-07-25,14:21:00,SEM VÍTIMA,FINALIZADA,ENCRUZILHADA,AV JOAO DE BARROS,1861,AV NORTE,SUPER G LOJA,AV JOAO DE BARROS,1861,SUPER G LOJA,ENCRUZILHADA,43,CIDADE,ABALROAMENTO LONGITUDINAL,COLISÃO SEM VÍTIMA,1,,,,,,,,1,0,,Cruzamento,Bom,Sem defeito,Perfeito estado,Seca,Perfeito estado,Agente,R-6a,40 km/h,Única,Faixa seccionada,,,,,,,,
2019-07-25,14:42:00,COM VÍTIMA,FINALIZADA,DERBY,RUA JENER DE SOUZA,206,,PROXIMO AO QUARTEL DERBY. AO LADO DA PRAÇA OCTÁVIO DE FREITAS,RUA JENER DE SOUZA,206,PROXIMO AO QUARTEL DERBY. AO LADO DA PRAÇA OCTÁVIO DE FREITAS,DERBY,,SUBURBIO,COLISÃO COM CICLISTA,COLISÃO ENTRE AUTOMÓVEL E BICICLETA.,1,,,1,,,,,,1,,Longo da via,Bom,Sem defeito,Perfeito estado,Seca,Perfeito estado,Não existe,Outras,40 km/h,Dupla,Faixa,Canteiro central,,,,,,,
2019-07-25,15:22:00,SEM VÍTIMA,FINALIZADA,BOA VISTA,RUA DO JASMIM,201,,PROX AO HOSPITAL DO IMIP,RUA DO JASMIM,201,PROX AO HOSPITAL DO IMIP,BOA VISTA,,,COLISÃO,COLISAO ENTRE ONIBUS E AUTOS S/V,,,,,,1,,,,0,,,,,,,,,,,,,,,,,,,,
2019-07-25,15:25:00,SEM VÍTIMA,FINALIZADA,IMBIRIBEIRA,AV MARECHAL MASCARENHAS DE MORAES,,,,AV MARECHAL MASCARENHAS DE MORAES,,,IMBIRIBEIRA,289,SUBURBIO,ABALROAMENTO LONGITUDINAL,COLISÃO SEM VÍTIMA,1,,,,,,1,,,0,,,Bom,Sem defeito,Perfeito estado,Seca,Perfeito estado,,Outras,60 km/h,Dupla,Canteiro central,,,,,,,,
2019-07-25,15:46:00,SEM VÍTIMA,FINALIZADA,VÁRZEA,RUA CORONEL PACHECO,1969,,PRAÇA DA VÁRZEA,RUA CORONEL PACHECO,1969,PRAÇA DA VÁRZEA,VÁRZEA,,,CHOQUE VEÍCULO PARADO,COLISÃO SEM VÍTIMA,1,,,,,1,,,,0,,Longo da via,Bom,Não existe,Não existente,Seca,Perfeito estado,Não existe,Outras,,Única,Não existe,,,,,,,,
2019-07-25,16:18:00,SEM VÍTIMA,FINALIZADA,ÁGUA FRIA,AV BEBERIBE,1979,TRV DOWSLEY,EM FRENTE A MILENA MOVEIS,AV BEBERIBE,1979,EM FRENTE A MILENA MOVEIS,ÁGUA FRIA,405,CIDADE,ABALROAMENTO LONGITUDINAL,COLISÃO SEM VÍTIMA,,,,,,1,,,1,0,,Longo da via,Chuvoso,Sem defeito,Perfeito estado,Molhada,Perfeito estado,Faixa de pedestre,R-19,40 km/h,Única,Não existe,,,,,,,,
2019-07-25,17:05:00,COM VÍTIMA,FINALIZADA,BEBERIBE,RUA URIEL DE HOLANDA,,,EM FRENTE A ASSEMBLEIA DE DEUS E PROXIMO A UPINHA,RUA URIEL DE HOLANDA,,EM FRENTE A ASSEMBLEIA DE DEUS E PROXIMO A UPINHA,BEBERIBE,,,COLISÃO,COLISÃO COM VÍTIMA,1,1,,,,,,,,1,,,,,,,,,,,,,,,,,,,,
2019-07-25,18:23:00,SEM VÍTIMA,FINALIZADA,BOA VISTA,AV MONTEVIDEU,196,RUA TABIRA,,AV MONTEVIDEU,196,,BOA VISTA,,,ABALROAMENTO LONGITUDINAL,DOIS AUTOS,2,,,,,,,,,0,,,Bom,Não existe,Perfeito estado,Seca,Perfeito estado,Não existe,R-6a,,Única,Não existe,,,,,,,,
2019-07-25,18:26:00,SEM VÍTIMA,CANCELADA,BARRO,AV DR JOSE RUFINO,,,APOS O COLEGIO ALBERTO TORRES, CASTELO BRANCO,AV DR JOSE RUFINO,,APOS O COLEGIO ALBERTO TORRES, CASTELO BRANCO,BARRO,,CIDADE,COLISÃO,ENTRE DOIS AUTO S/V ( COLISÃO OCORREU NA BIFURCAÇÃO PARA A BR),2,,,,,,,,,0,,,,,,,,,,,,,,,,,,
2019-07-25,21:34:00,SEM VÍTIMA,FINALIZADA,GRAÇAS,RUA JOAQUIM NABUCO,504,,,RUA JOAQUIM NABUCO,504,,GRAÇAS,595,SUBURBIO,COLISÃO TRASEIRA,ENTRE TRES AUTO S/V,3,,,,,,,,,0,,Longo da via,Bom,Sem defeito,Perfeito estado,Seca,Perfeito estado,Faixa de pedestre,R-6a,,Única,Faixa seccionada,,,,,,,,
2019-07-25,22:18:00,SEM VÍTIMA,FINALIZADA,BOA VIAGEM,AV BOA VIAGEM,6234,,,AV BOA VIAGEM,6234,,BOA VIAGEM,,SUBURBIO,ABALROAMENTO LONGITUDINAL,ENTRE DOIS S/V,2,,,,,,,,,0,,Longo da via,Chuvoso,Não existe,Perfeito estado,Molhada,Perfeito estado,Não existe,R-6a,60 km/h,Única,Faixa seccionada,,,,,,,,
2019-07-25,23:41:00,SEM VÍTIMA,FINALIZADA,CAMPO GRANDE,RUA ODORICO MENDES,,AV GOVERNADOR AGAMENON MAGALHAES,,RUA ODORICO MENDES,,,CAMPO GRANDE,49,SUBURBIO,COLISÃO TRASEIRA,PRISMA X ONIBUS RCR,1,,,,,1,,,,0,,Cruzamento,Bom,Sem defeito,Perfeito estado,Seca,Perfeito estado,Faixa de pedestre,Outras,,Dupla,Canal,,,,,,,,
2019-07-26,07:05:00,SEM VÍTIMA,FINALIZADA,IPUTINGA,EST DO BARBALHO,,,AO LADO DO WALMART, EM FRENTE AO SEMÁFORO Nº 533,EST DO BARBALHO,,AO LADO DO WALMART, EM FRENTE AO SEMÁFORO Nº 533,IPUTINGA,533,,ABALROAMENTO LONGITUDINAL,,1,,,,,,1,,,0,,Longo da via,Bom,Sem defeito,Perfeito estado,Seca,Perfeito estado,Faixa de pedestre,,,,Faixa seccionada,,,,,,
2019-07-26,07:24:00,COM VÍTIMA,FINALIZADA,BONGI,AV GENERAL SAN MARTIN,,AV ENGENHEIRO ABDIAS DE CARVALHO,SEMÁFORO 58,AV GENERAL SAN MARTIN,,SEMÁFORO 58,BONGI,58,SUBURBIO,COLISÃO COM CICLISTA,COLISÃO CICLISTA X AUTO PASSEIO,1,,,1,,,,,,1,,Longo da via,Chuvoso,Sem defeito,Perfeito estado,Molhada,Perfeito estado,Agente,Outras,60 km/h,Dupla,Faixa contínua,Canteiro central,,,,,,,
2019-07-26,07:43:00,SEM VÍTIMA,FINALIZADA,SANTO AMARO,RUA DOS PALMARES,,,EM FRENTE A ASSEMBLEIA DE DEUS,RUA DOS PALMARES,,EM FRENTE A ASSEMBLEIA DE DEUS,SANTO AMARO,,SUBURBIO,COLISÃO TRASEIRA,COLISÃO SEM VITIMAS,1,,,,,,1,,,0,,Longo da via,Bom,Sem defeito,Perfeito estado,Seca,Perfeito estado,Faixa de pedestre,,,Dupla,Canteiro central,,,,,,,,
2019-07-26,08:47:00,SEM VÍTIMA,FINALIZADA,BOA VIAGEM,RUA ERNESTO DE PAULA SANTOS,1172,,EM FRENTE AO EMPRESARIAL NESTOR ROCHA,RUA ERNESTO DE PAULA SANTOS,1172,EM FRENTE AO EMPRESARIAL NESTOR ROCHA,BOA VIAGEM,,CIDADE,ABALROAMENTO LONGITUDINAL,COLISÃO SEM VITIMAS,2,,,,,,,,,0,,Longo da via,Bom,Não existe,Perfeito estado,Seca,Perfeito estado,Não existe,Não há placas,,Única,Faixa seccionada,,,,,,,,
2019-07-26,08:56:00,SEM VÍTIMA,FINALIZADA,BOA VIAGEM,AV BOA VIAGEM,6636,,,AV BOA VIAGEM,6636,,BOA VIAGEM,190,CIDADE,COLISÃO TRASEIRA,DOIS AUTOS,2,,,,,,,,,0,,Longo da via,Chuvoso,Sem defeito,Perfeito estado,Molhada,Perfeito estado,Faixa de pedestre,Não há placas,60 km/h,Única,Faixa contínua,,,,,,,,
2019-07-26,09:20:00,SEM VÍTIMA,CANCELADA,ILHA DO RETIRO,RUA JOAO ELISIO RAMOS,140,RUA DR JOAO MARQUES,PROX. A PRAÇA JOSENILDO PAES BARRETO,RUA JOAO ELISIO RAMOS,140,PROX. A PRAÇA JOSENILDO PAES BARRETO,ILHA DO RETIRO,,,COLISÃO,DOIS AUTOS,2,,,,,,,,,0,,,,,,,,,,,,,,,,,,,,
2019-07-26,10:26:00,SEM VÍTIMA,CANCELADA,VÁRZEA,RUA ACADEMICO HELIO RAMOS,124,,PROX. AO TERMINAL DA MOBI BRASIL,RUA ACADEMICO HELIO RAMOS,124,PROX. AO TERMINAL DA MOBI BRASIL,VÁRZEA,,,COLISÃO,COLISÃO S/ VITIMAS ENTRE ONIBUS E AUTO,1,,,,,1,,,,0,,,,,,,,,,,,,,,,,,,,
2019-07-26,11:01:00,COM VÍTIMA,FINALIZADA,IBURA,RUA EMILIO MONTEIRO FONSECA,31,,100 METROS ANTES DA ESCOLA MUNICIPAL VILA OPERÁRIA. EM FRENTE A IGREJA ASSEMBLÉIA DE DEUS.,RUA EMILIO MONTEIRO FONSECA,31,100 METROS ANTES DA ESCOLA MUNICIPAL VILA OPERÁRIA. EM FRENTE A IGREJA ASSEMBLÉIA DE DEUS.,IBURA,,,ATROPELAMENTO,ATROPELAMENTO C/ DUAS VITIMAS (CRIANÇAS),,1,,,2,,,,,3,,Longo da via,Bom,Não existe,Incompleta,Seca,Perfeito estado,Não existe,Não há placas,30 km/h,Dupla,Não existe,,,,,,,,
2019-07-26,11:38:00,SEM VÍTIMA,FINALIZADA,POÇO DA PANELA,RUA DO CHACON,94,,,RUA DO CHACON,94,,POÇO DA PANELA,,SUBURBIO,CHOQUE VEÍCULO PARADO,COLISÃO S/VITIMAS ENTRE DOIS AUTOS,2,,,,,,,,,0,,Longo da via,Bom,Não existe,Incompleta,Seca,Perfeito estado,Não existe,Outras,30 km/h,Única,Não existe,,,,,,,,
2019-07-26,12:11:00,COM VÍTIMA,FINALIZADA,IPSEP,AV RECIFE,1405,,LADO OPOSTO À CENTRAL DAS BATERIAS / SENTIDO BOA VIAGEM,AV RECIFE,1405,LADO OPOSTO À CENTRAL DAS BATERIAS / SENTIDO BOA VIAGEM,IPSEP,,CIDADE,COLISÃO TRASEIRA,AUTO E MOTO.,1,1,,,,,,,,1,,Longo da via,Bom,Não existe,Perfeito estado,Molhada,Perfeito estado,Não existe,Não há placas,60 km/h,Dupla,Faixa seccionada,Canteiro central,,,,,,,
2019-07-26,12:14:00,SEM VÍTIMA,FINALIZADA,SANTO AMARO,AV PREFEITO ARTUR LIMA CAVALCANTI,,,,AV PREFEITO ARTUR LIMA CAVALCANTI,,,SANTO AMARO,,SUBURBIO,ABALROAMENTO LONGITUDINAL,COLISAO SEM VITIMA,1,1,,,,,,,,0,,Longo da via,Chuvoso,Não existe,Não existente,Seca,Perfeito estado,Não existe,Não há placas,,Dupla,Canteiro central,,,,,,,,
2019-07-26,12:45:00,SEM VÍTIMA,FINALIZADA,IMBIRIBEIRA,AV MARECHAL MASCARENHAS DE MORAES,534,,LOJA SUZUKI,AV MARECHAL MASCARENHAS DE MORAES,534,LOJA SUZUKI,IMBIRIBEIRA,534,CIDADE,COLISÃO TRASEIRA,COLISAO ENTRE AUTO E CAMINHAO S/V,1,,,,,,1,,,0,,Longo da via,Chuvoso,Sem defeito,Perfeito estado,Molhada,Perfeito estado,Faixa de pedestre,,60 km/h,Dupla,Canteiro central,,,,,,,,
2019-07-26,12:48:00,SEM VÍTIMA,FINALIZADA,,RUA JOAQUIM NABUCO,,AV GOVERNADOR AGAMENON MAGALHAES,SEMÁFORO 174,RUA JOAQUIM NABUCO,,SEMÁFORO 174,,174,SUBURBIO,ABALROAMENTO LONGITUDINAL,COLISÃO SEM VÍTIMA,1,,,,,1,,,,0,,Ponte,Bom,Sem defeito,Perfeito estado,Seca,Perfeito estado,Agente,Outras,40 km/h,Única,,,,,,,,,
2019-07-26,13:44:00,SEM VÍTIMA,FINALIZADA,,AV GOVERNADOR AGAMENON MAGALHAES,,AV RUI BARBOSA,SEMÁFORO 037,AV GOVERNADOR AGAMENON MAGALHAES,,SEMÁFORO 037,,37,,ABALROAMENTO LONGITUDINAL,COLISÃO SEM VÍTIMA,1,,,,,,1,,,0,,Cruzamento,Bom,Sem defeito,Perfeito estado,Seca,Perfeito estado,Faixa de pedestre,Outras,60 km/h,Dupla,Canal,,,,,,,,
2019-07-26,14:11:00,SEM VÍTIMA,FINALIZADA,,AV GOVERNADOR AGAMENON MAGALHAES,1114,,,AV GOVERNADOR AGAMENON MAGALHAES,1114,,,,,ABALROAMENTO LONGITUDINAL,COLISAO ENTRE CARRETA E AUTO S/V,1,,,,,,,,1,0,,Longo da via,Chuvoso,Sem defeito,Perfeito estado,Molhada,Perfeito estado,Faixa de pedestre,,60 km/h,Dupla,Canal,,,,,,,,
2019-07-26,14:48:00,SEM VÍTIMA,FINALIZADA,ILHA DO LEITE,PRC MIGUEL DE CERVANTES,,RUA CAPITAO JOSE DA LUZ,,PRC MIGUEL DE CERVANTES,,,ILHA DO LEITE,,,ABALROAMENTO LONGITUDINAL,COLISAO ENTRE DOIS AUTOS S/V,2,,,,,,,,,0,,,Chuvoso,Não existe,Perfeito estado,Molhada,Perfeito estado,Não existe,Outras,,Única,Não existe,,,,,,,,
2019-07-26,15:00:00,SEM VÍTIMA,FINALIZADA,BOA VIAGEM,RUA BELMONTE,20,RUA JOSE DOMINGUES DA SILVA,PROXIMO A VIA IMOVEIS,RUA BELMONTE,20,PROXIMO A VIA IMOVEIS,BOA VIAGEM,,,COLISÃO,COLISÃO SEM VÍTIMA,2,,,,,,,,,0,,,,,,,,,,,,,,,,,,,,
2019-07-26,15:34:00,SEM VÍTIMA,CANCELADA,TORRÕES,RUA ZUMBI DOS PALMARES,645,,EM FRENTE A SAMARA OTICA,RUA ZUMBI DOS PALMARES,645,EM FRENTE A SAMARA OTICA,TORRÕES,,,COLISÃO,COLISÃO SEM VÍTIMA,2,,,,,,,,,0,,,,,,,,,,,,,,,,,,,,
2019-07-26,15:45:00,SEM VÍTIMA,FINALIZADA,DERBY,AV GOVERNADOR AGAMENON MAGALHAES,,,LADO OPOSTO A FARMACIA DROGASIL,AV GOVERNADOR AGAMENON MAGALHAES,,LADO OPOSTO A FARMACIA DROGASIL,DERBY,,,COLISÃO TRASEIRA,COLISÃO S/ VÍTIMA,2,,,,,,,,,0,,Longo da via,Chuvoso,,Perfeito estado,Molhada,Perfeito estado,Faixa de pedestre,Não há placas,60 km/h,Dupla,Canal,,,,,,,,
2019-07-26,16:26:00,SEM VÍTIMA,FINALIZADA,IMBIRIBEIRA,AV MARECHAL MASCARENHAS DE MORAES,1043,,,AV MARECHAL MASCARENHAS DE MORAES,1043,,IMBIRIBEIRA,,CIDADE,COLISÃO TRASEIRA,COLISAO ENTRE ONIBUS E AUTOS S/V,1,,,,,1,,,,0,,Longo da via,Chuvoso,Não existe,Perfeito estado,Molhada,Perfeito estado,Não existe,,,Dupla,Faixa seccionada,Canteiro central,,,,,,,
2019-07-26,16:43:00,SEM VÍTIMA,CANCELADA,MADALENA,PRC DA BANDEIRA,92,,EM FRENTE A MATERNIDADE CRED GESTANTE,PRC DA BANDEIRA,92,EM FRENTE A MATERNIDADE CRED GESTANTE,MADALENA,,,COLISÃO,COLISAO SEM VITIMA,1,,,,,,1,,,0,,,,,,,,,,,,,,,,,,,,
2019-07-26,17:08:00,SEM VÍTIMA,DUPLICIDADE,IMBIRIBEIRA,RUA JOAQUIM BANDEIRA,,,ESTA DE BAIXO DO PONTILHAO,RUA JOAQUIM BANDEIRA,,ESTA DE BAIXO DO PONTILHAO,IMBIRIBEIRA,,,COLISÃO,COLISAO SEM VITIMA,2,,,,,,,,,0,,,,,,,,,,,,,,,,,,,,
2019-07-26,17:18:00,COM VÍTIMA,FINALIZADA,TORRÕES,RUA TAMBORIL,,EST DO FORTE DO ARRAIAL N. DO B. JESUS,EM FRENTE AO CAMPO DO QUINZE,RUA TAMBORIL,,EM FRENTE AO CAMPO DO QUINZE,TORRÕES,482,SUBURBIO,COLISÃO FRONTAL,COLISÃO COM VÍTIMA, ENTRE CICLISTA E KOMBI,1,,,1,,,,,,1,,Longo da via,Chuvoso,Sem defeito,Incompleta,Molhada,Mal conservada,Não existe,R-6a,40 km/h,Dupla,Faixa contínua,,,,,,,
2019-07-26,17:19:00,SEM VÍTIMA,FINALIZADA,IMBIRIBEIRA,RUA JOAQUIM BANDEIRA,374,,AV SUL GOVERNADOR CID SAMPAIO,RUA JOAQUIM BANDEIRA,374,AV SUL GOVERNADOR CID SAMPAIO,IMBIRIBEIRA,,CIDADE,ABALROAMENTO LONGITUDINAL,COLISAO ENVOLVENDO DOIS AUTOS SEM VITIMA,2,,,,,,,,,0,,Longo da via,Chuvoso,Não existe,Não existente,Molhada,Perfeito estado,,Não há placas,,Única,Faixa seccionada,,,,,,,,
2019-07-26,18:36:00,SEM VÍTIMA,FINALIZADA,BOA VIAGEM,RUA ANTONIO FALCAO,,,EM FRENTE AO Nº 211,RUA ANTONIO FALCAO,,EM FRENTE AO Nº 211,BOA VIAGEM,,SUBURBIO,ABALROAMENTO LONGITUDINAL,ETIOS X HR CAMINHAO,1,,,,,,1,,,0,,Longo da via,Bom,Não existe,Perfeito estado,Seca,Perfeito estado,Não existe,Não há placas,,Única,Não existe,,,,,,,,
2019-07-26,21:26:00,SEM VÍTIMA,FINALIZADA,TORRÕES,AV ENGENHEIRO ABDIAS DE CARVALHO,,,UPA,AV ENGENHEIRO ABDIAS DE CARVALHO,,UPA,TORRÕES,,SUBURBIO,ABALROAMENTO LONGITUDINAL,ENTRE 2 AUTOS. S/V,2,,,,,,,,,0,,Longo da via,Bom,Não existe,Perfeito estado,Molhada,Perfeito estado,Não existe,R-6a,60 km/h,Dupla,Faixa seccionada,Canteiro central,,,,,,,
2019-07-26,22:28:00,SEM VÍTIMA,FINALIZADA,CAXANGÁ,AV JOAQUIM RIBEIRO,,RUA GASTAO VIDIGAL,,AV JOAQUIM RIBEIRO,,,CAXANGÁ,281,CIDADE,ABALROAMENTO LONGITUDINAL,ENTRE 2 AUTOS. S/V,2,,,,,,,,,0,,Cruzamento,Chuvoso,Sem defeito,Perfeito estado,Molhada,Perfeito estado,Faixa de pedestre,Não há placas,,Dupla,Canteiro central,,,,,,,,