data,hora,natureza_acidente,situacao,bairro,endereco,numero,detalhe_endereco_acidente,complemento,endereco_cruzamento,numero_cruzamento,referencia_cruzamento,bairro_cruzamento,num_semaforo,sentido_via,tipo,descricao,auto,moto,ciclom,ciclista,pedestre,onibus,caminhao,viatura,outros,vitimas,vitimasfatais,acidente_verificado,tempo_clima,situacao_semaforo,sinalizacao,condicao_via,conservacao_via,ponto_controle,situacao_placa,velocidade_max_via,mao_direcao,divisao_via1,divisao_via2,divisao_via3,,,,,,
2019-07-31,15:10:00,COM VÍTIMA,FINALIZADA,AREIAS,AV TENENTE FELIPE BANDEIRA DE MELO,97,,PROXIMO A WALMART,AV TENENTE FELIPE BANDEIRA DE MELO,97,PROXIMO A WALMART,AREIAS,,,ATROPELAMENTO,ATROPELAMENTO COM VITIMA,1,,,,1,,,,,1,,Longo da via,Bom,Não existe,,Seca,Perfeito estado,Outros,Não há placas,,Dupla,Não existe,,,,,,,,
2019-07-31,15:11:00,SEM VÍTIMA,FINALIZADA,CORDEIRO,AV CAXANGA,,,LADO OPOSTO AO Nº 1814,AV CAXANGA,,LADO OPOSTO AO Nº 1814,CORDEIRO,,CIDADE,ABALROAMENTO LONGITUDINAL,COLISAO ENTRE AUTO E DUAS MOTO S/V,1,2,,,,,,,,0,,Longo da via,Bom,,Perfeito estado,Seca,Perfeito estado,Não existe,R-6a,,Dupla,Canteiro central,,,,,,,,
2019-07-31,15:27:00,SEM VÍTIMA,FINALIZADA,BOA VIAGEM,AV CONSELHEIRO AGUIAR,1415,,EM FRENTE A BCANI,AV CONSELHEIRO AGUIAR,1415,EM FRENTE A BCANI,BOA VIAGEM,,SUBURBIO,ABALROAMENTO TRANSVERSAL,COLISÃO SEM VÍTIMA,1,,,,,1,,,,0,,Longo da via,Bom,Sem defeito,Perfeito estado,Seca,Perfeito estado,Não existe,Não há placas,,Única,Faixa seccionada,,,,,,,,
2019-07-31,15:40:00,SEM VÍTIMA,FINALIZADA,DERBY,RUA BENFICA,,,EDF TRÊS MARIAS,RUA BENFICA,,EDF TRÊS MARIAS,DERBY,,CIDADE,COLISÃO TRASEIRA,COLISÃO SEM VÍTIMA,1,,,,,1,,,,0,,Longo da via,Bom,Não existe,Perfeito estado,Seca,Perfeito estado,Não existe,Outras,,Dupla,Faixa contínua,,,,,,,,
2019-07-31,15:44:00,COM VÍTIMA,FINALIZADA,IPUTINGA,AV MAURICIO DE NASSAU,29,,EM FRENTE A ASINHA MASTER, PRÓXIMO A LOMBADA ELETRÔNICA,AV MAURICIO DE NASSAU,29,EM FRENTE A ASINHA MASTER, PRÓXIMO A LOMBADA ELETRÔNICA,IPUTINGA,,SUBURBIO,COLISÃO COM CICLISTA,COLISÃO COM VÍTIMA,1,,,1,,,,,,1,,Longo da via,Bom,Não existe,Perfeito estado,Seca,Perfeito estado,Não existe,Não há placas,,Dupla,Faixa seccionada,,,,,,
2019-07-31,15:46:00,SEM VÍTIMA,FINALIZADA,ESPINHEIRO,RUA MARQUES DO PARANA,396,RUA GOMES PACHECO,,RUA MARQUES DO PARANA,396,,ESPINHEIRO,,,ABALROAMENTO LONGITUDINAL,COLISAO SEM VITIMA,2,,,,,,,,,0,,Longo da via,Bom,Não existe,Perfeito estado,Seca,Perfeito estado,Não existe,Placas Pare,,Única,Faixa seccionada,,,,,,,,
2019-07-31,15:58:00,SEM VÍTIMA,DUPLICIDADE,DERBY,RUA BENFICA,,,AO LADO CLUBE INTERNACIONAL,RUA BENFICA,,AO LADO CLUBE INTERNACIONAL,DERBY,,CIDADE,COLISÃO,COLISAO SEM VITIMA,1,,,,,1,,,,0,,,,,,,,,,,,,,,,,,,,
2019-07-31,16:30:00,SEM VÍTIMA,FINALIZADA,TORRE,RUA DOM MANOEL DA COSTA,270,,LOCAL SEM ESTABELECIMENTOS COMO REFERENCIAS RUA RESIDENCIAL,RUA DOM MANOEL DA COSTA,270,LOCAL SEM ESTABELECIMENTOS COMO REFERENCIAS RUA RESIDENCIAL,TORRE,,,COLISÃO,COLISÃO SEM VÍTIMA,3,,,,,,,,,0,,,,,,,,,,,,,,,,,,,,
2019-07-31,16:36:00,SEM VÍTIMA,FINALIZADA,DERBY,AV GOVERNADOR AGAMENON MAGALHAES,,,SENTIOD OLINDA,AV GOVERNADOR AGAMENON MAGALHAES,,SENTIOD OLINDA,DERBY,,SUBURBIO,COLISÃO,ENTRE TRÊS AUTO, DOIS SE ENCONTRAM NO LOCAL,2,,,,,,,,,0,,,,,,,,,,,,,,,,,,,
2019-07-31,16:37:00,SEM VÍTIMA,FINALIZADA,GUABIRABA,AV DA RECUPERACAO,3255,,ÁREA DE CIRCULAÇÃO DO POSTO DE GASOLINA SERRA II,AV DA RECUPERACAO,3255,ÁREA DE CIRCULAÇÃO DO POSTO DE GASOLINA SERRA II,GUABIRABA,,SUBURBIO,COLISÃO FRONTAL,MOTO X AUTO PASSEIO,1,1,,,,,,,,0,,,Bom,Não existe,Não existente,Seca,Perfeito estado,Não existe,Não há placas,,Única,Não existe,,,,,,,,
2019-07-31,16:48:00,SEM VÍTIMA,FINALIZADA,BOA VISTA,AV GOVERNADOR AGAMENON MAGALHAES,4481,,EM FRENTE AO BRADESCO,AV GOVERNADOR AGAMENON MAGALHAES,4481,EM FRENTE AO BRADESCO,BOA VISTA,,,COLISÃO TRASEIRA,ENTRE TRÊS AUTO, DOIS SE ENCONTRAM NO LOCAL,2,,,,,,,,,0,,Longo da via,Chuvoso,Não existe,Perfeito estado,Seca,Perfeito estado,Não existe,Não há placas,60 km/h,Dupla,Canal,,,,,,,
2019-07-31,16:57:00,SEM VÍTIMA,FINALIZADA,ESTÂNCIA,AV DR JOSE RUFINO,,,EM FRENTE AO SEMÁFORO 491,AV DR JOSE RUFINO,,EM FRENTE AO SEMÁFORO 491,ESTÂNCIA,491,SUBURBIO,ABALROAMENTO LONGITUDINAL,COLISAO ENTRE DOIS ONIBUS S/V,,,,,,2,,,,0,,Longo da via,Chuvoso,Sem defeito,Perfeito estado,Molhada,Perfeito estado,Faixa de pedestre,Outras,60 km/h,Única,Faixa seccionada,,,,,,,,
2019-07-31,17:04:00,SEM VÍTIMA,FINALIZADA,MADALENA,RUA BENFICA,,AV JOSE GONCALVES DE MEDEIROS,BIFURCAÇÃO,RUA BENFICA,,BIFURCAÇÃO,MADALENA,,CIDADE,ABALROAMENTO LONGITUDINAL,CAMINHÃO X AUTO PASSEIO,,,,,,,1,,1,0,,,Bom,Não existe,Não existente,Seca,Mal conservada,Não existe,Não há placas,,Única,Não existe,,,,,,,,
2019-07-31,17:12:00,COM VÍTIMA,FINALIZADA,ESPINHEIRO,RUA BUENOS AYRES,,AV GOVERNADOR AGAMENON MAGALHAES,PARALELA COM A CAIXA ECONOMICA SENTIDO OLINDA,RUA BUENOS AYRES,,PARALELA COM A CAIXA ECONOMICA SENTIDO OLINDA,ESPINHEIRO,78,OLINDA,ABALROAMENTO TRANSVERSAL,COLISAO COM VITIMA ENVOLVENDO AUTO MOTO,1,2,,,,,,,,1,,Cruzamento,Bom,Sem defeito,Perfeito estado,Seca,Perfeito estado,Faixa de pedestre,Outras,,Única,Faixa contínua,Faixa seccionada,Canteiro central,,,,,,
2019-07-31,18:06:00,SEM VÍTIMA,FINALIZADA,IPSEP,RUA JEAN EMILE FAVRE,,,EM FRENTE AO Nº 734,RUA JEAN EMILE FAVRE,,EM FRENTE AO Nº 734,IPSEP,,SUBURBIO,ABALROAMENTO TRANSVERSAL,CAMINHÃO X AUTO PASSEIO,1,,,,,,1,,,0,,Longo da via,Bom,Não existe,Perfeito estado,Seca,Perfeito estado,Não existe,Não há placas,,Dupla,Não existe,,,,,,,,
2019-07-31,18:57:00,SEM VÍTIMA,FINALIZADA,PRADO,RUA SANTA EDWIRGES,,RUA PADRE TEOFILO TWORZ,IGREJA PRESBITERIANA,RUA SANTA EDWIRGES,,IGREJA PRESBITERIANA,PRADO,,SUBURBIO,ABALROAMENTO TRANSVERSAL,ONIX X GOL,2,,,,,,,,,0,,Cruzamento,Chuvoso,Não existe,Incompleta,Molhada,Mal conservada,,Não há placas,,Dupla,Canteiro central,,,,,,,,
2019-07-31,19:16:00,SEM VÍTIMA,CANCELADA,MADALENA,AV VISCONDE DE ALBUQUERQUE,246,RUA LOPES DE CARVALHO,AO LADO DA GALERIA,AV VISCONDE DE ALBUQUERQUE,246,AO LADO DA GALERIA,MADALENA,,,COLISÃO,ONIX X SANDERO,2,,,,,,,,,0,,,,,,,,,,,,,,,,,,,,
2019-07-31,20:10:00,COM VÍTIMA,FINALIZADA,CORDEIRO,AV MAURICIO DE NASSAU,27,AV CAXANGA,APÓS A LOMBADA ELETRONICA,AV MAURICIO DE NASSAU,27,APÓS A LOMBADA ELETRONICA,CORDEIRO,,CIDADE,COLISÃO COM CICLISTA,CICLISTA X AUTO PASSEIO,1,,,1,,,,,,1,,Longo da via,Chuvoso,Não existe,Perfeito estado,Molhada,Perfeito estado,Não existe,Não há placas,40 km/h,Dupla,Não existe,,,,,,,,
2019-07-31,21:12:00,SEM VÍTIMA,CANCELADA,TORRE,RUA JOSE BONIFACIO,1356,,AO LADO DO CARREFOUR,RUA JOSE BONIFACIO,1356,AO LADO DO CARREFOUR,TORRE,,,COLISÃO,ENTRE DUAS MOTOS S/V,,2,,,,,,,,0,,,,,,,,,,,,,,,,,,,,
2019-07-31,21:40:00,SEM VÍTIMA,FINALIZADA,PARNAMIRIM,RUA JOAO TUDE DE MELO,,,SEMÁFORO 649,RUA JOAO TUDE DE MELO,,SEMÁFORO 649,PARNAMIRIM,649,,COLISÃO TRASEIRA,DOIS AUTO S/V,2,,,,,,,,,0,,,Chuvoso,Sem defeito,Perfeito estado,Molhada,Perfeito estado,Faixa de pedestre,Não há placas,,Única,Faixa contínua,,,,,,,,
2019-08-01,00:00:00,SEM VÍTIMA,FINALIZADA,ESPINHEIRO,AV CONS ROSA E SILVA,,RUA DO ESPINHEIRO,HOSPITAL DOS SERVIDORES DO ESTADO DE PE,AV CONS ROSA E SILVA,,HOSPITAL DOS SERVIDORES DO ESTADO DE PE,ESPINHEIRO,,SUBURBIO,ABALROAMENTO LONGITUDINAL,OBRA DA COMPESA,,,,,,,,,,0,,,,,,,,,,,,,,,,,,,,
2019-08-01,11:57:00,SEM VÍTIMA,CANCELADA,IBURA,AV DOIS RIOS,,RUA RIO XINGU,NA SUBIDA DA LADEIRA DO IBURA, ANTES DA POLICLINICA,AV DOIS RIOS,,NA SUBIDA DA LADEIRA DO IBURA, ANTES DA POLICLINICA,IBURA,,,COLISÃO,COLISÃO ENTRE AUTO E MOTO, COM VÍTIMA.,1,1,,,,,,,,0,,,,,,,,,,,,,,,,,
2019-08-01,04:40:00,SEM VÍTIMA,FINALIZADA,CASA AMARELA,RUA PAULA BATISTA,,RUA XAVANTES,,RUA PAULA BATISTA,,,CASA AMARELA,,CIDADE,ABALROAMENTO TRANSVERSAL,COLISÃO ENTRE DOIS AUTOS S/V,2,,,,,,,,,0,,Cruzamento,Bom,Não existe,Incompleta,Seca,,Não existe,Placas Pare,,Dupla,Não existe,,,,,,,,
2019-08-01,07:06:00,SEM VÍTIMA,CANCELADA,GRAÇAS,RUA XAVIER MARQUES,,AV DR MALAQUIAS,PROX. AO COLEGIO DAMAS,RUA XAVIER MARQUES,,PROX. AO COLEGIO DAMAS,GRAÇAS,,,COLISÃO,DOIS AUTOS,2,,,,,,,,,0,,,,,,,,,,,,,,,,,,,,
2019-08-01,07:10:00,SEM VÍTIMA,FINALIZADA,JARDIM SÃO PAULO,RUA LEANDRO BARRETO,,,SOBRE O VIADUTO BR 101,RUA LEANDRO BARRETO,,SOBRE O VIADUTO BR 101,JARDIM SÃO PAULO,,CIDADE,COLISÃO TRASEIRA,COLIOSÃO SEM VITIMAS,2,,,,,,,,,0,,Viaduto,Bom,Não existe,Não existente,Seca,Perfeito estado,Não existe,Não há placas,,Dupla,Faixa contínua,,,,,,,,
2019-08-01,07:54:00,SEM VÍTIMA,FINALIZADA,JARDIM SÃO PAULO,RUA LEANDRO BARRETO,,,EM CIMA DO VIADUTO, SENT. JARDIM SAO PAULO,RUA LEANDRO BARRETO,,EM CIMA DO VIADUTO, SENT. JARDIM SAO PAULO,JARDIM SÃO PAULO,,,COLISÃO,DOIS AUTOS,2,,,,,,,,,0,,,,,,,,,,,,,,,,,,
2019-08-01,07:56:00,COM VÍTIMA,FINALIZADA,MADALENA,RUA BENFICA,,,APOS O CLUB INTERNACIONAL. PRAÇA EUCLIDES DA CUNHA.,RUA BENFICA,,APOS O CLUB INTERNACIONAL. PRAÇA EUCLIDES DA CUNHA.,MADALENA,590,SUBURBIO,ABALROAMENTO LONGITUDINAL,COLISÃO COM VITIMA,1,1,,,,,,,,1,,Longo da via,Bom,Sem defeito,Perfeito estado,Seca,Perfeito estado,Faixa de pedestre,R-6a,,Dupla,Canteiro central,,,,,,,,
2019-08-01,08:01:00,SEM VÍTIMA,FINALIZADA,CORDEIRO,AV ENGENHEIRO ABDIAS DE CARVALHO,,,COMPAZ,AV ENGENHEIRO ABDIAS DE CARVALHO,,COMPAZ,CORDEIRO,58,CIDADE,ABALROAMENTO LONGITUDINAL,COLISÃO SEM VITIMAS,1,1,,,,,,1,,0,,Longo da via,Bom,Sem defeito,Perfeito estado,Seca,Perfeito estado,Agente,R-6a,,Dupla,Faixa seccionada,Canteiro central,,,,,,,
2019-08-01,08:27:00,SEM VÍTIMA,FINALIZADA,MACAXEIRA,,,,TERMINAL INTEGRADO DA MACAXEIRA ( AO LADO ),,,TERMINAL INTEGRADO DA MACAXEIRA ( AO LADO ),MACAXEIRA,,,ABALROAMENTO LONGITUDINAL,COLISÃO SEM VITIMAS,2,,,,,,,,,0,,Longo da via,Bom,Não existe,Perfeito estado,Seca,Perfeito estado,Não existe,Não há placas,,Única,Não existe,,,,,,,,
2019-08-01,08:33:00,SEM VÍTIMA,CANCELADA,BOA VISTA,PRC PARQUE AMORIM,,,NO RETORNO EM FRENTE AO WALMART,PRC PARQUE AMORIM,,NO RETORNO EM FRENTE AO WALMART,BOA VISTA,,,COLISÃO,CARRO FORTE E AUTO,1,,,,,,,,1,0,,,,,,,,,,,,,,,,,,,,
2019-08-01,09:57:00,SEM VÍTIMA,FINALIZADA,CORDEIRO,RUA GREGORIO JUNIOR,144,RUA HONORIO CORREIA,,RUA GREGORIO JUNIOR,144,,CORDEIRO,,SUBURBIO,ABALROAMENTO TRANSVERSAL,COLISÃO SEM VITIMAS,1,,,,,1,,,,0,,Longo da via,Bom,Não existe,Não existente,Seca,Perfeito estado,Não existe,R-6a,,Única,Faixa seccionada,,,,,,,,
2019-08-01,10:18:00,SEM VÍTIMA,FINALIZADA,IPSEP,AV DOM HELDER CAMARA,,AV RECIFE,,AV DOM HELDER CAMARA,,,IPSEP,55,,ABALROAMENTO LONGITUDINAL,COLISÃO COM VITIMA,1,,,,,1,,,,0,,Cruzamento,Bom,Sem defeito,Não existente,Seca,Perfeito estado,,Não há placas,60 km/h,Única,Não existe,,,,,,,,
2019-08-01,11:25:00,COM VÍTIMA,FINALIZADA,ROSARINHO,RUA DR JOSE MARIA,,RUA TEOFILO DE VASCONCELOS,EM FRENTE AO RESTAURANTE CHINA DRAGON,RUA DR JOSE MARIA,,EM FRENTE AO RESTAURANTE CHINA DRAGON,ROSARINHO,,,ABALROAMENTO TRANSVERSAL,COLISÃO COM VITIMA,1,1,,,,,,,,1,,Longo da via,Bom,Não existe,Perfeito estado,Seca,Perfeito estado,Não existe,Outras,,Dupla,Faixa contínua,,,,,,,,
2019-08-01,11:42:00,SEM VÍTIMA,FINALIZADA,BOA VIAGEM,RUA BARAO DE SOUZA LEAO,1259,AV DES JOSE NEVES,PROX. AO SUPERMERCADO TREVO,RUA BARAO DE SOUZA LEAO,1259,PROX. AO SUPERMERCADO TREVO,BOA VIAGEM,476,SUBURBIO,ABALROAMENTO LONGITUDINAL,COLISÃO S/VITIMAS ENTRE UM AUTO E UM CAMINHÃO,1,,,,,,1,,,0,,Cruzamento,Bom,Sem defeito,Perfeito estado,Seca,Perfeito estado,Faixa de pedestre,Outras,,Única,Faixa contínua,Faixa seccionada,,,,,,,
2019-08-01,11:46:00,SEM VÍTIMA,CANCELADA,PARNAMIRIM,AV RUI BARBOSA,380,,EM FRENTE AO BANCO SANTANDER,AV RUI BARBOSA,380,EM FRENTE AO BANCO SANTANDER,PARNAMIRIM,,,COLISÃO,COLISÃO SEM VITIMA,2,,,,,,,,,0,,,,,,,,,,,,,,,,,,,,
2019-08-01,12:22:00,SEM VÍTIMA,FINALIZADA,GRAÇAS,RUA CONFEDERACAO DO EQUADOR,66,,STUDIUM,RUA CONFEDERACAO DO EQUADOR,66,STUDIUM,GRAÇAS,,CIDADE,COLISÃO TRASEIRA,COLISÃO SEM VÍTIMA,2,,,,,,,,,0,,Longo da via,Bom,Não existe,Não existente,Seca,Perfeito estado,Não existe,Não há placas,,Única,Não existe,,,,,,,,
2019-08-01,13:18:00,SEM VÍTIMA,FINALIZADA,SANTO AMARO,RUA DOS PALMARES,,,EM FRENTE AO PROCAPE,RUA DOS PALMARES,,EM FRENTE AO PROCAPE,SANTO AMARO,,SUBURBIO,COLISÃO TRASEIRA,COLISÃO SEM VÍTIMA,2,,,,,,,,,0,,Longo da via,Bom,Sem defeito,Perfeito estado,Seca,Perfeito estado,Não existe,Não há placas,,Única,Não existe,,,,,,,,
2019-08-01,13:23:00,SEM VÍTIMA,FINALIZADA,TEJIPIÓ,AV PADRE IBIAPINA,,,7º CIA DE COMUNICAÇÕES DO EXERCITO,AV PADRE IBIAPINA,,7º CIA DE COMUNICAÇÕES DO EXERCITO,TEJIPIÓ,,,CHOQUE VEÍCULO PARADO,COM VITIMA, A SENHORA PASSOU MAU E FOI LEVADA EM OUTRO VEÍCULO,2,,,,,,,,,0,,Longo da via,Bom,Não existe,Incompleta,Seca,Perfeito estado,Não existe,Não há placas,,Dupla,Não existe,,,,,,,
2019-08-01,13:49:00,SEM VÍTIMA,FINALIZADA,CABANGA,AV SATURNINO DE BRITO,,,AO LADO DO SEMÁFORO DE Nº 661,AV SATURNINO DE BRITO,,AO LADO DO SEMÁFORO DE Nº 661,CABANGA,661,SUBURBIO,COLISÃO TRASEIRA,COLISAO SEM VITIMA,2,,,,,,,,,0,,Longo da via,Bom,Sem defeito,Perfeito estado,Seca,Perfeito estado,Faixa de pedestre,Não há placas,50 km/h,Única,Faixa seccionada,,,,,,,,
2019-08-01,14:05:00,SEM VÍTIMA,CANCELADA,CASA FORTE,AV DEZESSETE DE AGOSTO,2594,,EM FRENTE A ACADEMIA CLUBE DEZESSETE,AV DEZESSETE DE AGOSTO,2594,EM FRENTE A ACADEMIA CLUBE DEZESSETE,CASA FORTE,,,COLISÃO,COLISÃO SEM VÍTIMA,2,,,,,,,,,0,,,,,,,,,,,,,,,,,,,,
2019-08-01,14:36:00,COM VÍTIMA,FINALIZADA,CAXANGÁ,AV CAXANGA,,,PRÓXIMO AO VIADUTA DA BR-101,AV CAXANGA,,PRÓXIMO AO VIADUTA DA BR-101,CAXANGÁ,,,ATROPELAMENTO,,,1,,,1,,,,,1,,,,,,,,,,,,,,,,,,,,
2019-08-01,14:39:00,SEM VÍTIMA,FINALIZADA,JARDIM SÃO PAULO,AV PIRACICABA,210,,NO TERMINAL DO ONIBUS DE JARDIM SAO PAULO,AV PIRACICABA,210,NO TERMINAL DO ONIBUS DE JARDIM SAO PAULO,JARDIM SÃO PAULO,,CIDADE,COLISÃO TRASEIRA,COLISAO SEM VITIMA,1,,,,,1,,,,0,,Longo da via,Bom,Não existe,Perfeito estado,Seca,Perfeito estado,,Outras,,Dupla,Não existe,,,,,,,,
2019-08-01,14:45:00,SEM VÍTIMA,FINALIZADA,IMBIRIBEIRA,AV MARECHAL MASCARENHAS DE MORAES,,,,AV MARECHAL MASCARENHAS DE MORAES,,,IMBIRIBEIRA,,CIDADE,ABALROAMENTO LONGITUDINAL,COLISAO ENTRE AUTO E CAMINHAO S/V,1,,,,,,1,,,0,,Longo da via,Bom,Sem defeito,Perfeito estado,Seca,Perfeito estado,Não existe,Não há placas,,Única,Faixa seccionada,,,,,,,,
2019-08-01,15:45:00,SEM VÍTIMA,CANCELADA,IPSEP,RUA PROFESSOR JOSE VICENTE,580,,PROXIMO AO MERCADINHO CONVENÇÃO,RUA PROFESSOR JOSE VICENTE,580,PROXIMO AO MERCADINHO CONVENÇÃO,IPSEP,,,COLISÃO,COLISÃO SEM VÍTIMA,2,,,,,,,,,0,,,,,,,,,,,,,,,,,,,,
2019-08-01,16:16:00,SEM VÍTIMA,FINALIZADA,IPUTINGA,EST DO CAIARA,183A,,PROXIMO A JBS VEÍCULOS,EST DO CAIARA,183A,PROXIMO A JBS VEÍCULOS,IPUTINGA,,SUBURBIO,ABALROAMENTO LONGITUDINAL,COLISÃO SEM VÍTIMA,2,,,,,,,,,0,,Longo da via,Bom,Não existe,Perfeito estado,Seca,Perfeito estado,,Não há placas,,Dupla,Não existe,,,,,,,,
2019-08-01,16:25:00,SEM VÍTIMA,FINALIZADA,APIPUCOS,RUA DE APIPUCOS,,,Nº 866,RUA DE APIPUCOS,,Nº 866,APIPUCOS,,,ABALROAMENTO TRANSVERSAL,COLISAO ENTRE TRES AUTOS S/ V,3,,,,,,,,,0,,Longo da via,Bom,Sem defeito,Perfeito estado,Seca,Perfeito estado,Não existe,Não há placas,,Dupla,Faixa contínua,,,,,,,,
2019-08-01,16:32:00,SEM VÍTIMA,FINALIZADA,SANTO AMARO,RUA DA FUNDICAO,,,,RUA DA FUNDICAO,,,SANTO AMARO,,SUBURBIO,ABALROAMENTO LONGITUDINAL,COLISAO ENTRE CAMINHAO E CARRO FORTE,,,,,,,2,,,0,,Longo da via,Bom,Não existe,Perfeito estado,Seca,Perfeito estado,Não existe,Não há placas,,Dupla,Não existe,,,,,,,,
2019-08-01,16:37:00,SEM VÍTIMA,DUPLICIDADE,SANTO AMARO,RUA CAPITAO LIMA,,,POR TRAZ DO BANCO CENTRAL, A RUA DA TV. JORNAL,RUA CAPITAO LIMA,,POR TRAZ DO BANCO CENTRAL, A RUA DA TV. JORNAL,SANTO AMARO,,,COLISÃO,COLISÃO SEM VITIMA,,,,,,,1,,1,0,,,,,,,,,,,,,,,,,,
2019-08-01,17:14:00,SEM VÍTIMA,FINALIZADA,BOA VIAGEM,RUA DEZ DE JULHO,,RUA BARONESA DE PALMARES,,RUA DEZ DE JULHO,,,BOA VIAGEM,,,COLISÃO TRASEIRA,COLISÃO SEM VITIMA,2,,,,,,,,,0,,Longo da via,Chuvoso,Não existe,Perfeito estado,Molhada,Perfeito estado,Não existe,Outras,40 km/h,Única,Faixa seccionada,,,,,,,,
2019-08-01,17:17:00,SEM VÍTIMA,FINALIZADA,JOANA BEZERRA,AV BEIRA RIO,,RUA AGUA DOCE,,AV BEIRA RIO,,,JOANA BEZERRA,,CIDADE,ABALROAMENTO TRANSVERSAL,COLISAO ENTRE AUTO E MOTO S/V,1,1,,,,,,,,0,,Longo da via,Chuvoso,Não existe,Perfeito estado,Molhada,Perfeito estado,Outros,Placas Pare,60 km/h,Dupla,Faixa contínua,Faixa seccionada,,,,,,,
2019-08-01,17:22:00,SEM VÍTIMA,DUPLICIDADE,BOA VIAGEM,RUA DEZ DE JULHO,425,,RUA RESIDENCIAL NÃO ESTABELECIMENTOS PARA REFERENCIAS,RUA DEZ DE JULHO,425,RUA RESIDENCIAL NÃO ESTABELECIMENTOS PARA REFERENCIAS,BOA VIAGEM,,,COLISÃO,COLISÃO SEM VÍTIMA,2,,,,,,,,,0,,,,,,,,,,,,,,,,,,,,
2019-08-01,17:26:00,COM VÍTIMA,FINALIZADA,PORTO DA MADEIRA,AV BEBERIBE,4175,,ANTES DA PRC DA CONVENÇÃO,AV BEBERIBE,4175,ANTES DA PRC DA CONVENÇÃO,PORTO DA MADEIRA,,SUBURBIO,TOMBAMENTO,MOTOCICLISTA DESEQUILIBROU E CAIU,,1,,,,,,,,1,,Longo da via,Chuvoso,Não existe,Incompleta,Molhada,Mal conservada,Não existe,Não há placas,,Dupla,Faixa contínua,,,,,,,,
2019-08-01,18:05:00,SEM VÍTIMA,FINALIZADA,IMBIRIBEIRA,AV MARECHAL MASCARENHAS DE MORAES,3547,RUA JORNALISTA CLEOFHAS DE OLIVEIRA,PRÓXIMO AO GERALDÃO,AV MARECHAL MASCARENHAS DE MORAES,3547,PRÓXIMO AO GERALDÃO,IMBIRIBEIRA,290,CIDADE,ABALROAMENTO LONGITUDINAL,COLISÃO SEM VÍTIMA,1,,,,,,1,,,0,,Longo da via,Chuvoso,Sem defeito,Perfeito estado,Molhada,Perfeito estado,Faixa de pedestre,R-6a,60 km/h,Dupla,Canteiro central,,,,,,,,
2019-08-01,18:17:00,SEM VÍTIMA,CANCELADA,ÁGUA FRIA,EST VELHA DE AGUA FRIA,,,E/F A ESCOLA TRIUNFO AO LADO DA POLICIA MILITAR,EST VELHA DE AGUA FRIA,,E/F A ESCOLA TRIUNFO AO LADO DA POLICIA MILITAR,ÁGUA FRIA,,,COLISÃO,COLISAO ENTRE AUTO E MOTO S/V,1,1,,,,,,,,0,,,,,,,,,,,,,,,,,,,,
2019-08-01,18:55:00,SEM VÍTIMA,FINALIZADA,IPSEP,RUA PINTOR ANTONIO ALBUQUERQUE,,RUA ABDIAS CABRAL DE MOURA,EM FRENTE AO IMÓVEL 108,RUA PINTOR ANTONIO ALBUQUERQUE,,EM FRENTE AO IMÓVEL 108,IPSEP,,CIDADE,ABALROAMENTO LONGITUDINAL,ENTRE AUTO E ÔNIBUS.. S/V,1,,,,,1,,,,0,,Cruzamento,Chuvoso,Não existe,Perfeito estado,Molhada,Perfeito estado,,R-6a,40 km/h,Única,,,,,,,,,
2019-08-01,19:23:00,SEM VÍTIMA,FINALIZADA,VÁRZEA,AV CAXANGA,,,,AV CAXANGA,,,VÁRZEA,232,SUBURBIO,ABALROAMENTO LONGITUDINAL,CAMINHAO BAU DE CARGA VIVA X CLASSIC,1,,,,,,1,,,0,,Longo da via,Chuvoso,Sem defeito,Perfeito estado,Molhada,Perfeito estado,Faixa de pedestre,R-6a,,Única,Faixa contínua,Faixa seccionada,,,,,,,
2019-08-01,19:48:00,SEM VÍTIMA,CANCELADA,DERBY,RUA JOAQUIM NABUCO,,AV GOVERNADOR AGAMENON MAGALHAES,AO LADO DA RESTAURAÇAO PROX A RAMPA,RUA JOAQUIM NABUCO,,AO LADO DA RESTAURAÇAO PROX A RAMPA,DERBY,,,COLISÃO,CIVIC X AUTO,2,,,,,,,,,0,,,,,,,,,,,,,,,,,,,,
2019-08-01,19:49:00,SEM VÍTIMA,FINALIZADA,MACAXEIRA,AV NORTE,,,PRÓXIMO A ROTATÓRIA DO TERMINAL DE INTEGRAÇÃO DA MACAXEIRA,AV NORTE,,PRÓXIMO A ROTATÓRIA DO TERMINAL DE INTEGRAÇÃO DA MACAXEIRA,MACAXEIRA,,SUBURBIO,ABALROAMENTO LONGITUDINAL,ÕNIBUS E AUTO. S/V,1,,,,,,,,1,0,,Longo da via,Chuvoso,Não existe,Incompleta,Molhada,Mal iluminada,Não existe,Não há placas,,Única,Não existe,,,,,,,,
2019-08-01,20:39:00,SEM VÍTIMA,FINALIZADA,MADALENA,RUA JOSE OSORIO,,,RM EXPRESS,RUA JOSE OSORIO,,RM EXPRESS,MADALENA,,SUBURBIO,COLISÃO TRASEIRA,FORD KA X FORD KA,2,,,,,,,,,0,,Longo da via,Chuvoso,Sem defeito,Perfeito estado,Molhada,Perfeito estado,,R-6a,40 km/h,Única,,,,,,,,,
2019-08-01,21:08:00,SEM VÍTIMA,FINALIZADA,GRAÇAS,RUA DO FUTURO,408,,,RUA DO FUTURO,408,,GRAÇAS,,,ABALROAMENTO LONGITUDINAL,ENTRE AUTO E ÔNIBUS.. S/V,,,,,,1,1,,,0,,Longo da via,Chuvoso,Não existe,Perfeito estado,Molhada,Perfeito estado,Não existe,R-6a,30 km/h,Única,,,,,,,,,