data,hora,natureza_acidente,situacao,bairro,endereco,numero,detalhe_endereco_acidente,complemento,endereco_cruzamento,numero_cruzamento,referencia_cruzamento,bairro_cruzamento,num_semaforo,sentido_via,tipo,descricao,auto,moto,ciclom,ciclista,pedestre,onibus,caminhao,viatura,outros,vitimas,vitimasfatais,acidente_verificado,tempo_clima,situacao_semaforo,sinalizacao,condicao_via,conservacao_via,ponto_controle,situacao_placa,velocidade_max_via,mao_direcao,divisao_via1,divisao_via2,divisao_via3,,,,,,
2019-08-03,15:56:00,SEM VÍTIMA,FINALIZADA,AFOGADOS,RUA CRISTOVAO COLOMBO,,,POR TRAS DO MERCADINHO TODO DIA,RUA CRISTOVAO COLOMBO,,POR TRAS DO MERCADINHO TODO DIA,AFOGADOS,,,COLISÃO,COLISAO SEM VITIMAS,2,,,,,,,,,0,,,,,,,,,,,,,,,,,,,,
2019-08-03,16:18:00,SEM VÍTIMA,CANCELADA,VASCO DA GAMA,RUA VASCO DA GAMA,1020,,PROX. AO BAR DO BIGODE E A PADARIA SABOR DO TRIGO,RUA VASCO DA GAMA,1020,PROX. AO BAR DO BIGODE E A PADARIA SABOR DO TRIGO,VASCO DA GAMA,,,COLISÃO,COLISÃO SEM VITIMAS,1,,,,,1,,,,0,,,,,,,,,,,,,,,,,,,,
2019-08-03,16:57:00,SEM VÍTIMA,CANCELADA,CASA FORTE,EST DO ENCANAMENTO,585,,EM FRENTE DO HOSP. HARMONIA,EST DO ENCANAMENTO,585,EM FRENTE DO HOSP. HARMONIA,CASA FORTE,435,,COLISÃO,COLISÃO SEM VITIMA,1,,,,,1,,,,0,,,,,,,,,,,,,,,,,,,,
2019-08-03,17:36:00,SEM VÍTIMA,FINALIZADA,MADALENA,RUA DOM MANOEL DA COSTA,305,,,RUA DOM MANOEL DA COSTA,305,,MADALENA,,SUBURBIO,ABALROAMENTO LONGITUDINAL,COLISÃO SEM VITIMA,2,,,,,,,,,0,,Longo da via,Bom,Não existe,Perfeito estado,Seca,Perfeito estado,Não existe,R-6a,40 km/h,Única,Não existe,,,,,,,,
2019-08-03,17:58:00,SEM VÍTIMA,FINALIZADA,PRADO,AV ENGENHEIRO ABDIAS DE CARVALHO,,RUA OSCAR BRANDAO,ENF FACULDADE ESTACIO // SENTIDO BR,AV ENGENHEIRO ABDIAS DE CARVALHO,,ENF FACULDADE ESTACIO // SENTIDO BR,PRADO,,,COLISÃO,JACK X CAMINHAO DO EXERCITO,1,,,,,,,1,,0,,,,,,,,,,,,,,,,,,,,
2019-08-03,18:45:00,SEM VÍTIMA,CANCELADA,IPUTINGA,RUA LEAL DE BARROS,320,,E/F A PADARIA MASSA PURA,RUA LEAL DE BARROS,320,E/F A PADARIA MASSA PURA,IPUTINGA,,,COLISÃO,ENTRE 2 AUTOS. S/V,2,,,,,,,,,0,,,,,,,,,,,,,,,,,,,,
2019-08-03,20:33:00,SEM VÍTIMA,FINALIZADA,,AV MARECHAL JUAREZ TAVORA,,RUA JOAO CARDOSO AIRES,EM FRENTE AO CANAL,AV MARECHAL JUAREZ TAVORA,,EM FRENTE AO CANAL,,478,,COLISÃO TRASEIRA,CELTA X PARATI,2,,,,,,,,,0,,Longo da via,Bom,Sem defeito,Incompleta,Seca,Mal iluminada,Faixa de pedestre,Não há placas,,Única,Faixa seccionada,,,,,,,,
2019-08-03,20:57:00,SEM VÍTIMA,CANCELADA,SANTO AMARO,AV GOVERNADOR AGAMENON MAGALHAES,,,NA ENTRADA DO SHOPPING TACARUNA,AV GOVERNADOR AGAMENON MAGALHAES,,NA ENTRADA DO SHOPPING TACARUNA,SANTO AMARO,,,COLISÃO,ENTRE AUTO E MOTO. S/V,1,,1,,,,,,,0,,,,,,,,,,,,,,,,,,,,
2019-08-03,22:48:00,COM VÍTIMA,FINALIZADA,BEBERIBE,AV BEBERIBE,,RUA ARAPARI,,AV BEBERIBE,,,BEBERIBE,,,ABALROAMENTO TRANSVERSAL,CLASSIC X MOTO OBS: SUSPEITA DE EMBRIAGUEZ,1,1,,,,,,,,1,,,Bom,Não existe,Incompleta,Seca,Perfeito estado,Não existe,,,Dupla,Faixa contínua,Faixa seccionada,,,,,,,
2019-08-04,00:13:00,SEM VÍTIMA,FINALIZADA,IPSEP,AV RECIFE,205,,EMPRESA ASA BRANCA ( Nº 205),AV RECIFE,205,EMPRESA ASA BRANCA ( Nº 205),IPSEP,,SUBURBIO,ABALROAMENTO LONGITUDINAL,COLSÃO ENTRE DOIS AUTOS S/V,2,,,,,,,,,0,,Longo da via,Bom,Não existe,Perfeito estado,Seca,Perfeito estado,Não existe,Não há placas,60 km/h,Dupla,Canteiro central,,,,,,,,
2019-08-04,00:48:00,COM VÍTIMA,FINALIZADA,BOA VIAGEM,RUA ARTUR MUNIZ,,AV CONSELHEIRO AGUIAR,POSTO BR / MC DONALD'S,RUA ARTUR MUNIZ,,POSTO BR / MC DONALD'S,BOA VIAGEM,5,SUBURBIO,ABALROAMENTO TRANSVERSAL,COLISÃO ENTRE AUTO E MOTO C/V,1,1,,,,,,,,1,,Cruzamento,Bom,Sem defeito,Perfeito estado,Seca,,Faixa de pedestre,Outras,,Dupla,Faixa seccionada,,,,,,,,
2019-08-04,05:30:00,SEM VÍTIMA,FINALIZADA,ESPINHEIRO,RUA DO ESPINHEIRO,222,,HOSPITAL DO ESPINHEIRO,RUA DO ESPINHEIRO,222,HOSPITAL DO ESPINHEIRO,ESPINHEIRO,,SUBURBIO,CHOQUE VEÍCULO PARADO,AUTO CAPOTOU E CHOCOU-SE EM UM VEÍCULO QUE ESTAVA ESTACIONADO S/V,2,,,,,,,,,0,,Longo da via,,Sem defeito,Perfeito estado,Seca,Perfeito estado,,,,Única,,,,,,,,,
2019-08-04,09:36:00,COM VÍTIMA,CANCELADA,BOMBA DO HEMETÉRIO,RUA SAO SEBASTIAO,130,RUA BOMBA DO HEMETERIO,EM FRENTE A COMEDORIA E ESPETINHO DA NEIDE,RUA SAO SEBASTIAO,130,EM FRENTE A COMEDORIA E ESPETINHO DA NEIDE,BOMBA DO HEMETÉRIO,,,ACID. DE PERCURSO,ACID. DE PERCURSO,,1,,,,,,,,1,,,,,,,,,,,,,,,,,,,,
2019-08-04,09:36:00,COM VÍTIMA,FINALIZADA,BARRO,AV DR JOSE RUFINO,2984,,EM FRENTE AO COLÉGIO ESCOLA PRES HUMBERTO CASTELLO BRANCO,AV DR JOSE RUFINO,2984,EM FRENTE AO COLÉGIO ESCOLA PRES HUMBERTO CASTELLO BRANCO,BARRO,156,SUBURBIO,COLISÃO COM CICLISTA,ATROPELAMENTO DE CICLISTA,,,,1,,1,,,,1,,Longo da via,Bom,Sem defeito,Perfeito estado,Seca,Perfeito estado,Faixa de pedestre,Outras,,Dupla,Faixa contínua,,,,,,,,
2019-08-04,09:54:00,SEM VÍTIMA,FINALIZADA,AFOGADOS,RUA IMPERIAL,,,EM BAIXO DA CAPITÃO TEMUDO,RUA IMPERIAL,,EM BAIXO DA CAPITÃO TEMUDO,AFOGADOS,,,ABALROAMENTO LONGITUDINAL,COLISAO SEM VITIMAS,1,,,,,,1,,,0,,Longo da via,Bom,Não existe,Perfeito estado,Seca,Perfeito estado,Não existe,Não há placas,,Única,Faixa contínua,Faixa seccionada,,,,,,,
2019-08-04,10:39:00,SEM VÍTIMA,CANCELADA,SÃO JOSÉ,RUA IMPERIAL,1485,,PROX. AO VIADULTO, PROX. AO EDF. SALVADOR MARTORELL,RUA IMPERIAL,1485,PROX. AO VIADULTO, PROX. AO EDF. SALVADOR MARTORELL,SÃO JOSÉ,,,COLISÃO,DOIS AUTOS,2,,,,,,,,,0,,,,,,,,,,,,,,,,,,
2019-08-04,11:56:00,SEM VÍTIMA,CANCELADA,CIDADE UNIVERSITÁRIA,RUA EMILIANO BRAGA,510,RUA PROFESSOR CHAVES BATISTA,EM FRENTE AO EDIFICIO PRAÇA DEOLINDO MOURA,RUA EMILIANO BRAGA,510,EM FRENTE AO EDIFICIO PRAÇA DEOLINDO MOURA,CIDADE UNIVERSITÁRIA,,,COLISÃO,COLISÃO S/VITIMAS ENTRE DOIS AUTOS,2,,,,,,,,,0,,,,,,,,,,,,,,,,,,,,
2019-08-04,12:00:00,SEM VÍTIMA,CANCELADA,BOA VIAGEM,RUA FRANCISCO DA CUNHA,1406,RUA FELIX DE BRITO E MELO,EM FRENTE AO EDIFICIO VARANDA DO SOL,RUA FRANCISCO DA CUNHA,1406,EM FRENTE AO EDIFICIO VARANDA DO SOL,BOA VIAGEM,,,COLISÃO,COLISÃO SEM VÍTIMA,2,,,,,,,,,0,,,,,,,,,,,,,,,,,,,,
2019-08-04,12:48:00,SEM VÍTIMA,FINALIZADA,ÁGUA FRIA,RUA SAO BENTO,,AV BEBERIBE,,RUA SAO BENTO,,,ÁGUA FRIA,64,,ABALROAMENTO LONGITUDINAL,COLISÃO SEM VITIMA,1,,,,,1,,,,0,,Cruzamento,Bom,Sem defeito,Perfeito estado,Seca,Perfeito estado,Faixa de pedestre,Outras,,Dupla,Faixa seccionada,,,,,,,,
2019-08-04,13:02:00,COM VÍTIMA,FINALIZADA,IPSEP,AV RECIFE,,,OPOSTO AO Nº 2447 - POSTE B 034053,AV RECIFE,,OPOSTO AO Nº 2447 - POSTE B 034053,IPSEP,,CIDADE,ATROPELAMENTO,MOTO E PEDESTRE,,1,,,1,,,,,1,,Longo da via,Bom,Sem defeito,Perfeito estado,Seca,Perfeito estado,Não existe,R-6a,,Dupla,Faixa seccionada,,,,,,,,
2019-08-04,13:04:00,COM VÍTIMA,FINALIZADA,ARRUDA,RUA DR JOSE FULCO,109,,,RUA DR JOSE FULCO,109,,ARRUDA,,SUB/CID,COLISÃO FRONTAL,COLISÃO C/VITIMAS ENTRE DUAS MOTOS,,2,,,,,,,,1,,Longo da via,Nublado,Não existe,Perfeito estado,Molhada,,Não existe,R-6a,,Única,,,,,,,,,
2019-08-04,15:14:00,SEM VÍTIMA,FINALIZADA,BOA VIAGEM,AV ENGENHEIRO DOMINGOS FERREIRA,236,RUA ARTUR MUNIZ,PRÓXIMO AO SPETTUS BOA VIAGEM,AV ENGENHEIRO DOMINGOS FERREIRA,236,PRÓXIMO AO SPETTUS BOA VIAGEM,BOA VIAGEM,380,SUBURBIO,ABALROAMENTO LONGITUDINAL,COLISÃO SEM VÍTIMA,2,,,,,,,,,0,,Longo da via,Bom,Sem defeito,Perfeito estado,Seca,Perfeito estado,Faixa de pedestre,,,Dupla,Faixa contínua,,,,,,,,
2019-08-04,15:42:00,SEM VÍTIMA,FINALIZADA,DERBY,PTE DELMIRO GOUVEIA,,AV GOVERNADOR AGAMENON MAGALHAES,,PTE DELMIRO GOUVEIA,,,DERBY,75,SUBURBIO,COLISÃO TRASEIRA,ÔNIBUS X AUTO,1,,,,,1,,,,0,,Cruzamento,Chuvoso,Sem defeito,Perfeito estado,Molhada,Perfeito estado,Faixa de pedestre,,,Dupla,Faixa seccionada,,,,,,,,
2019-08-04,16:31:00,COM VÍTIMA,FINALIZADA,CORDEIRO,AV CAXANGA,1274,,LADO EXAO BANCO BRADESCO,AV CAXANGA,1274,LADO EXAO BANCO BRADESCO,CORDEIRO,,SUBURBIO,COLISÃO COM CICLISTA,COLISÃO COM VITIMAS,1,1,,,,,,,,2,,Longo da via,Bom,Sem defeito,Perfeito estado,Seca,Perfeito estado,Outros,Outras,60 km/h,Única,Faixa seccionada,Canteiro central,,,,,,,
2019-08-04,17:23:00,SEM VÍTIMA,FINALIZADA,BOA VISTA,RUA AURORA,,RUA DO RIACHUELO,SOB O SEMÁFORO 579,RUA AURORA,,SOB O SEMÁFORO 579,BOA VISTA,579,SUBURBIO,ABALROAMENTO LONGITUDINAL,COLISÃO SEM VÍTIMA,1,,,,,1,,,,0,,Longo da via,Bom,Sem defeito,Perfeito estado,Seca,Perfeito estado,Faixa de pedestre,Não há placas,,Única,Faixa seccionada,,,,,,,,
2019-08-04,17:46:00,SEM VÍTIMA,FINALIZADA,BOA VIAGEM,AV VINTE E TRES DE OUTUBRO,,,AO LADO DA ESTAÇÃO AEROPORTO,AV VINTE E TRES DE OUTUBRO,,AO LADO DA ESTAÇÃO AEROPORTO,BOA VIAGEM,,SUBURBIO,ABALROAMENTO TRANSVERSAL,ENTRE AUTO E MOTO. S/V,1,1,,,,,,,,0,,Longo da via,Bom,Não existe,Perfeito estado,Seca,Perfeito estado,Agente,Não há placas,30 km/h,Dupla,Faixa seccionada,,,,,,,,
2019-08-04,18:02:00,SEM VÍTIMA,FINALIZADA,ILHA DO RETIRO,RUA SPORT CLUBE DO RECIFE,,,AO LADO DO SPORT CLUBE,RUA SPORT CLUBE DO RECIFE,,AO LADO DO SPORT CLUBE,ILHA DO RETIRO,,SUBURBIO,ABALROAMENTO LONGITUDINAL,ENTRE 2 AUTOS. S/V,2,,,,,,,,,0,,Longo da via,Bom,Não existe,Perfeito estado,Seca,Perfeito estado,Não existe,Não há placas,,Dupla,Faixa contínua,,,,,,,,
2019-08-04,18:14:00,SEM VÍTIMA,CANCELADA,SAN MARTIN,AV GENERAL SAN MARTIN,X,,EM FRENTE A CAVALARIA,AV GENERAL SAN MARTIN,X,EM FRENTE A CAVALARIA,SAN MARTIN,,,COLISÃO,ENTRE DOIS AUTO S/V,2,,,,,,,,,0,,,,,,,,,,,,,,,,,,,,
2019-08-04,20:10:00,SEM VÍTIMA,FINALIZADA,IPUTINGA,AV CAXANGA,4251,,EM AO IMÓVEL,AV CAXANGA,4251,EM AO IMÓVEL,IPUTINGA,,SUBURBIO,COLISÃO TRASEIRA,ENTRE 2 AUTOS. S/V,2,,,,,,,,,0,,Longo da via,Bom,Não existe,Perfeito estado,Seca,Perfeito estado,,Não há placas,,Dupla,Canteiro central,,,,,,,,
2019-08-04,20:41:00,COM VÍTIMA,FINALIZADA,ROSARINHO,AV SANTOS DUMONT,,RUA TELES JUNIOR,,AV SANTOS DUMONT,,,ROSARINHO,,SUBURBIO,ABALROAMENTO TRANSVERSAL,AUTO X MOTO S/V,1,1,,,,,,,,1,,Cruzamento,Bom,Não existe,Incompleta,Seca,Perfeito estado,Não existe,R-6a,,Única,Não existe,,,,,,,,
2019-08-04,21:02:00,SEM VÍTIMA,FINALIZADA,,AV ALFREDO LISBOA,,,CANTEIRO CENTRAL DO LADO DO SEMÁFORO 436,AV ALFREDO LISBOA,,CANTEIRO CENTRAL DO LADO DO SEMÁFORO 436,,436,SUBURBIO,CHOQUE OBJETO FIXO,VEÍCULOS CHOCOU-SE COM UM PÉ DE COUQUEIRO NO CANTEIRO CENTRAL E O MESMO FOI ABONDONADO NO LOCAL,1,,,,,,,,,0,,,Bom,Sem defeito,Perfeito estado,Seca,Perfeito estado,Faixa de pedestre,Não há placas,,Única,Faixa contínua,Canteiro central,,,,,,,
2019-08-04,21:21:00,SEM VÍTIMA,CANCELADA,CORDEIRO,AV CAXANGA,,AV GENERAL SAN MARTIN,INTEGRAÇÃO DE GETULIO VARGAS,AV CAXANGA,,INTEGRAÇÃO DE GETULIO VARGAS,CORDEIRO,,,COLISÃO,DOIS AUTO S/V,2,,,,,,,,,0,,,,,,,,,,,,,,,,,,,,
2019-08-04,21:36:00,SEM VÍTIMA,FINALIZADA,BARRO,AV DR JOSE RUFINO,2337,,EM FRENTE AO Nº 2337,AV DR JOSE RUFINO,2337,EM FRENTE AO Nº 2337,BARRO,,CIDADE,COLISÃO FRONTAL,DOIS AUTO C/V VEICULO CAPOTADO NA VIA,2,,,,,,,,,0,,Longo da via,Chuvoso,Não existe,,Molhada,Mal iluminada,Não existe,Não há placas,,Única,Não existe,,,,,,,,
2019-08-04,23:18:00,COM VÍTIMA,FINALIZADA,PRADO,RUA GOMES TABORDA,945,,,RUA GOMES TABORDA,945,,PRADO,,CIDADE,ATROPELAMENTO,AUTO X PEDESTRE. C/V,1,,,,1,,,,,1,,Longo da via,Bom,Sem defeito,Perfeito estado,Seca,Perfeito estado,,,,Dupla,,,,,,,,,
2019-08-05,00:58:00,COM VÍTIMA,FINALIZADA,CORDEIRO,AV INACIO MONTEIRO,413,RUA EURICO DE SOUZA LEAO,JURAS BAR,AV INACIO MONTEIRO,413,JURAS BAR,CORDEIRO,,SUBURBIO,ABALROAMENTO LONGITUDINAL,COLISÃO ENTRE DUAS MOTOS C/V,,2,,,,,,,,1,,Cruzamento,Chuvoso,Não existe,Perfeito estado,Molhada,Perfeito estado,Não existe,Placas Pare,,Dupla,Faixa contínua,,,,,,,,
2019-08-05,01:24:00,COM VÍTIMA,FINALIZADA,BOA VIAGEM,AV ENGENHEIRO DOMINGOS FERREIRA,,RUA RIBEIRO DE BRITO,SEMÁFORO 155,AV ENGENHEIRO DOMINGOS FERREIRA,,SEMÁFORO 155,BOA VIAGEM,155,SUBURBIO,COLISÃO TRASEIRA,COLISÃO ENTRE DOIS AUTOS, C/V.,2,,,,,,,,,1,,Cruzamento,Bom,Sem defeito,Perfeito estado,Seca,Perfeito estado,Faixa de pedestre,R-6a,,Única,Faixa seccionada,,,,,,,
2019-08-05,06:45:00,SEM VÍTIMA,FINALIZADA,BOA VIAGEM,AV DES JOSE NEVES,683,,SUPERMERCADO ATACADÃO,AV DES JOSE NEVES,683,SUPERMERCADO ATACADÃO,BOA VIAGEM,,CIDADE,COLISÃO TRASEIRA,COLISÃO S/VITIMAS ENTRE DOIS AUTOS,2,,,,,,,,,0,,Longo da via,Bom,Não existe,Perfeito estado,Seca,Perfeito estado,Não existe,Não há placas,60 km/h,Dupla,Canteiro central,Canal,,,,,,,
2019-08-05,07:51:00,SEM VÍTIMA,FINALIZADA,SAN MARTIN,RUA APULCRO DE ASSUNCAO,,RUA JOSE VELOSO,AO LADO DA FIT HOUSE ACADEMIA,RUA APULCRO DE ASSUNCAO,,AO LADO DA FIT HOUSE ACADEMIA,SAN MARTIN,,SUBURBIO,ABALROAMENTO TRANSVERSAL,COLISÃO SEM VITIMAS,1,,,,,,1,,,0,,Cruzamento,Bom,Não existe,Incompleta,Seca,Outros,Não existe,Não há placas,30 km/h,Dupla,Não existe,,,,,,,,
2019-08-05,08:08:00,SEM VÍTIMA,FINALIZADA,PAISSANDU,AV GOVERNADOR AGAMENON MAGALHAES,,,EM FRENTE AO HOSPITAL PORTUGUÊS ( PISTA LOCAL ),AV GOVERNADOR AGAMENON MAGALHAES,,EM FRENTE AO HOSPITAL PORTUGUÊS ( PISTA LOCAL ),PAISSANDU,,,ABALROAMENTO LONGITUDINAL,COLISÃO ENTRE DOIS SEM VÍTIMAS,1,,,,,1,,,,0,,Longo da via,Bom,Não existe,Perfeito estado,Seca,Perfeito estado,Não existe,Outras,60 km/h,Dupla,Canal,,,,,,,,
2019-08-05,09:41:00,SEM VÍTIMA,FINALIZADA,ESPINHEIRO,RUA CONS PORTELA,,RUA PADRE SILVINO GUEDES,IGREJA MATRIZ DO ESPINHEIRO,RUA CONS PORTELA,,IGREJA MATRIZ DO ESPINHEIRO,ESPINHEIRO,464,SUBURBIO,COLISÃO TRASEIRA,COLISAO ENTRE VT DA POLICIA E AUTO S/V,2,,,,,,,,,0,,,Bom,Sem defeito,Perfeito estado,Seca,Perfeito estado,,Outras,,Única,Faixa contínua,,,,,,,,
2019-08-05,09:53:00,SEM VÍTIMA,FINALIZADA,DERBY,PRC DO DERBY,,AV GOVERNADOR AGAMENON MAGALHAES,SOB O SEMÁFORO Nº 417,PRC DO DERBY,,SOB O SEMÁFORO Nº 417,DERBY,417,CIDADE,ABALROAMENTO LONGITUDINAL,ONIBUS E AUTO,1,,,,,1,,,,0,,Cruzamento,Bom,Sem defeito,Perfeito estado,Seca,Perfeito estado,Faixa de pedestre,Outras,,Única,Outros,,,,,,,,
2019-08-05,10:01:00,SEM VÍTIMA,FINALIZADA,ÁGUA FRIA,RUA DR EUDES COSTA,76,RUA NAZARE,,RUA DR EUDES COSTA,76,,ÁGUA FRIA,,CIDADE,COLISÃO TRASEIRA,COLISAO ENTRE DOIS AUTOS S/V,2,,,,,,,,,0,,Longo da via,Bom,Não existe,Perfeito estado,Seca,Perfeito estado,Não existe,Outras,,Dupla,Faixa seccionada,,,,,,,,
2019-08-05,10:44:00,SEM VÍTIMA,FINALIZADA,SÃO JOSÉ,RUA IMPERIAL,1770,,,RUA IMPERIAL,1770,,SÃO JOSÉ,,SUBURBIO,ABALROAMENTO TRANSVERSAL,COLISÃO SEM VITIMAS,2,,,,,,,,,0,,Longo da via,Bom,Não existe,Perfeito estado,Seca,Perfeito estado,Não existe,R-6a,,Única,Faixa seccionada,,,,,,,,
2019-08-05,10:55:00,SEM VÍTIMA,DUPLICIDADE,SÃO JOSÉ,RUA IMPERIAL,1770,,PROX AO FORUM DA JUSTIÇA,RUA IMPERIAL,1770,PROX AO FORUM DA JUSTIÇA,SÃO JOSÉ,,,COLISÃO,COLISAO ENTRE DOIS AUTOS S/V,2,,,,,,,,,0,,,,,,,,,,,,,,,,,,,,
2019-08-05,12:41:00,SEM VÍTIMA,FINALIZADA,CASA AMARELA,EST DO ARRAIAL,4812,,,EST DO ARRAIAL,4812,,CASA AMARELA,,SUBURBIO,ABALROAMENTO LONGITUDINAL,ENGAVETAMENTO ENVOLVENDO UM VEICULO,UMA MOTO E UM ONIBUS S/V,1,1,,,,1,,,,0,,Longo da via,Nublado,Não existe,Incompleta,Seca,Perfeito estado,Não existe,Outras,40 km/h,Única,Não existe,,,,,,,
2019-08-05,12:47:00,SEM VÍTIMA,FINALIZADA,BOA VIAGEM,AV VINTE DE JANEIRO,113,,RUA RESIDENCIAL NÃO TEM ESTABELECIMENTO PARA REFERENCIAS,AV VINTE DE JANEIRO,113,RUA RESIDENCIAL NÃO TEM ESTABELECIMENTO PARA REFERENCIAS,BOA VIAGEM,,,COLISÃO,COLISÃO SEM VÍTIMA,2,,,,,,,,,0,,,,,,,,,,,,,,,,,,,,
2019-08-05,13:09:00,SEM VÍTIMA,FINALIZADA,IMBIRIBEIRA,AV MARECHAL MASCARENHAS DE MORAES,,,EM FRENTE AO Nº 4115,AV MARECHAL MASCARENHAS DE MORAES,,EM FRENTE AO Nº 4115,IMBIRIBEIRA,,CIDADE,COLISÃO TRASEIRA,COLISAO SEM VITIMA,1,1,,,,,,,,0,,Longo da via,Bom,Sem defeito,Perfeito estado,Seca,Perfeito estado,Não existe,Não há placas,,Dupla,Canteiro central,,,,,,,,
2019-08-05,13:22:00,COM VÍTIMA,FINALIZADA,BEBERIBE,AV BEBERIBE,,,EM FRENTE AO POSTO SAUDE GONÇALVES MONTEIRO DE MORAIS,AV BEBERIBE,,EM FRENTE AO POSTO SAUDE GONÇALVES MONTEIRO DE MORAIS,BEBERIBE,398,CIDADE,COLISÃO FRONTAL,,,2,,,,,,,,1,,Longo da via,Bom,Sem defeito,Perfeito estado,Seca,Perfeito estado,Faixa de pedestre,Não há placas,,Dupla,Faixa contínua,,,,,,,,
2019-08-05,13:42:00,SEM VÍTIMA,FINALIZADA,BOA VIAGEM,RUA DUQUE ESTRADA,152,,,RUA DUQUE ESTRADA,152,,BOA VIAGEM,,SUBURBIO,COLISÃO TRASEIRA,COLISAO SEM VITIMA,2,,,,,,,,,0,,Longo da via,Bom,Não existe,Perfeito estado,Seca,Perfeito estado,Não existe,Não há placas,,Dupla,Não existe,,,,,,,,
2019-08-05,14:59:00,SEM VÍTIMA,FINALIZADA,CASA FORTE,AV DEZESSETE DE AGOSTO,296,RUA PROFESSOR AGEU MAGALHAES,RECANTO PARAIBANO,AV DEZESSETE DE AGOSTO,296,RECANTO PARAIBANO,CASA FORTE,415,SUBURBIO,ABALROAMENTO LONGITUDINAL,COLISAO ENTRE DOIS AUTOS S/V,2,,,,,,,,,0,,Longo da via,Bom,Sem defeito,Perfeito estado,Seca,Perfeito estado,Faixa de pedestre,Outras,,Dupla,Faixa contínua,,,,,,,,
2019-08-05,15:52:00,SEM VÍTIMA,FINALIZADA,SÃO JOSÉ,AV SUL,,RUA SANTA RITA,ARMAZÉM 16,AV SUL,,ARMAZÉM 16,SÃO JOSÉ,76,CIDADE,ABALROAMENTO TRANSVERSAL,COLISÃO SEM VÍTIMA,1,,,,,1,,,,0,,Cruzamento,Bom,Sem defeito,Perfeito estado,Seca,Mal conservada,,Não há placas,,Dupla,Canteiro central,,,,,,,,
2019-08-05,15:59:00,SEM VÍTIMA,FINALIZADA,SÃO JOSÉ,AV RIO BRANCO,,RUA MADRE DEUS,,AV RIO BRANCO,,,SÃO JOSÉ,,SUBURBIO,ABALROAMENTO LONGITUDINAL,COLISAO ENTRE CAMINHAO E AUTO S/V,1,,,,,,1,,,0,,Cruzamento,Bom,Sem defeito,Perfeito estado,Seca,Perfeito estado,Não existe,Não há placas,,Única,Blocos,,,,,,,,
2019-08-05,16:01:00,SEM VÍTIMA,FINALIZADA,BOMBA DO HEMETÉRIO,RUA CORREGO DO EUCLIDES,596,,LADO OPOSTO A PANIFICADORA SENHOR DO BONFIM,RUA CORREGO DO EUCLIDES,596,LADO OPOSTO A PANIFICADORA SENHOR DO BONFIM,BOMBA DO HEMETÉRIO,,SUBURBIO,ABALROAMENTO LONGITUDINAL,COLISAO SEM VITIMA,1,,,,,1,,,,0,,,Bom,Não existe,Perfeito estado,Seca,Perfeito estado,Não existe,Outras,,Dupla,Faixa seccionada,,,,,,,,
2019-08-05,16:36:00,SEM VÍTIMA,FINALIZADA,ESPINHEIRO,RUA CONS PORTELA,339,,EM FRENTE A IGREJA MATRIZ DO ESPINHEIRO,RUA CONS PORTELA,339,EM FRENTE A IGREJA MATRIZ DO ESPINHEIRO,ESPINHEIRO,,CIDADE,ABALROAMENTO LONGITUDINAL,COLISÃO SEM VÍTIMA,2,,,,,,,,,0,,Longo da via,Bom,Sem defeito,Perfeito estado,Seca,Perfeito estado,Faixa de pedestre,Placas Pare,,Única,Faixa contínua,,,,,,,,
2019-08-05,17:34:00,SEM VÍTIMA,FINALIZADA,BOA VIAGEM,RUA MARIA CAROLINA,,,,RUA MARIA CAROLINA,,,BOA VIAGEM,,CIDADE,ABALROAMENTO LONGITUDINAL,COLISAO ENTRE DOIS AUTOS S/V,2,,,,,,,,,0,,Longo da via,Bom,Não existe,Perfeito estado,Seca,Perfeito estado,Não existe,Não há placas,,Única,,,,,,,,,
2019-08-05,18:33:00,SEM VÍTIMA,FINALIZADA,SANTO AMARO,AV NORTE,,RUA TREZE DE MAIO,,AV NORTE,,,SANTO AMARO,36,CIDADE,ABALROAMENTO LONGITUDINAL,ENTRE DOIS AUTO S/V,1,,,,,,1,,,0,,Cruzamento,Bom,Sem defeito,Perfeito estado,Seca,Perfeito estado,Faixa de pedestre,Outras,,Dupla,Faixa seccionada,,,,,,,,
2019-08-05,19:28:00,COM VÍTIMA,CANCELADA,TAMARINEIRA,AV NORTE,,RUA CONEGO BARATA,PROX A FERREIRA COSTA,AV NORTE,,PROX A FERREIRA COSTA,TAMARINEIRA,,,COLISÃO,MOTO X HRV,1,1,,,,,,,,1,,,,,,,,,,,,,,,,,,,,
2019-08-05,20:21:00,COM VÍTIMA,FINALIZADA,AFOGADOS,RUA SAO MIGUEL,,,PRÓXIMO AO BODE DO NÔ,RUA SAO MIGUEL,,PRÓXIMO AO BODE DO NÔ,AFOGADOS,,SUBURBIO,ABALROAMENTO TRANSVERSAL,ONIX X PALIO,3,,,,,,,,,2,,Longo da via,Bom,Não existe,Perfeito estado,Seca,Perfeito estado,Outros,Outras,,Dupla,Faixa seccionada,,,,,,,,
2019-08-05,22:09:00,COM VÍTIMA,FINALIZADA,BOA VISTA,RUA MARQUES AMORIM,335,,POR TRAS DA UNIMED 3,RUA MARQUES AMORIM,335,POR TRAS DA UNIMED 3,BOA VISTA,,CIDADE,COLISÃO FRONTAL,MOTO X AUTO,1,1,,,,,,,,1,,Longo da via,Bom,Não existe,Incompleta,Seca,Mal conservada,Não existe,R-6a,,Dupla,Não existe,,,,,,,,
2019-08-06,03:44:00,COM VÍTIMA,EQUIPE NO LOCAL,BOMBA DO HEMETÉRIO,EST VELHA DE AGUA FRIA,1780,,NA ENTRADA DA BOMBA DO HEMETERIO,EST VELHA DE AGUA FRIA,1780,NA ENTRADA DA BOMBA DO HEMETERIO,BOMBA DO HEMETÉRIO,,,CHOQUE OBJETO FIXO,VEICULO CHOCOU-SE CONTRA UM POSTE,,,,,,,,,,1,,,,,,,,,,,,,,,,,,,,