data,hora,natureza_acidente,situacao,bairro,endereco,numero,detalhe_endereco_acidente,complemento,endereco_cruzamento,numero_cruzamento,referencia_cruzamento,bairro_cruzamento,num_semaforo,sentido_via,tipo,descricao,auto,moto,ciclom,ciclista,pedestre,onibus,caminhao,viatura,outros,vitimas,vitimasfatais,acidente_verificado,tempo_clima,situacao_semaforo,sinalizacao,condicao_via,conservacao_via,ponto_controle,situacao_placa,velocidade_max_via,mao_direcao,divisao_via1,divisao_via2,divisao_via3,,,,,,
2019-08-06,05:47:00,COM VÍTIMA,FINALIZADA,TORRÕES,AV ENGENHEIRO ABDIAS DE CARVALHO,,,EM FRENTE A UPA,AV ENGENHEIRO ABDIAS DE CARVALHO,,EM FRENTE A UPA,TORRÕES,272,CIDADE,COLISÃO TRASEIRA,COLISÃO ENTRE MOTO E ÔNIBUS, COM VÍTIMA.,,1,,,,1,,,,1,,Longo da via,Bom,Sem defeito,Perfeito estado,Seca,Perfeito estado,Faixa de pedestre,R-6a,60 km/h,Única,Faixa contínua,,,,,,,
2019-08-06,07:34:00,SEM VÍTIMA,FINALIZADA,ENCRUZILHADA,RUA JOSE DE SA CARNEIRO,,RUA CASTRO ALVES,SOB O SEMÁFORO Nº 666,RUA JOSE DE SA CARNEIRO,,SOB O SEMÁFORO Nº 666,ENCRUZILHADA,666,SUBURBIO,ABALROAMENTO LONGITUDINAL,ONIBUS E AUTO,1,,,,,1,,,,0,,,Chuvoso,Sem defeito,Perfeito estado,Molhada,Perfeito estado,Faixa de pedestre,R-6a,30 km/h,Única,Faixa contínua,Faixa seccionada,,,,,,,
2019-08-06,08:05:00,SEM VÍTIMA,FINALIZADA,MACAXEIRA,AV NORTE,,,FRENTE DO PARQUE URBANO DA MACAXEIRA,AV NORTE,,FRENTE DO PARQUE URBANO DA MACAXEIRA,MACAXEIRA,,CIDADE,COLISÃO TRASEIRA,COLISAO SEM VITIMAS,1,1,,,,,,,,0,,Longo da via,Nublado,Não existe,Perfeito estado,Molhada,Perfeito estado,Não existe,Outras,,Dupla,Canteiro central,,,,,,,,
2019-08-06,08:07:00,SEM VÍTIMA,FINALIZADA,TORREÃO,AV ENGENHEIRO ABDIAS DE CARVALHO,400,,EM FRENTE A GALERIA JAIME CAVALCANTI,AV ENGENHEIRO ABDIAS DE CARVALHO,400,EM FRENTE A GALERIA JAIME CAVALCANTI,TORREÃO,,CIDADE,COLISÃO TRASEIRA,COLISÃO S/VITIMAS ENTRE DOIS AUTOS,2,,,,,,,,,0,,Longo da via,Bom,Não existe,Perfeito estado,Seca,Perfeito estado,Não existe,Não há placas,,Dupla,Canteiro central,,,,,,,,
2019-08-06,08:26:00,SEM VÍTIMA,FINALIZADA,BOMBA DO HEMETÉRIO,RUA BOMBA DO HEMETERIO,567,,PRÓXIMO AO MERCADINHO BOM GOSTO,RUA BOMBA DO HEMETERIO,567,PRÓXIMO AO MERCADINHO BOM GOSTO,BOMBA DO HEMETÉRIO,,SUBURBIO,ABALROAMENTO LONGITUDINAL,COLISÃO SEM VITIMAS,2,1,,,,,,,,0,,Longo da via,Nublado,Não existe,Perfeito estado,Molhada,Perfeito estado,Faixa de pedestre,Não há placas,,Dupla,Faixa seccionada,,,,,,,,
2019-08-06,08:53:00,SEM VÍTIMA,CANCELADA,IBURA,RUA REINALDO DORNELES CAMARA,360,AV DOM HELDER CAMARA,PROX. A JS BOX,RUA REINALDO DORNELES CAMARA,360,PROX. A JS BOX,IBURA,,,COLISÃO,DOIS AUTOS,2,,,,,,,,,0,,,,,,,,,,,,,,,,,,,,
2019-08-06,09:13:00,SEM VÍTIMA,FINALIZADA,ESPINHEIRO,AV CONS ROSA E SILVA,403,RUA CONFEDERACAO DO EQUADOR,,AV CONS ROSA E SILVA,403,,ESPINHEIRO,,SUBURBIO,ABALROAMENTO LONGITUDINAL,COLISAO SEM VITIMAS,1,,,,,1,,,,0,,Cruzamento,Bom,Não existe,Perfeito estado,Seca,Perfeito estado,Não existe,Não há placas,,Única,Faixa seccionada,,,,,,,,
2019-08-06,09:35:00,SEM VÍTIMA,FINALIZADA,GRAÇAS,RUA JOAQUIM NABUCO,554,,UNINASSAU,RUA JOAQUIM NABUCO,554,UNINASSAU,GRAÇAS,595,SUBURBIO,ABALROAMENTO LONGITUDINAL,COLISAO SEM VITIMAS,1,,,,,1,,,,0,,Longo da via,Nublado,Sem defeito,Perfeito estado,Molhada,,,Outras,,Única,Faixa seccionada,,,,,,,,
2019-08-06,09:43:00,SEM VÍTIMA,FINALIZADA,MADALENA,AV BEIRA RIO,650,,EM FRENTE AO EDF PASARGADA,AV BEIRA RIO,650,EM FRENTE AO EDF PASARGADA,MADALENA,,CIDADE,ABALROAMENTO LONGITUDINAL,COLISAO SEM VITIMAS,1,,,,,,1,,,0,,Longo da via,Chuvoso,Não existe,Perfeito estado,Molhada,Perfeito estado,Não existe,Outras,,Única,Faixa contínua,Faixa seccionada,,,,,,,
2019-08-06,09:54:00,SEM VÍTIMA,FINALIZADA,AFOGADOS,AV SUL,,,EM FRENTE A ESTAÇÃO DO METRO LARGO DA PAZ,AV SUL,,EM FRENTE A ESTAÇÃO DO METRO LARGO DA PAZ,AFOGADOS,,CIDADE,ABALROAMENTO TRANSVERSAL,COLISAO SEM VITIMAS ENTRE UMA CARRETA E UM ONIBUS,1,,,,,,1,,1,0,,Longo da via,Bom,Não existe,Não existente,Seca,Perfeito estado,Não existe,Não há placas,,Única,Faixa seccionada,,,,,,,,
2019-08-06,10:03:00,SEM VÍTIMA,FINALIZADA,PRADO,RUA HERCULES FLORENCE,105,,PRÓX AO LABORATÓRIO CERPE,RUA HERCULES FLORENCE,105,PRÓX AO LABORATÓRIO CERPE,PRADO,,,COLISÃO TRASEIRA,DOIS AUTOS,2,,,,,,,,,0,,Longo da via,Bom,Não existe,Não existente,Seca,Perfeito estado,Não existe,Não há placas,,Dupla,Não existe,,,,,,,,
2019-08-06,10:12:00,SEM VÍTIMA,FINALIZADA,CAXANGÁ,AV CAXANGA,4190,,AO LADO DA ESTAÇÃO DO BRT,AV CAXANGA,4190,AO LADO DA ESTAÇÃO DO BRT,CAXANGÁ,269,CIDADE,CHOQUE OBJETO FIXO,COBERTURA DA ESTAÇÃO DO BRT,,,,,,,1,,,0,,Longo da via,Bom,Sem defeito,Perfeito estado,Seca,Perfeito estado,Agente,Não há placas,,Dupla,Canteiro central,,,,,,,,
2019-08-07,09:20:00,SEM VÍTIMA,FINALIZADA,BAIRRO DO RECIFE,AV MILITAR,500,,EM FRENTE AO POSTO DE COMBUSTÍVEL BR,AV MILITAR,500,EM FRENTE AO POSTO DE COMBUSTÍVEL BR,BAIRRO DO RECIFE,,CIDADE,ABALROAMENTO TRANSVERSAL,COLISÃO S/VITIMAS ENTRE UMA MOTO E AUTO,1,1,,,,,,,,0,,Longo da via,Bom,Não existe,Perfeito estado,Seca,Perfeito estado,Não existe,R-6a,60 km/h,Dupla,Faixa seccionada,Canteiro central,,,,,,,
2019-08-06,12:08:00,SEM VÍTIMA,FINALIZADA,GRAÇAS,AV GOVERNADOR AGAMENON MAGALHAES,1114,,EM FRENTE A EMBRATEL,AV GOVERNADOR AGAMENON MAGALHAES,1114,EM FRENTE A EMBRATEL,GRAÇAS,,,ABALROAMENTO LONGITUDINAL,COLISAO ENTRE AUTO E CAMINHAO,1,,,,,,1,,,0,,Longo da via,Bom,Sem defeito,Perfeito estado,Seca,,,Outras,60 km/h,Dupla,Faixa contínua,Faixa seccionada,Canteiro central,,,,,,
2019-08-06,12:10:00,COM VÍTIMA,FINALIZADA,SÃO JOSÉ,RUA IMPERIAL,134,,PROXIMO A IGREJA MATRIZ DE SAO JOSE,RUA IMPERIAL,134,PROXIMO A IGREJA MATRIZ DE SAO JOSE,SÃO JOSÉ,,SUBURBIO,CHOQUE VEÍCULO PARADO,COLISAO COM VITIMA,1,1,,,,,,,,1,,Longo da via,Bom,Não existe,Perfeito estado,Seca,Perfeito estado,,Placas Pare,,Única,Faixa seccionada,,,,,,,,
2019-08-06,12:16:00,SEM VÍTIMA,FINALIZADA,BOA VIAGEM,AV DOM JOAO VI,,,LADO OPOSTO AO Nº 830,AV DOM JOAO VI,,LADO OPOSTO AO Nº 830,BOA VIAGEM,,SUBURBIO,COLISÃO TRASEIRA,COLISAO ENTRE CAMINHAO BAÚ E TAXI S/V,1,,,,,,1,,,0,,Longo da via,Bom,Não existe,Não existente,Seca,Perfeito estado,Não existe,Não há placas,,Dupla,Faixa seccionada,,,,,,,,
2019-08-06,12:26:00,SEM VÍTIMA,FINALIZADA,TAMARINEIRA,EST VELHA DE AGUA FRIA,1253,,EM FRENTE A IGREJA PENTECOSTAL DO BRASIL/ SENTIDO SUBURBIO,EST VELHA DE AGUA FRIA,1253,EM FRENTE A IGREJA PENTECOSTAL DO BRASIL/ SENTIDO SUBURBIO,TAMARINEIRA,,,COLISÃO,COLISÃO SEM VÍTIMA,1,,,,,1,,,,0,,,,,,,,,,,,,,,,,,,,
2019-08-06,12:37:00,SEM VÍTIMA,DUPLICIDADE,ÁGUA FRIA,EST VELHA DE AGUA FRIA,1253,,E/F A IGREJA PENTECOSTAL DO BRASIL,EST VELHA DE AGUA FRIA,1253,E/F A IGREJA PENTECOSTAL DO BRASIL,ÁGUA FRIA,,,COLISÃO,COLISAO ENTRE AUTO E ONIBUS S/V,1,,,,,1,,,,0,,,,,,,,,,,,,,,,,,,,
2019-08-06,13:18:00,SEM VÍTIMA,FINALIZADA,SANTO AMARO,AV GOVERNADOR AGAMENON MAGALHAES,,,EM FRENTE A UNIVERSIDADE DE PERNAMBUCO,AV GOVERNADOR AGAMENON MAGALHAES,,EM FRENTE A UNIVERSIDADE DE PERNAMBUCO,SANTO AMARO,,SUBURBIO,COLISÃO TRASEIRA,COLISÃO SEM VITIMA,1,1,,,,,,,,0,,Longo da via,Bom,Não existe,Perfeito estado,Seca,Perfeito estado,Não existe,Outras,60 km/h,Dupla,Canteiro central,,,,,,,,
2019-08-06,13:21:00,SEM VÍTIMA,FINALIZADA,BOA VIAGEM,AV ENGENHEIRO DOMINGOS FERREIRA,4300,,,AV ENGENHEIRO DOMINGOS FERREIRA,4300,,BOA VIAGEM,,SUBURBIO,COLISÃO TRASEIRA,COLISAO SEM VITIMA,3,,,,,,,,,0,,Longo da via,Bom,Não existe,Perfeito estado,Seca,Perfeito estado,,Não há placas,60 km/h,Única,Faixa seccionada,,,,,,,,
2019-08-06,13:44:00,SEM VÍTIMA,FINALIZADA,PARNAMIRIM,RUA DR JOSE MARIA,,AV RUI BARBOSA,EM FRENTE AO POSTO SHELL,RUA DR JOSE MARIA,,EM FRENTE AO POSTO SHELL,PARNAMIRIM,253,SUBURBIO,ABALROAMENTO TRANSVERSAL,COLISAO ENTRE DOIS AUTOS S/V,2,,,,,,,,,0,,Longo da via,Bom,Sem defeito,Perfeito estado,Seca,Perfeito estado,Faixa de pedestre,R-6a,,Dupla,Faixa contínua,,,,,,,,
2019-08-06,14:18:00,SEM VÍTIMA,FINALIZADA,TORRÕES,AV INACIO MONTEIRO,749,,,AV INACIO MONTEIRO,749,,TORRÕES,,,ABALROAMENTO LONGITUDINAL,COLISAO ENTRE AUTO E MOTO S/V,1,,,,,,,,,0,,Longo da via,Bom,Não existe,Perfeito estado,Seca,Perfeito estado,Não existe,Não há placas,,Dupla,Faixa contínua,,,,,,,,
2019-08-06,15:51:00,SEM VÍTIMA,FINALIZADA,ESTÂNCIA,AV RECIFE,,,EM FRENTE A IGREJA BATISTA DA ESTANCIA,AV RECIFE,,EM FRENTE A IGREJA BATISTA DA ESTANCIA,ESTÂNCIA,261,,ABALROAMENTO LONGITUDINAL,COLISAO SEM VITIMA,1,1,,,,,,,,0,,,Bom,Sem defeito,Perfeito estado,Seca,Perfeito estado,Faixa de pedestre,Não há placas,,Única,Canteiro central,,,,,,,,
2019-08-06,16:46:00,SEM VÍTIMA,FINALIZADA,ILHA DO RETIRO,RUA SPORT CLUBE DO RECIFE,,RUA BENFICA,,RUA SPORT CLUBE DO RECIFE,,,ILHA DO RETIRO,,CIDADE,ABALROAMENTO LONGITUDINAL,COLISÃO SEM VÍTIMA,1,,,,,,1,,,0,,,Bom,Não existe,Perfeito estado,Seca,Perfeito estado,,,50 km/h,Dupla,Canteiro central,,,,,,,,
2019-08-06,16:46:00,SEM VÍTIMA,FINALIZADA,BOA VISTA,RUA DR SEBASTIAO LINS,,,,RUA DR SEBASTIAO LINS,,,BOA VISTA,,CIDADE,ABALROAMENTO LONGITUDINAL,COLISAO SEM VITIMA,2,,,,,,,,,0,,Longo da via,Bom,Não existe,Perfeito estado,Seca,Perfeito estado,Não existe,R-6a,,Única,Não existe,,,,,,,,
2019-08-06,16:59:00,SEM VÍTIMA,FINALIZADA,MANGABEIRA,RUA DA MANGABEIRA,47,,,RUA DA MANGABEIRA,47,,MANGABEIRA,,SUBURBIO,ABALROAMENTO LONGITUDINAL,COLISO ENTRE ONIBUS E AUTO S/V,1,,,,,1,,,,0,,Longo da via,Bom,Não existe,Perfeito estado,Seca,Perfeito estado,Não existe,Outras,30 km/h,Dupla,Não existe,,,,,,,,
2019-08-06,17:23:00,SEM VÍTIMA,FINALIZADA,ILHA DO RETIRO,RUA SPORT CLUBE DO RECIFE,,,EM FRENTE AO SEMÁFORO DE Nº 367,RUA SPORT CLUBE DO RECIFE,,EM FRENTE AO SEMÁFORO DE Nº 367,ILHA DO RETIRO,367,SUBURBIO,COLISÃO TRASEIRA,COLISÃO SEM VÍTIMA,3,,,,,,,,,0,,Longo da via,Bom,Sem defeito,Perfeito estado,Seca,Perfeito estado,Faixa de pedestre,Outras,60 km/h,Única,Faixa seccionada,,,,,,,,
2019-08-06,17:24:00,COM VÍTIMA,FINALIZADA,BOA VISTA,RUA PRINCESA IZABEL,,,PARADA DE ÔNIBUS - AO LADO DA DELEGACIA,RUA PRINCESA IZABEL,,PARADA DE ÔNIBUS - AO LADO DA DELEGACIA,BOA VISTA,22,CIDADE,ACID. DE PERCURSO,HOUVE UM ACIDENTE. UM ÔNIBUS DEU UMA FREADA BRUSCA E UMA PASSAGEIRA SE FERIU,,,,,,1,,,,1,,Longo da via,Bom,Sem defeito,Perfeito estado,Seca,Perfeito estado,Faixa de pedestre,,,Única,Faixa contínua,,,,,,,,
2019-08-06,17:54:00,SEM VÍTIMA,FINALIZADA,CASA AMARELA,AV NORTE,,,UPA DA AV NORTE,AV NORTE,,UPA DA AV NORTE,CASA AMARELA,,SUBURBIO,COLISÃO TRASEIRA,COLISAO ENTRE TRES AUTOS S/V S/T SUB,3,,,,,,,,,0,,Longo da via,Bom,Não existe,Perfeito estado,Seca,Perfeito estado,Outros,Outras,60 km/h,Dupla,Canteiro central,,,,,,,,
2019-08-06,18:09:00,SEM VÍTIMA,FINALIZADA,BOA VIAGEM,RUA RIBEIRO DE BRITO,,RUA CORONEL ANIZIO RODRIGUES COELHO,FARMACIA PAGUE MENOS,RUA RIBEIRO DE BRITO,,FARMACIA PAGUE MENOS,BOA VIAGEM,,,ABALROAMENTO TRANSVERSAL,ENTRE DOIS AUTO S/V,2,,,,,,,,,0,,Longo da via,Chuvoso,Não existe,Perfeito estado,Molhada,Perfeito estado,Não existe,Não há placas,,Única,Faixa seccionada,,,,,,,,
2019-08-06,18:15:00,SEM VÍTIMA,FINALIZADA,BOA VIAGEM,RUA BARAO DE SOUZA LEAO,939,,DENTRO DO POSTO DE COMBUSTÍVEL ESCADENSE,RUA BARAO DE SOUZA LEAO,939,DENTRO DO POSTO DE COMBUSTÍVEL ESCADENSE,BOA VIAGEM,,,ABALROAMENTO LONGITUDINAL,PALIO X SANDERO,2,,,,,,,,,0,,,Bom,Não existe,,Seca,Perfeito estado,,Não há placas,,,,,,,,,,,
2019-08-06,18:29:00,SEM VÍTIMA,FINALIZADA,TORRE,RUA JOSE BONIFACIO,,,EM FRENTE A FARMACIA PAGUE MENOS,RUA JOSE BONIFACIO,,EM FRENTE A FARMACIA PAGUE MENOS,TORRE,,CIDADE,COLISÃO TRASEIRA,ENTRE DOIS AUTO S/V,2,,,,,,,,,0,,Longo da via,Bom,Não existe,Perfeito estado,Seca,Perfeito estado,Não existe,Não há placas,,Dupla,Canteiro central,,,,,,,,
2019-08-06,18:29:00,SEM VÍTIMA,CANCELADA,COHAB,AV SANTOS,233,AV JORNALISTA COSTA PORTO,PROX A BIFURCAÇAO DESSAS DUAS AV E PROX A COMPESA,AV SANTOS,233,PROX A BIFURCAÇAO DESSAS DUAS AV E PROX A COMPESA,COHAB,,,COLISÃO,SANDERO X MOTO,1,1,,,,,,,,0,,,,,,,,,,,,,,,,,,,,
2019-08-06,18:42:00,SEM VÍTIMA,FINALIZADA,IPUTINGA,AV CAXANGA,,,FRENTE AO HOSPITAL SANTA TERESINHA,AV CAXANGA,,FRENTE AO HOSPITAL SANTA TERESINHA,IPUTINGA,,SUBURBIO,ABALROAMENTO LONGITUDINAL,RENAULT X FIAT,2,,,,,,,,,0,,Longo da via,Bom,Não existe,Perfeito estado,Seca,Perfeito estado,Não existe,Não há placas,,Dupla,Faixa seccionada,Canteiro central,,,,,,,
2019-08-06,18:57:00,SEM VÍTIMA,FINALIZADA,MONTEIRO,EST DO ARRAIAL,,AV DEZESSETE DE AGOSTO,,EST DO ARRAIAL,,,MONTEIRO,107,CIDADE,ABALROAMENTO TRANSVERSAL,ENTRE DOIS AUTO S/V,2,,,,,,,,,0,,Cruzamento,Bom,Sem defeito,Perfeito estado,Seca,Perfeito estado,,Não há placas,,Única,Faixa contínua,,,,,,,,
2019-08-06,19:17:00,SEM VÍTIMA,FINALIZADA,CASA FORTE,RUA JERONIMO DE ALBUQUERQUE,,,PRAÇA DE CASA FORTE,RUA JERONIMO DE ALBUQUERQUE,,PRAÇA DE CASA FORTE,CASA FORTE,,,ABALROAMENTO TRANSVERSAL,ENTRE DOIS AUTO S/V,2,,,,,,,,,0,,,Bom,Não existe,Perfeito estado,Seca,Perfeito estado,Não existe,Placas Pare,,Única,Não existe,,,,,,,,
2019-08-06,20:16:00,SEM VÍTIMA,FINALIZADA,BONGI,AV MANOEL GONCALVES DA LUZ,429,,LADO OPOSTO AO Nº 429,AV MANOEL GONCALVES DA LUZ,429,LADO OPOSTO AO Nº 429,BONGI,,SUBURBIO,ABALROAMENTO LONGITUDINAL,CAMINHÃO X TAXI S/V,1,,,,,,1,,,0,,Longo da via,Bom,Não existe,Perfeito estado,Seca,Perfeito estado,Não existe,R-6a,,Dupla,Faixa seccionada,,,,,,,,
2019-08-06,23:11:00,COM VÍTIMA,CANCELADA,IMBIRIBEIRA,AV MARECHAL MASCARENHAS DE MORAES,4524,RUA ARRUDA CAMARA,DEPOIS DA SAIDA DA AV RECIFE // SENTIDO PRAZERES,AV MARECHAL MASCARENHAS DE MORAES,4524,DEPOIS DA SAIDA DA AV RECIFE // SENTIDO PRAZERES,IMBIRIBEIRA,,,COLISÃO,MOTO X GOL,1,1,,,,,,,,1,,,,,,,,,,,,,,,,,,,,
2019-08-07,01:07:00,SEM VÍTIMA,FINALIZADA,DERBY,AV GOVERNADOR AGAMENON MAGALHAES,,,EM FRENTE AO HOSPITAL PORTUGUÊS,AV GOVERNADOR AGAMENON MAGALHAES,,EM FRENTE AO HOSPITAL PORTUGUÊS,DERBY,,SUBURBIO,COLISÃO TRASEIRA,COLISÃO ENTRE DOIS AUTOS C/V,2,,,,,,,,,0,,Longo da via,Bom,Não existe,Perfeito estado,Seca,Perfeito estado,,Não há placas,,Dupla,Canteiro central,,,,,,,,
2019-08-07,07:08:00,SEM VÍTIMA,FINALIZADA,MADALENA,RUA DEMOSTENES DE OLINDA,,,AO LADO DO COLÉGIO EQUIPE,RUA DEMOSTENES DE OLINDA,,AO LADO DO COLÉGIO EQUIPE,MADALENA,,SUBURBIO,COLISÃO TRASEIRA,DOIS AUTOS,2,,,,,,,,,0,,Longo da via,Bom,Não existe,Perfeito estado,Seca,Perfeito estado,Não existe,R-6a,,Única,Não existe,,,,,,,,
2019-08-07,07:27:00,SEM VÍTIMA,CANCELADA,JARDIM SÃO PAULO,RUA SENADOR ALBERTO PASQUALINI,78,,EM FRENTE A ACADEMIA TREINO CIA,RUA SENADOR ALBERTO PASQUALINI,78,EM FRENTE A ACADEMIA TREINO CIA,JARDIM SÃO PAULO,,,COLISÃO,DOIS AUTOS,2,,,,,,,,,0,,,,,,,,,,,,,,,,,,,,
2019-08-07,07:42:00,SEM VÍTIMA,FINALIZADA,MADALENA,RUA BENFICA,,,AO LADO DO BANCO BRADESCO,RUA BENFICA,,AO LADO DO BANCO BRADESCO,MADALENA,257,CIDADE,ABALROAMENTO LONGITUDINAL,AUTO PASSEIO E ONIBUS,1,,,,,1,,,,0,,Longo da via,Bom,Sem defeito,Perfeito estado,Seca,Perfeito estado,,Outras,,Dupla,Faixa contínua,,,,,,,,
2019-08-07,08:08:00,SEM VÍTIMA,FINALIZADA,IMBIRIBEIRA,AV MARECHAL MASCARENHAS DE MORAES,,,SEMÁFORO 625 - LADO OPOSTO A ANAC,AV MARECHAL MASCARENHAS DE MORAES,,SEMÁFORO 625 - LADO OPOSTO A ANAC,IMBIRIBEIRA,625,SUBURBIO,COLISÃO TRASEIRA,COLISÃO SEM VITIMAS,1,,,,,,1,,1,0,,Longo da via,Nublado,Sem defeito,Perfeito estado,Seca,Perfeito estado,Faixa de pedestre,Placas Pare,60 km/h,Dupla,Faixa contínua,Canteiro central,,,,,,,
2019-08-07,08:12:00,SEM VÍTIMA,FINALIZADA,CASA FORTE,AV DEZESSETE DE AGOSTO,125,RUA JOAO DA SILVA TELES,EM FRENTE A EMPORIO FRUTARIA,AV DEZESSETE DE AGOSTO,125,EM FRENTE A EMPORIO FRUTARIA,CASA FORTE,,,COLISÃO,COLISÃO S/VITIMAS ENTRE UMA MOTO E UM AUTO,1,1,,,,,,,,0,,,,,,,,,,,,,,,,,,,,
2019-08-07,09:47:00,SEM VÍTIMA,CANCELADA,SÃO JOSÉ,AV SUL,1500,,EM FRENTE A DISTRIBUIDORA PORTELA, SENT. AFOGADOS,AV SUL,1500,EM FRENTE A DISTRIBUIDORA PORTELA, SENT. AFOGADOS,SÃO JOSÉ,,,COLISÃO,COLISÃO SEM VITIMAS,1,,,,,1,,,,0,,,,,,,,,,,,,,,,,,
2019-08-07,10:21:00,COM VÍTIMA,FINALIZADA,ILHA JOANA BEZERRA,RUA DES GUERRA BARRETO,,,EM FRENTE AO FORUM,RUA DES GUERRA BARRETO,,EM FRENTE AO FORUM,ILHA JOANA BEZERRA,,,COLISÃO COM CICLISTA,ONIBUS E CICLISTA,,,,1,,1,,,,1,,,,,,,,,,,,,,,,,,,,
2019-08-07,10:27:00,COM VÍTIMA,FINALIZADA,BOMBA DO HEMETÉRIO,COR DO BARTOLOMEU,563,,NA RODINHA DA BOMBA. PRÓXIMO A PANIFICADORA SENHOR DO BONFIM.,COR DO BARTOLOMEU,563,NA RODINHA DA BOMBA. PRÓXIMO A PANIFICADORA SENHOR DO BONFIM.,BOMBA DO HEMETÉRIO,,SUBURBIO,CHOQUE OBJETO FIXO,CHOQUE EM OBJETO FIXO ENVOLVENDO MOTOCICLETA DA CTTU.,,1,,,,,,,,1,,Longo da via,Bom,Não existe,Perfeito estado,Seca,Perfeito estado,Não existe,Placas Dê a preferência,,Dupla,Blocos,,,,,,,,
2019-08-07,10:28:00,SEM VÍTIMA,FINALIZADA,ESPINHEIRO,AV GOVERNADOR AGAMENON MAGALHAES,,,EM FRENTE AO MINISTERIO DO TRABALHO,AV GOVERNADOR AGAMENON MAGALHAES,,EM FRENTE AO MINISTERIO DO TRABALHO,ESPINHEIRO,465,,ABALROAMENTO LONGITUDINAL,DOIS AUTOS,2,,,,,,,,,0,,Longo da via,Chuvoso,Sem defeito,Perfeito estado,Molhada,Perfeito estado,Faixa de pedestre,Outras,60 km/h,Única,Faixa contínua,,,,,,,,
2019-08-07,10:40:00,COM VÍTIMA,FINALIZADA,CABANGA,AV ENGENHEIRO JOSE ESTELITA,,,APÓS O CABANGA,AV ENGENHEIRO JOSE ESTELITA,,APÓS O CABANGA,CABANGA,,CIDADE,CAPOTAMENTO,COLISÃO COM VÍTIMA,1,,,,,,,,,1,,Longo da via,Chuvoso,Não existe,Perfeito estado,Seca,Perfeito estado,Não existe,Outras,60 km/h,Dupla,Canteiro central,,,,,,,,
2019-08-07,10:45:00,SEM VÍTIMA,FINALIZADA,AFLITOS,RUA TELES JUNIOR,350,,,RUA TELES JUNIOR,350,,AFLITOS,,SUBURBIO,CHOQUE VEÍCULO PARADO,COLISÃO S/VITIMAS ENTRE DOIS AUTOS,2,,,,,,,,,0,,Longo da via,Chuvoso,Não existe,Perfeito estado,Molhada,Perfeito estado,Não existe,Placas Pare,,Dupla,Faixa contínua,,,,,,,,
2019-08-07,10:58:00,SEM VÍTIMA,FINALIZADA,PRADO,RUA GOMES TABORDA,548,,,RUA GOMES TABORDA,548,,PRADO,,SUBURBIO,COLISÃO TRASEIRA,COLISÃO SEM VITIMAS,2,,,,,,,,,0,,Longo da via,Bom,Não existe,Perfeito estado,Seca,Perfeito estado,Não existe,R-6c,,Dupla,Faixa seccionada,,,,,,,,
2019-08-07,12:28:00,SEM VÍTIMA,FINALIZADA,SANTO AMARO,,,RUA DA UNIAO,ESCOLA DE CONTAS PÚBLICAS,,,ESCOLA DE CONTAS PÚBLICAS,SANTO AMARO,,CIDADE,ABALROAMENTO LONGITUDINAL,COLISAO SEM VITIMA,2,,,,,,,,,0,,Cruzamento,Chuvoso,Não existe,Perfeito estado,Molhada,Perfeito estado,Não existe,Placas Pare,,Única,Faixa seccionada,,,,,,,,
2019-08-07,12:35:00,COM VÍTIMA,FINALIZADA,CASA AMARELA,EST DO ARRAIAL,4086,,EM FRENTE A GRANJA ARRAIAL E COLEGIO DOM VITAL,EST DO ARRAIAL,4086,EM FRENTE A GRANJA ARRAIAL E COLEGIO DOM VITAL,CASA AMARELA,,SUBURBIO,ENGAVETAMENTO,COLISÃO COM VÍTIMA,4,,,,,,,,,1,,Longo da via,Chuvoso,Sem defeito,Perfeito estado,Molhada,Perfeito estado,Outros,Outras,,Única,Faixa seccionada,,,,,,,,
2019-08-07,13:42:00,SEM VÍTIMA,FINALIZADA,CAMPO GRANDE,RUA JERONIMO VILELA,684,,PROX. DA FARMACIA DO TRABALHADOR,RUA JERONIMO VILELA,684,PROX. DA FARMACIA DO TRABALHADOR,CAMPO GRANDE,,,COLISÃO,COLISÃO SEM VITIMA,2,,,,,,,,,0,,,,,,,,,,,,,,,,,,,,
2019-08-07,15:00:00,SEM VÍTIMA,FINALIZADA,SÃO JOSÉ,AV SATURNINO DE BRITO,,,CONSELHO REGIONAL DE CORRETORES DE IMÓVEIS,AV SATURNINO DE BRITO,,CONSELHO REGIONAL DE CORRETORES DE IMÓVEIS,SÃO JOSÉ,,SUBURBIO,ABALROAMENTO LONGITUDINAL,COLISÃO SEM VÍTIMA,4,,,,,,1,,,0,,Longo da via,Bom,Não existe,Ilegível,Seca,Mal iluminada,Não existe,Não há placas,,Única,Não existe,,,,,,,,
2019-08-07,15:07:00,COM VÍTIMA,FINALIZADA,JARDIM SÃO PAULO,RUA LORENA,271,,E/F A MOTORFRIO REFRIGERAÇÃO,RUA LORENA,271,E/F A MOTORFRIO REFRIGERAÇÃO,JARDIM SÃO PAULO,,SUBURBIO,ABALROAMENTO LONGITUDINAL,COLISAO ENTRE AUTO E MOTO COM UMA VITIMA,1,1,,,,,,,,1,,Longo da via,Bom,Não existe,Não existente,Seca,Perfeito estado,Não existe,Não há placas,,Dupla,Não existe,,,,,,,,