data,hora,natureza_acidente,situacao,bairro,endereco,numero,detalhe_endereco_acidente,complemento,endereco_cruzamento,numero_cruzamento,referencia_cruzamento,bairro_cruzamento,num_semaforo,sentido_via,tipo,descricao,auto,moto,ciclom,ciclista,pedestre,onibus,caminhao,viatura,outros,vitimas,vitimasfatais,acidente_verificado,tempo_clima,situacao_semaforo,sinalizacao,condicao_via,conservacao_via,ponto_controle,situacao_placa,velocidade_max_via,mao_direcao,divisao_via1,divisao_via2,divisao_via3,,,,,,
2019-08-09,07:34:00,COM VÍTIMA,FINALIZADA,IBURA,AV DOIS RIOS,,LAD DA COHAB,PRÓXIMO A POLICLÍNICA DO IBURA.,AV DOIS RIOS,,PRÓXIMO A POLICLÍNICA DO IBURA.,IBURA,,CIDADE,TOMBAMENTO,VITIMA SOCORRIDA PELO SAMU,,1,,,,,,,,1,,Longo da via,Bom,Não existe,Ilegível,Molhada,Mal conservada,Agente,Não há placas,,Dupla,Não existe,,,,,,,,
2019-08-09,07:45:00,SEM VÍTIMA,FINALIZADA,PRADO,AV ENGENHEIRO ABDIAS DE CARVALHO,,EST DOS REMEDIOS,EM FRENTE A FARMACIA DROGASIL,AV ENGENHEIRO ABDIAS DE CARVALHO,,EM FRENTE A FARMACIA DROGASIL,PRADO,52,SUBURBIO,COLISÃO TRASEIRA,COLISÃO S/VITIMAS ENTRE DOIS AUTOS,2,,,,,,,,,0,,Cruzamento,Bom,Sem defeito,Perfeito estado,Seca,Perfeito estado,Não existe,R-6a,60 km/h,Dupla,Outros,,,,,,,,
2019-08-09,07:57:00,SEM VÍTIMA,FINALIZADA,BOA VIAGEM,RUA WALDEMAR NERY CARNEIRO MONTEIRO,180,,EM FRENTE AO BOLHÃO LAVANDERIA,RUA WALDEMAR NERY CARNEIRO MONTEIRO,180,EM FRENTE AO BOLHÃO LAVANDERIA,BOA VIAGEM,,SUBURBIO,ABALROAMENTO LONGITUDINAL,COLISÃO SEM VITIMAS,2,,,,,,,,,0,,Longo da via,Bom,Não existe,Não existente,Seca,Perfeito estado,Não existe,Não há placas,,Dupla,Não existe,,,,,,,,
2019-08-09,08:19:00,SEM VÍTIMA,FINALIZADA,IMBIRIBEIRA,RUA JACI,122,,,RUA JACI,122,,IMBIRIBEIRA,,SUBURBIO,ABALROAMENTO LONGITUDINAL,COLISÃO S/VITIMAS ENTRE UM ONIBUS E UM AUTO,1,,,,,1,,,,0,,Cruzamento,Bom,Não existe,Ilegível,Seca,Mal conservada,Não existe,Placas Pare,,Única,Não existe,,,,,,,,
2019-08-09,08:49:00,SEM VÍTIMA,FINALIZADA,CORDEIRO,RUA GOMES TABORDA,1316,RUA FORMOSA,,RUA GOMES TABORDA,1316,,CORDEIRO,,SUBURBIO,ABALROAMENTO TRANSVERSAL,COLISÃO SEM VITIMAS,2,,,,,,,,,0,,Longo da via,Bom,Não existe,,Seca,,,Placas Pare,,Dupla,Faixa seccionada,,,,,,,,
2019-08-09,09:06:00,COM VÍTIMA,FINALIZADA,BOA VIAGEM,RUA JONATHAS DE VASCONCELOS,1368,RUA ERNESTO DE PAULA SANTOS,EM FRENTE AO POSTO DE GASOLINA BR,RUA JONATHAS DE VASCONCELOS,1368,EM FRENTE AO POSTO DE GASOLINA BR,BOA VIAGEM,,PRAIA,ABALROAMENTO TRANSVERSAL,AUTO E MOTO,1,1,,,,,,,,1,,Cruzamento,Bom,Não existe,Incompleta,Seca,Perfeito estado,Não existe,Não há placas,40 km/h,Única,Faixa seccionada,,,,,,,,
2019-08-09,09:16:00,COM VÍTIMA,FINALIZADA,PONTO DE PARADA,RUA MEM DE SA,90,RUA DEPUTADO PEDRO VELHO,COM A RUA MENDES SÁ, PROX. A FABRICA DA COCA-COLA,RUA MEM DE SA,90,COM A RUA MENDES SÁ, PROX. A FABRICA DA COCA-COLA,PONTO DE PARADA,,,ABALROAMENTO TRANSVERSAL,COLISÃO COM VITIMA A ESPERA DO SAMU,1,1,,,,,,,,1,,Cruzamento,Bom,Não existe,Perfeito estado,Seca,Perfeito estado,Não existe,R-6a,,Dupla,Não existe,,,,,,
2019-08-09,09:43:00,SEM VÍTIMA,FINALIZADA,TORRE,RUA CONS THEODORO,1255,,,RUA CONS THEODORO,1255,,TORRE,,SUBURBIO,ABALROAMENTO LONGITUDINAL,COLISÃO SEM VITIMAS,2,,,,,,,,,0,,Longo da via,Bom,Não existe,Perfeito estado,Seca,Perfeito estado,Não existe,Outras,,Única,Faixa seccionada,,,,,,,,
2019-08-09,10:47:00,SEM VÍTIMA,FINALIZADA,SÃO JOSÉ,RUA IMPERIAL,,RUA BOM SUCESSO,EM FRENTE A PANIFICADORA PÃO PÃO,RUA IMPERIAL,,EM FRENTE A PANIFICADORA PÃO PÃO,SÃO JOSÉ,,,ABALROAMENTO LONGITUDINAL,,2,,,,,,,,,0,,Cruzamento,Bom,Sem defeito,Perfeito estado,Seca,Perfeito estado,Não existe,Outras,,Única,Faixa seccionada,,,,,,,,
2019-08-09,10:55:00,SEM VÍTIMA,DUPLICIDADE,TEJIPIÓ,AV LIBERDADE,,,EM FRENTE A DELEGACIA DE ROUBOS E FURTOS,AV LIBERDADE,,EM FRENTE A DELEGACIA DE ROUBOS E FURTOS,TEJIPIÓ,,,COLISÃO,COLISÃO SEM VITIMAS,1,1,,,,,,,,0,,,,,,,,,,,,,,,,,,,,
2019-08-09,11:08:00,SEM VÍTIMA,FINALIZADA,ESPINHEIRO,AV CONS ROSA E SILVA,,RUA DO ESPINHEIRO,HOSPITAL DOS SERVIDORES DO ESTADO DE PERNAMBUCO,AV CONS ROSA E SILVA,,HOSPITAL DOS SERVIDORES DO ESTADO DE PERNAMBUCO,ESPINHEIRO,,SUBURBIO,ABALROAMENTO LONGITUDINAL,COLISÃO SEM VITIMAS,2,,,,,,,,,0,,,Bom,Não existe,Perfeito estado,Seca,Perfeito estado,Não existe,Outras,,Única,Faixa seccionada,,,,,,,,
2019-08-09,12:20:00,SEM VÍTIMA,FINALIZADA,TEJIPIÓ,AV LIBERDADE,,4TR LIBERDADE,,AV LIBERDADE,,,TEJIPIÓ,,,ABALROAMENTO TRANSVERSAL,COLISAO SEM VITIMAS,1,1,,,,,,,,0,,,Chuvoso,Não existe,Não existente,Molhada,Mal conservada,Não existe,Não há placas,,Dupla,Não existe,,,,,,,,
2019-08-09,12:35:00,COM VÍTIMA,CANCELADA,IPSEP,AV RECIFE,,,APOS A PIZZARIA ATLANTICO, SENTIDO CEASA,AV RECIFE,,APOS A PIZZARIA ATLANTICO, SENTIDO CEASA,IPSEP,,,COLISÃO,COLISÃO COM VITIMA,1,1,,,,,,,,1,,,,,,,,,,,,,,,,,,
2019-08-09,12:35:00,SEM VÍTIMA,CANCELADA,BOA VIAGEM,RUA PROFESSOR MARIO CASTRO,,,COLEGIO MADRE DE DEUS,RUA PROFESSOR MARIO CASTRO,,COLEGIO MADRE DE DEUS,BOA VIAGEM,,,COLISÃO,ENTRE DOIS AUTO S/V,2,,,,,,,,,0,,,,,,,,,,,,,,,,,,,,
2019-08-09,12:44:00,SEM VÍTIMA,FINALIZADA,ALTO DO MANDU,RUA MANDACARU,246,RUA SIRIJI,ESQUINA DE Nº 246,RUA MANDACARU,246,ESQUINA DE Nº 246,ALTO DO MANDU,,SUBURBIO,ABALROAMENTO TRANSVERSAL,COLISÃO SEM VITIMA,1,,,,,,1,,,0,,Cruzamento,Bom,Não existe,Não existente,Seca,,Não existe,Não há placas,,Dupla,Não existe,,,,,,,,
2019-08-09,12:58:00,SEM VÍTIMA,FINALIZADA,BONGI,AV GENERAL SAN MARTIN,1449,,FACULDADE ESTÁCIO,AV GENERAL SAN MARTIN,1449,FACULDADE ESTÁCIO,BONGI,,CIDADE,ABALROAMENTO LONGITUDINAL,COLISAO SEM VITIMA,1,1,,,,,,,,0,,Longo da via,Bom,Não existe,Perfeito estado,Seca,Perfeito estado,Não existe,R-6a,,Dupla,Faixa contínua,,,,,,,,
2019-08-09,13:03:00,SEM VÍTIMA,CANCELADA,ESPINHEIRO,AV CONS ROSA E SILVA,172,,E/F AO CLUBE PORTUGUES,AV CONS ROSA E SILVA,172,E/F AO CLUBE PORTUGUES,ESPINHEIRO,,,COLISÃO,COLISAO ENTRE DOIS AUTOS S/V,2,,,,,,,,,0,,,,,,,,,,,,,,,,,,,,
2019-08-09,13:05:00,SEM VÍTIMA,FINALIZADA,ESTÂNCIA,AV DR JOSE RUFINO,525,,EM FRENTE AO Nº 525,AV DR JOSE RUFINO,525,EM FRENTE AO Nº 525,ESTÂNCIA,,CIDADE,ABALROAMENTO LONGITUDINAL,ENTRE AUTO X ONIBUS S/V,1,,,,,1,,,,0,,Longo da via,Bom,Não existe,Incompleta,Seca,Perfeito estado,Não existe,R-6a,,Dupla,,,,,,,,,
2019-08-09,13:10:00,SEM VÍTIMA,FINALIZADA,IBURA,AV DOIS RIOS,,RUA RIO XINGU,SOB O SEMÁFORO Nº 351,AV DOIS RIOS,,SOB O SEMÁFORO Nº 351,IBURA,351,CIDADE,ABALROAMENTO LONGITUDINAL,COLISÃO SEM VITIMA AUTO E MOTO,1,1,,,,,,,,0,,Longo da via,Bom,Sem defeito,Perfeito estado,Seca,Mal conservada,Faixa de pedestre,Não há placas,,Dupla,Faixa seccionada,,,,,,,,
2019-08-09,13:42:00,SEM VÍTIMA,FINALIZADA,VÁRZEA,RUA PROFESSOR ANTONIO COELHO,,RUA MARECHAL MANOEL LUIS OSORIO,AO LADO DO Nº 495 / COLÉGIO PONTUAL,RUA PROFESSOR ANTONIO COELHO,,AO LADO DO Nº 495 / COLÉGIO PONTUAL,VÁRZEA,,,ABALROAMENTO TRANSVERSAL,COLISÃO SEM VITIMA,2,,,,,,,,,0,,Cruzamento,Bom,Não existe,Perfeito estado,Seca,Perfeito estado,Faixa de pedestre,Placas Pare,30 km/h,Dupla,Faixa contínua,,,,,,,,
2019-08-09,14:06:00,SEM VÍTIMA,FINALIZADA,IBURA,RUA DR OTAVIO DE MORAES VASCONCELOS,61B,RUA CAPITAO VICENTE CURADO,EM FRENTE A PADARIA ALIANÇA,RUA DR OTAVIO DE MORAES VASCONCELOS,61B,EM FRENTE A PADARIA ALIANÇA,IBURA,,CIDADE,ABALROAMENTO LONGITUDINAL,ENTRE DOIS AUTO S/V,2,,,,,,,,,0,,Longo da via,Bom,Não existe,Não existente,Seca,Perfeito estado,Não existe,Não há placas,,Dupla,Não existe,,,,,,,,
2019-08-09,14:19:00,SEM VÍTIMA,CANCELADA,IPUTINGA,RUA MOTORISTA ANTONIO PAULINO DE LIMA,1600,,EM FRENTE ALLIANZZ EMPRESA DE REPARACAO AUTOMOTIVA,RUA MOTORISTA ANTONIO PAULINO DE LIMA,1600,EM FRENTE ALLIANZZ EMPRESA DE REPARACAO AUTOMOTIVA,IPUTINGA,,,COLISÃO,COLISAO SEM VITIMA,1,,,,,1,,,,0,,,,,,,,,,,,,,,,,,,,
2019-08-09,14:21:00,SEM VÍTIMA,FINALIZADA,BOA VIAGEM,AV ENGENHEIRO DOMINGOS FERREIRA,2025,,PET SHOP- PETLAND,AV ENGENHEIRO DOMINGOS FERREIRA,2025,PET SHOP- PETLAND,BOA VIAGEM,,SUBURBIO,ABALROAMENTO LONGITUDINAL,COLISÃO COM VITIMA,1,1,,,,,,,,0,,Longo da via,Bom,Não existe,Perfeito estado,Seca,Perfeito estado,,Não há placas,60 km/h,Única,Faixa seccionada,,,,,,,,
2019-08-09,14:28:00,SEM VÍTIMA,DUPLICIDADE,IBURA,RUA ITAJAI,61B,,E/F A PRAÇA DO UR5,RUA ITAJAI,61B,E/F A PRAÇA DO UR5,IBURA,,,COLISÃO,COLISAO ENTRE DOIS AUTOS S/V,2,,,,,,,,,0,,,,,,,,,,,,,,,,,,,,
2019-08-09,14:29:00,SEM VÍTIMA,FINALIZADA,MONTEIRO,AV DEZESSETE DE AGOSTO,,,PRACA DO MONTEIRO,AV DEZESSETE DE AGOSTO,,PRACA DO MONTEIRO,MONTEIRO,370,CIDADE,COLISÃO TRASEIRA,COLISAO SEM VITIMA,1,,,,,1,,,,0,,Longo da via,Bom,Sem defeito,Perfeito estado,Seca,Perfeito estado,,Outras,,Dupla,Faixa contínua,,,,,,,,
2019-08-09,14:33:00,SEM VÍTIMA,FINALIZADA,BOA VIAGEM,RUA ERNESTO DE PAULA SANTOS,620,,EM FRENTE AO COLEGIO ANCHIETA,RUA ERNESTO DE PAULA SANTOS,620,EM FRENTE AO COLEGIO ANCHIETA,BOA VIAGEM,,CIDADE,ABALROAMENTO TRANSVERSAL,ENTRE AUTO X ONIBUS S/V,1,,,,,1,,,,0,,Longo da via,Bom,Não existe,Perfeito estado,Seca,Perfeito estado,Não existe,Não há placas,,Dupla,Faixa seccionada,,,,,,,,
2019-08-09,14:44:00,SEM VÍTIMA,FINALIZADA,SÃO JOSÉ,C SANTA RITA,,,PROX. AS TORRES GÊMEAS,C SANTA RITA,,PROX. AS TORRES GÊMEAS,SÃO JOSÉ,,CIDADE,COLISÃO TRASEIRA,COLISÃO SEM VITIMA,2,,,,,,,,,0,,Longo da via,Bom,Sem defeito,Perfeito estado,Seca,Perfeito estado,Faixa de pedestre,Outras,60 km/h,Dupla,Canteiro central,,,,,,,,
2019-08-09,14:45:00,SEM VÍTIMA,FINALIZADA,IPSEP,RUA DR RAPOSO PINTO,244,RUA LANDELINO CAMARA,,RUA DR RAPOSO PINTO,244,,IPSEP,,CIDADE,ABALROAMENTO TRANSVERSAL,COLISAO ENTRE AUTO E MOTO S/V,1,1,,,,,,,,0,,Cruzamento,Bom,Não existe,Perfeito estado,Seca,Perfeito estado,Faixa de retenção,Placas Pare,,Dupla,Faixa contínua,,,,,,,,
2019-08-09,15:21:00,SEM VÍTIMA,CANCELADA,BOA VIAGEM,RUA PROFESSOR JOAO MEDEIROS,,,EM FRENTE A DROGASIL,RUA PROFESSOR JOAO MEDEIROS,,EM FRENTE A DROGASIL,BOA VIAGEM,329,,COLISÃO,COLISÃO SEM VITIMA,1,1,,,,,,,,0,,,,,,,,,,,,,,,,,,,,
2019-08-09,15:28:00,COM VÍTIMA,FINALIZADA,IMBIRIBEIRA,AV GENERAL MAC ARTHUR,100,,EM FRENTE AO LE PARQUE,AV GENERAL MAC ARTHUR,100,EM FRENTE AO LE PARQUE,IMBIRIBEIRA,,SUBURBIO,ABALROAMENTO LONGITUDINAL,ENTRE AUTO PASSEIO X MOTO,1,1,,,,,,,,1,,Longo da via,Bom,Não existe,Não existente,Seca,Perfeito estado,Não existe,Não há placas,40 km/h,Única,Faixa seccionada,,,,,,,,
2019-08-09,16:04:00,SEM VÍTIMA,FINALIZADA,BOA VIAGEM,AV ENGENHEIRO DOMINGOS FERREIRA,,,AUTOPARVI POSTO COMBUSTÍVEL SHELL,AV ENGENHEIRO DOMINGOS FERREIRA,,AUTOPARVI POSTO COMBUSTÍVEL SHELL,BOA VIAGEM,,SUBURBIO,COLISÃO TRASEIRA,COLISAO SEM VITIMA,2,,,,,,,,,0,,Longo da via,Bom,Não existe,Perfeito estado,Seca,Perfeito estado,Não existe,Outras,,Única,Faixa seccionada,,,,,,,,
2019-08-09,16:19:00,SEM VÍTIMA,FINALIZADA,BOA VISTA,AV CONDE DA BOA VISTA,,,EM FRENTE A RENNER,AV CONDE DA BOA VISTA,,EM FRENTE A RENNER,BOA VISTA,,SUBURBIO,ABALROAMENTO LONGITUDINAL,ONIBUS X AUTO PASSEIO,1,,,,,1,,,,0,,Longo da via,Bom,Não existe,Perfeito estado,Seca,Perfeito estado,Não existe,R-6c,,Dupla,Faixa contínua,,,,,,,,
2019-08-09,16:49:00,SEM VÍTIMA,FINALIZADA,PINA,AV ANTONIO DE GOES,500,,AO LADO DA AUTOMOTIVA,AV ANTONIO DE GOES,500,AO LADO DA AUTOMOTIVA,PINA,,,COLISÃO,COLISAO SEM VITIMA,2,,,,,,,,,0,,,,,,,,,,,,,,,,,,,,
2019-08-09,17:06:00,SEM VÍTIMA,CANCELADA,BAIRRO DO RECIFE,AV ALFREDO LISBOA,,,PROX A PRAÇA DO MARCO ZERO E/F AO ARMAZÉM 14,AV ALFREDO LISBOA,,PROX A PRAÇA DO MARCO ZERO E/F AO ARMAZÉM 14,BAIRRO DO RECIFE,,,COLISÃO,COLISAO ENTRE DOIS AUTOS S/V,2,,,,,,,,,0,,,,,,,,,,,,,,,,,,,,
2019-08-09,17:09:00,COM VÍTIMA,FINALIZADA,PINA,AV CONSELHEIRO AGUIAR,600,RUA PEREIRA DA COSTA,ESQUINA COM ARUA PERERIA DA COSTA,AV CONSELHEIRO AGUIAR,600,ESQUINA COM ARUA PERERIA DA COSTA,PINA,,CIDADE,COLISÃO TRASEIRA,COLISAO COM VITIMA,1,1,,,,,,,,1,,Longo da via,Bom,Sem defeito,Perfeito estado,Seca,Perfeito estado,Não existe,Não há placas,,Única,Faixa seccionada,,,,,,,,
2019-08-09,17:11:00,SEM VÍTIMA,FINALIZADA,IPSEP,RUA BLUMENAU,,RUA JEAN EMILE FAVRE,E/F A FARMACIA SANTA LUZIA,RUA BLUMENAU,,E/F A FARMACIA SANTA LUZIA,IPSEP,,,COLISÃO,COLISAO ENTRE CAMINHAO E AUTO S/V,1,,,,,,1,,,0,,,,,,,,,,,,,,,,,,,,
2019-08-09,18:15:00,SEM VÍTIMA,FINALIZADA,ESPINHEIRO,RUA DO ESPINHEIRO,821,,EM FRENTE A GALERIA FRANCISCO ACCIOLY,RUA DO ESPINHEIRO,821,EM FRENTE A GALERIA FRANCISCO ACCIOLY,ESPINHEIRO,,SUBURBIO,ABALROAMENTO LONGITUDINAL,ONIX X MOTO,1,1,,,,,,,,0,,Longo da via,Bom,Não existe,Perfeito estado,Seca,Perfeito estado,Não existe,Outras,,Única,Faixa seccionada,,,,,,,,
2019-08-09,18:15:00,SEM VÍTIMA,FINALIZADA,CASA AMARELA,RUA DONA ANA XAVIER,60,,PRÓX CHEVROLET PEDRAGON,RUA DONA ANA XAVIER,60,PRÓX CHEVROLET PEDRAGON,CASA AMARELA,,,ABALROAMENTO LONGITUDINAL,ENTRE 2 AUTOS E ÔNIBUS. S/V,2,,,,,1,,,,0,,Longo da via,Bom,Sem defeito,Não existente,Seca,Perfeito estado,Não existe,Outras,,Única,Não existe,,,,,,,,
2019-08-09,18:37:00,SEM VÍTIMA,FINALIZADA,PRADO,RUA CARLOS GOMES,,,,RUA CARLOS GOMES,,,PRADO,,SUBURBIO,COLISÃO TRASEIRA,HB 20 X CRV,2,,,,,,,,,0,,Longo da via,Bom,Não existe,Perfeito estado,Seca,Perfeito estado,Não existe,R-6a,,Única,Faixa seccionada,,,,,,,,
2019-08-09,18:46:00,SEM VÍTIMA,CANCELADA,IPSEP,RUA JEAN EMILE FAVRE,,,ESQUINA COM A PRC DA MAURICEA,RUA JEAN EMILE FAVRE,,ESQUINA COM A PRC DA MAURICEA,IPSEP,,,COLISÃO,ENTRE AUTO E MOTO. S/V,1,1,,,,,,,,0,,,,,,,,,,,,,,,,,,,,
2019-08-09,19:59:00,SEM VÍTIMA,CANCELADA,BOA VIAGEM,RUA VISCONDE DE JEQUITINHONHA,,RUA DONA MAGINA PONTUAL,ENF AO RESTAURANTE SOCADINHO E CAMARAO,RUA VISCONDE DE JEQUITINHONHA,,ENF AO RESTAURANTE SOCADINHO E CAMARAO,BOA VIAGEM,,,COLISÃO,SIENA X HONDA CIT,2,,,,,,,,,0,,,,,,,,,,,,,,,,,,,,
2019-08-09,20:25:00,SEM VÍTIMA,FINALIZADA,SÃO JOSÉ,AV SUL,,PRC FREI CANECA,FORTE DAS CINCO PONTAS,AV SUL,,FORTE DAS CINCO PONTAS,SÃO JOSÉ,,CIDADE,ABALROAMENTO LONGITUDINAL,ONIBUS CAXANGA X RENAULT,1,,,,,1,,,,0,,,Bom,Não existe,Perfeito estado,Seca,Perfeito estado,,Placas Pare,40 km/h,Única,,,,,,,,,
2019-08-09,20:42:00,COM VÍTIMA,FINALIZADA,TOTÓ,AV LIBERDADE,1533,,E/F A PADARIA EMPORIO DOS PÃES E ARMAZÉM SEVERINO PONTES // SNT BR- 232 EM FRENTE A ACADEMIA STAR FIT.,AV LIBERDADE,1533,E/F A PADARIA EMPORIO DOS PÃES E ARMAZÉM SEVERINO PONTES // SNT BR- 232 EM FRENTE A ACADEMIA STAR FIT.,TOTÓ,,SUBURBIO,ATROPELAMENTO,MOTO X PEDESTRE ( MOTOQUEIRO APRESENTA SINAIS DE EMBRIAGUEZ. USUÁRIO SOLICITA A PRESENÇA DO BAFÔMETRO NO LOCAL ) C/V,,1,,,1,,,,,2,,Longo da via,Bom,Não existe,Perfeito estado,Seca,Perfeito estado,Não existe,Não há placas,50 km/h,Dupla,Não existe,,,,,,,,
2019-08-09,21:16:00,COM VÍTIMA,CANCELADA,IPUTINGA,EST DO BARBALHO,183,RUA NAVIRAI,PROX AO WALMART E RESTAURANTE FAMA DO BODE,EST DO BARBALHO,183,PROX AO WALMART E RESTAURANTE FAMA DO BODE,IPUTINGA,,,COLISÃO,SIENA X MOTO,1,1,,,,,,,,1,,,,,,,,,,,,,,,,,,,,
2019-08-10,01:02:00,COM VÍTIMA,FINALIZADA,IPSEP,RUA HELIO BRANDAO,,RUA PINTOR ANTONIO ALBUQUERQUE,EM FRENTE A IGREJA ADVENTISTA DO SÉTIMO DIA,RUA HELIO BRANDAO,,EM FRENTE A IGREJA ADVENTISTA DO SÉTIMO DIA,IPSEP,293,,ABALROAMENTO TRANSVERSAL,COLISÃO ENTRE DOIS AUTOS, COM VÍTIMAS.,2,,,,,,,,,1,,Cruzamento,Bom,Desligado,Perfeito estado,Seca,Perfeito estado,Faixa de pedestre,R-6a,,Única,,,,,,,,
2019-08-10,01:20:00,SEM VÍTIMA,FINALIZADA,CASA AMARELA,RUA DA HARMONIA,,RUA CONS NABUCO,,RUA DA HARMONIA,,,CASA AMARELA,,SUBURBIO,ABALROAMENTO TRANSVERSAL,COLISÃO ENTRE DOIS AUTOS, S/V,2,,,,,,,,,0,,Cruzamento,Bom,Não existe,Perfeito estado,Seca,Perfeito estado,Faixa de pedestre,Placas Pare,,Dupla,Faixa contínua,,,,,,,
2019-08-10,04:05:00,COM VÍTIMA,FINALIZADA,TORRE,RUA JOSE BONIFACIO,,,NA DESCIDA DA PONTE DA TORRE, PRÓX AO GUAIAMUM GIGANTE,RUA JOSE BONIFACIO,,NA DESCIDA DA PONTE DA TORRE, PRÓX AO GUAIAMUM GIGANTE,TORRE,,CIDADE,CHOQUE OBJETO FIXO,CONDUTOR CHOCOU-SE CONTRA A MURETA DA PONTE,,1,,,,,,,,1,,Viaduto,Bom,Não existe,Perfeito estado,Seca,Perfeito estado,Outros,Outras,,Única,Faixa seccionada,,,,,,
2019-08-10,07:14:00,COM VÍTIMA,FINALIZADA,ILHA DO RETIRO,EST DOS REMEDIOS,,AV ENGENHEIRO ABDIAS DE CARVALHO,FARMÁCIA INDEPENDENTE,EST DOS REMEDIOS,,FARMÁCIA INDEPENDENTE,ILHA DO RETIRO,52,SUBURBIO,COLISÃO COM CICLISTA,AUTO E BICICLETA,1,,,1,,,,,,1,,Cruzamento,Bom,Sem defeito,Perfeito estado,Seca,Perfeito estado,Não existe,R-6a,,Única,Não existe,,,,,,,,
2019-08-10,07:45:00,SEM VÍTIMA,FINALIZADA,BOA VIAGEM,RUA ERNESTO DE PAULA SANTOS,,RUA AMALIA BERNARDINO DE SOUZA,REF POSTO PETROBRAS,RUA ERNESTO DE PAULA SANTOS,,REF POSTO PETROBRAS,BOA VIAGEM,,SUBURBIO,ABALROAMENTO TRANSVERSAL,AUTO E ONIBUS,1,,,,,1,,,,0,,Cruzamento,Bom,Não existe,Não existente,Seca,Perfeito estado,Não existe,Não há placas,,,Não existe,,,,,,,,
2019-08-10,08:12:00,COM VÍTIMA,FINALIZADA,BOA VISTA,AV JOAO DE BARROS,25,RUA CONDE D'EU,EM FRENTE AO ESTACIONAMENTO DO NUCE,AV JOAO DE BARROS,25,EM FRENTE AO ESTACIONAMENTO DO NUCE,BOA VISTA,,CIDADE,ABALROAMENTO TRANSVERSAL,COLISAO COM VITIMAS,1,1,,,,,,,,1,,Cruzamento,Bom,Não existe,Perfeito estado,Seca,Perfeito estado,Não existe,R-6a,,Única,Faixa seccionada,,,,,,,,
2019-08-10,08:51:00,SEM VÍTIMA,FINALIZADA,MADALENA,EST DOS REMEDIOS,,AV JOSE GONCALVES DE MEDEIROS,EM FRENTE A POLICLÍNICA LESSA DE ANDRADE,EST DOS REMEDIOS,,EM FRENTE A POLICLÍNICA LESSA DE ANDRADE,MADALENA,353,CIDADE,ABALROAMENTO LONGITUDINAL,COLISAO SEM VITIMAS,2,,,,,,,,,0,,,Bom,Sem defeito,Perfeito estado,Seca,Perfeito estado,Faixa de pedestre,,,Única,Faixa seccionada,,,,,,,,
2019-08-10,08:59:00,SEM VÍTIMA,FINALIZADA,VÁRZEA,RUA BELEM DE SAO FRANCISCO,75,,EM FRENTE AO LAVA JATO DAS MENINAS,RUA BELEM DE SAO FRANCISCO,75,EM FRENTE AO LAVA JATO DAS MENINAS,VÁRZEA,,SUBURBIO,CHOQUE VEÍCULO PARADO,COLISÃO SEM VITIMAS,2,,,,,,,,,0,,Longo da via,Bom,Não existe,Perfeito estado,Seca,Perfeito estado,Não existe,Não há placas,30 km/h,Dupla,Não existe,,,,,,,,
2019-08-10,09:15:00,SEM VÍTIMA,FINALIZADA,BOA VIAGEM,RUA VISCONDE DE JEQUITINHONHA,,,SOB O SEMÁFORO 248 / ARMINDO MOURA,RUA VISCONDE DE JEQUITINHONHA,,SOB O SEMÁFORO 248 / ARMINDO MOURA,BOA VIAGEM,248,SUBURBIO,COLISÃO TRASEIRA,COLISAO SEM VITIMAS,2,,,,,,,,,0,,Cruzamento,Bom,Sem defeito,Perfeito estado,Seca,Perfeito estado,Faixa de pedestre,,,Dupla,Faixa seccionada,,,,,,,,
2019-08-10,09:34:00,COM VÍTIMA,FINALIZADA,TAMARINEIRA,RUA CONEGO BARATA,,AV NORTE,NO CRUZAMENTO,RUA CONEGO BARATA,,NO CRUZAMENTO,TAMARINEIRA,62,SUBURBIO,ABALROAMENTO TRANSVERSAL,COLISAO COM VITIMAS,1,1,,,,,,,,1,,Longo da via,Bom,Sem defeito,Perfeito estado,Seca,Perfeito estado,Faixa de pedestre,R-6a,,Dupla,Blocos,,,,,,,,
2019-08-10,10:05:00,SEM VÍTIMA,FINALIZADA,TORRE,RUA CATOLANDIA,271,,EM FRENTE AO Nº 251,RUA CATOLANDIA,271,EM FRENTE AO Nº 251,TORRE,,SUBURBIO,ABALROAMENTO TRANSVERSAL,COLISÃO SEM VITIMAS,2,,,,,,,,,0,,Longo da via,Bom,Não existe,Não existente,Seca,Perfeito estado,Não existe,Não há placas,,Dupla,Não existe,,,,,,,,
2019-08-10,11:50:00,SEM VÍTIMA,FINALIZADA,SANTO AMARO,AV GOVERNADOR AGAMENON MAGALHAES,,,NA DESCIDA DO VIADUTO JOÃO DE BARROS,AV GOVERNADOR AGAMENON MAGALHAES,,NA DESCIDA DO VIADUTO JOÃO DE BARROS,SANTO AMARO,,,COLISÃO TRASEIRA,COLISÃO S/VITIMAS ENTRE TRÊS AUTOS,3,,,,,,,,,0,,Longo da via,Bom,Não existe,Perfeito estado,Seca,Perfeito estado,Não existe,Outras,,Dupla,Canal,,,,,,,,