data,hora,natureza_acidente,situacao,bairro,endereco,numero,detalhe_endereco_acidente,complemento,endereco_cruzamento,numero_cruzamento,referencia_cruzamento,bairro_cruzamento,num_semaforo,sentido_via,tipo,descricao,auto,moto,ciclom,ciclista,pedestre,onibus,caminhao,viatura,outros,vitimas,vitimasfatais,acidente_verificado,tempo_clima,situacao_semaforo,sinalizacao,condicao_via,conservacao_via,ponto_controle,situacao_placa,velocidade_max_via,mao_direcao,divisao_via1,divisao_via2,divisao_via3,,,,,,
2019-08-15,19:32:00,SEM VÍTIMA,FINALIZADA,CAXANGÁ,RUA EMILIANO BRAGA,,,,RUA EMILIANO BRAGA,,,CAXANGÁ,,CIDADE,ABALROAMENTO LONGITUDINAL,ENTRE 2 AUTOS. S/V,1,,,,,,1,,,0,,Longo da via,Bom,Não existe,Perfeito estado,Seca,Perfeito estado,Outros,Outras,,Única,Faixa seccionada,,,,,,,,
2019-08-15,19:38:00,SEM VÍTIMA,FINALIZADA,PINA,AV CONSELHEIRO AGUIAR,,RUA PEREIRA DA COSTA,SEMÁFORO 140,AV CONSELHEIRO AGUIAR,,SEMÁFORO 140,PINA,140,CIDADE,COLISÃO TRASEIRA,ENTRE 2 AUTOS. S/V,2,,,,,,,,,0,,,Bom,Com defeito,,Seca,Perfeito estado,Faixa de pedestre,R-6a,,Única,Faixa seccionada,,,,,,,,
2019-08-15,19:53:00,SEM VÍTIMA,FINALIZADA,CASA AMARELA,AV NORTE,,AV PROFESSOR JOSE DOS ANJOS,SEMÁFORO 364,AV NORTE,,SEMÁFORO 364,CASA AMARELA,364,SUBURBIO,ABALROAMENTO LONGITUDINAL,ENTRE 2 AUTOS. S/V,2,,,,,,,,,0,,Cruzamento,Chuvoso,Sem defeito,Perfeito estado,Seca,Perfeito estado,Faixa de pedestre,Placas Pare,40 km/h,Dupla,Canteiro central,,,,,,,,
2019-08-15,20:18:00,COM VÍTIMA,FINALIZADA,PINA,AV CONSELHEIRO AGUIAR,550,RUA PEREIRA DA COSTA,E/F A URBAN ARTS -- SEMÁFORO 140,AV CONSELHEIRO AGUIAR,550,E/F A URBAN ARTS -- SEMÁFORO 140,PINA,140,CIDADE,ABALROAMENTO TRANSVERSAL,ENTRE AUTO E MOTO. C/V,1,1,,,,,,,,1,,Cruzamento,Bom,Com defeito,Perfeito estado,Seca,Perfeito estado,Faixa de pedestre,,,Única,Faixa seccionada,,,,,,,,
2019-08-15,20:32:00,SEM VÍTIMA,FINALIZADA,,RUA BENFICA,568,,POSTO BR PETRÓBRAS,RUA BENFICA,568,POSTO BR PETRÓBRAS,,,SUBURBIO,CHOQUE VEÍCULO PARADO,LOGAN X NISSA FRONTIER,2,,,,,,,,,0,,Outros,Bom,Não existe,Perfeito estado,Seca,Perfeito estado,Outros,Outras,,Dupla,Faixa seccionada,,,,,,,,
2019-08-15,20:51:00,SEM VÍTIMA,FINALIZADA,IMBIRIBEIRA,AV MARECHAL MASCARENHAS DE MORAES,,AV PINHEIROS,SEMÁFORO 396,AV MARECHAL MASCARENHAS DE MORAES,,SEMÁFORO 396,IMBIRIBEIRA,396,,ABALROAMENTO LONGITUDINAL,ÕNIBUS X AUTO PASSEIO. S/V,1,,,,,1,,,,0,,Cruzamento,Chuvoso,Sem defeito,Perfeito estado,Molhada,Perfeito estado,Faixa de pedestre,R-6a,50 km/h,Dupla,Canteiro central,,,,,,,,
2019-08-15,21:47:00,SEM VÍTIMA,FINALIZADA,ALTO SANTA TERESINHA,RUA TAMBOARA,977,,FRENTE A LOJA ANA K MODAS,RUA TAMBOARA,977,FRENTE A LOJA ANA K MODAS,ALTO SANTA TERESINHA,,CIDADE,ABALROAMENTO LONGITUDINAL,ONIBUS CAXANGA X PALIO,1,,,,,1,,,,0,,Longo da via,Chuvoso,Não existe,Não existente,Molhada,Perfeito estado,Não existe,Não há placas,40 km/h,Dupla,Não existe,,,,,,,,
2019-08-16,00:17:00,COM VÍTIMA,FINALIZADA,BOA VIAGEM,RUA DEZ DE JULHO,210,RUA CAMBOIM,EM FRENTE AO MAISON CHRISTAL,RUA DEZ DE JULHO,210,EM FRENTE AO MAISON CHRISTAL,BOA VIAGEM,,,ABALROAMENTO TRANSVERSAL,COLISÃO ENTRE CAMINHÃO E MOTO, C/V,,1,,,,,1,,,1,,Cruzamento,Chuvoso,Não existe,Perfeito estado,Molhada,Mal iluminada,Não existe,Placas Pare,,Única,Faixa seccionada,,,,,,,
2019-08-16,06:27:00,COM VÍTIMA,FINALIZADA,ESPINHEIRO,RUA SAMUEL CAMPELO,942,RUA QUARENTA E OITO,EM FRENTE A GALERIA 48 CENTER,RUA SAMUEL CAMPELO,942,EM FRENTE A GALERIA 48 CENTER,ESPINHEIRO,,CIDADE,ABALROAMENTO LONGITUDINAL,AUTO E MOTO,1,1,,,,,,,,2,,Cruzamento,Bom,Não existe,Perfeito estado,Seca,Perfeito estado,Não existe,Não há placas,,Única,Faixa seccionada,,,,,,,,
2019-08-16,07:04:00,COM VÍTIMA,FINALIZADA,BOA VIAGEM,AV CONSELHEIRO AGUIAR,550,RUA PEREIRA DA COSTA,EM FRENTE A LOJA URBAN ARTS. EM PORIO DA LUZ,AV CONSELHEIRO AGUIAR,550,EM FRENTE A LOJA URBAN ARTS. EM PORIO DA LUZ,BOA VIAGEM,140,SUBURBIO,ABALROAMENTO TRANSVERSAL,COLISÃO COM VITIMA A ESPERA DO SAMU,1,,,,,1,,,,1,,Cruzamento,Bom,Com defeito,Perfeito estado,Seca,Perfeito estado,,R-6a,,Única,Faixa seccionada,,,,,,,,
2019-08-16,07:23:00,SEM VÍTIMA,FINALIZADA,BOA VIAGEM,RUA CRUZEIRO DO FORTE,,RUA COSMORAMA,,RUA CRUZEIRO DO FORTE,,,BOA VIAGEM,,,ABALROAMENTO TRANSVERSAL,COLISÃO SEM VITIMAS,2,,,,,,,,,0,,Cruzamento,Bom,Não existe,Não existente,Seca,Perfeito estado,Não existe,Não há placas,,Dupla,Não existe,,,,,,,,
2019-08-16,08:00:00,SEM VÍTIMA,CANCELADA,ILHA DO RETIRO,AV ENGENHEIRO ABDIAS DE CARVALHO,,RUA TABAIARES,EM FRENTE AO SPORT, NO SEMAFORO 355,AV ENGENHEIRO ABDIAS DE CARVALHO,,EM FRENTE AO SPORT, NO SEMAFORO 355,ILHA DO RETIRO,355,,COLISÃO,DOIS AUTOS,2,,,,,,,,,0,,,,,,,,,,,,,,,,,,
2019-08-16,08:13:00,COM VÍTIMA,FINALIZADA,IMBIRIBEIRA,AV MARECHAL MASCARENHAS DE MORAES,1200,,EM FRENTE A REAL ONIBUS,AV MARECHAL MASCARENHAS DE MORAES,1200,EM FRENTE A REAL ONIBUS,IMBIRIBEIRA,,CIDADE,COLISÃO TRASEIRA,COLISÃO C/VITIMAS ENTRE UMA MOTO E UM AUTO,1,1,,,,,,,,1,,Longo da via,Bom,Não existe,Perfeito estado,Seca,Perfeito estado,,Não há placas,60 km/h,Dupla,Canteiro central,,,,,,,,
2019-08-16,08:33:00,SEM VÍTIMA,FINALIZADA,ENCRUZILHADA,RUA DR JOSE MARIA,,RUA GENERAL ARTUR OSCAR,,RUA DR JOSE MARIA,,,ENCRUZILHADA,,SUBURBIO,ABALROAMENTO LONGITUDINAL,DOIS AUTOS VT NO LOCAL,2,,,,,,,,,0,,Cruzamento,Chuvoso,Não existe,Perfeito estado,Molhada,Perfeito estado,Faixa de pedestre,Placas Pare,,Dupla,Faixa seccionada,,,,,,,,
2019-08-16,09:17:00,SEM VÍTIMA,FINALIZADA,PINA,AV HERCULANO BANDEIRA,,RUA SAO LUIZ,FARMACIA DO TRABALHADOR,AV HERCULANO BANDEIRA,,FARMACIA DO TRABALHADOR,PINA,,SUBURBIO,ABALROAMENTO LONGITUDINAL,COLISAO SEM VITIMAS,1,,,,,1,,,,0,,Longo da via,Bom,Não existe,Perfeito estado,Seca,Perfeito estado,Não existe,Placas Pare,,Única,Faixa seccionada,,,,,,,,
2019-08-16,09:20:00,SEM VÍTIMA,FINALIZADA,BOA VIAGEM,RUA SETUBAL,,RUA DR VICENTE GOMES,,RUA SETUBAL,,,BOA VIAGEM,60,CIDADE,ABALROAMENTO LONGITUDINAL,COLISAO SEM VITIMAS,1,,,,,1,,,,0,,,Bom,Sem defeito,Perfeito estado,Seca,Perfeito estado,Faixa de pedestre,,,,,,,,,,,,
2019-08-16,09:58:00,SEM VÍTIMA,FINALIZADA,IMBIRIBEIRA,AV MARECHAL MASCARENHAS DE MORAES,474,RUA ALVARO AMORIM,LOJA FLOR ARTE,AV MARECHAL MASCARENHAS DE MORAES,474,LOJA FLOR ARTE,IMBIRIBEIRA,316,SUBURBIO,ABALROAMENTO LONGITUDINAL,DOIS AUTOS,2,,,,,,,,,0,,Cruzamento,Chuvoso,Sem defeito,Perfeito estado,Seca,Perfeito estado,Faixa de pedestre,Não há placas,60 km/h,Dupla,Canteiro central,,,,,,,,
2019-08-16,10:48:00,SEM VÍTIMA,CANCELADA,BOA VIAGEM,RUA ANTONIO FALCAO,384,AV ENGENHEIRO DOMINGOS FERREIRA,EM FRENTE AO SANTANDER,RUA ANTONIO FALCAO,384,EM FRENTE AO SANTANDER,BOA VIAGEM,145,SUBURBIO,COLISÃO,COLISAO SEM VITIMAS,2,,,,,,,,,0,,,,,,,,,,,,,,,,,,,,
2019-08-16,10:49:00,SEM VÍTIMA,FINALIZADA,NOVA DESCOBERTA,RUA RITA ANTONIO FELIX,5064,,,RUA RITA ANTONIO FELIX,5064,,NOVA DESCOBERTA,,SUBURBIO,CHOQUE VEÍCULO PARADO,COLISÃO SEM VITIMAS,1,,,,,,1,,,0,,Longo da via,Bom,Não existe,Não existente,Seca,Perfeito estado,Não existe,Não há placas,,Dupla,Não existe,,,,,,,,
2019-08-16,11:01:00,SEM VÍTIMA,FINALIZADA,AFOGADOS,RUA SANTOS ARAUJO,,,EM FRENTE AO POSTO BRAZ PETRO,RUA SANTOS ARAUJO,,EM FRENTE AO POSTO BRAZ PETRO,AFOGADOS,333,SUBURBIO,COLISÃO TRASEIRA,COLISÃO SEM VITIMAS,1,,,,,,1,,,0,,Longo da via,Chuvoso,Sem defeito,Perfeito estado,Molhada,Perfeito estado,Faixa de pedestre,Outras,,Única,Faixa seccionada,,,,,,,,
2019-08-16,11:07:00,COM VÍTIMA,FINALIZADA,BOA VISTA,AV GOVERNADOR CARLOS DE LIMA CAVALCANTI,,RUA DOM BOSCO,EM FRENTE AO POSTO DE GASOLINA IPIRANGA,AV GOVERNADOR CARLOS DE LIMA CAVALCANTI,,EM FRENTE AO POSTO DE GASOLINA IPIRANGA,BOA VISTA,27,SUBURBIO,COLISÃO TRASEIRA,AUTO E MOTO,1,1,,,,,,,,1,,Cruzamento,Chuvoso,Sem defeito,Perfeito estado,Molhada,Perfeito estado,Faixa de pedestre,R-6a,,Dupla,Canteiro central,,,,,,,,
2019-08-16,11:18:00,SEM VÍTIMA,FINALIZADA,SAN MARTIN,AV GENERAL SAN MARTIN,,,GIRADOR DE SAN MARTIN,AV GENERAL SAN MARTIN,,GIRADOR DE SAN MARTIN,SAN MARTIN,,CIDADE,COLISÃO TRASEIRA,DOIS AUTOS,1,,,,,,,,,0,,,Bom,Não existe,Incompleta,Molhada,Perfeito estado,,,,,,,,,,,,,
2019-08-16,11:34:00,COM VÍTIMA,FINALIZADA,IMBIRIBEIRA,RUA JOSE DA SILVA LUCENA,288,,ATRÁS DA FERREIRA COSTA (PROX. AO MURO DA ESTAÇÃO SHOPPING),RUA JOSE DA SILVA LUCENA,288,ATRÁS DA FERREIRA COSTA (PROX. AO MURO DA ESTAÇÃO SHOPPING),IMBIRIBEIRA,,CIDADE,ABALROAMENTO LONGITUDINAL,COLISÃO SEM VITIMAS,1,1,,,,,,,,1,,Longo da via,Bom,Não existe,Não existente,Seca,Perfeito estado,Não existe,Não há placas,,Dupla,Não existe,,,,,,,,
2019-08-16,11:43:00,SEM VÍTIMA,FINALIZADA,DERBY,PRC DO DERBY,,AV GOVERNADOR AGAMENON MAGALHAES,,PRC DO DERBY,,,DERBY,75,,COLISÃO FRONTAL,COLISAO SEM VITIMAS,1,1,,,,,,,,0,,Cruzamento,Chuvoso,Sem defeito,Perfeito estado,Molhada,Perfeito estado,Faixa de pedestre,,60 km/h,Dupla,Canal,,,,,,,,
2019-08-16,11:57:00,SEM VÍTIMA,CANCELADA,BOA VIAGEM,AV CONSELHEIRO AGUIAR,,,EM FRENTE AO BANDO ITAU PERSONALITE,AV CONSELHEIRO AGUIAR,,EM FRENTE AO BANDO ITAU PERSONALITE,BOA VIAGEM,,,COLISÃO,COLISÃO SEM VITIMA,2,,,,,,,,,0,,,,,,,,,,,,,,,,,,,,
2019-08-16,12:10:00,SEM VÍTIMA,FINALIZADA,SÃO JOSÉ,RUA IMPERIAL,,,,RUA IMPERIAL,,,SÃO JOSÉ,511,SUBURBIO,ABALROAMENTO TRANSVERSAL,COLISÃO SEM VÍTIMA,2,,,,,,,,,0,,Cruzamento,Bom,Sem defeito,Perfeito estado,Molhada,Perfeito estado,Agente,Outras,,Única,Não existe,,,,,,,,
2019-08-16,13:41:00,SEM VÍTIMA,FINALIZADA,BEBERIBE,AV BEBERIBE,,,EM FRENTE AO Nº 4472,AV BEBERIBE,,EM FRENTE AO Nº 4472,BEBERIBE,348,SUBURBIO,ABALROAMENTO LONGITUDINAL,COLISAO ENTRE ONIBUS E CAMINHAO S/V,,,,,,1,1,,,0,,Longo da via,Bom,Sem defeito,Não existente,Seca,Perfeito estado,Faixa de pedestre,Não há placas,,Dupla,Faixa contínua,,,,,,,,
2019-08-16,13:53:00,SEM VÍTIMA,FINALIZADA,JARDIM SÃO PAULO,AV RECIFE,5697,,EM FRENTE AO SEMÁFORO,AV RECIFE,5697,EM FRENTE AO SEMÁFORO,JARDIM SÃO PAULO,259,SUBURBIO,COLISÃO TRASEIRA,COLISÃO SEM VÍTIMA,2,1,,,,,,,,0,,Longo da via,Bom,Sem defeito,Perfeito estado,Seca,Perfeito estado,Agente,Outras,60 km/h,Única,Faixa contínua,,,,,,,,
2019-08-16,14:02:00,SEM VÍTIMA,FINALIZADA,,AV ARMINDO MOURA,,,EM FRENTE AO Nº 172,AV ARMINDO MOURA,,EM FRENTE AO Nº 172,,,SUBURBIO,ABALROAMENTO TRANSVERSAL,COLISÃO SEM VITIMA,1,1,,,,,,,,0,,Longo da via,Bom,Não existe,Perfeito estado,Seca,Perfeito estado,Não existe,Não há placas,,Dupla,Não existe,,,,,,,,
2019-08-16,14:07:00,SEM VÍTIMA,FINALIZADA,DOIS IRMÃOS,,,,LAVAGRO / BIBLIOTECA DA RURAL,,,LAVAGRO / BIBLIOTECA DA RURAL,DOIS IRMÃOS,,SUBURBIO,COLISÃO TRASEIRA,COLISAO ENTRE DOIS AUTOS S/V,2,,,,,,,,,0,,,Nublado,Não existe,Não existente,,,Não existe,,,Dupla,Não existe,,,,,,,,
2019-08-16,14:33:00,VÍTIMA FATAL,FINALIZADA,BOA VISTA,AV CONDE DA BOA VISTA,,RUA DAS NINFAS,EM FRENTE A CASA LOTERICA PONTO DA SORTE,AV CONDE DA BOA VISTA,,EM FRENTE A CASA LOTERICA PONTO DA SORTE,BOA VISTA,,CIDADE,ATROPELAMENTO,ATROPELAMENTO ENTRE MOTO E PEDESTRE.,,1,,,1,,,,,1,1,Não informado,Bom,Não existe,,Seca,Perfeito estado,,,,,,,,,,,,,
2019-08-16,14:51:00,COM VÍTIMA,FINALIZADA,DOIS IRMÃOS,RUA MANUEL DE MEDEIROS,,,APÓS O BAR DA CURVA,RUA MANUEL DE MEDEIROS,,APÓS O BAR DA CURVA,DOIS IRMÃOS,,,CAPOTAMENTO,VEÍCULO CAPOTADO NO LOCAL - CLIO - VÍTIMA SOCORRIDA PARA UPA DA CAXANGÁ SEGUNDO -- DA IMPRENSA CTTU - INFORMAÇÃO COLHIDA EM GRUPOS DE WHATSSAP DO SAMU E CONFIRMADA PELA VT-06 E VT 08 AMBAS DA CTTU.,1,,,,,,,,,1,,,,,,,,,,,,,,,,,,,,
2019-08-16,14:54:00,SEM VÍTIMA,FINALIZADA,AFOGADOS,RUA CARLOS PENA FILHO,,,AO LADO DO POSTO FEDERAL,RUA CARLOS PENA FILHO,,AO LADO DO POSTO FEDERAL,AFOGADOS,,SUBURBIO,ABALROAMENTO TRANSVERSAL,COLISÃO SEM VITIMAS,3,,,,,,,,,0,,Longo da via,Bom,Não existe,Incompleta,Seca,Perfeito estado,Não existe,Outras,,Dupla,Não existe,,,,,,,,
2019-08-16,15:13:00,SEM VÍTIMA,FINALIZADA,FUNDÃO,AV BEBERIBE,,AV CIDADE DE MONTEIRO,SEMÁFORO 388,AV BEBERIBE,,SEMÁFORO 388,FUNDÃO,388,SUBURBIO,ABALROAMENTO LONGITUDINAL,COLISÃO SEM VÍTIMA,1,,,,,1,,,,0,,Cruzamento,Bom,Sem defeito,Perfeito estado,Seca,Perfeito estado,Faixa de pedestre,R-6a,,Dupla,Faixa seccionada,,,,,,,,
2019-08-16,15:19:00,COM VÍTIMA,FINALIZADA,TORRE,RUA CONDE DE IRAJA,974,RUA PADRE LANDIM,E/F AO SACOLÃO EXPRESS,RUA CONDE DE IRAJA,974,E/F AO SACOLÃO EXPRESS,TORRE,,,ABALROAMENTO TRANSVERSAL,COLISAO ENTRE AUTO E MOTO COM UMA VITIMA,1,1,,,,,,,,2,,Cruzamento,Chuvoso,Não existe,Perfeito estado,Seca,Perfeito estado,Não existe,R-6a,,,Faixa seccionada,,,,,,,,
2019-08-16,15:22:00,SEM VÍTIMA,FINALIZADA,COQUEIRAL,RUA QUINZE DE NOVEMBRO,,RUA GUANABARA,PRÓXIMO A ESTAÇÃO DE METRÔ COQUEIRAL,RUA QUINZE DE NOVEMBRO,,PRÓXIMO A ESTAÇÃO DE METRÔ COQUEIRAL,COQUEIRAL,,SUBURBIO,ABALROAMENTO LONGITUDINAL,COLISÃO SEM VÍTIMA,1,,,,,,1,,,0,,,Bom,Não existe,Perfeito estado,Seca,Perfeito estado,Não existe,Placas Pare,,Dupla,Não existe,,,,,,,,
2019-08-16,15:23:00,COM VÍTIMA,FINALIZADA,IMBIRIBEIRA,RUA ITACARI,,RUA ITAJAI,PROX. A EMPRESA YNOVE,RUA ITACARI,,PROX. A EMPRESA YNOVE,IMBIRIBEIRA,,SUBURBIO,ABALROAMENTO TRANSVERSAL,COLISÃO COM VITIMA,,1,,,,,1,,,1,,Cruzamento,Chuvoso,Não existe,Perfeito estado,Seca,Perfeito estado,Não existe,Placas Pare,,,Faixa seccionada,,,,,,,,
2019-08-16,18:17:00,SEM VÍTIMA,FINALIZADA,ILHA DO LEITE,PTE JOSE DE BARROS LIMA,,,,PTE JOSE DE BARROS LIMA,,,ILHA DO LEITE,,CIDADE,COLISÃO TRASEIRA,COLISÃO SOBRE A PONTE DE DOIS AUTOMÓVEIS,2,,,,,,,,,0,,Ponte,Chuvoso,Não existe,Não existente,Molhada,Perfeito estado,Não existe,Não há placas,,Dupla,Canteiro central,,,,,,,,
2019-08-16,18:19:00,SEM VÍTIMA,FINALIZADA,CORDEIRO,RUA TIJUCAS,198,,EM FRENTE A CHURRASCARIA JOÃO DA CARNE DE SOL,RUA TIJUCAS,198,EM FRENTE A CHURRASCARIA JOÃO DA CARNE DE SOL,CORDEIRO,,,COLISÃO TRASEIRA,ENTRE 2 AUTOS. S/V,2,,,,,,,,,0,,Longo da via,Bom,Não existe,Perfeito estado,Seca,Perfeito estado,Não existe,Outras,30 km/h,Dupla,Não existe,,,,,,,,
2019-08-16,18:28:00,SEM VÍTIMA,CANCELADA,IPUTINGA,RUA PROFESSOR JULIO OLIVEIRA,,,PRÓX AO ATACADÃO / AO LADO DO VIADUTO DA CAXANGÁ,RUA PROFESSOR JULIO OLIVEIRA,,PRÓX AO ATACADÃO / AO LADO DO VIADUTO DA CAXANGÁ,IPUTINGA,,,COLISÃO,ENTRE 2 AUTOS. S/V,2,,,,,,,,,0,,,,,,,,,,,,,,,,,,,,
2019-08-16,18:36:00,SEM VÍTIMA,CANCELADA,IMBIRIBEIRA,AV MARECHAL MASCARENHAS DE MORAES,,,ENTRE A TUPAN E UPA, SNT CID,AV MARECHAL MASCARENHAS DE MORAES,,ENTRE A TUPAN E UPA, SNT CID,IMBIRIBEIRA,,,COLISÃO,ENTRE AUTO E ÔNIBUS. S/V,1,,,,,1,,,,0,,,,,,,,,,,,,,,,,,
2019-08-16,18:37:00,SEM VÍTIMA,FINALIZADA,TAMARINEIRA,AV NORTE,,,EM FRENTE AO Nº 4223,AV NORTE,,EM FRENTE AO Nº 4223,TAMARINEIRA,,CIDADE,ABALROAMENTO LONGITUDINAL,ENTRE AUTO E ÔNIBUS. S/V,1,,,,,1,,,,0,,Longo da via,Bom,Sem defeito,Perfeito estado,Seca,Perfeito estado,Faixa de pedestre,,,Dupla,Canteiro central,,,,,,,,
2019-08-16,19:01:00,COM VÍTIMA,FINALIZADA,CAMPO GRANDE,RUA ODORICO MENDES,123,,ESQUINA COM O COLÉGIO JESUS CRUCIFICADO E CLUBE DAS PÁS,RUA ODORICO MENDES,123,ESQUINA COM O COLÉGIO JESUS CRUCIFICADO E CLUBE DAS PÁS,CAMPO GRANDE,,SUBURBIO,ABALROAMENTO LONGITUDINAL,ENTRE AUTO E MOTO. C/V,1,1,,,,,,,,1,,Longo da via,Bom,Sem defeito,Perfeito estado,Seca,Perfeito estado,Outros,R-6a,,Dupla,Faixa seccionada,,,,,,,,
2019-08-16,19:10:00,COM VÍTIMA,FINALIZADA,BOA VIAGEM,RUA CAMBOIM,,RUA DEZ DE JULHO,E/F A CASA DE FESTA MEZON CRISTAL,RUA CAMBOIM,,E/F A CASA DE FESTA MEZON CRISTAL,BOA VIAGEM,,CIDADE,ABALROAMENTO LONGITUDINAL,AUTO E MOTO.,1,1,,,,,,,,1,,Não informado,Bom,Não existe,Perfeito estado,Seca,Perfeito estado,Não existe,Placas Pare,,Única,Faixa seccionada,,,,,,,,
2019-08-16,19:52:00,SEM VÍTIMA,FINALIZADA,MADALENA,RUA REAL DA TORRE,,RUA PADRE ANCHIETA,,RUA REAL DA TORRE,,,MADALENA,192,SUBURBIO,ABALROAMENTO TRANSVERSAL,ENTRE 2 AUTOS. S/V,2,,,,,,,,,0,,Cruzamento,Bom,Sem defeito,Perfeito estado,Seca,Perfeito estado,Faixa de pedestre,R-6a,,Única,Faixa seccionada,,,,,,,,
2019-08-16,20:02:00,SEM VÍTIMA,FINALIZADA,ÁGUA FRIA,AV BEBERIBE,,,LADO OPOSTO MERCADO DE ÁGUA FRIA,AV BEBERIBE,,LADO OPOSTO MERCADO DE ÁGUA FRIA,ÁGUA FRIA,,CIDADE,ABALROAMENTO LONGITUDINAL,ENTRE AUTO E ÔNIBUS. S/V,1,,,,,,1,,,0,,Longo da via,Bom,Não existe,Perfeito estado,Seca,Perfeito estado,Não existe,Não há placas,,Única,Faixa seccionada,,,,,,,,
2019-08-16,21:16:00,SEM VÍTIMA,FINALIZADA,CAMPO GRANDE,RUA ODORICO MENDES,220,RUA SEBASTIAO GALVAO,,RUA ODORICO MENDES,220,,CAMPO GRANDE,,SUBURBIO,ABALROAMENTO LONGITUDINAL,AUTO X CAMINHÃO. S/V,1,,,,,,,,,0,,Cruzamento,Bom,Não existe,Perfeito estado,Seca,Perfeito estado,,,,Dupla,Faixa seccionada,,,,,,,,
2019-08-16,23:01:00,SEM VÍTIMA,FINALIZADA,BARRO,AV DR JOSE RUFINO,,,ALÇA DE SAÍDA DA BR 101,AV DR JOSE RUFINO,,ALÇA DE SAÍDA DA BR 101,BARRO,,CIDADE,ABALROAMENTO LONGITUDINAL,ONIBUS X AUTO PASSEIO. S/V,1,,,,,1,,,,0,,Longo da via,Bom,Não existe,Perfeito estado,Seca,Perfeito estado,Não existe,Não há placas,,Dupla,Faixa seccionada,Canteiro central,,,,,,,
2019-08-17,00:03:00,COM VÍTIMA,FINALIZADA,IPSEP,AV RECIFE,,,PRÓX A ENTRADA DO IBURA // EM FRENTE AO POSTO SHELL , SENTIDO CEASA,AV RECIFE,,PRÓX A ENTRADA DO IBURA // EM FRENTE AO POSTO SHELL , SENTIDO CEASA,IPSEP,55,CEASA,COLISÃO TRASEIRA,COLISÃO ENTRE AUTO E MOTO, COM VÍTIMA,1,1,,,,,,,,1,,Longo da via,Bom,Sem defeito,Perfeito estado,Seca,Perfeito estado,,,,Dupla,Canteiro central,,,,,
2019-08-17,05:04:00,SEM VÍTIMA,FINALIZADA,BOA VIAGEM,AV CONSELHEIRO AGUIAR,,,EM FRENTE AO SANTANDER,AV CONSELHEIRO AGUIAR,,EM FRENTE AO SANTANDER,BOA VIAGEM,,,CHOQUE OBJETO FIXO,,,,,,,,,,,0,,Longo da via,Bom,Não existe,Perfeito estado,Seca,Perfeito estado,,,,,,,,,,,,,
2019-08-17,07:33:00,COM VÍTIMA,FINALIZADA,MADALENA,RUA JOSE OSORIO,,AV BEIRA RIO,NA DESCIDA DA PONTE DA CAPUNGA,RUA JOSE OSORIO,,NA DESCIDA DA PONTE DA CAPUNGA,MADALENA,387,SUBURBIO,ABALROAMENTO TRANSVERSAL,COLISÃO COM VITIMA ENTRE DOIS AUTOS.,2,,,,,,,,,1,,Cruzamento,Bom,Sem defeito,Perfeito estado,Seca,Perfeito estado,Faixa de pedestre,Outras,40 km/h,Única,Não existe,,,,,,,,
2019-08-17,08:27:00,SEM VÍTIMA,FINALIZADA,IPUTINGA,RUA EMILIANO BRAGA,185,,EM FRENTE AO RESTAURANTE PARAIBANO´S BAR,RUA EMILIANO BRAGA,185,EM FRENTE AO RESTAURANTE PARAIBANO´S BAR,IPUTINGA,,,COLISÃO,COLISÃO SEM VITIMAS,1,,,,,1,,,,0,,,,,,,,,,,,,,,,,,,,
2019-08-17,08:47:00,SEM VÍTIMA,FINALIZADA,IMBIRIBEIRA,AV MARECHAL MASCARENHAS DE MORAES,2156,,EM FRENTE A CONCESSIONÁRIA ITALIANA,AV MARECHAL MASCARENHAS DE MORAES,2156,EM FRENTE A CONCESSIONÁRIA ITALIANA,IMBIRIBEIRA,,SUBURBIO,ABALROAMENTO TRANSVERSAL,COLISÃO S/VITIMAS ENTRE DOIS AUTOS,2,,,,,,,,,0,,Longo da via,Bom,Não existe,Perfeito estado,Seca,Perfeito estado,,Outras,,Dupla,Canteiro central,,,,,,,,
2019-08-17,10:30:00,SEM VÍTIMA,FINALIZADA,BOA VIAGEM,AV CONSELHEIRO AGUIAR,4200,RUA RIBEIRO DE BRITO,POSTO BR,AV CONSELHEIRO AGUIAR,4200,POSTO BR,BOA VIAGEM,147,CIDADE,ABALROAMENTO LONGITUDINAL,COLISAO ENTRE ONIBUS E AUTO S/V,1,,,,,1,,,,0,,Cruzamento,Bom,Sem defeito,Perfeito estado,Seca,Perfeito estado,Faixa de pedestre,Outras,,Única,Faixa seccionada,,,,,,,,
2019-08-17,10:47:00,SEM VÍTIMA,FINALIZADA,BOA VIAGEM,RUA PROFESSOR AUGUSTO LINS E SILVA,,RUA GENERAL SALGADO,,RUA PROFESSOR AUGUSTO LINS E SILVA,,,BOA VIAGEM,,SUBURBIO,ABALROAMENTO TRANSVERSAL,COLISÃO SEM VITIMAS,2,,,,,,,,,0,,Cruzamento,Bom,Não existe,Perfeito estado,Seca,Perfeito estado,Não existe,Placas Pare,,Dupla,Não existe,,,,,,,,
2019-08-17,10:47:00,SEM VÍTIMA,FINALIZADA,IPUTINGA,EST DO BARBALHO,XX,,AO LADO DI BIG BOMPREÇO,EST DO BARBALHO,XX,AO LADO DI BIG BOMPREÇO,IPUTINGA,,,COLISÃO,COLISÃO ENVOLVENDO TRÊS AUTOS SEM VÍTIMAS,3,,,,,,,,,0,,,,,,,,,,,,,,,,,,,,