data,hora,natureza_acidente,situacao,bairro,endereco,numero,detalhe_endereco_acidente,complemento,endereco_cruzamento,numero_cruzamento,referencia_cruzamento,bairro_cruzamento,num_semaforo,sentido_via,tipo,descricao,auto,moto,ciclom,ciclista,pedestre,onibus,caminhao,viatura,outros,vitimas,vitimasfatais,acidente_verificado,tempo_clima,situacao_semaforo,sinalizacao,condicao_via,conservacao_via,ponto_controle,situacao_placa,velocidade_max_via,mao_direcao,divisao_via1,divisao_via2,divisao_via3,,,,,,
2019-08-17,10:58:00,SEM VÍTIMA,FINALIZADA,JARDIM SÃO PAULO,RUA SENADOR ALBERTO PASQUALINI,,,,RUA SENADOR ALBERTO PASQUALINI,,,JARDIM SÃO PAULO,,SUBURBIO,COLISÃO TRASEIRA,COLISÃO S/VITIMAS ENTRE UM ONIBUS E KOMBI,1,,,,,1,,,,0,,Longo da via,Bom,Não existe,Incompleta,Seca,Perfeito estado,Não existe,Outras,40 km/h,Única,Não existe,,,,,,,,
2019-08-17,11:18:00,SEM VÍTIMA,FINALIZADA,BOA VISTA,RUA JOSE DE ALENCAR,140,,E/F AO SHOPPING BOA VISTA,RUA JOSE DE ALENCAR,140,E/F AO SHOPPING BOA VISTA,BOA VISTA,,CIDADE,ABALROAMENTO TRANSVERSAL,COLISAO ENTRE DOIS AUTOS S/V,2,,,,,,,,,0,,Longo da via,Bom,Não existe,Perfeito estado,Seca,Perfeito estado,Não existe,Placas Pare,,Única,Não existe,,,,,,,,
2019-08-17,11:40:00,COM VÍTIMA,FINALIZADA,BARRO,AV DR JOSE RUFINO,2260,,E/F A IGREJA CATOLICA DO BARRO,AV DR JOSE RUFINO,2260,E/F A IGREJA CATOLICA DO BARRO,BARRO,,SUBURBIO,CHOQUE VEÍCULO PARADO,COLISAO ENTRE AUTO E MOTO COM UMA VITIMA,1,1,,,,,,,,1,,Longo da via,Bom,Não existe,Perfeito estado,Seca,Perfeito estado,Não existe,R-6a,,Dupla,Faixa contínua,,,,,,,,
2019-08-17,12:02:00,SEM VÍTIMA,FINALIZADA,IMBIRIBEIRA,AV PINHEIROS,70,,LOTERIA A IMPERIAL,AV PINHEIROS,70,LOTERIA A IMPERIAL,IMBIRIBEIRA,396,SUBURBIO,ABALROAMENTO TRANSVERSAL,COLISAO ENTRE DOIS AUTOS S/V,2,,,,,,,,,0,,Longo da via,Bom,Sem defeito,Perfeito estado,Seca,Perfeito estado,Faixa de retenção,Outras,40 km/h,Dupla,Não existe,,,,,,,,
2019-08-17,12:04:00,SEM VÍTIMA,FINALIZADA,VÁRZEA,RUA MARECHAL MANOEL LUIS OSORIO,,RUA PROFESSOR ANTONIO COELHO,AO LADO DO COLEGIO PONTUAL,RUA MARECHAL MANOEL LUIS OSORIO,,AO LADO DO COLEGIO PONTUAL,VÁRZEA,,SUBURBIO,ABALROAMENTO TRANSVERSAL,ONIBUS X AUTO PASSEIO S/V,1,,,,,1,,,,0,,Cruzamento,Bom,Não existe,Perfeito estado,Seca,Perfeito estado,Não existe,,,Dupla,Faixa contínua,,,,,,,,
2019-08-17,12:27:00,COM VÍTIMA,FINALIZADA,TORRE,AV BEIRA RIO,1303,RUA JOSE DE HOLANDA,AO LADO DO MARTELINHO DE OURO,AV BEIRA RIO,1303,AO LADO DO MARTELINHO DE OURO,TORRE,,SUBURBIO,ABALROAMENTO LONGITUDINAL,COLISÃO COM VÍTIMA,1,1,,,,,,,,1,,Longo da via,Bom,Não existe,Perfeito estado,Seca,Perfeito estado,Outros,Outras,,Dupla,Faixa,,,,,,,,
2019-08-17,13:05:00,SEM VÍTIMA,FINALIZADA,TAMARINEIRA,RUA SEBASTIAO ALVES,35,,GALERIA CASA GRANDE,RUA SEBASTIAO ALVES,35,GALERIA CASA GRANDE,TAMARINEIRA,421,SUBURBIO,COLISÃO TRASEIRA,COLISAO ENTRE DOIS AUTOS S/V,2,,,,,,,,,0,,Longo da via,Bom,Sem defeito,Perfeito estado,Seca,Perfeito estado,Faixa de pedestre,Outras,,Única,Não existe,,,,,,,,
2019-08-17,13:29:00,SEM VÍTIMA,FINALIZADA,SÃO JOSÉ,RUA IMPERIAL,1600,,JUCEPE - JUNTA COMERCIAL DE PERNAMBUCO,RUA IMPERIAL,1600,JUCEPE - JUNTA COMERCIAL DE PERNAMBUCO,SÃO JOSÉ,87,SUBURBIO,ABALROAMENTO LONGITUDINAL,COLISÃO SEM VÍTIMA,3,,,,,,,,,0,,Longo da via,Bom,Sem defeito,Perfeito estado,Seca,Perfeito estado,Não existe,R-6a,,Única,Faixa seccionada,,,,,,,,
2019-08-17,15:00:00,SEM VÍTIMA,FINALIZADA,MADALENA,RUA BENFICA,929,,AO LADO DA BOSH,RUA BENFICA,929,AO LADO DA BOSH,MADALENA,,CIDADE,ABALROAMENTO LONGITUDINAL,COLISAO ENTRE ONIBUS E AUTOS S/V,1,,,,,1,,,,0,,Longo da via,Bom,Não existe,Perfeito estado,Seca,Perfeito estado,Não existe,R-6a,60 km/h,Dupla,Não existe,,,,,,,,
2019-08-17,15:51:00,SEM VÍTIMA,FINALIZADA,ENCRUZILHADA,AV JOAO DE BARROS,,AV NORTE,,AV JOAO DE BARROS,,,ENCRUZILHADA,43,,ABALROAMENTO LONGITUDINAL,COLISAO ENVOLVENDO DOIS AUTOS,2,,,,,,,,,0,,Cruzamento,Bom,Sem defeito,Perfeito estado,Seca,Perfeito estado,Faixa de pedestre,R-6a,,Dupla,Não existe,,,,,,,,
2019-08-17,16:15:00,SEM VÍTIMA,FINALIZADA,MADALENA,RUA REAL DA TORRE,773,RUA GALVAO RAPOSO,ESQUINA EM FRENTE AO GUIA MATERIAL DE CONSTRUÇÃO,RUA REAL DA TORRE,773,ESQUINA EM FRENTE AO GUIA MATERIAL DE CONSTRUÇÃO,MADALENA,,,ABALROAMENTO LONGITUDINAL,COLISÃO SEM VÍTIMA,2,,,,,,,,,0,,Longo da via,Bom,Não existe,Perfeito estado,Seca,Perfeito estado,Não existe,Não há placas,,Única,Faixa seccionada,,,,,,,,
2019-08-17,16:32:00,SEM VÍTIMA,FINALIZADA,PARNAMIRIM,AV DEZESSETE DE AGOSTO,335,,EM FRENTE AO Nº 335,AV DEZESSETE DE AGOSTO,335,EM FRENTE AO Nº 335,PARNAMIRIM,,CIDADE,COLISÃO TRASEIRA,TRES AUTO S/V,3,,,,,,,,,0,,Longo da via,Bom,Não existe,Perfeito estado,Seca,Perfeito estado,Não existe,,,Dupla,Faixa contínua,,,,,,,,
2019-08-17,17:10:00,SEM VÍTIMA,FINALIZADA,CAXANGÁ,AV CAXANGA,,,UPA- ESCRITOR PAULO CAVALCANTI,AV CAXANGA,,UPA- ESCRITOR PAULO CAVALCANTI,CAXANGÁ,281,SUBURBIO,ABALROAMENTO LONGITUDINAL,ONIBUS E DOIS AUTO S/V,2,,,,,1,,,,0,,Longo da via,Bom,Sem defeito,Incompleta,Seca,,Faixa de retenção,Outras,,Única,Canteiro central,,,,,,,,
2019-08-17,22:52:00,SEM VÍTIMA,FINALIZADA,CAXANGÁ,RUA RIBEIRO PESSOA,,AV CAXANGA,LADO OPOSTO DA UPA DA CAXANGA,RUA RIBEIRO PESSOA,,LADO OPOSTO DA UPA DA CAXANGA,CAXANGÁ,281,SUBURBIO,CHOQUE VEÍCULO PARADO,ONIBUS DO BRT E VT DA SINAL-VIDA,1,,,,,1,,,,0,,Longo da via,Bom,Sem defeito,Incompleta,Seca,Perfeito estado,Não existe,Não há placas,,Dupla,Não existe,,,,,,,,
2019-08-17,23:14:00,SEM VÍTIMA,FINALIZADA,DERBY,PRC DO DERBY,115,,EM FRENTE AO CEMOPE,PRC DO DERBY,115,EM FRENTE AO CEMOPE,DERBY,,,CHOQUE VEÍCULO PARADO,FORD KA X S 10 DA PREFEITURA,2,,,,,,,,,0,,Longo da via,Chuvoso,Sem defeito,Perfeito estado,Molhada,Perfeito estado,Não existe,Não há placas,,Única,Faixa seccionada,,,,,,,,
2019-08-19,05:48:00,COM VÍTIMA,FINALIZADA,IBURA,AV DOIS RIOS,989,RUA RIO BRIGIDA,EM FRENTE A FARMACIA INDEPENTENTE, EM FRENTE O BOTICARIO,AV DOIS RIOS,989,EM FRENTE A FARMACIA INDEPENTENTE, EM FRENTE O BOTICARIO,IBURA,,SUBURBIO,COLISÃO FRONTAL,COLISÃO ENTRE AUTO E MOTO C/V,1,1,,,,,,,,1,,Longo da via,Bom,Não existe,Perfeito estado,Seca,Perfeito estado,Não existe,Não há placas,,Dupla,Faixa seccionada,,,,,,
2019-08-18,02:48:00,SEM VÍTIMA,FINALIZADA,NOVA DESCOBERTA,RUA CORREGO DA AREIA,140,RUA ALTO DA BRASILEIRA,BRASILGÁS,RUA CORREGO DA AREIA,140,BRASILGÁS,NOVA DESCOBERTA,,CIDADE,CHOQUE VEÍCULO PARADO,COLISÃO ENTRE TRÊS AUTOS S/V,1,,,,,,,,2,0,,,Bom,Não existe,Perfeito estado,Molhada,Perfeito estado,,,,Dupla,,,,,,,,,
2019-08-18,05:09:00,SEM VÍTIMA,CANCELADA,BOA VISTA,AV GOVERNADOR AGAMENON MAGALHAES,,RUA DR BANDEIRA FILHO,PROXIMO AO SUP. MERC. TODO DIA,AV GOVERNADOR AGAMENON MAGALHAES,,PROXIMO AO SUP. MERC. TODO DIA,BOA VISTA,173,OLINDA,COLISÃO,DOIS AUTOS,,,,,,,,,,0,,,,,,,,,,,,,,,,,,,,
2019-08-18,09:38:00,SEM VÍTIMA,CANCELADA,BOA VIAGEM,AVENIDA CELSO FURTADO (VIA MANGUE),,,PROX AO BOM PREÇO NA SAIDA DA VIA MANGUE NO SENTIDO BOA VIAGEM,AVENIDA CELSO FURTADO (VIA MANGUE),,PROX AO BOM PREÇO NA SAIDA DA VIA MANGUE NO SENTIDO BOA VIAGEM,BOA VIAGEM,,,COLISÃO,COLISÃO SEM VITIMAS,2,,,,,,,,,0,,,,,,,,,,,,,,,,,,,,
2019-08-18,10:14:00,SEM VÍTIMA,FINALIZADA,IMBIRIBEIRA,AV PRESIDENTE DUTRA,,RUA PERIMETRAL,AO LADO DO SAL E BRASA,AV PRESIDENTE DUTRA,,AO LADO DO SAL E BRASA,IMBIRIBEIRA,,,ABALROAMENTO TRANSVERSAL,COLISÃO S/VITIMAS ENTRE UM AUTO E UMA CARRETA,1,,,,,,,,1,0,,,Bom,Não existe,Perfeito estado,Seca,Perfeito estado,Não existe,Outras,60 km/h,Dupla,Faixa seccionada,,,,,,,,
2019-08-18,11:24:00,SEM VÍTIMA,FINALIZADA,GRAÇAS,RUA DO FUTURO,1317,PRC PROFESSOR FLEMING,EM FRENTE A LOJA FINO TRATO,RUA DO FUTURO,1317,EM FRENTE A LOJA FINO TRATO,GRAÇAS,,,COLISÃO,COLISÃO S/VITIMAS ENTRE DOIS AUTOS,2,,,,,,,,,0,,,,,,,,,,,,,,,,,,,,
2019-08-18,13:12:00,COM VÍTIMA,FINALIZADA,IMBIRIBEIRA,AV MARECHAL MASCARENHAS DE MORAES,,AV PINHEIROS,LADO OPOSTO AO GRILLO / POSTO IPIRANGA.,AV MARECHAL MASCARENHAS DE MORAES,,LADO OPOSTO AO GRILLO / POSTO IPIRANGA.,IMBIRIBEIRA,396,SUBURBIO,COLISÃO,COLISÃO COM VITIMA,1,1,,,,,,,,2,,Cruzamento,Bom,Sem defeito,Perfeito estado,Seca,Outros,Faixa de pedestre,Outras,,Única,Faixa,Canteiro central,,,,,,,
2019-08-18,15:26:00,SEM VÍTIMA,FINALIZADA,IMBIRIBEIRA,RUA PAMPULHA,310,,,RUA PAMPULHA,310,,IMBIRIBEIRA,,,ABALROAMENTO LONGITUDINAL,COLISÃO SEM VÍTIMA,2,,,,,,,,,0,,Longo da via,Bom,Não existe,Perfeito estado,Seca,Perfeito estado,Não existe,Não há placas,,Única,Faixa seccionada,,,,,,,,
2019-08-18,16:26:00,COM VÍTIMA,FINALIZADA,CASA AMARELA,AV NORTE,4413,AV PROFESSOR JOSE DOS ANJOS,EM FRENTE AO SESC DE CASA AMARELA,AV NORTE,4413,EM FRENTE AO SESC DE CASA AMARELA,CASA AMARELA,364,SUBURBIO,COLISÃO TRASEIRA,COLISÃO COM VÍTIMA. SEM INFORMAÇÕES DO OUTRO VEÍCULO ENVOLVIDO.,,1,,,,,,,,1,,Longo da via,Bom,Sem defeito,Perfeito estado,Seca,Perfeito estado,Outros,R-6a,,Dupla,Faixa contínua,,,,,,,,
2019-08-18,16:41:00,COM VÍTIMA,FINALIZADA,BOA VISTA,RUA JOSE DE ALENCAR,,RUA BARAO DE SAO BORJA,EM HOTEL BOA VISTA,RUA JOSE DE ALENCAR,,EM HOTEL BOA VISTA,BOA VISTA,,,ABALROAMENTO TRANSVERSAL,COLISÃO COM VÍTIMA,2,,,,,,,,,1,,Cruzamento,Bom,Não existe,Incompleta,Seca,Perfeito estado,Não existe,Placas Pare,,Única,Não existe,,,,,,,,
2019-08-18,19:16:00,COM VÍTIMA,FINALIZADA,BOA VIAGEM,AV GENERAL MAC ARTHUR,,RUA DUQUE ESTRADA,CONDOMÍNIO LE PARC BOA VIAGEM,AV GENERAL MAC ARTHUR,,CONDOMÍNIO LE PARC BOA VIAGEM,BOA VIAGEM,,SUBURBIO,ABALROAMENTO LONGITUDINAL,GOL X MOTO,1,1,,,,,,,,1,,Cruzamento,Chuvoso,Não existe,Perfeito estado,Molhada,Perfeito estado,,Não há placas,,Única,Faixa contínua,,,,,,,,
2019-08-18,20:42:00,SEM VÍTIMA,FINALIZADA,GRAÇAS,RUA JOAQUIM NABUCO,330,,FARMACIAS INDEPENDENTE,RUA JOAQUIM NABUCO,330,FARMACIAS INDEPENDENTE,GRAÇAS,,SUBURBIO,COLISÃO TRASEIRA,ENTRE DOIS AUTO S/V (MOTORISTA EMBREAGADO),2,,,,,,,,,0,,Longo da via,Bom,Não existe,Perfeito estado,Seca,Perfeito estado,Não existe,Não há placas,,Única,Faixa seccionada,,,,,,,,
2019-08-18,21:15:00,COM VÍTIMA,FINALIZADA,ILHA JOANA BEZERRA,VIADUTO CAPITAO TEMUDO,,,NO MEIO DO VIADUTO // SENTIDO OLINDA,VIADUTO CAPITAO TEMUDO,,NO MEIO DO VIADUTO // SENTIDO OLINDA,ILHA JOANA BEZERRA,,OLINDA,COLISÃO COM CICLISTA,CICLISTA X AUTO,1,,,1,,,,,,1,,Viaduto,Bom,Não existe,Perfeito estado,Seca,Perfeito estado,,,,Dupla,Blocos,,,,,,,,
2019-08-18,22:13:00,SEM VÍTIMA,FINALIZADA,TORRE,RUA JOSE BONIFACIO,,,POSTO CARREFOUR DA TORRE,RUA JOSE BONIFACIO,,POSTO CARREFOUR DA TORRE,TORRE,,SUBURBIO,COLISÃO TRASEIRA,TRES AUTOS,2,,,,,,,,,0,,Longo da via,Chuvoso,Não existe,Perfeito estado,Molhada,Perfeito estado,,Não há placas,,Dupla,Canteiro central,,,,,,,,
2019-08-18,23:14:00,SEM VÍTIMA,CANCELADA,CASA AMARELA,AV DR EURICO CHAVES,,,EM FRENTE AO BREGOSO BURGUER,AV DR EURICO CHAVES,,EM FRENTE AO BREGOSO BURGUER,CASA AMARELA,,,COLISÃO,ENTRE DOIS AUTO S/V,2,,,,,,,,,0,,,,,,,,,,,,,,,,,,,,
2019-08-18,23:37:00,SEM VÍTIMA,FINALIZADA,IMBIRIBEIRA,AV MARECHAL MASCARENHAS DE MORAES,,AV ENGENHEIRO ALVES DE SOUZA,,AV MARECHAL MASCARENHAS DE MORAES,,,IMBIRIBEIRA,288,SUBURBIO,ABALROAMENTO TRANSVERSAL,ENTRE DOIS AUTO S/V ( CRUZAMENTO ENTRE AS DUAS AVENIDAS),2,,,,,,,,,0,,Cruzamento,Chuvoso,Sem defeito,Perfeito estado,Molhada,Perfeito estado,Faixa de pedestre,Outras,,Dupla,Canteiro central,,,,,,,,
2019-08-19,01:08:00,SEM VÍTIMA,FINALIZADA,IMBIRIBEIRA,AV MARECHAL MASCARENHAS DE MORAES,3214,RUA MURITIBA,CASAS BAHIA,AV MARECHAL MASCARENHAS DE MORAES,3214,CASAS BAHIA,IMBIRIBEIRA,385,SUBURBIO,CHOQUE VEÍCULO PARADO,COLISÃO ENTRE DOIS AUTOS S/V,2,,,,,,,,,0,,Longo da via,Chuvoso,Sem defeito,Perfeito estado,Molhada,Perfeito estado,Faixa de pedestre,Não há placas,,Única,Faixa contínua,Faixa seccionada,Canteiro central,,,,,,
2019-08-19,06:52:00,COM VÍTIMA,FINALIZADA,AFOGADOS,RUA SAO MIGUEL,861,,EM FRENTE AO 14º BATALHÃO LOGÍSTICO DO EXÉRCITO,RUA SAO MIGUEL,861,EM FRENTE AO 14º BATALHÃO LOGÍSTICO DO EXÉRCITO,AFOGADOS,423,SUBURBIO,ABALROAMENTO LONGITUDINAL,COLISÃO C/VITIMAS ENTRE UMA MOTO E UM AUTO,1,1,,,,,,,,1,,Longo da via,Bom,Sem defeito,Perfeito estado,Seca,Perfeito estado,Não existe,Não há placas,60 km/h,Dupla,Faixa contínua,,,,,,,,
2019-08-19,07:24:00,SEM VÍTIMA,CANCELADA,MANGUEIRA,RUA SAO MIGUEL,,,E/F O ARMAZEM CORAL,RUA SAO MIGUEL,,E/F O ARMAZEM CORAL,MANGUEIRA,,,COLISÃO,COLISAO SEM VITIMAS,2,1,,,,,,,,0,,,,,,,,,,,,,,,,,,,,
2019-08-19,07:17:00,SEM VÍTIMA,FINALIZADA,BOA VIAGEM,RUA MARIA CAROLINA,,RUA PROFESSOR JULIO FERREIRA DE MELO,,RUA MARIA CAROLINA,,,BOA VIAGEM,,CIDADE,ABALROAMENTO LONGITUDINAL,COLISAO SEM VITIMAS,2,,,,,,,,,0,,Cruzamento,Bom,Não existe,Perfeito estado,Seca,Perfeito estado,Faixa de retenção,Placas Pare,,Única,Não existe,,,,,,,,
2019-08-19,07:35:00,SEM VÍTIMA,FINALIZADA,CORDEIRO,RUA ODETE MONTEIRO,,RUA EDUARDO FONSECA,,RUA ODETE MONTEIRO,,,CORDEIRO,,,ABALROAMENTO TRANSVERSAL,COLISÃO S/VITIMAS ENTRE DOIS AUTOS,2,,,,,,,,,0,,,Bom,Não existe,Perfeito estado,Seca,Perfeito estado,,Outras,,Dupla,Faixa seccionada,,,,,,,,
2019-08-19,07:58:00,SEM VÍTIMA,FINALIZADA,MACAXEIRA,AV NORTE,7368,,,AV NORTE,7368,,MACAXEIRA,,SUBURBIO,COLISÃO TRASEIRA,VIATURA DA CTTU Nº32,2,,,,,,,,,0,,Longo da via,Bom,Não existe,Perfeito estado,Seca,Perfeito estado,Não existe,Outras,60 km/h,Dupla,Canteiro central,,,,,,,,
2019-08-19,08:07:00,SEM VÍTIMA,FINALIZADA,CAMPO GRANDE,RUA DO MACHADO,860,,,RUA DO MACHADO,860,,CAMPO GRANDE,,SUBURBIO,COLISÃO FRONTAL,COLISAO SEM VITIMAS,1,1,,,,,,,,0,,Longo da via,Bom,Não existe,Perfeito estado,Seca,Perfeito estado,Faixa de pedestre,R-6a,,Dupla,Faixa contínua,,,,,,,,
2019-08-19,09:07:00,SEM VÍTIMA,FINALIZADA,PARNAMIRIM,AV PARNAMIRIM,417,,LADO OPOSTO AO Nº 417,AV PARNAMIRIM,417,LADO OPOSTO AO Nº 417,PARNAMIRIM,,CIDADE,COLISÃO TRASEIRA,COLISÃO S/ VITIMAS ENTRE DOIS AUTOS,2,,,,,,,,,0,,Longo da via,Bom,Não existe,Perfeito estado,Seca,Perfeito estado,Não existe,,,Única,Não existe,,,,,,,,
2019-08-19,09:19:00,SEM VÍTIMA,FINALIZADA,SOLEDADE,AV JOAO DE BARROS,201,,AO LADO DA CELPE,AV JOAO DE BARROS,201,AO LADO DA CELPE,SOLEDADE,,CIDADE,COLISÃO TRASEIRA,COLISÃO S/VITIMAS ENTRE DOIS AUTOS,2,,,,,,,,,0,,Longo da via,Bom,Sem defeito,Perfeito estado,Seca,Perfeito estado,Faixa de pedestre,Não há placas,,Única,Faixa contínua,,,,,,,,
2019-08-19,09:54:00,SEM VÍTIMA,FINALIZADA,BOA VISTA,RUA DO PRINCIPE,658,RUA AFONSO PENA,EM FRENTE A UNICAP,RUA DO PRINCIPE,658,EM FRENTE A UNICAP,BOA VISTA,,,ABALROAMENTO LONGITUDINAL,COLISAO SEM VITIMAS,2,,,,,,,,,0,,Cruzamento,Bom,Não existe,Perfeito estado,Seca,Perfeito estado,Faixa de pedestre,Não há placas,40 km/h,Única,Faixa contínua,,,,,,,,
2019-08-19,10:05:00,SEM VÍTIMA,DUPLICIDADE,BOA VISTA,RUA DO PRINCIPE,640,,EM FRENTE A FUNDAÇÃO ANTONIO DOS SANTOS ABRANCHES ( EM FRENTE A UNIVERSIDADE CATOLICA),RUA DO PRINCIPE,640,EM FRENTE A FUNDAÇÃO ANTONIO DOS SANTOS ABRANCHES ( EM FRENTE A UNIVERSIDADE CATOLICA),BOA VISTA,,,COLISÃO,COLISÃO S/VITIMAS ENTRE DOIS AUTOS,2,,,,,,,,,0,,,,,,,,,,,,,,,,,,,,
2019-08-19,11:20:00,SEM VÍTIMA,FINALIZADA,BOA VIAGEM,AV CONSELHEIRO AGUIAR,3621,RUA DHALIA,EM FRENTE A EMPÓRIO FRUTARIA,AV CONSELHEIRO AGUIAR,3621,EM FRENTE A EMPÓRIO FRUTARIA,BOA VIAGEM,,CIDADE,ABALROAMENTO TRANSVERSAL,COLISÃO S/VITIMAS ENTRE UM AUTO E UM ONIBUS,1,,,,,1,,,,0,,Longo da via,Bom,Não existe,Perfeito estado,Seca,Perfeito estado,Não existe,Não há placas,60 km/h,Única,Faixa seccionada,,,,,,,,
2019-08-19,11:41:00,SEM VÍTIMA,FINALIZADA,BOA VIAGEM,RUA CONEGO ROMEU,65,RUA PROFESSOR AUGUSTO LINS E SILVA,EDF MONDINO,RUA CONEGO ROMEU,65,EDF MONDINO,BOA VIAGEM,,SUBURBIO,ABALROAMENTO TRANSVERSAL,DOIS AUTOS,2,,,,,,,,,0,,Cruzamento,Bom,Não existe,Perfeito estado,Seca,Perfeito estado,Não existe,Placas Pare,,Dupla,Não existe,,,,,,,,
2019-08-19,12:15:00,SEM VÍTIMA,FINALIZADA,TAMARINEIRA,RUA SOARES MORENO,,,EM FRENTE AO Nº 32,RUA SOARES MORENO,,EM FRENTE AO Nº 32,TAMARINEIRA,,SUBURBIO,ABALROAMENTO LONGITUDINAL,COLISAO ENTRE AUTO E MOTO S/V,1,1,,,,,,,,0,,Longo da via,Bom,Não existe,Não existente,Seca,Perfeito estado,Não existe,Não há placas,,Dupla,Não existe,,,,,,,,
2019-08-19,12:30:00,SEM VÍTIMA,FINALIZADA,MADALENA,AV CAXANGA,1015,,PROX A DPCA,AV CAXANGA,1015,PROX A DPCA,MADALENA,,,COLISÃO,COLISAO ENTRE ONIBUS E AUTO S/V,1,,,,,1,,,,0,,,,,,,,,,,,,,,,,,,,
2019-08-19,12:39:00,SEM VÍTIMA,FINALIZADA,BOA VIAGEM,RUA TENENTE DOMINGOS DE BRITO,742,,EM FRENTE AO EDIFICIO VILAS BOAS,RUA TENENTE DOMINGOS DE BRITO,742,EM FRENTE AO EDIFICIO VILAS BOAS,BOA VIAGEM,,,COLISÃO,COLISÃO SEM VÍTIMA,3,,,,,,,,,0,,,,,,,,,,,,,,,,,,,,
2019-08-19,12:58:00,COM VÍTIMA,FINALIZADA,ESPINHEIRO,RUA DO ESPINHEIRO,,RUA BARAO DE ITAMARACA,ENTRE AS FARMACIAS DROGASIL E A EXTRA FARMA NO SEMAFORO 086,RUA DO ESPINHEIRO,,ENTRE AS FARMACIAS DROGASIL E A EXTRA FARMA NO SEMAFORO 086,ESPINHEIRO,86,SUBURBIO,ABALROAMENTO TRANSVERSAL,COLISAO ENTRE AUTO E MOTO COM DUAS VITIMA,1,1,,,1,,,,,2,,Cruzamento,Bom,Sem defeito,Perfeito estado,Seca,Perfeito estado,Faixa de pedestre,Outras,40 km/h,Única,Não existe,,,,,,,,
2019-08-19,13:29:00,SEM VÍTIMA,FINALIZADA,IMBIRIBEIRA,AV GENERAL MAC ARTHUR,475,,EM FRENTE AO Nº 475,AV GENERAL MAC ARTHUR,475,EM FRENTE AO Nº 475,IMBIRIBEIRA,,,ABALROAMENTO TRANSVERSAL,COLISÃO SEM VÍTIMA,1,1,,,,,,,,0,,Longo da via,Bom,Sem defeito,Perfeito estado,Seca,Perfeito estado,Não existe,Não há placas,,Única,Faixa seccionada,,,,,,,,
2019-08-19,13:44:00,COM VÍTIMA,FINALIZADA,MADALENA,RUA PROFESSOR BENEDITO MONTEIRO,252,,AO LADO DO CLUBE INTERNACIONAL. FACULDADE DE CIÊNCIAS DA ADMINISTRAÇÃO DE PERNAMBUCO,RUA PROFESSOR BENEDITO MONTEIRO,252,AO LADO DO CLUBE INTERNACIONAL. FACULDADE DE CIÊNCIAS DA ADMINISTRAÇÃO DE PERNAMBUCO,MADALENA,,SUBURBIO,ABALROAMENTO LONGITUDINAL,COLISÃI COM VITIMA,1,1,,,,,,,,1,,Longo da via,Bom,Sem defeito,Perfeito estado,Seca,Perfeito estado,Não existe,Outras,,Dupla,Faixa contínua,Faixa seccionada,,,,,,,
2019-08-19,14:41:00,SEM VÍTIMA,FINALIZADA,VÁRZEA,RUA ISAAC BURIL,82,,PRÓXIMO A OFICINA BRENAND,RUA ISAAC BURIL,82,PRÓXIMO A OFICINA BRENAND,VÁRZEA,,SUBURBIO,COLISÃO TRASEIRA,COLISÃO SEM VÍTIMA,2,,,,,,,,,0,,Longo da via,Bom,Não existe,Perfeito estado,Seca,Perfeito estado,,Outras,,Dupla,Não existe,,,,,,,,
2019-08-19,14:45:00,COM VÍTIMA,FINALIZADA,BOA VIAGEM,AV ENGENHEIRO DOMINGOS FERREIRA,,,EM FRENTE AO POSTO TOTAL E A SAMSUNG/ PISTA DA DIREITA,AV ENGENHEIRO DOMINGOS FERREIRA,,EM FRENTE AO POSTO TOTAL E A SAMSUNG/ PISTA DA DIREITA,BOA VIAGEM,,,COLISÃO COM CICLISTA,COLISÃO COM VÍTIMA,,,,1,,1,,,,1,,,,,,,,,,,,,,,,,,,,
2019-08-19,15:00:00,COM VÍTIMA,FINALIZADA,SÃO JOSÉ,AV SUL,,RUA BOM SUCESSO,EM BAIXO DO VIADUTO DO CABANAGA S/T CID,AV SUL,,EM BAIXO DO VIADUTO DO CABANAGA S/T CID,SÃO JOSÉ,,CIDADE,COLISÃO COM CICLISTA,COLISAO ENTRE AUTO E CICLISTA COM UMA VITIMA,1,,,1,,,,,,1,,Longo da via,Bom,Não existe,Perfeito estado,Seca,Perfeito estado,Não existe,Não há placas,,Única,Faixa seccionada,,,,,,,,
2019-08-19,15:08:00,SEM VÍTIMA,CANCELADA,JOANA BEZERRA,AV MARTIN LUTHER KING,,,LATERAL DO FORUM DO FORUM RODOLFO AURELIANO,AV MARTIN LUTHER KING,,LATERAL DO FORUM DO FORUM RODOLFO AURELIANO,JOANA BEZERRA,38,CIDADE,COLISÃO,COLISÃO SEM VÍTIMA,1,,,,,1,,,,0,,,,,,,,,,,,,,,,,,,,
2019-08-19,15:20:00,SEM VÍTIMA,CANCELADA,IMBIRIBEIRA,AV MARECHAL MASCARENHAS DE MORAES,,,NO SEMAFORO 161 S/T AEROPORTO,AV MARECHAL MASCARENHAS DE MORAES,,NO SEMAFORO 161 S/T AEROPORTO,IMBIRIBEIRA,,,COLISÃO,ENTRE AMBULANCIA E AUTO S/V,1,,,,,,,1,,0,,,,,,,,,,,,,,,,,,,,
2019-08-19,15:30:00,SEM VÍTIMA,FINALIZADA,AFOGADOS,RUA LONDRINA,37,,EM FRENTE A MATERNIDADE BANDEIRA FILHO,RUA LONDRINA,37,EM FRENTE A MATERNIDADE BANDEIRA FILHO,AFOGADOS,,,COLISÃO,COLISÃO SEM VÍTIMA,2,,,,,,,,,0,,,,,,,,,,,,,,,,,,,,