data,hora,natureza_acidente,situacao,bairro,endereco,numero,detalhe_endereco_acidente,complemento,endereco_cruzamento,numero_cruzamento,referencia_cruzamento,bairro_cruzamento,num_semaforo,sentido_via,tipo,descricao,auto,moto,ciclom,ciclista,pedestre,onibus,caminhao,viatura,outros,vitimas,vitimasfatais,acidente_verificado,tempo_clima,situacao_semaforo,sinalizacao,condicao_via,conservacao_via,ponto_controle,situacao_placa,velocidade_max_via,mao_direcao,divisao_via1,divisao_via2,divisao_via3,,,,,,
2019-08-19,15:43:00,SEM VÍTIMA,FINALIZADA,VASCO DA GAMA,AV NORTE,,,NO SEMAFORO 066,AV NORTE,,NO SEMAFORO 066,VASCO DA GAMA,66,SUBURBIO,COLISÃO,COLISÃO SEM VÍTIMA,1,,,,,,1,,,0,,,,,,,,,,,,,,,,,,,,
2019-08-19,16:27:00,SEM VÍTIMA,FINALIZADA,IPSEP,AV RECIFE,,,EM FRENTE A ITALIANA,AV RECIFE,,EM FRENTE A ITALIANA,IPSEP,,SUBURBIO,COLISÃO TRASEIRA,COLISÃO SEM VÍTIMA,2,,,,,,,,,0,,Longo da via,Bom,Não existe,Perfeito estado,Seca,Perfeito estado,Não existe,Não há placas,,Dupla,Canteiro central,,,,,,,,
2019-08-19,16:33:00,SEM VÍTIMA,FINALIZADA,PRADO,AV ENGENHEIRO ABDIAS DE CARVALHO,,,EM FRENTE A HABIB'S,AV ENGENHEIRO ABDIAS DE CARVALHO,,EM FRENTE A HABIB'S,PRADO,,SUBURBIO,ABALROAMENTO LONGITUDINAL,COLISÃO SEM VÍTIMA,2,,,,,,,,,0,,Longo da via,Bom,Não existe,Perfeito estado,Seca,Perfeito estado,Não existe,R-6a,60 km/h,Dupla,Faixa seccionada,,,,,,,,
2019-08-19,16:40:00,SEM VÍTIMA,FINALIZADA,GRAÇAS,RUA ALBERTO PAIVA,275,,LADO OPOSTO A PIZZARIA HUT,RUA ALBERTO PAIVA,275,LADO OPOSTO A PIZZARIA HUT,GRAÇAS,,SUBURBIO,ABALROAMENTO LONGITUDINAL,COLISÃO SEM VÍTIMA,1,,,,,,1,,,0,,Longo da via,Bom,Não existe,Perfeito estado,Seca,Perfeito estado,Faixa de pedestre,R-6a,,Única,Faixa seccionada,,,,,,,,
2019-08-19,17:17:00,SEM VÍTIMA,FINALIZADA,JARDIM SÃO PAULO,RUA SENADOR ALBERTO PASQUALINI,,,PRAÇA DE JARDIM SAO PAULO,RUA SENADOR ALBERTO PASQUALINI,,PRAÇA DE JARDIM SAO PAULO,JARDIM SÃO PAULO,,SUBURBIO,COLISÃO TRASEIRA,COLISAO ENTRE DOIS AUTOS S/V,2,,,,,,,,,0,,Longo da via,Bom,Não existe,Perfeito estado,Seca,Perfeito estado,Não existe,Placas Pare,,Única,Não existe,,,,,,,,
2019-08-19,18:26:00,SEM VÍTIMA,FINALIZADA,ESPINHEIRO,RUA AMELIA,114,RUA DR VICENTE MEIRA,,RUA AMELIA,114,,ESPINHEIRO,,,ABALROAMENTO LONGITUDINAL,DOIS AUTOS,2,,,,,,,,,0,,,Bom,Não existe,Perfeito estado,Seca,Perfeito estado,Não existe,Outras,40 km/h,Única,Faixa seccionada,,,,,,,,
2019-08-19,19:00:00,SEM VÍTIMA,FINALIZADA,IBURA,AV DOIS RIOS,,RUA JORNALISTA EDSON REGIS,,AV DOIS RIOS,,,IBURA,518,,COLISÃO TRASEIRA,SIENA X LOGAN,2,,,,,,,,,0,,Cruzamento,Bom,Sem defeito,Ilegível,Seca,Mal iluminada,Faixa de pedestre,Não há placas,,Dupla,Não existe,,,,,,,,
2019-08-19,19:14:00,SEM VÍTIMA,FINALIZADA,BOA VIAGEM,RUA PROFESSOR JOSE BRANDAO,,RUA DR PEDRO DE MELLO CAHU,,RUA PROFESSOR JOSE BRANDAO,,,BOA VIAGEM,,CIDADE,ABALROAMENTO TRANSVERSAL,TUCSON X MOTO,1,,1,,,,,,,0,,Cruzamento,Bom,Não existe,Perfeito estado,Seca,Perfeito estado,Faixa de retenção,,,Dupla,Faixa seccionada,,,,,,,,
2019-08-19,19:42:00,SEM VÍTIMA,CANCELADA,IMBIRIBEIRA,AV MARECHAL MASCARENHAS DE MORAES,2092,RUA PAMPULHA,AO LADO DA EUROVIA // SENTIDO AEROPORTO,AV MARECHAL MASCARENHAS DE MORAES,2092,AO LADO DA EUROVIA // SENTIDO AEROPORTO,IMBIRIBEIRA,,,COLISÃO,CAMINHAO BAU X ONIBUS,,,,,,1,1,,,0,,,,,,,,,,,,,,,,,,,,
2019-08-19,20:09:00,SEM VÍTIMA,FINALIZADA,DERBY,AV GOVERNADOR AGAMENON MAGALHAES,,AV GOVERNADOR CARLOS DE LIMA CAVALCANTI,MC DONALD'S,AV GOVERNADOR AGAMENON MAGALHAES,,MC DONALD'S,DERBY,75,SUBURBIO,ABALROAMENTO LONGITUDINAL,ENTRE 2 AUTOS. S/V,2,,,,,,,,,0,,Cruzamento,Bom,Sem defeito,Perfeito estado,Seca,Perfeito estado,Faixa de pedestre,Não há placas,,Dupla,Canal,,,,,,,,
2019-08-19,21:26:00,SEM VÍTIMA,FINALIZADA,IPUTINGA,AV MAURICIO DE NASSAU,,,FUNDAÇAO ALTINO VENTURA,AV MAURICIO DE NASSAU,,FUNDAÇAO ALTINO VENTURA,IPUTINGA,,SUBURBIO,COLISÃO TRASEIRA,DOIS AUTO,2,,,,,,,,,0,,Longo da via,Bom,Não existe,Perfeito estado,Seca,Mal iluminada,Não existe,Não há placas,,Dupla,Faixa seccionada,,,,,,,,
2019-08-19,21:35:00,COM VÍTIMA,FINALIZADA,VASCO DA GAMA,RUA VASCO DA GAMA,1052,,,RUA VASCO DA GAMA,1052,,VASCO DA GAMA,,,COLISÃO FRONTAL,ENTRE AUTO E MOTO. C/V,1,1,,,,,,,,2,,Longo da via,Bom,Não existe,,Seca,,Não existe,Outras,30 km/h,Dupla,Não existe,,,,,,,,
2019-08-20,07:03:00,COM VÍTIMA,FINALIZADA,TOTÓ,RUA ONZE DE AGOSTO,,,PROXIMO AO BAR DO AMARELINHO,RUA ONZE DE AGOSTO,,PROXIMO AO BAR DO AMARELINHO,TOTÓ,,,COLISÃO FRONTAL,COLISAO COM VITIMAS,1,1,,,,,,,,1,,Cruzamento,Bom,Não existe,,Seca,Perfeito estado,Não existe,Não há placas,,Dupla,Não existe,,,,,,,,
2019-08-20,07:16:00,SEM VÍTIMA,FINALIZADA,IMBIRIBEIRA,AV MARECHAL MASCARENHAS DE MORAES,2683,RUA CONDE PEREIRA CARNEIRO,AO LADO DA TROLLER,AV MARECHAL MASCARENHAS DE MORAES,2683,AO LADO DA TROLLER,IMBIRIBEIRA,,CIDADE,COLISÃO TRASEIRA,DOIS AUTOS,2,,,,,,,,,0,,Longo da via,Bom,Não existe,Incompleta,Seca,Mal conservada,Não existe,Não há placas,,Dupla,Canteiro central,,,,,,,,
2019-08-20,07:19:00,SEM VÍTIMA,FINALIZADA,SANTO AMARO,RUA DOS PALMARES,,RUA AFONSO PENA,EM FRENTE AO COMANDO DA GUARDA,RUA DOS PALMARES,,EM FRENTE AO COMANDO DA GUARDA,SANTO AMARO,,CIDADE,ABALROAMENTO LONGITUDINAL,COLISÃO SEM VITIMAS,2,,,,,,,,,0,,Longo da via,Bom,Não existe,Perfeito estado,Seca,Perfeito estado,Outros,Outras,,Dupla,Canteiro central,,,,,,,,
2019-08-20,07:36:00,SEM VÍTIMA,FINALIZADA,DERBY,PRC DO DERBY,,,ESTAÇÃO DO DERBY ( BRT),PRC DO DERBY,,ESTAÇÃO DO DERBY ( BRT),DERBY,,CIDADE,ABALROAMENTO LONGITUDINAL,ONIBUS E AUTO,1,,,,,1,,,,0,,Longo da via,Bom,Sem defeito,Perfeito estado,Seca,Perfeito estado,Faixa de pedestre,Outras,50 km/h,Dupla,Canteiro central,Blocos,,,,,,,
2019-08-20,08:00:00,SEM VÍTIMA,CANCELADA,SAN MARTIN,AV GENERAL SAN MARTIN,,,SAIDA DA AV RECIFE,AV GENERAL SAN MARTIN,,SAIDA DA AV RECIFE,SAN MARTIN,250,SUBURBIO,COLISÃO,MOTO E AUTO /,,,,,,,,,,0,,,,,,,,,,,,,,,,,,,,
2019-08-20,08:08:00,SEM VÍTIMA,FINALIZADA,BAIRRO DO RECIFE,AV MARTINS DE BARROS,50B,,AO LADO DO ITAÚ,,50B,AO LADO DO ITAÚ,BAIRRO DO RECIFE,194,SUBURBIO,ABALROAMENTO LONGITUDINAL,COLISÃO SEM VITIMAS,2,,,,,,,,,0,,Longo da via,Bom,Sem defeito,Perfeito estado,Seca,Perfeito estado,Agente,Não há placas,40 km/h,Única,Faixa seccionada,,,,,,,,
2019-08-20,08:15:00,SEM VÍTIMA,FINALIZADA,BOA VIAGEM,AV CONSELHEIRO AGUIAR,,,EM FRENTE AO MERCADO EXTRA,AV CONSELHEIRO AGUIAR,,EM FRENTE AO MERCADO EXTRA,BOA VIAGEM,,CIDADE,ABALROAMENTO LONGITUDINAL,COLISAO SEM VITIMAS,1,,,,,1,,,,0,,Longo da via,Bom,Não existe,Perfeito estado,Seca,Perfeito estado,Não existe,Não há placas,60 km/h,Única,Faixa contínua,,,,,,,,
2019-08-20,08:28:00,COM VÍTIMA,FINALIZADA,IPSEP,RUA ITACARI,162,RUA ITAJAI,EM FRENTE AS LOJAS INOVE,RUA ITACARI,162,EM FRENTE AS LOJAS INOVE,IPSEP,,CIDADE,ABALROAMENTO LONGITUDINAL,MOTO E AUTO,1,1,,,,,,,,1,,Cruzamento,Bom,Não existe,Perfeito estado,Seca,Perfeito estado,Faixa de pedestre,Placas Pare,,Dupla,Faixa,,,,,,,,
2019-08-20,08:45:00,SEM VÍTIMA,CANCELADA,BOA VIAGEM,AV CONSELHEIRO AGUIAR,3595,,EM FRENTE AS LOJAS AMERICANAS EXPRESS,AV CONSELHEIRO AGUIAR,3595,EM FRENTE AS LOJAS AMERICANAS EXPRESS,BOA VIAGEM,,,COLISÃO,COLISÃO SEM VITIMAS,1,,,,,,1,,,0,,,,,,,,,,,,,,,,,,,,
2019-08-20,09:03:00,COM VÍTIMA,FINALIZADA,ÁGUA FRIA,AV BEBERIBE,1772,RUA ZEFERINO AGRA,EM FRENTE A IGREJA BATISTA,AV BEBERIBE,1772,EM FRENTE A IGREJA BATISTA,ÁGUA FRIA,,,ABALROAMENTO LONGITUDINAL,COLISÃO ENTRE DUAS MOTOS,,2,,,,,,,,2,,Esquina,Bom,Não existe,Perfeito estado,Seca,Perfeito estado,Faixa de pedestre,R-6a,,Dupla,Faixa contínua,Faixa seccionada,,,,,,,
2019-08-20,09:27:00,SEM VÍTIMA,CANCELADA,TORRÕES,AV ENGENHEIRO ABDIAS DE CARVALHO,,,FINAL DA ABDIAS DE CARVALHO APOS A DLP,AV ENGENHEIRO ABDIAS DE CARVALHO,,FINAL DA ABDIAS DE CARVALHO APOS A DLP,TORRÕES,,SUBURBIO,COLISÃO,DOIS AUTOS,2,,,,,,,,,0,,,,,,,,,,,,,,,,,,,,
2019-08-20,09:38:00,SEM VÍTIMA,FINALIZADA,AFLITOS,AV CONS ROSA E SILVA,1655,,EM FRENTE A PARADA DE ÔNIBUS Nº100006,AV CONS ROSA E SILVA,1655,EM FRENTE A PARADA DE ÔNIBUS Nº100006,AFLITOS,,SUBURBIO,COLISÃO TRASEIRA,CAMINHAO E AUTO,1,,,,,,1,,,0,,Longo da via,Bom,Não existe,Perfeito estado,Seca,Perfeito estado,Não existe,R-6c,,Única,Faixa seccionada,,,,,,,,
2019-08-20,10:11:00,SEM VÍTIMA,FINALIZADA,JARDIM SÃO PAULO,AV SAO PAULO,453,RUA MAJOR FELICIO,LADO OPOSTO A IGREJA UNIVERSAL,AV SAO PAULO,453,LADO OPOSTO A IGREJA UNIVERSAL,JARDIM SÃO PAULO,,CIDADE,ABALROAMENTO LONGITUDINAL,ONIBUS E AUTO,1,,,,,1,,,,0,,Longo da via,Bom,Sem defeito,Perfeito estado,Seca,Mal conservada,Não existe,Não há placas,,Dupla,Não existe,,,,,,,,
2019-08-20,10:25:00,SEM VÍTIMA,CANCELADA,CORDEIRO,AV CAXANGA,1303,,AO LADO DO BANCO BRADESCO,AV CAXANGA,1303,AO LADO DO BANCO BRADESCO,CORDEIRO,,CIDADE,COLISÃO,COLISÃO SEM VITIMAS,2,,,,,,,,,0,,,,,,,,,,,,,,,,,,,,
2019-08-20,10:40:00,SEM VÍTIMA,FINALIZADA,VÁRZEA,PRC PINTO DAMASO,2017,,PRÓXIMO AO SUPERMERCADO ARCO MIX,PRC PINTO DAMASO,2017,PRÓXIMO AO SUPERMERCADO ARCO MIX,VÁRZEA,,,ABALROAMENTO LONGITUDINAL,COLISÃO SEM VITIMAS,1,,,,,1,,,,0,,Longo da via,Bom,Não existe,Perfeito estado,Seca,Perfeito estado,Faixa de pedestre,Outras,,Única,Não existe,,,,,,,,
2019-08-20,10:57:00,SEM VÍTIMA,CANCELADA,BONGI,RUA SERRA DA CANASTRA,310,,PROXIMO A FARMACIA DROGAMARIA,RUA SERRA DA CANASTRA,310,PROXIMO A FARMACIA DROGAMARIA,BONGI,,,COLISÃO,COLISAO SEM VITIMAS,1,,,,,1,,,,0,,,,,,,,,,,,,,,,,,,,
2019-08-20,11:01:00,SEM VÍTIMA,FINALIZADA,MANGUEIRA,RUA SAO MIGUEL,,RUA DES DIRCEU BORGES,LABORATÓRIO CERPE,RUA SAO MIGUEL,,LABORATÓRIO CERPE,MANGUEIRA,,,ABALROAMENTO TRANSVERSAL,DOIS AUTOS,2,,,,,,,,,0,,Longo da via,Bom,Não existe,Incompleta,Seca,Perfeito estado,Não existe,Não há placas,,Dupla,Faixa contínua,,,,,,,,
2019-08-20,11:15:00,SEM VÍTIMA,FINALIZADA,TEJIPIÓ,AV DR JOSE RUFINO,,,EM FRENTE AO POSTO IPIRANGA,AV DR JOSE RUFINO,,EM FRENTE AO POSTO IPIRANGA,TEJIPIÓ,,CIDADE,COLISÃO TRASEIRA,MOTO E AUTO,1,1,,,,,,,,0,,Longo da via,Bom,Sem defeito,Perfeito estado,Seca,Perfeito estado,Faixa de pedestre,Outras,,Única,Faixa seccionada,,,,,,,,
2019-08-20,11:45:00,SEM VÍTIMA,FINALIZADA,BOA VIAGEM,RUA PADRE CARAPUCEIRO,,,EM FRENTE A SAÍDA DO BIG BOMPREÇO,RUA PADRE CARAPUCEIRO,,EM FRENTE A SAÍDA DO BIG BOMPREÇO,BOA VIAGEM,542,SUBURBIO,ABALROAMENTO LONGITUDINAL,AUTO E MOTO,1,1,,,,,,,,0,,Longo da via,Bom,Sem defeito,Perfeito estado,Seca,Perfeito estado,,R-6a,,Única,Faixa contínua,Faixa seccionada,,,,,,,
2019-08-20,12:15:00,COM VÍTIMA,FINALIZADA,BOA VIAGEM,AV CONSELHEIRO AGUIAR,3423,,EM FRENTE DA CAIXA ECONOMICA. PLANET DELICATESSEN,AV CONSELHEIRO AGUIAR,3423,EM FRENTE DA CAIXA ECONOMICA. PLANET DELICATESSEN,BOA VIAGEM,,CIDADE,ABALROAMENTO LONGITUDINAL,COLISÃO COM VITIMA,1,,,,,1,,,,1,,Longo da via,Bom,Não existe,Não existente,Seca,Perfeito estado,Não existe,Não há placas,60 km/h,Única,Faixa seccionada,,,,,,,,
2019-08-20,12:33:00,SEM VÍTIMA,FINALIZADA,PARNAMIRIM,RUA SEBASTIAO MALTA ARCOVERDE,,AV PARNAMIRIM,,RUA SEBASTIAO MALTA ARCOVERDE,,,PARNAMIRIM,10,SUBURBIO,ABALROAMENTO LONGITUDINAL,COLISÃO SEM VÍTIMA,2,,,,,,,,,0,,Cruzamento,Bom,Sem defeito,Perfeito estado,Seca,Perfeito estado,Faixa de pedestre,,40 km/h,Única,Faixa contínua,,,,,,,,
2019-08-20,12:36:00,SEM VÍTIMA,FINALIZADA,IPUTINGA,AV MAURICIO DE NASSAU,,RUA PEREIRA COUTINHO FILHO,EM FRENTE AO Nº 88,AV MAURICIO DE NASSAU,,EM FRENTE AO Nº 88,IPUTINGA,,SUBURBIO,COLISÃO TRASEIRA,COLISÃO SEM VITIMA,2,,,,,,,,,0,,Cruzamento,Bom,Sem defeito,Incompleta,Seca,Perfeito estado,Não existe,Não há placas,,Dupla,Faixa contínua,,,,,,,,
2019-08-20,12:47:00,SEM VÍTIMA,FINALIZADA,CORDEIRO,EST DO FORTE DO ARRAIAL N. DO B. JESUS,,,ESQUINA RUA ALAIDE,EST DO FORTE DO ARRAIAL N. DO B. JESUS,,ESQUINA RUA ALAIDE,CORDEIRO,,SUBURBIO,ABALROAMENTO TRANSVERSAL,COLISÃO COM VITIMA,1,1,,,,,,,,0,,Cruzamento,Bom,Não existe,Perfeito estado,Seca,Perfeito estado,Outros,Outras,,Dupla,Faixa contínua,,,,,,,,
2019-08-20,13:14:00,SEM VÍTIMA,CANCELADA,MADALENA,AV ENGENHEIRO ABDIAS DE CARVALHO,794,,EM FRENTE A IMOBILIARIA NOVO RECIFE / SENTIDO BR,AV ENGENHEIRO ABDIAS DE CARVALHO,794,EM FRENTE A IMOBILIARIA NOVO RECIFE / SENTIDO BR,MADALENA,,,COLISÃO,COLISÃO SEM VÍTIMA,2,,,,,,,,,0,,,,,,,,,,,,,,,,,,,,
2019-08-20,14:29:00,SEM VÍTIMA,FINALIZADA,BOA VIAGEM,RUA ERNESTO DE PAULA SANTOS,,,EM FRENTE AO COLEGIO ANCHIETA,RUA ERNESTO DE PAULA SANTOS,,EM FRENTE AO COLEGIO ANCHIETA,BOA VIAGEM,,CIDADE,ABALROAMENTO LONGITUDINAL,COLISAO ENTRE DOIS AUTOS S/V,2,,,,,,,,,0,,Longo da via,Bom,Não existe,Perfeito estado,Seca,Perfeito estado,Faixa de pedestre,Outras,,Única,Faixa seccionada,,,,,,,,
2019-08-20,15:19:00,SEM VÍTIMA,FINALIZADA,BOA VIAGEM,AV DES JOSE NEVES,63,,,AV DES JOSE NEVES,63,,BOA VIAGEM,,SUBURBIO,CHOQUE VEÍCULO PARADO,COLISAO ENTRE DOIS AUTOS S/V,2,,,,,,,,,0,,Longo da via,Bom,Não existe,Perfeito estado,Seca,Perfeito estado,,Não há placas,60 km/h,Dupla,Canal,,,,,,,,
2019-08-20,15:25:00,SEM VÍTIMA,FINALIZADA,CASA AMARELA,RUA PADRE LEMOS,319,,EM FRENTE A CAIXA ECONÔMICA FEDERAL,RUA PADRE LEMOS,319,EM FRENTE A CAIXA ECONÔMICA FEDERAL,CASA AMARELA,,,CHOQUE VEÍCULO PARADO,COLISÃO SEM VÍTMA,2,,,,,,,,,0,,Longo da via,Bom,Não existe,Perfeito estado,Seca,Perfeito estado,Não existe,R-6a,,Dupla,Faixa contínua,,,,,,,,
2019-08-20,16:15:00,SEM VÍTIMA,FINALIZADA,SAN MARTIN,AV GENERAL SAN MARTIN,,,EM FRENTE AO HOSPITAL GETULIO VARGAS,AV GENERAL SAN MARTIN,,EM FRENTE AO HOSPITAL GETULIO VARGAS,SAN MARTIN,,SUBURBIO,ABALROAMENTO LONGITUDINAL,COLISÃO SEM VÍTIMA,1,,,,,,1,,,0,,Longo da via,Bom,Não existe,Perfeito estado,Seca,Perfeito estado,,,,Única,Faixa seccionada,,,,,,,,
2019-08-20,17:06:00,SEM VÍTIMA,FINALIZADA,JORDÃO,RUA ESCOLA DE SAGRES,118,,EM FRENTE A IGREJA UNIVERSAL,RUA ESCOLA DE SAGRES,118,EM FRENTE A IGREJA UNIVERSAL,JORDÃO,,,COLISÃO TRASEIRA,COLISÃO SEM VÍTIMA,2,,,,,,,,,0,,Longo da via,Bom,Não existe,Não existente,Seca,Perfeito estado,Não existe,Não há placas,,Dupla,Não existe,,,,,,,,
2019-08-20,17:13:00,SEM VÍTIMA,FINALIZADA,BOA VIAGEM,RUA VISCONDE DE JEQUITINHONHA,,,,RUA VISCONDE DE JEQUITINHONHA,,,BOA VIAGEM,,SUBURBIO,ABALROAMENTO TRANSVERSAL,COLISÃO SEM VÍTIMA,2,,,,,,,,,0,,Longo da via,Bom,Não existe,Perfeito estado,Seca,Perfeito estado,Não existe,Não há placas,,Única,Não existe,,,,,,,,
2019-08-20,17:31:00,SEM VÍTIMA,FINALIZADA,SANTO AMARO,RUA DOS PALMARES,,,CENTRO DE SAÚDE , PROF WALDEMAR DE OLIVEIRA,RUA DOS PALMARES,,CENTRO DE SAÚDE , PROF WALDEMAR DE OLIVEIRA,SANTO AMARO,,SUBURBIO,ABALROAMENTO LONGITUDINAL,COLISÃO SEM VÍTIMA,2,,,,,,,,,0,,Longo da via,Bom,Não existe,Perfeito estado,Seca,Perfeito estado,Não existe,Outras,,Dupla,Canteiro central,,,,,,
2019-08-20,17:47:00,SEM VÍTIMA,FINALIZADA,PARNAMIRIM,RUA PADRE ROMA,566,RUA ANDRE CAVALCANTE,,RUA PADRE ROMA,566,,PARNAMIRIM,,SUBURBIO,ABALROAMENTO LONGITUDINAL,ENTRE 2 AUTOS. S/V,2,,,,,,,,,0,,Longo da via,Bom,Não existe,Perfeito estado,Seca,Perfeito estado,Outros,Placas Pare,,Única,Faixa seccionada,,,,,,,,
2019-08-20,18:10:00,SEM VÍTIMA,FINALIZADA,ILHA DO RETIRO,RUA SPORT CLUBE DO RECIFE,98,,EM FRENTE AO Nº 98,RUA SPORT CLUBE DO RECIFE,98,EM FRENTE AO Nº 98,ILHA DO RETIRO,,CIDADE,ABALROAMENTO LONGITUDINAL,SANDERO X MINI AMP,2,,,,,,,,,0,,Longo da via,Bom,Não existe,Perfeito estado,Seca,Perfeito estado,Não existe,Outras,,Dupla,Faixa seccionada,,,,,,,,
2019-08-20,18:31:00,SEM VÍTIMA,FINALIZADA,SÃO JOSÉ,AV SUL,74,RUA PADRE JOSE DE SA LEITAO,,AV SUL,74,,SÃO JOSÉ,509,CIDADE,ABALROAMENTO LONGITUDINAL,ENTRE AUTO E CAMINHÃO. S/V,1,,,,,,1,,,0,,,Bom,Sem defeito,Perfeito estado,Seca,Perfeito estado,,Não há placas,60 km/h,Dupla,Canteiro central,,,,,,,,
2019-08-20,19:19:00,SEM VÍTIMA,FINALIZADA,,RUA GUILHERME PINTO,,RUA JOAQUIM NABUCO,,RUA GUILHERME PINTO,,,,498,,ABALROAMENTO LONGITUDINAL,ENTRE 2 AUTOS. S/V,2,,,,,,,,,0,,Cruzamento,Bom,Sem defeito,Perfeito estado,Seca,Perfeito estado,Faixa de pedestre,Outras,,Única,Faixa seccionada,,,,,,,,
2019-08-20,19:28:00,SEM VÍTIMA,FINALIZADA,PARNAMIRIM,AV FLOR DE SANTANA,,RUA AMARO LAFAYETE,,AV FLOR DE SANTANA,,,PARNAMIRIM,,SUBURBIO,ABALROAMENTO LONGITUDINAL,PRISMA X COBALT,2,,,,,,,,,0,,Cruzamento,Bom,Não existe,Incompleta,Seca,Perfeito estado,Não existe,Não há placas,,Dupla,Não existe,,,,,,,,
2019-08-20,20:37:00,SEM VÍTIMA,FINALIZADA,SANTO AMARO,AV CRUZ CABUGA,,,E/F AO CEMITERIO DOS INGLESES,AV CRUZ CABUGA,,E/F AO CEMITERIO DOS INGLESES,SANTO AMARO,,SUBURBIO,ABALROAMENTO LONGITUDINAL,ENTRE AUTO E ÕNIBUS. S/V,1,,,,,1,,,,0,,Longo da via,Bom,Não existe,Perfeito estado,Seca,Perfeito estado,Não existe,Não há placas,,Dupla,Faixa contínua,Canteiro central,,,,,,,
2019-08-20,20:37:00,SEM VÍTIMA,FINALIZADA,BOA VIAGEM,RUA PROFESSOR JOAO MEDEIROS,,RUA JACK AYRES,SEMÁFORO 183,RUA PROFESSOR JOAO MEDEIROS,,SEMÁFORO 183,BOA VIAGEM,183,CIDADE,COLISÃO COM CICLISTA,ETIOS X CICLISTA,1,,,1,,,,,,0,,Cruzamento,Bom,Sem defeito,Perfeito estado,Seca,Perfeito estado,Faixa de pedestre,,,Única,Faixa seccionada,,,,,,,,
2019-08-20,21:33:00,COM VÍTIMA,FINALIZADA,MADALENA,RUA DEMOCRITO DE SOUZA FILHO,,RUA PROFESSOR JOSE TORRES PIRES,BELEZA CAFÉ MODA & BARBEARIA,RUA DEMOCRITO DE SOUZA FILHO,,BELEZA CAFÉ MODA & BARBEARIA,MADALENA,,CIDADE,ABALROAMENTO LONGITUDINAL,AUTO E MOTO,1,1,,,,,,,,1,,Cruzamento,Bom,Não existe,Perfeito estado,Seca,Perfeito estado,Faixa de retenção,Placas Pare,,Única,Não existe,,,,,,,,
2019-08-20,22:02:00,SEM VÍTIMA,CANCELADA,IMBIRIBEIRA,RUA GENERAL GOES MONTEIRO,,RUA CONEGO LIRA,POR TRÁS DA MOURA BATERIAS,RUA GENERAL GOES MONTEIRO,,POR TRÁS DA MOURA BATERIAS,IMBIRIBEIRA,,,COLISÃO,ENTRE 2 AUTOS. S/V,2,,,,,,,,,0,,,,,,,,,,,,,,,,,,,,
2019-08-20,22:23:00,SEM VÍTIMA,FINALIZADA,IPSEP,AV RECIFE,,,PRÓXIMO SEMÁFORO 319,AV RECIFE,,PRÓXIMO SEMÁFORO 319,IPSEP,,,COLISÃO TRASEIRA,ONIBUS BORBOREMA X PALIO,1,,,,,1,,,,0,,Longo da via,Bom,Sem defeito,Perfeito estado,Seca,Perfeito estado,,,,Dupla,,,,,,,,,
2019-08-21,06:18:00,COM VÍTIMA,FINALIZADA,CORDEIRO,AV CAXANGA,2191,,EM FRENTE A EXPOSIÇÃO DE ANIMAIS,AV CAXANGA,2191,EM FRENTE A EXPOSIÇÃO DE ANIMAIS,CORDEIRO,,CIDADE,ABALROAMENTO LONGITUDINAL,AUTO E MOTO,1,1,,,,,,,,2,,Longo da via,Bom,Não existe,Perfeito estado,Molhada,Perfeito estado,Não existe,Outras,,Dupla,Canteiro central,,,,,,,,
2019-08-21,06:57:00,COM VÍTIMA,FINALIZADA,ILHA DO RETIRO,RUA SPORT CLUBE DO RECIFE,,RUA BENFICA,SEDE DO SPORT CLUBE DO RECIFE,RUA SPORT CLUBE DO RECIFE,,SEDE DO SPORT CLUBE DO RECIFE,ILHA DO RETIRO,,CIDADE,ABALROAMENTO LONGITUDINAL,AUTO E MOTO,1,1,,,,,,,,1,,Longo da via,Bom,Não existe,Perfeito estado,Seca,Perfeito estado,Não existe,Não há placas,60 km/h,Dupla,Faixa contínua,,,,,,,,
2019-08-21,07:27:00,SEM VÍTIMA,CANCELADA,BOA VIAGEM,AV MARECHAL JUAREZ TAVORA,,,POR TRAS DA ESCOLA AMERICANA, AO LADO DO CANAL,AV MARECHAL JUAREZ TAVORA,,POR TRAS DA ESCOLA AMERICANA, AO LADO DO CANAL,BOA VIAGEM,,,COLISÃO,DOIS AUTOS,2,,,,,,,,,0,,,,,,,,,,,,,,,,,,
2019-08-21,07:45:00,COM VÍTIMA,FINALIZADA,SAN MARTIN,RUA GEOLANDIA,,,PRÓXIMO AO BOPE,RUA GEOLANDIA,,PRÓXIMO AO BOPE,SAN MARTIN,,SUBURBIO,COLISÃO TRASEIRA,COLISÃO ENTRE AUTO E MOTO COM VÍTIMA,1,1,,,,,,,,1,,Longo da via,Bom,Não existe,Não existente,Seca,Perfeito estado,Não existe,Não há placas,,Dupla,Não existe,,,,,,,,
2019-08-21,07:52:00,SEM VÍTIMA,FINALIZADA,BOA VIAGEM,RUA SA E SOUZA,263,RUA CAPITAO ZUZINHA,,RUA SA E SOUZA,263,,BOA VIAGEM,420,SUBURBIO,ABALROAMENTO LONGITUDINAL,COLISAO SEM VITIMAS,1,,,,,1,,,,0,,Cruzamento,Bom,Sem defeito,Perfeito estado,Seca,Perfeito estado,Faixa de pedestre,Outras,,Dupla,Faixa contínua,,,,,,,,