data,hora,natureza_acidente,situacao,bairro,endereco,numero,detalhe_endereco_acidente,complemento,endereco_cruzamento,numero_cruzamento,referencia_cruzamento,bairro_cruzamento,num_semaforo,sentido_via,tipo,descricao,auto,moto,ciclom,ciclista,pedestre,onibus,caminhao,viatura,outros,vitimas,vitimasfatais,acidente_verificado,tempo_clima,situacao_semaforo,sinalizacao,condicao_via,conservacao_via,ponto_controle,situacao_placa,velocidade_max_via,mao_direcao,divisao_via1,divisao_via2,divisao_via3,,,,,,
2019-08-21,07:52:00,SEM VÍTIMA,FINALIZADA,BOA VIAGEM,AV DES JOSE NEVES,,,AO LADO DO RESTAURANTE CANGAÇO,AV DES JOSE NEVES,,AO LADO DO RESTAURANTE CANGAÇO,BOA VIAGEM,,CIDADE,COLISÃO TRASEIRA,DOIS AUTOS,2,,,,,,,,,0,,Longo da via,Bom,Não existe,Perfeito estado,Seca,Perfeito estado,Não existe,Não há placas,60 km/h,Dupla,Canteiro central,,,,,,,,
2019-08-21,09:04:00,COM VÍTIMA,FINALIZADA,IPUTINGA,AV CAXANGA,2925,RUA CAPITAO ARAUJO MIRANDA,LADO OPOSTO AO EXTRA,AV CAXANGA,2925,LADO OPOSTO AO EXTRA,IPUTINGA,,SUBURBIO,ATROPELAMENTO,AUTO E PEDESTRE,1,,,,1,,,,,1,,Longo da via,Bom,Sem defeito,Perfeito estado,Seca,Perfeito estado,Outros,R-6a,,Dupla,Faixa seccionada,Canteiro central,,,,,,,
2019-08-21,09:43:00,SEM VÍTIMA,FINALIZADA,BOA VISTA,TRV CORREIA NETO,573,,AO LADO DA ASSEMBLEIA LEGISLATIVA,TRV CORREIA NETO,573,AO LADO DA ASSEMBLEIA LEGISLATIVA,BOA VISTA,,SUBURBIO,COLISÃO TRASEIRA,COLISÃO S/VITIMAS ENTRE DOIS AUTOS,2,,,,,,,,,0,,Longo da via,Bom,Não existe,Perfeito estado,Seca,Perfeito estado,Não existe,Não há placas,,Única,Não existe,,,,,,,,
2019-08-21,09:58:00,COM VÍTIMA,FINALIZADA,CASA AMARELA,RUA PAULA BATISTA,517,,AO LADO DO BANCO BRADESCO,RUA PAULA BATISTA,517,AO LADO DO BANCO BRADESCO,CASA AMARELA,,SUBURBIO,ABALROAMENTO LONGITUDINAL,AUTO E MOTO,1,1,,,,,,,,1,,Longo da via,Bom,Não existe,Perfeito estado,Seca,Perfeito estado,Não existe,Outras,40 km/h,Única,Não existe,,,,,,,,
2019-08-21,10:50:00,SEM VÍTIMA,FINALIZADA,PRADO,AV ENGENHEIRO ABDIAS DE CARVALHO,,,PRÓXIMO A LANCHONETE BOB'S BURGUER,AV ENGENHEIRO ABDIAS DE CARVALHO,,PRÓXIMO A LANCHONETE BOB'S BURGUER,PRADO,,SUBURBIO,ABALROAMENTO LONGITUDINAL,MOTO E AUTO,1,1,,,,,,,,0,,Longo da via,Bom,Sem defeito,Perfeito estado,Seca,Perfeito estado,,Outras,,Dupla,Canteiro central,,,,,,,,
2019-08-21,11:30:00,SEM VÍTIMA,FINALIZADA,BOMBA DO HEMETÉRIO,RUA PADRE OLIVEIRA,278,,EM FRENTE AO Nº 278,RUA PADRE OLIVEIRA,278,EM FRENTE AO Nº 278,BOMBA DO HEMETÉRIO,,SUBURBIO,CHOQUE VEÍCULO PARADO,COLISÃO S/VITIMAS ENTRE UM AUTO E UM ONIBUS,1,,,,,1,,,,0,,Longo da via,Bom,Não existe,Incompleta,Seca,Perfeito estado,Não existe,Não há placas,,Dupla,Não existe,,,,,,,,
2019-08-21,11:38:00,SEM VÍTIMA,FINALIZADA,VÁRZEA,AV PROFESSOR MORAES REGO,,,PRAÇA MALEMBAR,AV PROFESSOR MORAES REGO,,PRAÇA MALEMBAR,VÁRZEA,,CIDADE,ABALROAMENTO LONGITUDINAL,AUTO E CAMINHÃO,1,,,,,,1,,,0,,Longo da via,Bom,Não existe,Perfeito estado,Seca,Perfeito estado,Não existe,Placas Pare,,Única,Não existe,,,,,,,,
2019-08-21,12:36:00,SEM VÍTIMA,PENDENTE,JOANA BEZERRA,AV DES GUERRA BARRETO,,,E/F AO FORUM JONA BEZERRA,AV DES GUERRA BARRETO,,E/F AO FORUM JONA BEZERRA,JOANA BEZERRA,,,COLISÃO,COLISAO ENTRE DOIS AUTOS S/V,2,,,,,,,,,0,,,,,,,,,,,,,,,,,,,,
2019-08-21,12:37:00,SEM VÍTIMA,FINALIZADA,BOA VIAGEM,RUA ANTONIO FALCAO,729,,EM FRENTE AO Nº 729,RUA ANTONIO FALCAO,729,EM FRENTE AO Nº 729,BOA VIAGEM,,,ABALROAMENTO TRANSVERSAL,COLISÃO SEM VITIMA,2,,,,,,,,,0,,Longo da via,Bom,Sem defeito,Perfeito estado,Seca,Perfeito estado,Não existe,Não há placas,,Única,Faixa seccionada,,,,,,,,
2019-08-21,12:50:00,SEM VÍTIMA,CANCELADA,SANTO AMARO,AV JOAO DE BARROS,923,,PROX. AO CORPO DE BOMBEIROS, EM FRENTE AO EDIF. BOSQUE DE VERSAILLES,AV JOAO DE BARROS,923,PROX. AO CORPO DE BOMBEIROS, EM FRENTE AO EDIF. BOSQUE DE VERSAILLES,SANTO AMARO,,,COLISÃO,COLISÃO SEM VITIMA,2,,,,,,,,,0,,,,,,,,,,,,,,,,,,
2019-08-21,14:21:00,COM VÍTIMA,FINALIZADA,DERBY,AV GOVERNADOR AGAMENON MAGALHAES,,PRC DO DERBY,CRUZAMENTO COM PRC DERBY,AV GOVERNADOR AGAMENON MAGALHAES,,CRUZAMENTO COM PRC DERBY,DERBY,75,SUBURBIO,ATROPELAMENTO,MOTO X PEDESTRE,,1,,,1,,,,,1,,Cruzamento,Bom,Sem defeito,Perfeito estado,Seca,Perfeito estado,Faixa de pedestre,,60 km/h,Única,Canal,,,,,,,,
2019-08-21,14:29:00,SEM VÍTIMA,FINALIZADA,BOA VISTA,AV MONTEVIDEU,644,RUA JOAO FERNANDES VIEIRA,EM FRENTE AO HOSPITAL DE FRATURAS,AV MONTEVIDEU,644,EM FRENTE AO HOSPITAL DE FRATURAS,BOA VISTA,,CIDADE,ABALROAMENTO LONGITUDINAL,ENTRE DOIS AUTO S/V,2,,,,,,,,,0,,Longo da via,Bom,Não existe,Perfeito estado,Seca,Perfeito estado,Faixa de pedestre,Outras,,Única,Faixa seccionada,,,,,,,,
2019-08-21,14:47:00,SEM VÍTIMA,FINALIZADA,BARRO,AV DR JOSE RUFINO,2116,,,AV DR JOSE RUFINO,2116,,BARRO,,SUBURBIO,COLISÃO TRASEIRA,COLISAO ENTRE DOIS AUTOS S/V,1,,,,,,,,1,0,,Longo da via,Bom,Não existe,Perfeito estado,Seca,Perfeito estado,Não existe,R-6a,40 km/h,Dupla,Faixa seccionada,,,,,,,,
2019-08-21,15:13:00,SEM VÍTIMA,FINALIZADA,CASA FORTE,RUA LEONARDO BEZERRA CAVALCANTE,698,,BIG BOMPREÇO,RUA LEONARDO BEZERRA CAVALCANTE,698,BIG BOMPREÇO,CASA FORTE,,SUBURBIO,COLISÃO TRASEIRA,COLISAO ENTRE MOTO E AUTO S/V,1,1,,,,,,,,0,,Longo da via,Bom,Não existe,Perfeito estado,Seca,Perfeito estado,Faixa de pedestre,Outras,,Única,Faixa seccionada,,,,,,,,
2019-08-21,15:44:00,SEM VÍTIMA,FINALIZADA,SANTO AMARO,AV GOVERNADOR AGAMENON MAGALHAES,,,EM CIMA DO VIADUTO JOÃO DE BARROS,AV GOVERNADOR AGAMENON MAGALHAES,,EM CIMA DO VIADUTO JOÃO DE BARROS,SANTO AMARO,,SUBURBIO,COLISÃO TRASEIRA,COLISÃO SEM VITIMA,2,,,,,,,,,0,,,Bom,Não existe,Perfeito estado,Seca,Perfeito estado,Não existe,Não há placas,60 km/h,Única,Faixa contínua,,,,,,,,
2019-08-21,16:23:00,COM VÍTIMA,FINALIZADA,CASA FORTE,AV DEZESSETE DE AGOSTO,,,EM FRENTE AO Nº 1316,AV DEZESSETE DE AGOSTO,,EM FRENTE AO Nº 1316,CASA FORTE,,CIDADE,ABALROAMENTO LONGITUDINAL,COLISÃO COM VITIMA/ os veiculos foram removidos do local,1,1,,,,,,,,2,,Longo da via,Bom,Sem defeito,Perfeito estado,Seca,Perfeito estado,Não existe,Não há placas,,Dupla,Faixa contínua,,,,,,,,
2019-08-21,17:12:00,SEM VÍTIMA,FINALIZADA,IPUTINGA,AV LUIZ DE LACERDA,260,,COLÉGIO DESAFIO,AV LUIZ DE LACERDA,260,COLÉGIO DESAFIO,IPUTINGA,,SUBURBIO,ABALROAMENTO LONGITUDINAL,COLISÃO SEM VITIMA,1,,,,,1,,,,0,,Longo da via,Bom,Não existe,Perfeito estado,Seca,Perfeito estado,Não existe,Placas Pare,,Única,Não existe,,,,,,,,
2019-08-21,17:31:00,SEM VÍTIMA,FINALIZADA,TAMARINEIRA,EST DO ARRAIAL,2646,RUA GOMES COUTINHO,,EST DO ARRAIAL,2646,,TAMARINEIRA,,SUBURBIO,ABALROAMENTO LONGITUDINAL,ENTRE DOIS AUTO S/V,1,,,,,,1,,,0,,,Bom,Não existe,Perfeito estado,Seca,Perfeito estado,Não existe,Placas Pare,,Única,Faixa seccionada,,,,,,,,
2019-08-21,17:55:00,SEM VÍTIMA,FINALIZADA,TAMARINEIRA,RUA CONEGO BARATA,,,E/F A FERREIRA COSTA,RUA CONEGO BARATA,,E/F A FERREIRA COSTA,TAMARINEIRA,,SUBURBIO,ABALROAMENTO LONGITUDINAL,ENTRE 2 AUTOS. S/V,2,,,,,,,,,0,,Longo da via,Bom,Não existe,Perfeito estado,Seca,Perfeito estado,Não existe,Outras,,Única,Faixa seccionada,,,,,,,,
2019-08-21,18:13:00,SEM VÍTIMA,FINALIZADA,SAN MARTIN,AV GENERAL SAN MARTIN,,,EM FRENTE AO Nº 723,AV GENERAL SAN MARTIN,,EM FRENTE AO Nº 723,SAN MARTIN,,SUBURBIO,COLISÃO TRASEIRA,ENTRE 3 AUTOS. S/V,3,,,,,,,,,0,,Longo da via,Bom,Sem defeito,Perfeito estado,Seca,Perfeito estado,Não existe,Não há placas,,Dupla,Não existe,,,,,,,,
2019-08-21,18:28:00,SEM VÍTIMA,FINALIZADA,PARNAMIRIM,AV PARNAMIRIM,,,,AV PARNAMIRIM,,,PARNAMIRIM,10,SUBURBIO,ABALROAMENTO LONGITUDINAL,SANDERO X LIFAN,2,,,,,,,,,0,,Longo da via,Bom,Sem defeito,Perfeito estado,Seca,Perfeito estado,Faixa de pedestre,Não há placas,40 km/h,Única,Faixa contínua,,,,,,,,
2019-08-21,18:46:00,SEM VÍTIMA,CANCELADA,ESPINHEIRO,AV JOAO DE BARROS,1622,,ENF A FEDERAÇAO ESPIRATA DO ESPINHEIRO E BANCO ITAU,AV JOAO DE BARROS,1622,ENF A FEDERAÇAO ESPIRATA DO ESPINHEIRO E BANCO ITAU,ESPINHEIRO,,,COLISÃO,ONIBUS CAXANGA X HB 20,1,,,,,1,,,,0,,,,,,,,,,,,,,,,,,,,
2019-08-21,19:41:00,COM VÍTIMA,FINALIZADA,BOA VISTA,RUA JOSE DE ALENCAR,,RUA BARAO DE SAO BORJA,PROX AO HOTEL BOA VISTA,RUA JOSE DE ALENCAR,,PROX AO HOTEL BOA VISTA,BOA VISTA,,CIDADE,ABALROAMENTO TRANSVERSAL,AUTO E MOTO,1,1,,,,,,,,1,,Cruzamento,Bom,Não existe,Perfeito estado,Seca,Perfeito estado,Faixa de retenção,Placas Pare,30 km/h,Única,,,,,,,,,
2019-08-21,20:05:00,COM VÍTIMA,FINALIZADA,AFOGADOS,AV SUL,,,E/F A ESTAÇÃO DO METRÔ LARGO DA PAZ E POLICLINICA DE AFOGADOS,AV SUL,,E/F A ESTAÇÃO DO METRÔ LARGO DA PAZ E POLICLINICA DE AFOGADOS,AFOGADOS,,CIDADE,ABALROAMENTO TRANSVERSAL,AUTO E ÔNIBUS,1,,,,,1,,,,2,,Longo da via,Bom,Não existe,Perfeito estado,Seca,Perfeito estado,Não existe,Não há placas,60 km/h,Única,Faixa seccionada,,,,,,,,
2019-08-21,20:08:00,SEM VÍTIMA,CANCELADA,IPSEP,RUA JEAN EMILE FAVRE,303,,DE LADO DA UNIF BV, SNT IMBIRIBEIRA,RUA JEAN EMILE FAVRE,303,DE LADO DA UNIF BV, SNT IMBIRIBEIRA,IPSEP,,,COLISÃO COM CICLISTA,MOTO X CICLISTA. S/V,,1,,1,,,,,,0,,,,,,,,,,,,,,,,,,
2019-08-21,20:56:00,SEM VÍTIMA,FINALIZADA,ARRUDA,AV BEBERIBE,1408,,CASA DE SAMBA,AV BEBERIBE,1408,CASA DE SAMBA,ARRUDA,,,ABALROAMENTO LONGITUDINAL,ÕNIBUS X AUTO. S/V,1,,,,,1,,,,0,,Longo da via,Bom,Não existe,Perfeito estado,Seca,Perfeito estado,,Não há placas,40 km/h,Dupla,Faixa contínua,,,,,,,,
2019-08-22,00:48:00,SEM VÍTIMA,FINALIZADA,HIPÓDROMO,RUA MEM DE SA,,RUA PROFESSOR JERONIMO GUEIROS,,RUA MEM DE SA,,,HIPÓDROMO,495,,ABALROAMENTO TRANSVERSAL,COLISÃO ENTRE DOIS AUTOS S/V,2,,,,,,,,,0,,Cruzamento,Bom,Sem defeito,Ilegível,Seca,Mal iluminada,Não existe,Não há placas,,Dupla,Canteiro central,,,,,,,,
2019-08-22,04:09:00,SEM VÍTIMA,FINALIZADA,SÃO JOSÉ,AV SUL,,,EDF PESQUEIRA BLOCO D,AV SUL,,EDF PESQUEIRA BLOCO D,SÃO JOSÉ,502,CIDADE,CHOQUE VEÍCULO PARADO,VEÍCULO CHOCOU-SE CONTRA OUTRO VEÍCULO ESTAIONADO., SEM VÍTIMAS.,2,,,,,,,,,0,,Cruzamento,Bom,Não existe,Não existente,Seca,Perfeito estado,,Não há placas,,Dupla,Canteiro central,,,,,,,
2019-08-22,06:39:00,SEM VÍTIMA,FINALIZADA,SANCHO,RUA APRIGIO GUIMARAES,230,,SALÃO DO REINO DAS TESTEMUNHAS DE JEOVÁ,RUA APRIGIO GUIMARAES,230,SALÃO DO REINO DAS TESTEMUNHAS DE JEOVÁ,SANCHO,,SUBURBIO,ABALROAMENTO LONGITUDINAL,ONIBUS E AUTO,1,,,,,1,,,,0,,Longo da via,Nublado,Não existe,Não existente,Seca,Perfeito estado,Não existe,Não há placas,,Dupla,Não existe,,,,,,,,
2019-08-22,07:39:00,COM VÍTIMA,FINALIZADA,DOIS IRMÃOS,RUA MANUEL DE MEDEIROS,,,EM FRENTE A ZOOTECNIA DA UFRPE, SENT. CAMARAGIBE,RUA MANUEL DE MEDEIROS,,EM FRENTE A ZOOTECNIA DA UFRPE, SENT. CAMARAGIBE,DOIS IRMÃOS,,SUBURBIO,ABALROAMENTO LONGITUDINAL,DOIS AUTOS E UMA MOTO,2,1,,,,,,,,1,,Longo da via,Chuvoso,Não existe,Incompleta,Seca,Outros,Não existe,Outras,,Dupla,Faixa seccionada,,,,,,
2019-08-22,07:51:00,SEM VÍTIMA,FINALIZADA,ILHA DO RETIRO,RUA ABDIAS CABRAL DE MOURA,,,EM FRENTE AO POSTO DE GASOLINA IPIRANGA SENT. CIDADE,RUA ABDIAS CABRAL DE MOURA,,EM FRENTE AO POSTO DE GASOLINA IPIRANGA SENT. CIDADE,ILHA DO RETIRO,,,COLISÃO,COLISÃO SEM VITIMAS,2,,,,,,,,,0,,,,,,,,,,,,,,,,,,,,
2019-08-22,07:58:00,SEM VÍTIMA,CANCELADA,PINA,AV REPUBLICA DO LIBANO,,,NA ENTRADA DO SHOPPING RIO MAR,AV REPUBLICA DO LIBANO,,NA ENTRADA DO SHOPPING RIO MAR,PINA,,,COLISÃO,COLISÃO SEM VITIMAS,1,,,1,,,,,,0,,,,,,,,,,,,,,,,,,,,
2019-08-22,08:07:00,SEM VÍTIMA,FINALIZADA,BOA VIAGEM,AV. DES. JOSE NEVES,164,,EM FRENTE AO BAR DO BIO,,164,EM FRENTE AO BAR DO BIO,BOA VIAGEM,,CIDADE,COLISÃO TRASEIRA,COLISÃO SEM VITIMAS,1,1,,,,,,,,0,,Longo da via,Bom,Não existe,Perfeito estado,Seca,Perfeito estado,Não existe,R-6a,,Dupla,Canteiro central,Canal,,,,,,,
2019-08-22,08:31:00,SEM VÍTIMA,FINALIZADA,TORRE,RUA REAL DA TORRE,,RUA JOSE DE HOLANDA,,RUA REAL DA TORRE,,,TORRE,,CIDADE,ABALROAMENTO TRANSVERSAL,COLISÃO S/VITIMAS ENTRE DOIS AUTOS,2,,,,,,,,,0,,Outros,Bom,Não existe,Não existente,Seca,Perfeito estado,Não existe,Não há placas,,Dupla,Não existe,,,,,,,,
2019-08-22,08:52:00,SEM VÍTIMA,FINALIZADA,TEJIPIÓ,AV DR JOSE RUFINO,3190,,LADO OPOSTO AO 4º BCOM,AV DR JOSE RUFINO,3190,LADO OPOSTO AO 4º BCOM,TEJIPIÓ,,SUBURBIO,ABALROAMENTO LONGITUDINAL,COLISÃO SEM VITIMAS,2,,,,,,,,,0,,Longo da via,Bom,Não existe,Perfeito estado,Seca,Perfeito estado,Não existe,R-6a,,Dupla,Faixa contínua,,,,,,,,
2019-08-22,08:53:00,SEM VÍTIMA,FINALIZADA,BOA VIAGEM,AVENIDA CELSO FURTADO (VIA MANGUE),,,ALÇA DO VIADUTO DOM JOÃO VI,AVENIDA CELSO FURTADO (VIA MANGUE),,ALÇA DO VIADUTO DOM JOÃO VI,BOA VIAGEM,,SUBURBIO,ABALROAMENTO LONGITUDINAL,DOIS AUTOS,2,,,,,,,,,0,,Longo da via,Bom,Não existe,Perfeito estado,Seca,Perfeito estado,Não existe,Não há placas,,Dupla,Canteiro central,,,,,,,,
2019-08-22,09:33:00,SEM VÍTIMA,CANCELADA,VÁRZEA,RUA AMARO GOMES POROCA,,,EM FRENTE AO RESTAURANTE BRAZZETTUS,RUA AMARO GOMES POROCA,,EM FRENTE AO RESTAURANTE BRAZZETTUS,VÁRZEA,,,COLISÃO,COLISÃO SEM VITIMAS,1,1,,,,,,,,0,,,,,,,,,,,,,,,,,,,,
2019-08-22,09:49:00,SEM VÍTIMA,FINALIZADA,ARRUDA,AV PROFESSOR JOSE DOS ANJOS,,,OPOSTO FIAT VIA SUL,AV PROFESSOR JOSE DOS ANJOS,,OPOSTO FIAT VIA SUL,ARRUDA,,SUBURBIO,COLISÃO TRASEIRA,,2,,,,,,,,,0,,Longo da via,Bom,Não existe,Perfeito estado,Seca,Perfeito estado,Outros,Placas Pare,,Dupla,Faixa seccionada,Canteiro central,Canal,,,,,,
2019-08-22,09:56:00,SEM VÍTIMA,FINALIZADA,BOA VISTA,RUA DOM BOSCO,,,EM FRENTE AO COLEGIO AMERICANO BATISTA,RUA DOM BOSCO,,EM FRENTE AO COLEGIO AMERICANO BATISTA,BOA VISTA,,SUBURBIO,COLISÃO TRASEIRA,COLISÃO SEM VITIMAS,1,,,,,1,,,,0,,Longo da via,Bom,Não existe,,Seca,Perfeito estado,Outros,Outras,,Única,Faixa seccionada,,,,,,,,
2019-08-22,10:52:00,SEM VÍTIMA,FINALIZADA,,RUA MARIANO CARNEIRO DA CUNHA,,,EM FRENTE AO POSTE Nº B 028992,RUA MARIANO CARNEIRO DA CUNHA,,EM FRENTE AO POSTE Nº B 028992,,,SUBURBIO,CHOQUE OBJETO FIXO,CHOQUE DE CAMINHÃO,,,,,,,1,,,0,,Longo da via,Bom,Não existe,Não existente,Seca,Perfeito estado,Não existe,Não há placas,,Dupla,Não existe,,,,,,,,
2019-08-22,11:06:00,SEM VÍTIMA,FINALIZADA,,RUA BALTAZAR PASSOS,,RUA SA E SOUZA,,RUA BALTAZAR PASSOS,,,,,CIDADE,ABALROAMENTO TRANSVERSAL,DOIS AUTOS,2,,,,,,,,,0,,Cruzamento,Bom,Não existe,Ilegível,Seca,Perfeito estado,Não existe,Placas Pare,,Dupla,Faixa contínua,,,,,,,,
2019-08-22,11:45:00,SEM VÍTIMA,FINALIZADA,SANTO AMARO,RUA DOS PALMARES,,,PREVIDÊNCIA SOCIAL,RUA DOS PALMARES,,PREVIDÊNCIA SOCIAL,SANTO AMARO,30,CIDADE,COLISÃO TRASEIRA,COLISAO SEM VITIMAS ENTRE DOIS AUTOS,2,,,,,,,,,0,,Longo da via,Bom,Sem defeito,Perfeito estado,Seca,Perfeito estado,Faixa de pedestre,Não há placas,,Dupla,Canteiro central,,,,,,,,
2019-08-22,12:02:00,SEM VÍTIMA,FINALIZADA,TEJIPIÓ,RUA FALCAO DE LACERDA,387,,AQUI DOUTOR CLÍNICA,RUA FALCAO DE LACERDA,387,AQUI DOUTOR CLÍNICA,TEJIPIÓ,,,COLISÃO TRASEIRA,COLISÃO SEM VÍTIMA,1,,,,,,1,,,0,,Longo da via,Bom,Sem defeito,Perfeito estado,Seca,Perfeito estado,Faixa de pedestre,Outras,40 km/h,Única,Faixa seccionada,,,,,,,,
2019-08-22,12:14:00,SEM VÍTIMA,FINALIZADA,SANTO AMARO,AV JOAO DE BARROS,694,RUA MAJOR CODECEIRA,OPOSTO 7º INSPETORIA DE CONTABILIDADE E FINANÇAS DO EXERCÍTO,AV JOAO DE BARROS,694,OPOSTO 7º INSPETORIA DE CONTABILIDADE E FINANÇAS DO EXERCÍTO,SANTO AMARO,,CIDADE,ABALROAMENTO LONGITUDINAL,COLISÃO SEM VÍTIMA,2,,,,,,,,,0,,Longo da via,Bom,Não existe,Perfeito estado,Seca,Perfeito estado,Outros,R-6a,,Única,Faixa seccionada,,,,,,,,
2019-08-22,12:48:00,SEM VÍTIMA,FINALIZADA,BOA VIAGEM,AV ENGENHEIRO DOMINGOS FERREIRA,,,LAÇA BURGUER,AV ENGENHEIRO DOMINGOS FERREIRA,,LAÇA BURGUER,BOA VIAGEM,,SUBURBIO,COLISÃO TRASEIRA,COLISÃO SEM VÍTIMA, VT 01, APOIO NA ÁREA 04 EM VIRTUDE DA FALTA DE EFETIVO NA ÁREA 04.,3,,,,,,,,,0,,Longo da via,Nublado,Não existe,Perfeito estado,Seca,Perfeito estado,Não existe,,60 km/h,Única,Faixa contínua,Faixa seccionada,,,,,
2019-08-22,12:56:00,SEM VÍTIMA,FINALIZADA,DERBY,AV ENGENHEIRO AGAMENON DE MAGALHAES MELO,,RUA HENRIQUE DIAS,PRÓXIMO A FARMACIA PAGUE MENOS,AV ENGENHEIRO AGAMENON DE MAGALHAES MELO,,PRÓXIMO A FARMACIA PAGUE MENOS,DERBY,68,,COLISÃO TRASEIRA,COLISÃO SEM VÍTIMA,2,,,,,,,,,0,,Cruzamento,Bom,Sem defeito,Perfeito estado,Seca,Perfeito estado,Agente,,60 km/h,Dupla,Canal,,,,,,,,
2019-08-22,13:05:00,SEM VÍTIMA,FINALIZADA,BOA VIAGEM,AV ENGENHEIRO DOMINGOS FERREIRA,,,E/F AO CLINICAL CENTER S/T PIEDADE,AV ENGENHEIRO DOMINGOS FERREIRA,,E/F AO CLINICAL CENTER S/T PIEDADE,BOA VIAGEM,,,COLISÃO,COLISAO ENTRE ONIBUS E AUTO S/V,1,,,,,1,,,,0,,,,,,,,,,,,,,,,,,,,
2019-08-22,13:07:00,SEM VÍTIMA,FINALIZADA,SANTO AMARO,AV GOVERNADOR AGAMENON MAGALHAES,,RUA ODORICO MENDES,APÓS O SEMÁFORO,AV GOVERNADOR AGAMENON MAGALHAES,,APÓS O SEMÁFORO,SANTO AMARO,49,CIDADE,ABALROAMENTO LONGITUDINAL,COLISÃO SEM VÍTIMA,1,1,,,,,,,,0,,Longo da via,Bom,Sem defeito,Perfeito estado,Seca,Perfeito estado,Faixa de pedestre,Outras,60 km/h,Dupla,Canal,,,,,,,,
2019-08-22,13:36:00,SEM VÍTIMA,FINALIZADA,ESPINHEIRO,RUA BARAO DE ITAMARACA,27,,AO LADO DO SUPERMECADO SOBERANDO,RUA BARAO DE ITAMARACA,27,AO LADO DO SUPERMECADO SOBERANDO,ESPINHEIRO,464,,ABALROAMENTO LONGITUDINAL,COLISAO SEM VITIMAS,2,,,,,,,,,0,,Longo da via,Bom,Sem defeito,Perfeito estado,Seca,Perfeito estado,Faixa de pedestre,R-6a,,Dupla,Faixa contínua,Faixa seccionada,,,,,,,
2019-08-22,15:09:00,SEM VÍTIMA,FINALIZADA,BOA VIAGEM,AV CONSELHEIRO AGUIAR,,,PROXIMO AO GALETO DO PEQUIN,AV CONSELHEIRO AGUIAR,,PROXIMO AO GALETO DO PEQUIN,BOA VIAGEM,2,,COLISÃO,COLISAO SEM VITIMAS,1,,,,,1,,,,0,,,,,,,,,,,,,,,,,,,,
2019-08-22,15:09:00,SEM VÍTIMA,FINALIZADA,ILHA DO LEITE,RUA MARQUES AMORIM,,RUA ESPERANTO,,RUA MARQUES AMORIM,,,ILHA DO LEITE,,CIDADE,ABALROAMENTO LONGITUDINAL,COLISÃO SEM VÍTIMA,3,,,,,,,,,0,,Cruzamento,Bom,Não existe,Não existente,Seca,Mal conservada,Não existe,Não há placas,,Única,Não existe,,,,,,,,
2019-08-22,15:12:00,SEM VÍTIMA,FINALIZADA,DERBY,AV GOVERNADOR AGAMENON MAGALHAES,,,EM FRENTE A PRAÇA DO DERBY/ SENTIDO BOA VIAGEM,AV GOVERNADOR AGAMENON MAGALHAES,,EM FRENTE A PRAÇA DO DERBY/ SENTIDO BOA VIAGEM,DERBY,75,,COLISÃO TRASEIRA,COLISÃO SEM VÍTIMA,2,,,,,,,,,0,,Longo da via,Bom,Sem defeito,Perfeito estado,Seca,Perfeito estado,Faixa de pedestre,Outras,60 km/h,Dupla,Não existe,,,,,,,,
2019-08-22,15:39:00,SEM VÍTIMA,FINALIZADA,ILHA DO RETIRO,RUA TABAIARES,260,,AO LADO DO SEBRAE,RUA TABAIARES,260,AO LADO DO SEBRAE,ILHA DO RETIRO,,CIDADE,ABALROAMENTO LONGITUDINAL,COLISAO ENTRE DOIS AUTOS S/V,1,,,,,,,,1,0,,Longo da via,Bom,Não existe,Perfeito estado,Seca,Perfeito estado,Faixa de pedestre,Outras,,Única,Faixa seccionada,,,,,,,,
2019-08-22,16:10:00,SEM VÍTIMA,FINALIZADA,BOA VIAGEM,AV DES JOSE NEVES,,,,AV DES JOSE NEVES,,,BOA VIAGEM,,SUBURBIO,COLISÃO TRASEIRA,COLISÃO SEM VITIMA...O VEICULO PEGOU FOGO DENTRO DO TUNEL, A EQUIPE DE BOMBEIROS FOI ACIONADA,2,,,,,,,,,0,,Longo da via,Bom,Não existe,Perfeito estado,Seca,Perfeito estado,Não existe,Não há placas,,Única,Não existe,,,,,,,
2019-08-22,17:34:00,SEM VÍTIMA,FINALIZADA,SANTO AMARO,AV NORTE,,AV CRUZ CABUGA,AO LADO DA CASA DA INDÚSTRIA,AV NORTE,,AO LADO DA CASA DA INDÚSTRIA,SANTO AMARO,,,CHOQUE OBJETO FIXO,CAMINHÃO X ÁRVORE - NÃO HOUVE DANOS NO CAMINHÃO E O MESMO SE EVADIU DO LOCAL.,,,,,,,,,,0,,,,,,,,,,,,,,,,,,,,
2019-08-22,17:37:00,COM VÍTIMA,FINALIZADA,ESPINHEIRO,RUA ALBERTO PAIVA,213,,BOUTIQUE. mind senglish school,RUA ALBERTO PAIVA,213,BOUTIQUE. mind senglish school,ESPINHEIRO,360,SUBURBIO,COLISÃO TRASEIRA,COLISÃO COM VITIMA,1,1,,,,,,,,1,,Longo da via,Bom,Sem defeito,Perfeito estado,,Mal conservada,Faixa de pedestre,Outras,,Única,Faixa contínua,,,,,,,,
2019-08-22,18:05:00,SEM VÍTIMA,FINALIZADA,SANTO AMARO,AV GOVERNADOR AGAMENON MAGALHAES,,,SEMÁFORO 379,AV GOVERNADOR AGAMENON MAGALHAES,,SEMÁFORO 379,SANTO AMARO,379,,COLISÃO TRASEIRA,ENTRE 2 AUTOS. S/V,2,,,,,,,,,0,,Longo da via,Bom,Sem defeito,Perfeito estado,Seca,Perfeito estado,Faixa de pedestre,R-6a,60 km/h,Dupla,Canteiro central,,,,,,,,