data,hora,natureza_acidente,situacao,bairro,endereco,numero,detalhe_endereco_acidente,complemento,endereco_cruzamento,numero_cruzamento,referencia_cruzamento,bairro_cruzamento,num_semaforo,sentido_via,tipo,descricao,auto,moto,ciclom,ciclista,pedestre,onibus,caminhao,viatura,outros,vitimas,vitimasfatais,acidente_verificado,tempo_clima,situacao_semaforo,sinalizacao,condicao_via,conservacao_via,ponto_controle,situacao_placa,velocidade_max_via,mao_direcao,divisao_via1,divisao_via2,divisao_via3,,,,,,
2019-08-22,18:21:00,SEM VÍTIMA,CANCELADA,ESPINHEIRO,AV CONS ROSA E SILVA,327,,E/F A DROGASIL,AV CONS ROSA E SILVA,327,E/F A DROGASIL,ESPINHEIRO,,,COLISÃO,ENTRE 2 AUTOS. S/V,,,,,,,,,,0,,,,,,,,,,,,,,,,,,,,
2019-08-22,18:27:00,SEM VÍTIMA,FINALIZADA,IMBIRIBEIRA,RUA ITACARI,,RUA IZABEL DE SOUZA,,RUA ITACARI,,,IMBIRIBEIRA,,SUBURBIO,COLISÃO TRASEIRA,AUTO PASSEIO X MOTO S/V,1,1,,,,,,,,0,,Cruzamento,Bom,Não existe,Perfeito estado,Seca,Perfeito estado,Não existe,Não há placas,,Única,Faixa seccionada,,,,,,,,
2019-08-22,18:53:00,SEM VÍTIMA,FINALIZADA,SANTO ANTÔNIO,AV MARTINS DE BARROS,,RUA SIQUEIRA CAMPOS,POSTE ILUMINAÇÃO PÚBLICA Nº B012228,AV MARTINS DE BARROS,,POSTE ILUMINAÇÃO PÚBLICA Nº B012228,SANTO ANTÔNIO,,SUBURBIO,ABALROAMENTO TRANSVERSAL,ENTRE DOIS AUTO S/V,2,,,,,,,,,0,,,Chuvoso,Não existe,Perfeito estado,Molhada,Perfeito estado,Não existe,Não há placas,,Única,Faixa seccionada,,,,,,,,
2019-08-22,19:11:00,SEM VÍTIMA,FINALIZADA,PRADO,AV ENGENHEIRO ABDIAS DE CARVALHO,,,E/F A MCDONALDS,AV ENGENHEIRO ABDIAS DE CARVALHO,,E/F A MCDONALDS,PRADO,,SUBURBIO,COLISÃO TRASEIRA,ENTRE 2 AUTOS. S/V,2,,,,,,,,,0,,Longo da via,Chuvoso,Sem defeito,Perfeito estado,Molhada,Perfeito estado,Não existe,Outras,,Dupla,Canteiro central,,,,,,,,
2019-08-22,19:35:00,SEM VÍTIMA,CANCELADA,IMBIRIBEIRA,AV MARECHAL MASCARENHAS DE MORAES,,,EM FRENTE AO CLUBE DOS RODOVIARIOS,AV MARECHAL MASCARENHAS DE MORAES,,EM FRENTE AO CLUBE DOS RODOVIARIOS,IMBIRIBEIRA,,CIDADE,COLISÃO,AUTO PASSEIO X CAMINHÃO S/V,1,,,,,,1,,,0,,,,,,,,,,,,,,,,,,,,
2019-08-22,19:56:00,SEM VÍTIMA,CANCELADA,PINA,VIADUTO CAPITAO TEMUDO,,,ACIDENTE NA PONTE QUE DAR ACESSO AO PINA E AO SHOPPING RIOMAR,VIADUTO CAPITAO TEMUDO,,ACIDENTE NA PONTE QUE DAR ACESSO AO PINA E AO SHOPPING RIOMAR,PINA,,SUBURBIO,COLISÃO,DOIS AUTOS,2,,,,,,,,,0,,,,,,,,,,,,,,,,,,,,
2019-08-22,20:48:00,SEM VÍTIMA,FINALIZADA,CABANGA,PTE GOVERNADOR PAULO GUERRA,,,DE FRONTE A COMPESA,PTE GOVERNADOR PAULO GUERRA,,DE FRONTE A COMPESA,CABANGA,662,SUBURBIO,COLISÃO TRASEIRA,ENTRE 2 AUTOS. S/V,1,,,,,,,,,0,,Longo da via,Bom,Sem defeito,Perfeito estado,Seca,Perfeito estado,Não existe,Não há placas,,Única,Faixa contínua,,,,,,,,
2019-08-22,21:34:00,SEM VÍTIMA,CANCELADA,APIPUCOS,RUA DE APIPUCOS,,,EM FRENTE A CAMATEX,RUA DE APIPUCOS,,EM FRENTE A CAMATEX,APIPUCOS,,,CHOQUE OBJETO FIXO,VEICULO COLIDE COM POSTE,1,,,,,,,,,0,,,,,,,,,,,,,,,,,,,,
2019-08-22,23:16:00,SEM VÍTIMA,CANCELADA,SÃO JOSÉ,RUA RIO CAPIBARIBE,,,LATERAL DA CASA DA CULTURA,RUA RIO CAPIBARIBE,,LATERAL DA CASA DA CULTURA,SÃO JOSÉ,,,COLISÃO,ENTRE 2 AUTOS. S/V,2,,,,,,,,,0,,,,,,,,,,,,,,,,,,,,
2019-08-22,23:47:00,SEM VÍTIMA,FINALIZADA,IMBIRIBEIRA,AV MARECHAL MASCARENHAS DE MORAES,4900,,EM FRENTE 4900 ( POSTO SHELL),AV MARECHAL MASCARENHAS DE MORAES,4900,EM FRENTE 4900 ( POSTO SHELL),IMBIRIBEIRA,,SUBURBIO,ABALROAMENTO LONGITUDINAL,ENTRE 2 AUTOS. S/V,2,,,,,,,,,0,,Longo da via,Chuvoso,Não existe,Perfeito estado,Molhada,Perfeito estado,Não existe,Outras,,Dupla,Canteiro central,,,,,,,,
2019-08-23,00:27:00,SEM VÍTIMA,FINALIZADA,CURADO,RUA MINISTRO MARIO ANDREAZZA,,AV PREFEITO ANTONIO PEREIRA,,RUA MINISTRO MARIO ANDREAZZA,,,CURADO,,SUBURBIO,ABALROAMENTO TRANSVERSAL,COLISÃO ENTRE DOIS ÔNIBUS,,,,,,2,,,,0,,,Chuvoso,Não existe,Perfeito estado,Molhada,Perfeito estado,,,,Dupla,Canteiro central,,,,,,,,
2019-08-23,00:49:00,SEM VÍTIMA,FINALIZADA,MADALENA,RUA BENFICA,,RUA DR SEVERINO PINHEIRO,,RUA BENFICA,,,MADALENA,590,CIDADE,ABALROAMENTO TRANSVERSAL,COLISÃO ENTRE DOIS AUTOS S/V,2,,,,,,,,,0,,Cruzamento,Chuvoso,Sem defeito,Perfeito estado,Molhada,Perfeito estado,Faixa de pedestre,Não há placas,,Única,Faixa seccionada,,,,,,,,
2019-08-23,01:28:00,SEM VÍTIMA,FINALIZADA,PINA,AV ENGENHEIRO DOMINGOS FERREIRA,,RUA PEREIRA DA COSTA,,AV ENGENHEIRO DOMINGOS FERREIRA,,,PINA,142,SUBURBIO,ABALROAMENTO TRANSVERSAL,COLISÃO ENTRE DOIS AUTOS S/V,2,,,,,,,,,0,,Cruzamento,Chuvoso,Sem defeito,Perfeito estado,Molhada,Perfeito estado,Faixa de pedestre,Outras,,Dupla,Canteiro central,,,,,,,,
2019-08-23,06:21:00,COM VÍTIMA,FINALIZADA,PINA,AV BOA VIAGEM,100,,EM FRENTE AO EDF MARIA KARLA,AV BOA VIAGEM,100,EM FRENTE AO EDF MARIA KARLA,PINA,,CIDADE,ABALROAMENTO LONGITUDINAL,COLISÃO COM UMA VÍTIMA SENDO SOCORRIDA PELOS BOMBEIROS.,1,1,,,,,,,,1,,Longo da via,Bom,Não existe,Perfeito estado,Seca,Perfeito estado,Não existe,Outras,,Única,Faixa seccionada,,,,,,,,
2019-08-23,07:12:00,SEM VÍTIMA,FINALIZADA,ILHA DO RETIRO,RUA BENFICA,126,,AO LADO DO BATALHÃO DO CHOQUE,RUA BENFICA,126,AO LADO DO BATALHÃO DO CHOQUE,ILHA DO RETIRO,,CIDADE,COLISÃO TRASEIRA,SEM VITIMAS,1,,,,,1,,,,0,,Longo da via,Bom,Não existe,Perfeito estado,Seca,Perfeito estado,Não existe,R-6a,,Única,Faixa seccionada,,,,,,,,
2019-08-23,07:26:00,SEM VÍTIMA,DUPLICIDADE,ILHA DO RETIRO,AV BEIRA RIO,,,APOS O TUNEL CHICO SCIENCE EM FRENTE AO CARTORIO,AV BEIRA RIO,,APOS O TUNEL CHICO SCIENCE EM FRENTE AO CARTORIO,ILHA DO RETIRO,,,COLISÃO,COLISÃO SEM VITIMAS,2,,,,,,,,,0,,,,,,,,,,,,,,,,,,,,
2019-08-26,11:18:00,COM VÍTIMA,FINALIZADA,,RUA PROFESSOR JOAQUIM XAVIER DE BRITO,134,,PRÓXIMO AO CANAL DO CAVUCO,RUA PROFESSOR JOAQUIM XAVIER DE BRITO,134,PRÓXIMO AO CANAL DO CAVUCO,,134,CIDADE,ABALROAMENTO LONGITUDINAL,COLISÃO COM VÍTIMA ENTRE QUATRO VEÍCULOS,4,,,,,,,,,1,,Longo da via,Bom,Sem defeito,Perfeito estado,Seca,Perfeito estado,Faixa de pedestre,Outras,,Dupla,Canteiro central,,,,,,,,
2019-08-23,08:33:00,SEM VÍTIMA,CANCELADA,IPSEP,RUA JEAN EMILE FAVRE,581,,PROX DA ESCOLA ELEONOR ROSE VELT / EM FRENTE A PRAÇA DA MAURICEIA,RUA JEAN EMILE FAVRE,581,PROX DA ESCOLA ELEONOR ROSE VELT / EM FRENTE A PRAÇA DA MAURICEIA,IPSEP,,,COLISÃO,AUTO E CAMINHAO,1,,,,,,1,,,0,,,,,,,,,,,,,,,,,,,,
2019-08-23,08:55:00,SEM VÍTIMA,FINALIZADA,AREIAS,RUA PADRE NOBREGA,332,RUA PADRE DIOGO RODRIGUES,,RUA PADRE NOBREGA,332,,AREIAS,,SUBURBIO,ABALROAMENTO LONGITUDINAL,SEM VITIMAS,2,,,,,,,,,0,,Longo da via,Bom,Não existe,Perfeito estado,Seca,Perfeito estado,Não existe,Não há placas,,Dupla,Não existe,,,,,,,,
2019-08-23,09:42:00,SEM VÍTIMA,FINALIZADA,MADALENA,RUA BENFICA,,RUA PROFESSOR BENEDITO MONTEIRO,CLUBE INTERNACIONAL,RUA BENFICA,,CLUBE INTERNACIONAL,MADALENA,,SUB/CID,ABALROAMENTO LONGITUDINAL,VIATURA PM / AUTO PASSAEIO,1,,,,,1,,,,0,,Cruzamento,Bom,Não existe,Perfeito estado,Seca,Perfeito estado,Outros,Não há placas,,Única,,,,,,,,,
2019-08-23,09:53:00,SEM VÍTIMA,FINALIZADA,TAMARINEIRA,RUA PADRE ROMA,107,,EM FRENTE AO Nº 107,RUA PADRE ROMA,107,EM FRENTE AO Nº 107,TAMARINEIRA,61,SUBURBIO,COLISÃO TRASEIRA,COLISÃO SEM VITIMAS,1,1,,,,,,,,0,,Longo da via,Bom,Sem defeito,Perfeito estado,Seca,Perfeito estado,Não existe,Não há placas,,Dupla,Canteiro central,,,,,,,,
2019-08-23,10:54:00,SEM VÍTIMA,CANCELADA,BOA VIAGEM,AV ENGENHEIRO DOMINGOS FERREIRA,1914,,EM FRENTE A LOJA ABITARE,AV ENGENHEIRO DOMINGOS FERREIRA,1914,EM FRENTE A LOJA ABITARE,BOA VIAGEM,,,COLISÃO,COLISÃO SEM VITIMAS,2,,,,,,,,,0,,,,,,,,,,,,,,,,,,,,
2019-08-23,11:19:00,SEM VÍTIMA,CANCELADA,BOA VIAGEM,RUA PADRE BERNADINO PESSOA,110,,NO INICIO DA VIA MANGUE,RUA PADRE BERNADINO PESSOA,110,NO INICIO DA VIA MANGUE,BOA VIAGEM,,,COLISÃO,SEM VITIMAS,2,,,,,,,,,0,,,,,,,,,,,,,,,,,,,,
2019-08-23,12:12:00,SEM VÍTIMA,FINALIZADA,TAMARINEIRA,AV NORTE,3538,,,AV NORTE,3538,,TAMARINEIRA,,SUBURBIO,ABALROAMENTO LONGITUDINAL,COLISÃO SEM VÍTIMA,1,,,,,1,,,,0,,Longo da via,Bom,Não existe,Perfeito estado,Seca,Perfeito estado,Não existe,Outras,60 km/h,Dupla,Canteiro central,,,,,,,,
2019-08-23,12:20:00,SEM VÍTIMA,FINALIZADA,BOA VIAGEM,RUA PADRE BERNADINO PESSOA,392,RUA POETA ZEZITO NEVES,,RUA PADRE BERNADINO PESSOA,392,,BOA VIAGEM,,SUBURBIO,ABALROAMENTO LONGITUDINAL,COLISÃO SEM VÍTIMA,2,,,,,,,,,0,,,Bom,Não existe,Perfeito estado,Seca,Perfeito estado,Não existe,Outras,,Única,,,,,,,,,
2019-08-23,12:23:00,SEM VÍTIMA,FINALIZADA,MADALENA,RUA RODOLFO RANGEL MOREIRA,,,AO LADO DA FARMACIA PAGUE MENOS,RUA RODOLFO RANGEL MOREIRA,,AO LADO DA FARMACIA PAGUE MENOS,MADALENA,,,ABALROAMENTO LONGITUDINAL,COLISAO ENTRE TAXI E AUTO S/V,2,,,,,,,,,0,,Longo da via,Bom,Não existe,Perfeito estado,Seca,Perfeito estado,Não existe,Não há placas,,Dupla,Não existe,,,,,,,,
2019-08-23,12:51:00,SEM VÍTIMA,FINALIZADA,PINA,AV ANTONIO DE GOES,820,,EM FRENTE AO DNIT,AV ANTONIO DE GOES,820,EM FRENTE AO DNIT,PINA,103,CIDADE,COLISÃO TRASEIRA,ENTRE DOIS AUTO S/V,2,,,,,,,,,0,,Longo da via,Bom,Sem defeito,Perfeito estado,Seca,Perfeito estado,Agente,Outras,60 km/h,Única,Faixa contínua,Faixa seccionada,Canteiro central,,,,,,
2019-08-23,12:54:00,SEM VÍTIMA,FINALIZADA,MADALENA,RUA BENFICA,,,LADO OPOSTO AO MUSEU DA ABOLIÇÃO,RUA BENFICA,,LADO OPOSTO AO MUSEU DA ABOLIÇÃO,MADALENA,,CIDADE,ABALROAMENTO LONGITUDINAL,COLISÃO SEM VÍTIMA,1,,,,,,,1,,0,,Longo da via,Bom,Não existe,Perfeito estado,Seca,Perfeito estado,Não existe,R-6a,,Dupla,Faixa contínua,,,,,,,,
2019-08-23,13:23:00,SEM VÍTIMA,FINALIZADA,MADALENA,RUA BENFICA,3629,,EM FRENTE AO CLUBE PORTUGUES,RUA BENFICA,3629,EM FRENTE AO CLUBE PORTUGUES,MADALENA,629,CIDADE,ABALROAMENTO LONGITUDINAL,COLISAO ENTRE DOIS AUTOS S/V,2,,,,,,,,,0,,Longo da via,Bom,Sem defeito,Perfeito estado,Seca,Perfeito estado,,R-6a,,Única,Faixa contínua,,,,,,,,
2019-08-23,13:27:00,SEM VÍTIMA,CANCELADA,IPUTINGA,RUA EMILIANO BRAGA,584,,EM FRENTE AO EDIFICIO MARTA,RUA EMILIANO BRAGA,584,EM FRENTE AO EDIFICIO MARTA,IPUTINGA,,,COLISÃO,COLISÃO SEM VÍTIMA,2,,,,,,,,,0,,,,,,,,,,,,,,,,,,,,
2019-08-23,14:10:00,SEM VÍTIMA,FINALIZADA,TAMARINEIRA,AV NORTE,3538,,,AV NORTE,3538,,TAMARINEIRA,,SUBURBIO,COLISÃO TRASEIRA,VEÍCULO CHOCOU-SE COM ÔNIBUS QUE ESTAVA ENVOLVIDO EM OUTRA OCORRÊNCIA.,1,,,,,1,,,,0,,Longo da via,Bom,Não existe,Perfeito estado,Seca,Perfeito estado,Não existe,Outras,60 km/h,Dupla,Canteiro central,,,,,,,,
2019-08-23,14:50:00,SEM VÍTIMA,CANCELADA,IPUTINGA,RUA RIBEIRO PESSOA,10C,AV CAXANGA,AO LADO DA UPA DA CAXANGA,RUA RIBEIRO PESSOA,10C,AO LADO DA UPA DA CAXANGA,IPUTINGA,,,COLISÃO,COLISAO ENTRE DOIS AUTOS S/V,2,,,,,,,,,0,,,,,,,,,,,,,,,,,,,,
2019-08-23,14:58:00,SEM VÍTIMA,FINALIZADA,BOA VISTA,AV MANOEL BORBA,381,,EDF SANTA EMILIA,AV MANOEL BORBA,381,EDF SANTA EMILIA,BOA VISTA,,SUBURBIO,COLISÃO TRASEIRA,COLISAO ENTRE DOIS AUTOS S/V,2,,,,,,,,,0,,Longo da via,Bom,Sem defeito,Perfeito estado,Seca,Perfeito estado,Não existe,Não há placas,,Única,Não existe,,,,,,,,
2019-08-23,15:17:00,SEM VÍTIMA,CANCELADA,BOA VIAGEM,RUA CORONEL ANIZIO RODRIGUES COELHO,,,APOS O VIADUTO TANCREDO NEVES TERCEIRA RUA A DIREITA AO LADO DA PADARIA DELICATESSEN,RUA CORONEL ANIZIO RODRIGUES COELHO,,APOS O VIADUTO TANCREDO NEVES TERCEIRA RUA A DIREITA AO LADO DA PADARIA DELICATESSEN,BOA VIAGEM,,,COLISÃO,COLISAO ENTRE DOIS AUTOS S/V,2,,,,,,,,,0,,,,,,,,,,,,,,,,,,,,
2019-08-23,15:26:00,SEM VÍTIMA,FINALIZADA,BAIRRO DO RECIFE,AV BEIRA RIO,,,EM FRENTE AO FORUM RODOLFO AURELIANO,AV BEIRA RIO,,EM FRENTE AO FORUM RODOLFO AURELIANO,BAIRRO DO RECIFE,,SUBURBIO,ABALROAMENTO LONGITUDINAL,AUTO PASSEIO X MOTO S/V,1,1,,,,,,,,0,,Longo da via,Bom,Não existe,Perfeito estado,Seca,Perfeito estado,Não existe,Não há placas,,Dupla,Faixa contínua,,,,,,,,
2019-08-23,15:46:00,SEM VÍTIMA,FINALIZADA,SANTO ANTÔNIO,PRC DA REPUBLICA,,,SETOR DE ESTACIONAMENTO / LADO OPOSTO AO POSTE B 019369,PRC DA REPUBLICA,,SETOR DE ESTACIONAMENTO / LADO OPOSTO AO POSTE B 019369,SANTO ANTÔNIO,,,CHOQUE VEÍCULO PARADO,SEM VÍTIMA,4,,,,,,,,,0,,,Bom,Não existe,Perfeito estado,Seca,Perfeito estado,,Não há placas,30 km/h,Dupla,,,,,,,,,
2019-08-23,16:24:00,SEM VÍTIMA,CANCELADA,BOA VIAGEM,RUA BELMONTE,233,1 TRV JUSTICA E PAZ,APOS A RUA DEZ DE JULHO SEGUNDA RUA A ESQUERDA NA RUA DO SUPERMERCADO DO CICERO,RUA BELMONTE,233,APOS A RUA DEZ DE JULHO SEGUNDA RUA A ESQUERDA NA RUA DO SUPERMERCADO DO CICERO,BOA VIAGEM,,,COLISÃO,COLISAO ENTRE DOIS AUTOS S/V,2,,,,,,,,,0,,,,,,,,,,,,,,,,,,,,
2019-08-23,17:38:00,SEM VÍTIMA,FINALIZADA,SANTO AMARO,RUA TREZE DE MAIO,,RUA FREI CASSIMIRO,,RUA TREZE DE MAIO,,,SANTO AMARO,,SUBURBIO,ABALROAMENTO TRANSVERSAL,ENTRE DOIS AUTO S/V,2,,,,,,,,,0,,Cruzamento,Bom,Sem defeito,Perfeito estado,Seca,Perfeito estado,Não existe,Placas Pare,,Dupla,Faixa seccionada,,,,,,,,
2019-08-23,18:25:00,SEM VÍTIMA,FINALIZADA,SANTO AMARO,AV GOVERNADOR AGAMENON MAGALHAES,,,JEEP,AV GOVERNADOR AGAMENON MAGALHAES,,JEEP,SANTO AMARO,,SUBURBIO,COLISÃO TRASEIRA,ENTRE DOIS AUTO S/V,2,,,,,,,,,0,,Longo da via,Bom,Sem defeito,Perfeito estado,Seca,Perfeito estado,Faixa de pedestre,,60 km/h,Única,Faixa seccionada,,,,,,,,
2019-08-23,18:28:00,SEM VÍTIMA,FINALIZADA,GRAÇAS,RUA ALBERTO PAIVA,248,RUA DOZE DE OUTUBRO,CABINE BRECHO,RUA ALBERTO PAIVA,248,CABINE BRECHO,GRAÇAS,,SUBURBIO,ABALROAMENTO LONGITUDINAL,VOYAGEM X ONIS,2,,,,,,,,,0,,,Chuvoso,Sem defeito,Perfeito estado,Molhada,Mal conservada,Faixa de pedestre,,40 km/h,Única,,,,,,,,,
2019-08-23,18:30:00,SEM VÍTIMA,CANCELADA,ILHA JOANA BEZERRA,AV BEIRA RIO,447,,APÓS O VIADUTO DA JOANA BEZERRA,AV BEIRA RIO,447,APÓS O VIADUTO DA JOANA BEZERRA,ILHA JOANA BEZERRA,,SUBURBIO,COLISÃO,ENTRE DOIS AUTO S/V,2,,,,,,,,,0,,,,,,,,,,,,,,,,,,,,
2019-08-23,20:59:00,SEM VÍTIMA,FINALIZADA,CAMPO GRANDE,RUA ALMIRANTE BARROSO,472,,OPOSTO AO IMÓVEL Nº 472,RUA ALMIRANTE BARROSO,472,OPOSTO AO IMÓVEL Nº 472,CAMPO GRANDE,,,CHOQUE VEÍCULO PARADO,ENTRE DOIS AUTO S/V (MOTORISTA EMBREAGADO NO LOCAL),2,,,,,,,,,0,,Longo da via,Chuvoso,Não existe,Perfeito estado,Molhada,Perfeito estado,,Placas Pare,30 km/h,Dupla,Não existe,,,,,,,,
2019-08-23,22:25:00,SEM VÍTIMA,FINALIZADA,DOIS UNIDOS,AV HILDEBRANDO DE VASCONCELOS,,,,AV HILDEBRANDO DE VASCONCELOS,,,DOIS UNIDOS,,,COLISÃO FRONTAL,ENTRE DOIS AUTO S/V,2,,,,,,,,,0,,Longo da via,Chuvoso,Não existe,,Molhada,Mal iluminada,Não existe,Outras,,Dupla,Faixa contínua,,,,,,,,
2019-08-24,08:00:00,COM VÍTIMA,FINALIZADA,IPUTINGA,AV CAXANGA,3222,,EM FRENTE AO SUPERMERCADO ARCO IRIS,AV CAXANGA,3222,EM FRENTE AO SUPERMERCADO ARCO IRIS,IPUTINGA,,CIDADE,COLISÃO,MOTO E AUTO / MOTO FICOU CARBONIZADA,1,1,,,,,,,,1,,Longo da via,Bom,Sem defeito,Perfeito estado,Seca,Perfeito estado,,Outras,,Única,Canteiro central,Faixa seccionada,,,,,,,
2019-08-24,08:21:00,SEM VÍTIMA,FINALIZADA,SAN MARTIN,AV ENGENHEIRO ABDIAS DE CARVALHO,,,CHESF,AV ENGENHEIRO ABDIAS DE CARVALHO,,CHESF,SAN MARTIN,,CIDADE,ABALROAMENTO LONGITUDINAL,MOTO E AUTO,1,1,,,,,,,,0,,Cruzamento,Bom,Sem defeito,Perfeito estado,Seca,Perfeito estado,Faixa de pedestre,Não há placas,,Dupla,Canteiro central,,,,,,,,
2019-08-24,08:35:00,SEM VÍTIMA,FINALIZADA,MONTEIRO,EST DO ARRAIAL,5036,AV DR EURICO CHAVES,EM FRENTE A COMPESA,EST DO ARRAIAL,5036,EM FRENTE A COMPESA,MONTEIRO,107,,COLISÃO TRASEIRA,COLISÃO S/VITIMAS ENTRE DOIS AUTOS,2,,,,,,,,,0,,,Bom,Não existe,Perfeito estado,Seca,Perfeito estado,Não existe,Placas Pare,60 km/h,Única,Faixa seccionada,,,,,,,,
2019-08-24,09:07:00,SEM VÍTIMA,FINALIZADA,AFLITOS,RUA MANUEL DE CARVALHO,,,EM FRENTE AO Nº 201,RUA MANUEL DE CARVALHO,,EM FRENTE AO Nº 201,AFLITOS,,,CHOQUE VEÍCULO PARADO,COLISÃO SEM VITIMAS,,,,,,,1,1,,0,,Longo da via,Bom,Não existe,Não existente,Seca,Perfeito estado,Não existe,Não há placas,,Única,,,,,,,,,
2019-08-24,09:31:00,SEM VÍTIMA,FINALIZADA,MADALENA,RUA BENFICA,997,AV JOSE GONCALVES DE MEDEIROS,,RUA BENFICA,997,,MADALENA,,CIDADE,ABALROAMENTO TRANSVERSAL,DOIS AUTOS,2,,,,,,,,,0,,Outros,Bom,Não existe,Não existente,Seca,Perfeito estado,Não existe,Não há placas,,Única,Não existe,,,,,,,,
2019-08-24,10:37:00,SEM VÍTIMA,FINALIZADA,DERBY,RUA JOAQUIM NABUCO,553,,UNINASSAU,RUA JOAQUIM NABUCO,553,UNINASSAU,DERBY,,SUBURBIO,COLISÃO TRASEIRA,DOIS AUTOS,2,,,,,,,,,0,,Longo da via,Bom,Não existe,Perfeito estado,Seca,Perfeito estado,Não existe,R-6a,,Única,Faixa seccionada,,,,,,,,
2019-08-24,11:29:00,SEM VÍTIMA,FINALIZADA,SANTO AMARO,AV VISCONDE DE SUASSUNA,923,,EM FRENTE EDF BOSQUE DE VERSAILLES,AV VISCONDE DE SUASSUNA,923,EM FRENTE EDF BOSQUE DE VERSAILLES,SANTO AMARO,,SUBURBIO,COLISÃO TRASEIRA,DOIS AUTOS,2,,,,,,,,,0,,Longo da via,Bom,Sem defeito,Perfeito estado,Seca,Perfeito estado,Faixa de pedestre,Outras,,Única,Faixa seccionada,,,,,,,,
2019-08-24,11:39:00,SEM VÍTIMA,FINALIZADA,TORRE,RUA CONDE DE IRAJA,,RUA REAL DA TORRE,,RUA CONDE DE IRAJA,,,TORRE,106,,ABALROAMENTO TRANSVERSAL,DOIS AUTOS,1,,,,,,,,,0,,Cruzamento,Bom,Sem defeito,Perfeito estado,Seca,Perfeito estado,Faixa de pedestre,R-6a,,Única,Não existe,,,,,,,,
2019-08-24,12:42:00,SEM VÍTIMA,FINALIZADA,DERBY,PRC DO DERBY,,AV GOVERNADOR AGAMENON MAGALHAES,,PRC DO DERBY,,,DERBY,417,CIDADE,ABALROAMENTO LONGITUDINAL,COLISÃO SEM VÍTIMA,1,,,,,1,,,,0,,Cruzamento,Bom,Sem defeito,Perfeito estado,Seca,Perfeito estado,Faixa de pedestre,,,Única,Faixa contínua,,,,,,,,
2019-08-24,14:19:00,SEM VÍTIMA,FINALIZADA,IMBIRIBEIRA,AV MARECHAL MASCARENHAS DE MORAES,,,HYUNDAI,AV MARECHAL MASCARENHAS DE MORAES,,HYUNDAI,IMBIRIBEIRA,,,ABALROAMENTO LONGITUDINAL,COLISÃO ENTRE AUTO E CAMINHÃO,1,,,,,,1,,,0,,Longo da via,Bom,Não existe,Perfeito estado,Seca,Perfeito estado,Não existe,,,Dupla,Faixa contínua,Faixa seccionada,Canteiro central,,,,,,
2019-08-24,14:58:00,COM VÍTIMA,FINALIZADA,CASA AMARELA,RUA DA HARMONIA,305,RUA MAJOR NEREU GUERRA,COLGIO PADRE DE MACHADO,RUA DA HARMONIA,305,COLGIO PADRE DE MACHADO,CASA AMARELA,598,SUBURBIO,ABALROAMENTO TRANSVERSAL,AUTO E MOTO,1,1,,,,,,,,1,,Cruzamento,Bom,Sem defeito,Perfeito estado,Seca,Perfeito estado,Faixa de pedestre,Outras,,Dupla,Faixa contínua,,,,,,,,
2019-08-24,15:05:00,SEM VÍTIMA,FINALIZADA,IPSEP,AV RECIFE,1114,,EQUIP. CARLOS FILMES,AV RECIFE,1114,EQUIP. CARLOS FILMES,IPSEP,319,,COLISÃO TRASEIRA,COLISÃO SEM VÍTIMA,2,,,,,,,,,0,,Longo da via,Bom,Sem defeito,Perfeito estado,Seca,Perfeito estado,Faixa de pedestre,Não há placas,,Dupla,Canteiro central,,,,,,,,
2019-08-24,15:21:00,SEM VÍTIMA,CANCELADA,GRAÇAS,RUA ANTONIO NOVAIS,51,,PROX. A DROGASIL,RUA ANTONIO NOVAIS,51,PROX. A DROGASIL,GRAÇAS,,,COLISÃO,COLISÃO SEM VÍTIMA,2,,,,,,,,,0,,,,,,,,,,,,,,,,,,,,
2019-08-24,15:45:00,SEM VÍTIMA,FINALIZADA,BOA VISTA,AV GOVERNADOR AGAMENON MAGALHAES,,,SOB O SEMÁFORO DE Nº 037,AV GOVERNADOR AGAMENON MAGALHAES,,SOB O SEMÁFORO DE Nº 037,BOA VISTA,37,,ABALROAMENTO LONGITUDINAL,COLISÃO SEM VÍTIMA,1,,,,,1,,,,0,,Longo da via,Bom,Sem defeito,Perfeito estado,Seca,Perfeito estado,Faixa de pedestre,Outras,60 km/h,Única,Faixa seccionada,,,,,,,,
2019-08-24,16:04:00,SEM VÍTIMA,FINALIZADA,IPSEP,RUA BLUMENAU,,,PADARIA BLUMENAU,RUA BLUMENAU,,PADARIA BLUMENAU,IPSEP,,,ABALROAMENTO LONGITUDINAL,COLISÃO SEM VÍTIMA,1,1,,,,,,,,0,,Cruzamento,Nublado,Não existe,Não existente,Seca,Perfeito estado,Não existe,Não há placas,,Dupla,Não existe,,,,,,,,
2019-08-24,16:11:00,SEM VÍTIMA,FINALIZADA,BOA VIAGEM,RUA VISCONDE DE JEQUITINHONHA,,,EM FRENTE AO PONTEIO,RUA VISCONDE DE JEQUITINHONHA,,EM FRENTE AO PONTEIO,BOA VIAGEM,,,COLISÃO,COLISÃO SEM VÍTIMA,1,,,,,1,,,,0,,,,,,,,,,,,,,,,,,,,