data,hora,natureza_acidente,situacao,bairro,endereco,numero,detalhe_endereco_acidente,complemento,endereco_cruzamento,numero_cruzamento,referencia_cruzamento,bairro_cruzamento,num_semaforo,sentido_via,tipo,descricao,auto,moto,ciclom,ciclista,pedestre,onibus,caminhao,viatura,outros,vitimas,vitimasfatais,acidente_verificado,tempo_clima,situacao_semaforo,sinalizacao,condicao_via,conservacao_via,ponto_controle,situacao_placa,velocidade_max_via,mao_direcao,divisao_via1,divisao_via2,divisao_via3,,,,,,
2019-08-24,16:34:00,SEM VÍTIMA,FINALIZADA,SÍTIO DOS PINTOS,EST DOS PINTOS,26,,,EST DOS PINTOS,26,,SÍTIO DOS PINTOS,,,CHOQUE OBJETO FIXO,CAMINHAO DO LIXO CHOCOU COM O POSTE,,,,,,,1,,,0,,Longo da via,Chuvoso,Não existe,Incompleta,Molhada,Mal conservada,Não existe,Não há placas,,Dupla,Não existe,,,,,,,,
2019-08-24,17:18:00,SEM VÍTIMA,FINALIZADA,ALTO SANTA TERESINHA,AV ANIBAL BENEVOLO,47,,AO LADO TERMINAL DO ALTO STA TEREZINHA,AV ANIBAL BENEVOLO,47,AO LADO TERMINAL DO ALTO STA TEREZINHA,ALTO SANTA TERESINHA,,SUBURBIO,ABALROAMENTO LONGITUDINAL,COLISÃO SEM VÍTIMA,1,,,,,1,,,,0,,Longo da via,Chuvoso,Não existe,Perfeito estado,Molhada,Perfeito estado,Não existe,Outras,,Dupla,Faixa seccionada,,,,,,,,
2019-08-24,17:18:00,COM VÍTIMA,FINALIZADA,GRAÇAS,RUA AMELIA,,,PROX AO POSTO SHELL E/F A GERENCIA OPERACIONAL DE FISCALIZAÇAO DO RECIFE NA DESCIDA PONTE,RUA AMELIA,,PROX AO POSTO SHELL E/F A GERENCIA OPERACIONAL DE FISCALIZAÇAO DO RECIFE NA DESCIDA PONTE,GRAÇAS,48,CIDADE,ATROPELAMENTO,ATROPELAMENTO COM UMA VITIMA,1,,,,1,,,,,1,,Longo da via,Bom,Sem defeito,Perfeito estado,Seca,Perfeito estado,Faixa de pedestre,Outras,,Única,Faixa seccionada,,,,,,,,
2019-08-24,18:39:00,COM VÍTIMA,FINALIZADA,CORDEIRO,AV MARIO ALVARES PEREIRA DE LYRA,,AV CAMARAO,CANAL DO CAVOCO,AV MARIO ALVARES PEREIRA DE LYRA,,CANAL DO CAVOCO,CORDEIRO,,CIDADE,ABALROAMENTO TRANSVERSAL,AUTO PASSEIO X MOTO COM VÍTIMA,1,1,,,,,,,,1,,Cruzamento,Chuvoso,Não existe,Incompleta,Molhada,Perfeito estado,Não existe,Outras,,Dupla,Canal,,,,,,,,
2019-08-24,20:02:00,SEM VÍTIMA,FINALIZADA,BOA VIAGEM,AV FERNANDO SIMOES BARBOSA,,,EM FRENTE AO IMÓVEL Nº 1080,AV FERNANDO SIMOES BARBOSA,,EM FRENTE AO IMÓVEL Nº 1080,BOA VIAGEM,,SUBURBIO,COLISÃO TRASEIRA,DOIS AUTO OBS: SUSPEITA DE EMBRIAGUEZ,2,,,,,,,,,0,,Longo da via,Chuvoso,Não existe,Perfeito estado,Molhada,Perfeito estado,,Placas Pare,,Única,Faixa seccionada,,,,,,,,
2019-08-24,20:32:00,SEM VÍTIMA,CANCELADA,BOA VIAGEM,RUA BALTAZAR PASSOS,,,EM FRENTE A CULTURA INGLESA,RUA BALTAZAR PASSOS,,EM FRENTE A CULTURA INGLESA,BOA VIAGEM,,,COLISÃO,ENTRE DOIS AUTO S/V,2,,,,,,,,,0,,,,,,,,,,,,,,,,,,,,
2019-08-24,21:32:00,SEM VÍTIMA,FINALIZADA,IMBIRIBEIRA,AV MARECHAL MASCARENHAS DE MORAES,,,,AV MARECHAL MASCARENHAS DE MORAES,,,IMBIRIBEIRA,286,CIDADE,ABALROAMENTO LONGITUDINAL,ASTRA X FAIT,2,,,,,,,,,0,,Longo da via,Chuvoso,Sem defeito,Perfeito estado,Molhada,Perfeito estado,Faixa de pedestre,Não há placas,,Dupla,Faixa seccionada,,,,,,,,
2019-08-24,21:50:00,SEM VÍTIMA,CANCELADA,CORDEIRO,AV CAXANGA,1251,RUA PADRE ANTONIO FERNANDES,PROX AO POSTO BR,AV CAXANGA,1251,PROX AO POSTO BR,CORDEIRO,,CIDADE,COLISÃO,GOL X FORD KA,2,,,,,,,,,0,,,,,,,,,,,,,,,,,,,,
2019-08-24,22:23:00,SEM VÍTIMA,CANCELADA,BOA VIAGEM,AV CONSELHEIRO AGUIAR,,,EM FRENTE A PADARIA CARMEM,AV CONSELHEIRO AGUIAR,,EM FRENTE A PADARIA CARMEM,BOA VIAGEM,,CIDADE,COLISÃO,ONIBUS X TAXI S/V,1,,,,,1,,,,0,,,,,,,,,,,,,,,,,,,,
2019-08-24,23:07:00,COM VÍTIMA,CANCELADA,MUSTARDINHA,AV MANOEL GONCALVES DA LUZ,,,PROX A PRC DO ABC,AV MANOEL GONCALVES DA LUZ,,PROX A PRC DO ABC,MUSTARDINHA,,,COLISÃO,SIENA X MOTO,1,1,,,,,,,,2,,,,,,,,,,,,,,,,,,,,
2019-08-25,07:49:00,SEM VÍTIMA,FINALIZADA,BOA VIAGEM,AV CONSELHEIRO AGUIAR,3231,RUA FELIX DE BRITO E MELO,EM FRENTE AO BANCO BRADESCO,AV CONSELHEIRO AGUIAR,3231,EM FRENTE AO BANCO BRADESCO,BOA VIAGEM,546,CIDADE,COLISÃO TRASEIRA,COLISÃO SEM VITIMA,2,,,,,,,,,0,,Cruzamento,Bom,Sem defeito,Perfeito estado,Seca,Perfeito estado,Faixa de pedestre,Não há placas,,Única,Faixa seccionada,,,,,,,,
2019-08-25,07:50:00,SEM VÍTIMA,FINALIZADA,TORRÕES,AV ENGENHEIRO ABDIAS DE CARVALHO,,RUA QUINZE DE MARCO,AO LADO DA CHESF,AV ENGENHEIRO ABDIAS DE CARVALHO,,AO LADO DA CHESF,TORRÕES,422,CIDADE,COLISÃO TRASEIRA,TRES AUTOS,3,,,,,,,,,0,,Cruzamento,Bom,Sem defeito,Perfeito estado,Seca,Perfeito estado,Outros,R-6a,60 km/h,Dupla,Faixa seccionada,,,,,,,,
2019-08-25,08:19:00,SEM VÍTIMA,FINALIZADA,CASA AMARELA,EST DO ARRAIAL,,RUA PAULA BATISTA,,EST DO ARRAIAL,,,CASA AMARELA,283,SUBURBIO,ABALROAMENTO TRANSVERSAL,COLISÃO S/VITIMAS ENTRE DOIS AUTOS,2,,,,,,,,,0,,Cruzamento,Chuvoso,Sem defeito,Perfeito estado,Molhada,Perfeito estado,Faixa de pedestre,,,Única,Faixa contínua,,,,,,,,
2019-08-25,08:45:00,SEM VÍTIMA,FINALIZADA,CASA AMARELA,RUA PADRE OLIVEIRA,,,EM FRENTE AO COLEGIO ANA MALTER,RUA PADRE OLIVEIRA,,EM FRENTE AO COLEGIO ANA MALTER,CASA AMARELA,,,COLISÃO,COLISÃO SEM VITIMA,1,,,,,1,,,,0,,,,,,,,,,,,,,,,,,,,
2019-08-25,10:12:00,SEM VÍTIMA,FINALIZADA,MANGUEIRA,RUA DR JOAO ELISIO,,,,RUA DR JOAO ELISIO,,,MANGUEIRA,,SUBURBIO,ABALROAMENTO TRANSVERSAL,DOIS AUTOS,2,,,,,,,,,0,,Cruzamento,Bom,Não existe,Ilegível,Seca,Perfeito estado,Não existe,Outras,40 km/h,Dupla,Não existe,,,,,,,,
2019-08-25,10:21:00,SEM VÍTIMA,CANCELADA,LINHA DO TIRO,RUA URIEL DE HOLANDA,186,RUA ELADIO CAMBOIM,EM FRENTE A PADARIA PÃO DE OURO,RUA URIEL DE HOLANDA,186,EM FRENTE A PADARIA PÃO DE OURO,LINHA DO TIRO,,,COLISÃO,COLISÃO S/VITIMAS ENTRE DOIS AUTOS,2,,,,,,,,,0,,,,,,,,,,,,,,,,,,,,
2019-08-25,10:32:00,SEM VÍTIMA,FINALIZADA,PINA,RUA TOME GIBSON,,AV ENGENHEIRO DOMINGOS FERREIRA,,RUA TOME GIBSON,,,PINA,200,,COLISÃO TRASEIRA,DOIS AUTOS,2,,,,,,,,,0,,Longo da via,Bom,Sem defeito,Perfeito estado,Seca,Perfeito estado,Não existe,Não há placas,,Dupla,Não existe,,,,,,,,
2019-08-25,12:27:00,SEM VÍTIMA,CANCELADA,TAMARINEIRA,RUA DR JOSE MARIA,1060,,CASA DE FESTA DONA FESTA,RUA DR JOSE MARIA,1060,CASA DE FESTA DONA FESTA,TAMARINEIRA,,,COLISÃO,COLISÃO SEM VITIMA,2,,,,,,,,,0,,,,,,,,,,,,,,,,,,,,
2019-08-25,13:18:00,SEM VÍTIMA,FINALIZADA,TEJIPIÓ,AV DR JOSE RUFINO,,,EM FRENTE DA ESTAÇÃO DE TEJIPIO,AV DR JOSE RUFINO,,EM FRENTE DA ESTAÇÃO DE TEJIPIO,TEJIPIÓ,,,COLISÃO,COLISÃO SEM VITIMA,2,,,,,,,,,0,,,,,,,,,,,,,,,,,,,,
2019-08-25,16:08:00,SEM VÍTIMA,FINALIZADA,BOA VIAGEM,RUA ERNESTO DE PAULA SANTOS,,,POSTO BR,RUA ERNESTO DE PAULA SANTOS,,POSTO BR,BOA VIAGEM,,CIDADE,ABALROAMENTO LONGITUDINAL,COLISÃO SEM VITIMA,2,,,,,,,,,0,,Longo da via,Bom,Não existe,Perfeito estado,Seca,Perfeito estado,Não existe,Outras,,Única,Faixa seccionada,,,,,,,,
2019-08-25,16:24:00,SEM VÍTIMA,FINALIZADA,AFOGADOS,RUA GENERAL CARLOS LIRA,154,,,RUA GENERAL CARLOS LIRA,154,,AFOGADOS,,,CHOQUE VEÍCULO PARADO,COLISÃO SEM VITIMA,1,,,,,,1,,,0,,Longo da via,Bom,Não existe,Não existente,Seca,Mal conservada,Não existe,Não há placas,,Dupla,Não existe,,,,,,,,
2019-08-25,17:10:00,SEM VÍTIMA,CANCELADA,BRASÍLIA TEIMOSA,RUA FRANCISCO VALPASSOS,42,,EM FRENTE AO BAR DE GILMAR,RUA FRANCISCO VALPASSOS,42,EM FRENTE AO BAR DE GILMAR,BRASÍLIA TEIMOSA,,,COLISÃO,COLISÃO ENTRE AUTO, ÔNIBUS E CICLISTA SEM VÍTIMA,1,,,1,,1,,,,0,,,,,,,,,,,,,,,,,,,
2019-08-25,18:07:00,SEM VÍTIMA,FINALIZADA,PARNAMIRIM,AV PARNAMIRIM,,,EM FRENTE AO SERPRO,AV PARNAMIRIM,,EM FRENTE AO SERPRO,PARNAMIRIM,10,CIDADE,COLISÃO TRASEIRA,DOIS AUTOS PASSEIOS SEM VÍTIMA,2,,,,,,,,,0,,Longo da via,Bom,Sem defeito,Perfeito estado,Seca,Perfeito estado,Faixa de pedestre,,60 km/h,Única,Faixa contínua,,,,,,,,
2019-08-25,20:00:00,SEM VÍTIMA,FINALIZADA,SANTO AMARO,AV CRUZ CABUGA,,AV MARIO MELO,,AV CRUZ CABUGA,,,SANTO AMARO,171,,ABALROAMENTO TRANSVERSAL,ENTRE 2 AUTOS. S/V,2,,,,,,,,,0,,Cruzamento,Bom,Sem defeito,Perfeito estado,Seca,Perfeito estado,Faixa de pedestre,Outras,,Dupla,Faixa seccionada,Canteiro central,,,,,,,
2019-08-25,20:31:00,COM VÍTIMA,FINALIZADA,BOA VIAGEM,AV BOA VIAGEM,,,ENF AO PARQUE DONA LINDU,AV BOA VIAGEM,,ENF AO PARQUE DONA LINDU,BOA VIAGEM,1,CIDADE,ABALROAMENTO LONGITUDINAL,DUAS MOTOS,,2,,,,,,,,1,,Longo da via,Bom,Sem defeito,Perfeito estado,Seca,Perfeito estado,Faixa de pedestre,Outras,,Única,Faixa contínua,,,,,,,,
2019-08-25,22:56:00,SEM VÍTIMA,FINALIZADA,JORDÃO,RUA CANAL DO JORDAO,,PTE JORDAO,,RUA CANAL DO JORDAO,,,JORDÃO,,SUBURBIO,ABALROAMENTO LONGITUDINAL,ENTRE AUTO PASSEIO E MICRO ÕNIBUS. S/V,1,,,,,1,,,,0,,,Bom,Não existe,Não existente,Seca,Mal conservada,Não existe,Não há placas,,Única,Não existe,,,,,,,,
2019-08-26,06:44:00,SEM VÍTIMA,FINALIZADA,BOA VIAGEM,AV DES JOSE NEVES,,RUA SANSAO RIBEIRO,,AV DES JOSE NEVES,,,BOA VIAGEM,,CIDADE,ABALROAMENTO LONGITUDINAL,DOIS AUTOS,2,,,,,,,,,0,,Cruzamento,Chuvoso,Não existe,Incompleta,Molhada,Perfeito estado,Não existe,Placas Pare,,Dupla,Canal,,,,,,,,
2019-08-26,07:33:00,SEM VÍTIMA,FINALIZADA,CASA FORTE,AV DEZESSETE DE AGOSTO,117,,EM FRENTE AO EDF PAINEIRAS,AV DEZESSETE DE AGOSTO,117,EM FRENTE AO EDF PAINEIRAS,CASA FORTE,,CIDADE,COLISÃO TRASEIRA,TRES AUTOS,3,,,,,,,,,0,,Longo da via,Bom,Não existe,Perfeito estado,Seca,Perfeito estado,Não existe,R-6a,60 km/h,Dupla,Faixa contínua,,,,,,,,
2019-08-26,07:50:00,COM VÍTIMA,FINALIZADA,BAIRRO DO RECIFE,AV ALFREDO LISBOA,,,POR TRAS DA FABRICA DA PILAR EM FRENTE AO GRADIL DO PORTO DO RECIFE . BASE DA GUARDA PORTUÁRIA,AV ALFREDO LISBOA,,POR TRAS DA FABRICA DA PILAR EM FRENTE AO GRADIL DO PORTO DO RECIFE . BASE DA GUARDA PORTUÁRIA,BAIRRO DO RECIFE,,SUBURBIO,CHOQUE OBJETO FIXO,CONDUTOR COLIDIU NO GRADIL DO PORTO DO RECIFE SEM VITIMAS,1,,,,,,,,,1,,Longo da via,Chuvoso,Não existe,,Molhada,Perfeito estado,Não existe,Outras,,Única,Faixa seccionada,,,,,,,,
2019-08-26,08:13:00,SEM VÍTIMA,FINALIZADA,BOA VIAGEM,RUA RIBEIRO DE BRITO,1097,,EM FRENTE AO POSTO BR,RUA RIBEIRO DE BRITO,1097,EM FRENTE AO POSTO BR,BOA VIAGEM,,SUBURBIO,ABALROAMENTO LONGITUDINAL,COLISÃO SEM VITIMAS,1,1,,,,,,,,0,,Longo da via,Chuvoso,Não existe,Perfeito estado,Molhada,Perfeito estado,Não existe,Não há placas,,Única,Faixa seccionada,,,,,,,,
2019-08-26,08:38:00,SEM VÍTIMA,FINALIZADA,CORDEIRO,EST DO FORTE DO ARRAIAL N. DO B. JESUS,233,,ESQUINA CHOPP BAR,EST DO FORTE DO ARRAIAL N. DO B. JESUS,233,ESQUINA CHOPP BAR,CORDEIRO,,SUBURBIO,COLISÃO TRASEIRA,DOIS AUTOS,2,,,,,,,,,0,,Longo da via,Chuvoso,Não existe,Perfeito estado,Molhada,Perfeito estado,Outros,Outras,,Dupla,Faixa contínua,,,,,,,,
2019-08-26,09:35:00,COM VÍTIMA,FINALIZADA,PINA,AVENIDA CELSO FURTADO (VIA MANGUE),,,PROX AO ANTIGO AERO CLUBE,AVENIDA CELSO FURTADO (VIA MANGUE),,PROX AO ANTIGO AERO CLUBE,PINA,,SUBURBIO,TOMBAMENTO,MOTO,,1,,,,,,,,1,,Longo da via,Bom,Não existe,Perfeito estado,Seca,Perfeito estado,Agente,Outras,,Dupla,Canteiro central,,,,,,,,
2019-08-26,10:26:00,SEM VÍTIMA,FINALIZADA,ILHA JOANA BEZERRA,AV BEIRA RIO,,,AO LADO DA ACADEMIA DA CIDADE,AV BEIRA RIO,,AO LADO DA ACADEMIA DA CIDADE,ILHA JOANA BEZERRA,,SUBURBIO,COLISÃO TRASEIRA,SEM VITIMAS,2,,,,,,,,,0,,Longo da via,Chuvoso,Não existe,Perfeito estado,Molhada,Perfeito estado,Não existe,Não há placas,,Dupla,Faixa contínua,,,,,,,,
2019-08-26,10:29:00,SEM VÍTIMA,FINALIZADA,DERBY,PRC DO DERBY,,AV GOVERNADOR AGAMENON MAGALHAES,SOB O SEMÁFORO Nº 417,PRC DO DERBY,,SOB O SEMÁFORO Nº 417,DERBY,417,CIDADE,ABALROAMENTO LONGITUDINAL,COLISÃO SEM VITIMAS,1,,,,,1,,,,0,,Outros,Bom,Sem defeito,Perfeito estado,Seca,Perfeito estado,Faixa de pedestre,Outras,,Dupla,Faixa seccionada,,,,,,,,
2019-08-26,10:56:00,SEM VÍTIMA,FINALIZADA,CASA AMARELA,AV NORTE,5709,RUA OSCAR DE BARROS,OPOSTO SECRETARIA EXECUTIVA DE JUVENTUDE,AV NORTE,5709,OPOSTO SECRETARIA EXECUTIVA DE JUVENTUDE,CASA AMARELA,,CIDADE,COLISÃO TRASEIRA,SEM VITIMAS /VT 12 DA CTTU NO LOCAL ,VAI FAZER O B.O,2,,,,,,,,,0,,Longo da via,Chuvoso,Não existe,Perfeito estado,Molhada,Perfeito estado,Faixa de pedestre,R-6a,60 km/h,Dupla,Faixa seccionada,Canteiro central,,,,,,
2019-08-26,11:16:00,SEM VÍTIMA,FINALIZADA,,AV CRUZ CABUGA,,,AO LADO DA PARADA DO BRT - IEP PRÓXIMO AO SEMÁFORO Nº 171,AV CRUZ CABUGA,,AO LADO DA PARADA DO BRT - IEP PRÓXIMO AO SEMÁFORO Nº 171,,171,CIDADE,ABALROAMENTO LONGITUDINAL,CAMINHAO E AUTO ,1,,,,,,1,,,0,,Longo da via,Bom,Sem defeito,Perfeito estado,Seca,Perfeito estado,Faixa de pedestre,Outras,,Dupla,Outros,,,,,,,,
2019-08-26,11:17:00,SEM VÍTIMA,FINALIZADA,BONGI,AV CONSUL VILARES FRAGOSO,445,RUA ITAPEMIRIM,CLÍNICA DE PSICOLOGIA,AV CONSUL VILARES FRAGOSO,445,CLÍNICA DE PSICOLOGIA,BONGI,,,ABALROAMENTO TRANSVERSAL,COLISÃO SEM VITIMAS,1,,,,,,1,,,0,,Cruzamento,Bom,Não existe,Não existente,Seca,Mal conservada,Não existe,Placas Pare,,Dupla,Faixa seccionada,,,,,,,,
2019-08-26,11:27:00,SEM VÍTIMA,FINALIZADA,TORRE,AV BEIRA RIO,651,,,AV BEIRA RIO,651,,TORRE,387,CIDADE,ABALROAMENTO LONGITUDINAL,CARRO OFICIAL E AUTO,1,,,,,,1,,,0,,Cruzamento,Bom,Sem defeito,Perfeito estado,Seca,Perfeito estado,Agente,R-6c,,Única,Faixa contínua,,,,,,,,
2019-08-26,11:44:00,SEM VÍTIMA,CANCELADA,PRADO,AV ENGENHEIRO ABDIAS DE CARVALHO,2099,EST DOS REMEDIOS,EM FRENTE A FARMACIA INDEPENDENTE,AV ENGENHEIRO ABDIAS DE CARVALHO,2099,EM FRENTE A FARMACIA INDEPENDENTE,PRADO,,,COLISÃO,COLISÃO SEM VITIMAS,2,,,,,,,,,0,,,,,,,,,,,,,,,,,,,,
2019-08-26,12:26:00,SEM VÍTIMA,FINALIZADA,,AV JOAO DE BARROS,,RUA DA HORA,EM FRENTE AO SEMÁFORO 656,AV JOAO DE BARROS,,EM FRENTE AO SEMÁFORO 656,,656,SUBURBIO,ABALROAMENTO LONGITUDINAL,COLISAO ENTRE ONIBUS E AUTO SS/V,1,,,,,1,,,,0,,Longo da via,Bom,Sem defeito,Perfeito estado,Seca,Perfeito estado,Faixa de pedestre,Outras,,Única,Faixa seccionada,,,,,,,,
2019-08-26,13:08:00,SEM VÍTIMA,FINALIZADA,VASCO DA GAMA,AV VEREADOR OTACILIO AZEVEDO,7018,,,AV VEREADOR OTACILIO AZEVEDO,7018,,VASCO DA GAMA,,SUBURBIO,COLISÃO TRASEIRA,COLISÃO SEM VITIMA,,1,,,,,1,,,0,,Longo da via,Bom,Não existe,Não existente,Seca,Perfeito estado,Não existe,Não há placas,,Dupla,Faixa seccionada,,,,,,,,
2019-08-26,13:52:00,SEM VÍTIMA,FINALIZADA,ILHA DO LEITE,PTE JOSE DE BARROS LIMA,,,SOBRE A PONTE,PTE JOSE DE BARROS LIMA,,SOBRE A PONTE,ILHA DO LEITE,,SUBURBIO,COLISÃO TRASEIRA,COLISÃO SEM VITIMA,2,,,,,,,,,0,,Ponte,Bom,Não existe,Perfeito estado,Seca,Mal conservada,Não existe,Não há placas,,Dupla,Canal,,,,,,,,
2019-08-26,14:19:00,SEM VÍTIMA,FINALIZADA,BONGI,AV CONSUL VILARES FRAGOSO,36,RUA DONA MARIA AUGUSTA NOGUEIRA,,AV CONSUL VILARES FRAGOSO,36,,BONGI,,,ABALROAMENTO LONGITUDINAL,COLISÃO SEM VITIMA,2,,,,,,,,,0,,Cruzamento,Nublado,Não existe,Ilegível,Seca,Perfeito estado,Não existe,Não há placas,,,Faixa seccionada,,,,,,,,
2019-08-26,15:14:00,SEM VÍTIMA,FINALIZADA,TORRE,RUA JOSE BONIFACIO,,RUA ITAPARICA,,RUA JOSE BONIFACIO,,,TORRE,,SUBURBIO,COLISÃO TRASEIRA,COLISAO ENTR AUTO E MOTO S/V,1,1,,,,,,,,0,,,Bom,Não existe,Incompleta,Seca,Perfeito estado,,Não há placas,,,,,,,,,,,
2019-08-26,16:23:00,SEM VÍTIMA,CANCELADA,ILHA DO RETIRO,RUA SPORT CLUBE DO RECIFE,,,E/F AO SPORT CLUBE DO RECIFE S/T CID,RUA SPORT CLUBE DO RECIFE,,E/F AO SPORT CLUBE DO RECIFE S/T CID,ILHA DO RETIRO,,,COLISÃO,COLISAO ENTRE DOIS AUTOS S/V,2,,,,,,,,,0,,,,,,,,,,,,,,,,,,,,
2019-08-26,16:35:00,SEM VÍTIMA,FINALIZADA,DERBY,AV GOVERNADOR AGAMENON MAGALHAES,,,PRAÇA DO DERBY,AV GOVERNADOR AGAMENON MAGALHAES,,PRAÇA DO DERBY,DERBY,75,SUBURBIO,COLISÃO TRASEIRA,COLISÃO SEM VITIMA,1,,,,,1,,,,0,,Cruzamento,Bom,Sem defeito,Perfeito estado,Seca,Perfeito estado,Agente,,60 km/h,Única,Canal,,,,,,,,
2019-08-26,16:37:00,SEM VÍTIMA,FINALIZADA,BOA VIAGEM,RUA SYLO BITTENCOURT,94,,,RUA SYLO BITTENCOURT,94,,BOA VIAGEM,,SUBURBIO,ABALROAMENTO TRANSVERSAL,COLISAO ENTRE DOIS AUTOS S/V,2,,,,,,,,,0,,Longo da via,Bom,Não existe,Perfeito estado,Seca,Perfeito estado,Não existe,Não há placas,,,Não existe,,,,,,,,
2019-08-26,17:26:00,SEM VÍTIMA,CANCELADA,AFOGADOS,RUA DA PAZ,75,,EM FRENTE A FABRICA ASA/ LUMIAÇO,RUA DA PAZ,75,EM FRENTE A FABRICA ASA/ LUMIAÇO,AFOGADOS,,,COLISÃO,COLISÃO SEM VITIMA,2,,,,,,,,,0,,,,,,,,,,,,,,,,,,,,
2019-08-26,18:41:00,COM VÍTIMA,FINALIZADA,TORRE,AV BEIRA RIO,1305,RUA DOMINGOS DE BARROS MELO,PRAÇA JOSÉ SALES // PROX AO MARTELINHO DE OURO,AV BEIRA RIO,1305,PRAÇA JOSÉ SALES // PROX AO MARTELINHO DE OURO,TORRE,,,COLISÃO TRASEIRA,MOTO X CLIO,1,1,,,,,,,,1,,Esquina,Bom,Não existe,Perfeito estado,Seca,Perfeito estado,Não existe,Outras,,Dupla,Faixa contínua,,,,,,,,
2019-08-26,18:59:00,SEM VÍTIMA,FINALIZADA,SAN MARTIN,AV GENERAL SAN MARTIN,,,TERMINAL DE SAN MARTIN,AV GENERAL SAN MARTIN,,TERMINAL DE SAN MARTIN,SAN MARTIN,,SUBURBIO,COLISÃO TRASEIRA,02 AUTOS SEM VÍTIMAS,2,,,,,,,,,0,,Longo da via,Chuvoso,Não existe,Perfeito estado,Molhada,Perfeito estado,Outros,Outras,,Dupla,Faixa contínua,,,,,,,,
2019-08-26,19:00:00,COM VÍTIMA,FINALIZADA,IMBIRIBEIRA,VIADUTO TANCREDO NEVES,,,POR CIMA DO VIADUTO TANCREDO NEVES, SNT BV,VIADUTO TANCREDO NEVES,,POR CIMA DO VIADUTO TANCREDO NEVES, SNT BV,IMBIRIBEIRA,,BOA VIAGEM,ABALROAMENTO LONGITUDINAL,ENTRE AUTO E MOTO. C/V,1,1,,,,,,,,1,,Longo da via,Bom,Não existe,Perfeito estado,Seca,Perfeito estado,,Não há placas,60 km/h,,Faixa seccionada,,,,,,
2019-08-26,19:02:00,SEM VÍTIMA,FINALIZADA,SANTO AMARO,AV NORTE,,,,AV NORTE,,,SANTO AMARO,243,CIDADE,COLISÃO TRASEIRA,DOIS AUTO OBS. BATEDORES NO LOCAL 27 X 17,2,,,,,,,,,0,,Cruzamento,Bom,Sem defeito,Perfeito estado,Seca,Perfeito estado,Faixa de pedestre,Outras,60 km/h,Dupla,Canteiro central,,,,,,,,
2019-08-26,19:06:00,SEM VÍTIMA,FINALIZADA,ILHA DO RETIRO,AV ENGENHEIRO ABDIAS DE CARVALHO,,,SUBSTAÇÃO DA CELPE ILHA DO RETIRO ( LADO OPOSTO A MC DONALDS),AV ENGENHEIRO ABDIAS DE CARVALHO,,SUBSTAÇÃO DA CELPE ILHA DO RETIRO ( LADO OPOSTO A MC DONALDS),ILHA DO RETIRO,,CIDADE,COLISÃO TRASEIRA,COLISAO ENTRE DOIS AUTOS S/V,2,,,,,,,,,0,,Longo da via,Bom,Não existe,Perfeito estado,Seca,Perfeito estado,Não existe,Não há placas,,Única,Faixa seccionada,Canteiro central,,,,,,,
2019-08-26,19:14:00,SEM VÍTIMA,FINALIZADA,GRAÇAS,RUA DAS GRACAS,366,,FARMÁCIA DROGA FÁCIL,RUA DAS GRACAS,366,FARMÁCIA DROGA FÁCIL,GRAÇAS,,CIDADE,ABALROAMENTO LONGITUDINAL,GOL X NISSAN VERSA,2,,,,,,,,,0,,Longo da via,Chuvoso,Não existe,Perfeito estado,Molhada,Perfeito estado,,Não há placas,,Dupla,Faixa contínua,,,,,,,,
2019-08-26,20:20:00,SEM VÍTIMA,FINALIZADA,IPSEP,AV RECIFE,,,AO LADO DO POSTE B 023690,AV RECIFE,,AO LADO DO POSTE B 023690,IPSEP,,SUBURBIO,ABALROAMENTO LONGITUDINAL,AUTO X CAMINHÃO. S/V,1,,,,,,1,,,0,,Longo da via,Bom,Não existe,Perfeito estado,Seca,Perfeito estado,Não existe,Não há placas,,Dupla,Canteiro central,,,,,,,,
2019-08-26,20:24:00,SEM VÍTIMA,FINALIZADA,CAMPO GRANDE,RUA JERONIMO VILELA,,RUA DR MACHADO,,RUA JERONIMO VILELA,,,CAMPO GRANDE,565,SUBURBIO,ABALROAMENTO LONGITUDINAL,MOTO X AUTO,1,1,,,,,,,,0,,Cruzamento,Bom,Sem defeito,Perfeito estado,Seca,Perfeito estado,Faixa de pedestre,Não há placas,,Dupla,Faixa seccionada,,,,,,,,
2019-08-26,20:32:00,SEM VÍTIMA,FINALIZADA,AFOGADOS,RUA VISCONDE DE PELOTAS,,RUA VINTE E UM DE ABRIL,SEMÁFORO 334,RUA VISCONDE DE PELOTAS,,SEMÁFORO 334,AFOGADOS,334,SUBURBIO,ABALROAMENTO LONGITUDINAL,CAMINHAO DA VITAL X ONIX,1,,,,,,1,,,0,,,Bom,Sem defeito,Perfeito estado,Seca,Perfeito estado,Faixa de pedestre,Não há placas,,Única,Não existe,,,,,,,,
2019-08-27,08:19:00,SEM VÍTIMA,CANCELADA,SANTO AMARO,AV CRUZ CABUGA,,,LADO OPOSTO À IGREJA ASSEMBLÉIA DE DEUS NOVAS DE PAZ,AV CRUZ CABUGA,,LADO OPOSTO À IGREJA ASSEMBLÉIA DE DEUS NOVAS DE PAZ,SANTO AMARO,,OLINDA,COLISÃO,COLISÃO SEM VITIMA,,,,,,,,,,0,,,,,,,,,,,,,,,,,,,,
2019-08-27,08:54:00,SEM VÍTIMA,FINALIZADA,MADALENA,RUA ARNALDO BASTOS,,RUA DEMOCRITO DE SOUZA FILHO,,RUA ARNALDO BASTOS,,,MADALENA,,SUBURBIO,ABALROAMENTO TRANSVERSAL,SEM VITIMAS,2,,,,,,,,,0,,Longo da via,Bom,Não existe,Perfeito estado,Seca,Perfeito estado,Não existe,R-6a,,Única,Não existe,,,,,,,,