data,hora,natureza_acidente,situacao,bairro,endereco,numero,detalhe_endereco_acidente,complemento,endereco_cruzamento,numero_cruzamento,referencia_cruzamento,bairro_cruzamento,num_semaforo,sentido_via,tipo,descricao,auto,moto,ciclom,ciclista,pedestre,onibus,caminhao,viatura,outros,vitimas,vitimasfatais,acidente_verificado,tempo_clima,situacao_semaforo,sinalizacao,condicao_via,conservacao_via,ponto_controle,situacao_placa,velocidade_max_via,mao_direcao,divisao_via1,divisao_via2,divisao_via3,,,,,,
2019-08-27,08:58:00,SEM VÍTIMA,FINALIZADA,CORDEIRO,RUA GREGORIO JUNIOR,178,RUA HONORIO CORREIA,LADO OPOSTO AO IMÉRIO DO AÇAÍ,RUA GREGORIO JUNIOR,178,LADO OPOSTO AO IMÉRIO DO AÇAÍ,CORDEIRO,,,ABALROAMENTO LONGITUDINAL,DOIS AUTOS,2,,,,,,,,,0,,Cruzamento,Bom,Não existe,Perfeito estado,Seca,Perfeito estado,Não existe,Não há placas,,Única,Faixa contínua,,,,,,,,
2019-08-27,09:12:00,SEM VÍTIMA,FINALIZADA,PINA,RUA IVONETE FERREIRA DA SILVA,4,,CONJUNTO HABITACIONAL BRASILIA TEIMOSA,RUA IVONETE FERREIRA DA SILVA,4,CONJUNTO HABITACIONAL BRASILIA TEIMOSA,PINA,,CIDADE,COLISÃO TRASEIRA,DOIS AUTOS,2,,,,,,,,,0,,Longo da via,Bom,Não existe,Perfeito estado,Seca,Perfeito estado,Não existe,Não há placas,,Dupla,Não existe,,,,,,,,
2019-08-27,09:32:00,COM VÍTIMA,FINALIZADA,CORDEIRO,RUA DR MIGUEL VIEIRA FERREIRA,114,,EM FRENTE A LOJA SERV PRINT,RUA DR MIGUEL VIEIRA FERREIRA,114,EM FRENTE A LOJA SERV PRINT,CORDEIRO,,SUBURBIO,ATROPELAMENTO,AUTO E PEDESTRE.,1,,,,1,,,,,1,,Longo da via,Bom,Não existe,Perfeito estado,Seca,Perfeito estado,Não existe,R-6a,,Dupla,Faixa contínua,,,,,,,,
2019-08-27,09:41:00,SEM VÍTIMA,FINALIZADA,ILHA DO LEITE,AV GOVERNADOR AGAMENON MAGALHAES,,,EMPRESARIAL ISAAC NEWTON,AV GOVERNADOR AGAMENON MAGALHAES,,EMPRESARIAL ISAAC NEWTON,ILHA DO LEITE,,SUBURBIO,ABALROAMENTO LONGITUDINAL,AUTO E MOTO,1,1,,,,,,,,0,,Longo da via,Bom,Não existe,Perfeito estado,Seca,Perfeito estado,Não existe,R-6a,,Dupla,Canteiro central,,,,,,,,
2019-08-27,11:24:00,COM VÍTIMA,FINALIZADA,PINA,AV ANTONIO DE GOES,60,,EM FRENTE AO JCPM,AV ANTONIO DE GOES,60,EM FRENTE AO JCPM,PINA,,CIDADE,ATROPELAMENTO,ATROPELAMENTO / AUTO E PEDESTRE.,1,,,,1,,,,,1,,Longo da via,Bom,Não existe,Perfeito estado,Seca,Perfeito estado,Não existe,,60 km/h,Única,Faixa contínua,Canteiro central,,,,,,,
2019-08-27,11:35:00,SEM VÍTIMA,FINALIZADA,SANTO AMARO,RUA FREI CASSIMIRO,368,RUA NUMA POMPILHO,OPOSTO AO Nº 368,RUA FREI CASSIMIRO,368,OPOSTO AO Nº 368,SANTO AMARO,,,ABALROAMENTO LONGITUDINAL,SEM VITIMAS,1,,,,,,1,1,,0,,Longo da via,Bom,Não existe,Não existente,Seca,Perfeito estado,Outros,Não há placas,,,Canteiro central,,,,,,,,
2019-08-27,12:12:00,SEM VÍTIMA,FINALIZADA,IBURA,RUA RIO PAJEU,28,,EM FRENTE AO RESIDENCIAL VALE DOS RIOS II,RUA RIO PAJEU,28,EM FRENTE AO RESIDENCIAL VALE DOS RIOS II,IBURA,,SUBURBIO,COLISÃO TRASEIRA,VIATURA DA POLICIA MILITAR X AUTO PASSEIO S/V,3,,,,,,,,,0,,Longo da via,Bom,Não existe,Incompleta,Seca,Mal conservada,Não existe,Não há placas,,Dupla,Não existe,,,,,,,,
2019-08-27,12:15:00,COM VÍTIMA,FINALIZADA,SANTO AMARO,AV NORTE,,,PRAÇA GENERAL ABREU E LIMA. EM FRENTE AO EXÉRCITO BRASILEIRO.,AV NORTE,,PRAÇA GENERAL ABREU E LIMA. EM FRENTE AO EXÉRCITO BRASILEIRO.,SANTO AMARO,,,TOMBAMENTO,TOMBAMENTO DE UMA MOTOCICLETA.,,1,,,,,,,,1,,Longo da via,Bom,Sem defeito,Perfeito estado,Seca,Perfeito estado,,Outras,,Dupla,Canteiro central,,,,,,,,
2019-08-27,12:47:00,SEM VÍTIMA,FINALIZADA,CORDEIRO,AV CAXANGA,1181,RUA SOUZA BANDEIRA,,AV CAXANGA,1181,,CORDEIRO,236,SUBURBIO,COLISÃO TRASEIRA,COLISAO ENTRE DOIS AUTOS S/V,2,,,,,,,,,0,,Cruzamento,Bom,Sem defeito,Perfeito estado,Seca,Perfeito estado,Outros,R-6a,60 km/h,Dupla,Faixa contínua,Canteiro central,,,,,,,
2019-08-27,13:12:00,SEM VÍTIMA,FINALIZADA,ESPINHEIRO,AV JOAO DE BARROS,,,EM FRENTE AO CONSERVATÓRIO PERNAMBUCANO,AV JOAO DE BARROS,,EM FRENTE AO CONSERVATÓRIO PERNAMBUCANO,ESPINHEIRO,,,CHOQUE,CAMINHÃO CHOCOU SE COM ÁRVORE EM FRENTE AO CONSEVATÓRIO PERNAMBUCANO,,,,,,,,,,0,,,,,,,,,,,,,,,,,,,,
2019-08-27,14:51:00,COM VÍTIMA,FINALIZADA,JOANA BEZERRA,VDO PAPA JOAO PAULO II,,,SOBRE O VIADUTO,VDO PAPA JOAO PAULO II,,SOBRE O VIADUTO,JOANA BEZERRA,,BOA VIAGEM,COLISÃO,COLISÃO COM VITIMA,1,1,,,,,,,,1,,Viaduto,Bom,Não existe,Perfeito estado,Seca,Perfeito estado,Não existe,Não há placas,60 km/h,Dupla,Canteiro central,,,,,,,,
2019-08-27,15:26:00,COM VÍTIMA,FINALIZADA,SANTO AMARO,RUA DO HOSPICIO,,AV VISCONDE DE SUASSUNA,,RUA DO HOSPICIO,,,SANTO AMARO,32,CIDADE,ABALROAMENTO LONGITUDINAL,AUTO E MOTO.,1,1,,,,,,,,1,,Longo da via,Bom,Sem defeito,Perfeito estado,Seca,Perfeito estado,,,,,,,,,,,,,
2019-08-27,15:29:00,SEM VÍTIMA,FINALIZADA,SÃO JOSÉ,RUA MADRE DEUS,,CAIS DA ALFANDEGA,PRÓXIMO A PONTE GIRATÓRIA,RUA MADRE DEUS,,PRÓXIMO A PONTE GIRATÓRIA,SÃO JOSÉ,477,SUBURBIO,ABALROAMENTO LONGITUDINAL,COLISAO ENTRE AUTO E CAMINHAO S/V,1,,,,,,1,,,0,,Longo da via,Bom,Sem defeito,Perfeito estado,Seca,Perfeito estado,Faixa de retenção,Outras,,Única,Faixa seccionada,,,,,,,,
2019-08-27,15:51:00,COM VÍTIMA,FINALIZADA,PARNAMIRIM,RUA DA HARMONIA,,EST DO ENCANAMENTO,EM FRENTE AO VERDFRUT/ EXTRAFARMA,RUA DA HARMONIA,,EM FRENTE AO VERDFRUT/ EXTRAFARMA,PARNAMIRIM,,CIDADE,ABALROAMENTO LONGITUDINAL,AUTO PASSEIO X MOTO COM VÍTIMAS,1,1,,,,,,,,1,,Cruzamento,Bom,Sem defeito,Perfeito estado,Seca,Perfeito estado,Faixa de pedestre,Outras,40 km/h,Única,Não existe,,,,,,,,
2019-08-27,16:21:00,SEM VÍTIMA,FINALIZADA,BOA VIAGEM,AV BOA VIAGEM,6166,RUA JEAN MERMOZ,,AV BOA VIAGEM,6166,,BOA VIAGEM,,,ABALROAMENTO TRANSVERSAL,COLISAO ENTRE DOIS AUTOS S/V,2,,,,,,,,,0,,,Bom,Não existe,Perfeito estado,Seca,Perfeito estado,Faixa de retenção,Outras,,Única,Faixa seccionada,,,,,,,,
2019-08-27,16:26:00,SEM VÍTIMA,CANCELADA,ALTO SANTA TERESINHA,RUA CORREGO JOSE GRANDE,,,NO TERMINAL DA BOMBA DO HEMETERIO,RUA CORREGO JOSE GRANDE,,NO TERMINAL DA BOMBA DO HEMETERIO,ALTO SANTA TERESINHA,,,COLISÃO,,1,,,,,1,,,,0,,,,,,,,,,,,,,,,,,,,
2019-08-27,17:47:00,COM VÍTIMA,FINALIZADA,CASA AMARELA,AV NORTE,5600,,LADO OPOSTO A PRAÇA DO TRABALHO. EM FRENTE A ASSOCIAÇÃO DAS COSTUREIRAS DE CASA AMARELA.,AV NORTE,5600,LADO OPOSTO A PRAÇA DO TRABALHO. EM FRENTE A ASSOCIAÇÃO DAS COSTUREIRAS DE CASA AMARELA.,CASA AMARELA,,SUBURBIO,ABALROAMENTO LONGITUDINAL,AUTO E MOTO.,1,1,,,,,,,,1,,Longo da via,Bom,Não existe,Perfeito estado,Seca,Perfeito estado,Não existe,Outras,60 km/h,Dupla,Faixa seccionada,Canteiro central,,,,,,,
2019-08-27,18:26:00,SEM VÍTIMA,CANCELADA,AFOGADOS,RUA VINTE E UM DE ABRIL,,,ESQUINA COM AO HOTELZINHO DENGO DE CRIANÇA,RUA VINTE E UM DE ABRIL,,ESQUINA COM AO HOTELZINHO DENGO DE CRIANÇA,AFOGADOS,,,COLISÃO,ENTRE 2 AUTOS. S/V,2,,,,,,,,,0,,,,,,,,,,,,,,,,,,,,
2019-08-27,18:29:00,SEM VÍTIMA,FINALIZADA,TORRE,RUA JOSE BONIFACIO,,,AO LADO DO ATACADO DOS PRESENTES,RUA JOSE BONIFACIO,,AO LADO DO ATACADO DOS PRESENTES,TORRE,,CIDADE,ABALROAMENTO LONGITUDINAL,ENTRE 2 AUTOS. S/V,2,,,,,,,,,0,,Longo da via,Bom,Não existe,Perfeito estado,Seca,Perfeito estado,Não existe,Não há placas,,Única,Não existe,,,,,,,,
2019-08-27,19:07:00,SEM VÍTIMA,FINALIZADA,IMBIRIBEIRA,AV MARECHAL MASCARENHAS DE MORAES,,,E/F AO GERALDÃO,AV MARECHAL MASCARENHAS DE MORAES,,E/F AO GERALDÃO,IMBIRIBEIRA,,CIDADE,ABALROAMENTO LONGITUDINAL,CARRETA X AUTO PASSEIO. S/V,1,,,,,,1,,,0,,Longo da via,Chuvoso,Sem defeito,Perfeito estado,Molhada,Perfeito estado,Faixa de retenção,Não há placas,,Dupla,Canteiro central,,,,,,,,
2019-08-27,19:39:00,COM VÍTIMA,FINALIZADA,CAXANGÁ,AV CAXANGA,,AV AFONSO OLINDENSE,SEMÁFORO 568,AV CAXANGA,,SEMÁFORO 568,CAXANGÁ,568,CIDADE,ABALROAMENTO LONGITUDINAL,AUTO E MOTO.,1,1,,,,,,,,1,,Cruzamento,Bom,Sem defeito,Perfeito estado,Seca,Perfeito estado,Faixa de retenção,Não há placas,,Dupla,Canteiro central,,,,,,,,
2019-08-27,19:52:00,SEM VÍTIMA,FINALIZADA,TORRE,AV BEIRA RIO,1091,,ED BARÃO DA TORRE,AV BEIRA RIO,1091,ED BARÃO DA TORRE,TORRE,,CIDADE,CHOQUE OBJETO FIXO,AUTO SE CHOCOU CONTRA A ÁRVORE, CAUSANDO A QUEDA DA MESMA NO LOCAL. SV,1,,,,,,,,,0,,Longo da via,Bom,Não existe,Ilegível,Seca,Mal iluminada,Não existe,R-6a,40 km/h,Única,Faixa seccionada,,,,,,,
2019-08-27,20:23:00,COM VÍTIMA,FINALIZADA,CAXANGÁ,AV CAXANGA,,,E/F A CAXANGÁ VEÍCULOS,AV CAXANGA,,E/F A CAXANGÁ VEÍCULOS,CAXANGÁ,,CIDADE,ABALROAMENTO TRANSVERSAL,ÔNIBUS E MOTO,,1,,,,1,,,,1,,Longo da via,Chuvoso,Não existe,Perfeito estado,Molhada,Perfeito estado,Faixa de pedestre,R-24a,,Única,Faixa seccionada,,,,,,,,
2019-08-27,21:31:00,SEM VÍTIMA,FINALIZADA,AFOGADOS,EST DOS REMEDIOS,,RUA PROFESSOR FREDERICO CURIO,,EST DOS REMEDIOS,,,AFOGADOS,,CIDADE,COLISÃO TRASEIRA,ENTRE 2 AUTOS. S/V,2,,,,,,,,,0,,,Bom,Não existe,Ilegível,Seca,Mal iluminada,Não existe,Não há placas,30 km/h,,,,,,,,,,
2019-08-28,06:09:00,SEM VÍTIMA,FINALIZADA,PRADO,AV ENGENHEIRO ABDIAS DE CARVALHO,365,,,AV ENGENHEIRO ABDIAS DE CARVALHO,365,,PRADO,,CIDADE,COLISÃO TRASEIRA,COLISÃO S/VITIMAS ENTRE UMA MOTO E AUTO,1,,1,,,,,,,0,,Longo da via,Bom,,Perfeito estado,Molhada,Perfeito estado,,R-6a,,Dupla,Faixa seccionada,Canteiro central,,,,,,,
2019-08-28,06:58:00,SEM VÍTIMA,FINALIZADA,BOA VIAGEM,AV CONSELHEIRO AGUIAR,4310,,EM FRENTE AO SEMÁFORO DE Nº 127,AV CONSELHEIRO AGUIAR,4310,EM FRENTE AO SEMÁFORO DE Nº 127,BOA VIAGEM,127,CIDADE,COLISÃO TRASEIRA,DOIS AUTOS SUB. ADELSON NO LOCAL,2,,,,,,,,,0,,Longo da via,Bom,Sem defeito,Perfeito estado,Seca,Perfeito estado,Faixa de pedestre,Não há placas,,Única,Faixa contínua,Faixa seccionada,,,,,,,
2019-08-28,07:07:00,SEM VÍTIMA,FINALIZADA,ROSARINHO,RUA GENERAL ABREU E LIMA,155,,EM FRENTE AO EDIFICIO ANTONIO LUCENA,RUA GENERAL ABREU E LIMA,155,EM FRENTE AO EDIFICIO ANTONIO LUCENA,ROSARINHO,,,COLISÃO TRASEIRA,COLISÃO SEM VITIMAS,3,,,,,,,,,0,,Longo da via,Bom,Não existe,Perfeito estado,Seca,Perfeito estado,Não existe,R-6a,40 km/h,Dupla,Não existe,,,,,,,,
2019-08-28,07:10:00,SEM VÍTIMA,FINALIZADA,GRAÇAS,PRC DO ENTRONCAMENTO,66,RUA DR BANDEIRA FILHO,EM FRENTE AO Nº 66,PRC DO ENTRONCAMENTO,66,EM FRENTE AO Nº 66,GRAÇAS,,CIDADE,ABALROAMENTO LONGITUDINAL,DOIS AUTOS,2,,,,,,,,,0,,Longo da via,Bom,Não existe,Perfeito estado,Seca,Perfeito estado,Não existe,R-6a,,Única,,,,,,,,,
2019-08-28,07:35:00,SEM VÍTIMA,FINALIZADA,DERBY,PRC DO DERBY,,,EM FRENTE A PRAÇA DO DERBY,PRC DO DERBY,,EM FRENTE A PRAÇA DO DERBY,DERBY,,CIDADE,ABALROAMENTO LONGITUDINAL,COLISÃO SEM VITIMAS,1,,,,,1,,,,0,,Longo da via,Nublado,Sem defeito,Perfeito estado,Seca,Perfeito estado,Faixa de pedestre,Não há placas,,Dupla,Faixa contínua,Faixa seccionada,Canteiro central,,,,,,
2019-08-28,07:35:00,SEM VÍTIMA,FINALIZADA,ESTÂNCIA,AV DR JOSE RUFINO,58,,LADO OPOSTO PRIMACOM,AV DR JOSE RUFINO,58,LADO OPOSTO PRIMACOM,ESTÂNCIA,,CIDADE,ABALROAMENTO LONGITUDINAL,SEM VITIMAS,1,,,,,,1,,1,0,,Longo da via,Bom,Sem defeito,Perfeito estado,Seca,Perfeito estado,Faixa de pedestre,Outras,60 km/h,Única,Faixa seccionada,,,,,,,,
2019-08-28,07:51:00,SEM VÍTIMA,FINALIZADA,BOA VIAGEM,AV CONSELHEIRO AGUIAR,,RUA ANTONIO FALCAO,,AV CONSELHEIRO AGUIAR,,,BOA VIAGEM,6,SUBURBIO,ABALROAMENTO LONGITUDINAL,DOIS AUTOS,2,,,,,,,,,0,,,Bom,Sem defeito,Perfeito estado,Seca,Perfeito estado,Faixa de pedestre,Outras,60 km/h,Única,Não existe,,,,,,,,
2019-08-28,08:39:00,SEM VÍTIMA,FINALIZADA,MORRO DA CONCEIÇÃO,RUA MORRO DA CONCEICAO,383,,EM FRENTE A FARMÁCIA DO MORRO DA CONCEIÇÃO,RUA MORRO DA CONCEICAO,383,EM FRENTE A FARMÁCIA DO MORRO DA CONCEIÇÃO,MORRO DA CONCEIÇÃO,,CIDADE,ABALROAMENTO LONGITUDINAL,COLISÃO SEM VITIMAS,1,,,,,1,,,,0,,Longo da via,Bom,Não existe,Ilegível,Seca,Perfeito estado,Não existe,Não há placas,30 km/h,Dupla,Faixa contínua,,,,,,,,
2019-08-28,09:24:00,COM VÍTIMA,FINALIZADA,ENGENHO DO MEIO,RUA LINDOLFO COLOR,65,,EM FRENTE A A O SERVIÇO INTEGRADO DE SAUDE UFPE,AO LADO DO CLUBE DA SUDENE,RUA LINDOLFO COLOR,65,EM FRENTE A A O SERVIÇO INTEGRADO DE SAUDE UFPE,AO LADO DO CLUBE DA SUDENE,ENGENHO DO MEIO,,BR101,ABALROAMENTO TRANSVERSAL,COM UMA VITIMA SOCORRIDA PELO SAMU,1,1,,,,,,,,1,,Longo da via,Bom,Não existe,Incompleta,Seca,Perfeito estado,Não existe,Não há placas,,Dupla,Não existe,,,,,,
2019-08-28,11:30:00,SEM VÍTIMA,FINALIZADA,BOA VIAGEM,AV CONSELHEIRO AGUIAR,,,LADO OPOSTO AO Nº 3114,AV CONSELHEIRO AGUIAR,,LADO OPOSTO AO Nº 3114,BOA VIAGEM,,CIDADE,ABALROAMENTO LONGITUDINAL,ONIBUS E AUTO,1,,,,,1,,,,0,,Longo da via,Bom,Não existe,Perfeito estado,Seca,Perfeito estado,Não existe,Outras,,Única,Faixa contínua,Faixa seccionada,,,,,,,
2019-08-28,12:11:00,SEM VÍTIMA,FINALIZADA,DERBY,AV GOVERNADOR AGAMENON MAGALHAES,63,,EM FRENTE AO Nº 63,AV GOVERNADOR AGAMENON MAGALHAES,63,EM FRENTE AO Nº 63,DERBY,,,ABALROAMENTO LONGITUDINAL,COLISAO SEM VITIMAS,2,,,,,,,,,0,,Longo da via,Bom,Sem defeito,Perfeito estado,Seca,Perfeito estado,Agente,Não há placas,60 km/h,Dupla,Canal,,,,,,,,
2019-08-28,12:31:00,SEM VÍTIMA,CANCELADA,CAXANGÁ,AV CAXANGA,4210,,EM FRENTE A GRAN VIA,AV CAXANGA,4210,EM FRENTE A GRAN VIA,CAXANGÁ,,,COLISÃO,COLISÃO SEM VITIMA,2,,,,,,,,,0,,,,,,,,,,,,,,,,,,,,
2019-08-28,13:37:00,SEM VÍTIMA,FINALIZADA,BOA VIAGEM,AV MARECHAL JUAREZ TAVORA,,RUA DEZ DE JULHO,,AV MARECHAL JUAREZ TAVORA,,,BOA VIAGEM,,SUBURBIO,COLISÃO TRASEIRA,CAMINHAO E AUTO,1,,,,,,1,,,0,,Longo da via,Bom,Sem defeito,Perfeito estado,Seca,Perfeito estado,Não existe,Não há placas,,Dupla,Não existe,,,,,,,,
2019-08-28,13:40:00,SEM VÍTIMA,FINALIZADA,MADALENA,EST DOS REMEDIOS,2416,AV JOSE GONCALVES DE MEDEIROS,NA FRENTE DA POLICLINICA LESSA DE ANDRADE,EST DOS REMEDIOS,2416,NA FRENTE DA POLICLINICA LESSA DE ANDRADE,MADALENA,353,SUBURBIO,COLISÃO TRASEIRA,COLISAO SEM VITIMAS,1,,,,,1,,,,0,,Cruzamento,Bom,Sem defeito,Perfeito estado,Seca,Perfeito estado,Faixa de pedestre,Não há placas,60 km/h,Única,Faixa seccionada,,,,,,,,
2019-08-28,13:43:00,COM VÍTIMA,FINALIZADA,MADALENA,EST DOS REMEDIOS,2416,AV JOSE GONCALVES DE MEDEIROS,EM FRENTE A POLICLINICA LESSA DE ANDRADE,EST DOS REMEDIOS,2416,EM FRENTE A POLICLINICA LESSA DE ANDRADE,MADALENA,313,TORRE,ABALROAMENTO LONGITUDINAL,AUTO E MOTO,1,1,,,,,,,,1,,Cruzamento,Bom,Não existe,Perfeito estado,Seca,Perfeito estado,Faixa de pedestre,Não há placas,,Única,Faixa seccionada,,,,,,,,
2019-08-28,13:52:00,SEM VÍTIMA,FINALIZADA,ILHA DO LEITE,AV LINS PETIT,,,PRAÇA CHORA MENINO,AV LINS PETIT,,PRAÇA CHORA MENINO,ILHA DO LEITE,,SUBURBIO,ABALROAMENTO LONGITUDINAL,COLISÃO SEM VITIMA,1,1,,,,,,,,0,,Longo da via,Bom,Não existe,Perfeito estado,Seca,Perfeito estado,Não existe,Não há placas,,Dupla,Canteiro central,,,,,,,,
2019-08-28,14:15:00,SEM VÍTIMA,FINALIZADA,BOA VIAGEM,RUA DR JOAO GUILHERME DE P SOBRINHO,830,,CENTRO EMPRESARIAL HERBRÁS,RUA DR JOAO GUILHERME DE P SOBRINHO,830,CENTRO EMPRESARIAL HERBRÁS,BOA VIAGEM,,SUBURBIO,COLISÃO TRASEIRA,COLISÃOS EM VITIMA,1,,,,,1,,,,0,,Longo da via,Nublado,Não existe,Não existente,Seca,Perfeito estado,Não existe,Não há placas,,Dupla,Não existe,,,,,,,,
2019-08-28,14:56:00,COM VÍTIMA,FINALIZADA,CASA AMARELA,RUA PAULA BATISTA,3824,EST DO ARRAIAL,AO LADO DA AGÊNCIA NACIONAL DE MINERAÇÃO.,RUA PAULA BATISTA,3824,AO LADO DA AGÊNCIA NACIONAL DE MINERAÇÃO.,CASA AMARELA,283,SUBURBIO,COLISÃO TRASEIRA,AUTO E MOTO,1,1,,,,,,,,1,,Cruzamento,Chuvoso,Sem defeito,Perfeito estado,Molhada,Perfeito estado,Faixa de pedestre,R-6a,,Dupla,Faixa contínua,Faixa seccionada,,,,,,,
2019-08-28,15:59:00,SEM VÍTIMA,FINALIZADA,BOA VISTA,AV GOVERNADOR AGAMENON MAGALHAES,,PRC PARQUE AMORIM,,AV GOVERNADOR AGAMENON MAGALHAES,,,BOA VISTA,173,CIDADE,ABALROAMENTO LONGITUDINAL,,1,,,,,1,,,,0,,Cruzamento,Bom,Sem defeito,Perfeito estado,Seca,Perfeito estado,Faixa de retenção,Outras,60 km/h,Única,Faixa contínua,,,,,,,,
2019-08-28,16:24:00,SEM VÍTIMA,FINALIZADA,CORDEIRO,RUA GREGORIO JUNIOR,,,E/F A AMENDOEIRA PROX A SALA DE REBOCO,RUA GREGORIO JUNIOR,,E/F A AMENDOEIRA PROX A SALA DE REBOCO,CORDEIRO,,,COLISÃO,COLISAO ENTRE DOIS AUTOS S/V,2,,,,,,,,,0,,,,,,,,,,,,,,,,,,,,
2019-08-28,16:35:00,SEM VÍTIMA,FINALIZADA,ÁGUA FRIA,EST VELHA DE AGUA FRIA,1803,,EM FRENTE A DISTRIBUIDORA ÁGUA FRIA DA F 1813,EST VELHA DE AGUA FRIA,1803,EM FRENTE A DISTRIBUIDORA ÁGUA FRIA DA F 1813,ÁGUA FRIA,,SUBURBIO,ABALROAMENTO LONGITUDINAL,DOIS AUTOS,2,,,,,,,,,0,,Longo da via,Bom,Não existe,Perfeito estado,Seca,Perfeito estado,Não existe,Não há placas,40 km/h,Única,Faixa seccionada,,,,,,,,
2019-08-28,16:43:00,SEM VÍTIMA,CANCELADA,BOA VIAGEM,RUA TENENTE JOAO CICERO,346,,PROX. SUL ESTETICA / EDIF. BOM JESUS,RUA TENENTE JOAO CICERO,346,PROX. SUL ESTETICA / EDIF. BOM JESUS,BOA VIAGEM,,,COLISÃO,COLISÃO SEM VITIMA,2,,,,,,,,,0,,,,,,,,,,,,,,,,,,,,
2019-08-28,16:51:00,COM VÍTIMA,FINALIZADA,BOA VIAGEM,AVENIDA CELSO FURTADO (VIA MANGUE),,,SENTIDO SHOPPING RECIFE,AVENIDA CELSO FURTADO (VIA MANGUE),,SENTIDO SHOPPING RECIFE,BOA VIAGEM,,SUBURBIO,COLISÃO,COM VÍTIMA, SEGUNDO O OR A VÍTIMA FOI SOCORRIDA PELO SAMU. A OUTRA PARTE SE EVADIU E A PRÓPRIA VÍTIMA ACIONOU GUINCHO PARTICULAR E NÃO DESEJA REALIZAR O B.O.,,1,,,,,,,,1,,,,,,,,,,,,,,,,,,,
2019-08-28,16:57:00,SEM VÍTIMA,FINALIZADA,ESPINHEIRO,RUA DO ESPINHEIRO,222,,EM FRENTE AO HOSPITAL DO ESPINHEIRO,RUA DO ESPINHEIRO,222,EM FRENTE AO HOSPITAL DO ESPINHEIRO,ESPINHEIRO,,,ABALROAMENTO LONGITUDINAL,DOIS AUTOS,2,,,,,,,,,0,,Longo da via,Bom,Não existe,Perfeito estado,Seca,Perfeito estado,Não existe,Não há placas,,Única,Faixa seccionada,,,,,,,,
2019-08-28,18:12:00,SEM VÍTIMA,FINALIZADA,CASA FORTE,AV DEZESSETE DE AGOSTO,,RUA PIAUI,AO LADO DO POSTO DE SAÚDE JOSÉ ERMÍRIO DE MORAES,AV DEZESSETE DE AGOSTO,,AO LADO DO POSTO DE SAÚDE JOSÉ ERMÍRIO DE MORAES,CASA FORTE,251,SUBURBIO,ABALROAMENTO TRANSVERSAL,VAN X ÕNIBUS. S/V,,,,,,1,,,1,0,,Longo da via,Bom,Sem defeito,Perfeito estado,Seca,Perfeito estado,Faixa de pedestre,Não há placas,,Dupla,Faixa contínua,Faixa seccionada,,,,,,,
2019-08-28,18:49:00,COM VÍTIMA,FINALIZADA,CASA AMARELA,RUA PADRE LEMOS,,,LADO OPOSTO A IGREJA UNIVERSAL,RUA PADRE LEMOS,,LADO OPOSTO A IGREJA UNIVERSAL,CASA AMARELA,,SUBURBIO,ABALROAMENTO TRANSVERSAL,AUTO PASSEIO X MOTO COM VÍTIMA,1,1,,,,,,,,1,,Longo da via,Bom,Sem defeito,Perfeito estado,Seca,Perfeito estado,,,,Dupla,,,,,,,,,
2019-08-28,20:21:00,SEM VÍTIMA,FINALIZADA,PAISSANDU,AV GOVERNADOR AGAMENON MAGALHAES,,,,AV GOVERNADOR AGAMENON MAGALHAES,,,PAISSANDU,69,SUBURBIO,COLISÃO TRASEIRA,ENTRE QUATRO AUTO SEM VÍTIMAS,4,,,,,,,,,0,,Longo da via,Bom,Sem defeito,Perfeito estado,Seca,Perfeito estado,Faixa de pedestre,Outras,60 km/h,Dupla,Canal,,,,,,,,
2019-08-28,22:37:00,COM VÍTIMA,FINALIZADA,CORDEIRO,RUA GOMES TABORDA,,RUA CAPITAO JOAO ROMA,ATACAREJO IDEAL,RUA GOMES TABORDA,,ATACAREJO IDEAL,CORDEIRO,,SUBURBIO,ABALROAMENTO TRANSVERSAL,AUTO PASSEIO X MOTO COM VÍTIMA,1,1,,,,,,,,1,,Esquina,Bom,Não existe,Perfeito estado,Seca,Perfeito estado,Não existe,Não há placas,,Dupla,Faixa seccionada,,,,,,,,
2019-08-29,07:44:00,SEM VÍTIMA,FINALIZADA,DOIS IRMÃOS,RUA MANUEL DE MEDEIROS,,,HOSPITAL VETERINÁRIO,RUA MANUEL DE MEDEIROS,,HOSPITAL VETERINÁRIO,DOIS IRMÃOS,,SUBURBIO,ABALROAMENTO TRANSVERSAL,COLISÃO S/VITIMAS ENTRE UM AUTO E UMA MOTO,1,1,,,,,,,,0,,Longo da via,Bom,Não existe,Incompleta,Seca,Perfeito estado,Não existe,Não há placas,40 km/h,Dupla,Faixa contínua,,,,,,,,
2019-08-29,07:53:00,SEM VÍTIMA,FINALIZADA,IMBIRIBEIRA,RUA ITACARI,,RUA ITAJAI,,RUA ITACARI,,,IMBIRIBEIRA,,,ABALROAMENTO TRANSVERSAL,COLISÃO SEM VITIMAS,1,1,,,,,,,,0,,Cruzamento,Bom,Não existe,Perfeito estado,Seca,Perfeito estado,Faixa de pedestre,Placas Pare,,Dupla,Faixa seccionada,,,,,,,,