data,hora,natureza_acidente,situacao,bairro,endereco,numero,detalhe_endereco_acidente,complemento,endereco_cruzamento,numero_cruzamento,referencia_cruzamento,bairro_cruzamento,num_semaforo,sentido_via,tipo,descricao,auto,moto,ciclom,ciclista,pedestre,onibus,caminhao,viatura,outros,vitimas,vitimasfatais,acidente_verificado,tempo_clima,situacao_semaforo,sinalizacao,condicao_via,conservacao_via,ponto_controle,situacao_placa,velocidade_max_via,mao_direcao,divisao_via1,divisao_via2,divisao_via3,,,,,,
2019-08-29,08:02:00,SEM VÍTIMA,FINALIZADA,BOA VISTA,AV GOVERNADOR AGAMENON MAGALHAES,,RUA JOAQUIM NABUCO,SOB O SEMÁFORO 174,AV GOVERNADOR AGAMENON MAGALHAES,,SOB O SEMÁFORO 174,BOA VISTA,174,,ABALROAMENTO LONGITUDINAL,DOIS AUTOS,2,,,,,,,,,0,,Cruzamento,Bom,Sem defeito,Perfeito estado,Seca,Perfeito estado,Agente,Outras,60 km/h,Dupla,Canteiro central,,,,,,,,
2019-08-29,09:49:00,SEM VÍTIMA,FINALIZADA,IPUTINGA,RUA MARECHAL MANOEL LUIS OSORIO,314,,HAPVIDA,RUA MARECHAL MANOEL LUIS OSORIO,314,HAPVIDA,IPUTINGA,,SUBURBIO,ABALROAMENTO LONGITUDINAL,COLISÃO S/VITIMAS ENTRE DOIS AUTOS,2,,,,,,,,,0,,Longo da via,Bom,Não existe,Perfeito estado,Seca,Perfeito estado,Não existe,Outras,,Dupla,Não existe,,,,,,,,
2019-08-29,10:05:00,SEM VÍTIMA,FINALIZADA,PAISSANDU,AV GOVERNADOR AGAMENON MAGALHAES,,,EMPRESARIAL RENATO DIAS,AV GOVERNADOR AGAMENON MAGALHAES,,EMPRESARIAL RENATO DIAS,PAISSANDU,,,COLISÃO TRASEIRA,COLISÃO SEM VITIMAS,2,,,,,,,,,0,,Longo da via,Bom,Sem defeito,Perfeito estado,Seca,Perfeito estado,,Não há placas,60 km/h,Dupla,Canal,,,,,,,,
2019-08-29,10:20:00,SEM VÍTIMA,FINALIZADA,BOA VISTA,RUA JOAO FERNANDES VIEIRA,,,EM FRENTE A UNIBRA,RUA JOAO FERNANDES VIEIRA,,EM FRENTE A UNIBRA,BOA VISTA,,CIDADE,ABALROAMENTO LONGITUDINAL,CAMINHAO E AUTO,1,,,,,,1,,,0,,Longo da via,Bom,Não existe,Perfeito estado,Seca,Mal conservada,Não existe,Outras,,Única,Faixa seccionada,,,,,,,,
2019-08-29,11:11:00,SEM VÍTIMA,FINALIZADA,BOA VISTA,RUA PRINCESA IZABEL,410,,EM FRENTE A CAMARA MUNICIPAL DO RECIFE,RUA PRINCESA IZABEL,410,EM FRENTE A CAMARA MUNICIPAL DO RECIFE,BOA VISTA,,CIDADE,ABALROAMENTO LONGITUDINAL,COLISÃO SEM VITIMAS,2,,,,,,,,,0,,Longo da via,Bom,Sem defeito,Perfeito estado,Seca,Perfeito estado,Não existe,Outras,,Única,Faixa seccionada,,,,,,,,
2019-08-29,11:25:00,SEM VÍTIMA,FINALIZADA,MADALENA,RUA DES LUIZ SALAZAR,,,EM FRENTE AO POSTE B 083808,RUA DES LUIZ SALAZAR,,EM FRENTE AO POSTE B 083808,MADALENA,,CIDADE,ABALROAMENTO LONGITUDINAL,COLISÃO S/ VITIMAS ENTRE DOIS AUTOS,2,,,,,,,,,0,,Longo da via,Bom,Não existe,Não existente,Seca,Mal conservada,Não existe,Não há placas,,Dupla,Não existe,,,,,,,,
2019-08-29,11:37:00,SEM VÍTIMA,FINALIZADA,,AV JOAO DE BARROS,,,EM FRENTE A CELPE,AV JOAO DE BARROS,,EM FRENTE A CELPE,,,,COLISÃO TRASEIRA,COLISÃO SEM VITIMAS,1,1,,,,,,,,0,,Longo da via,Bom,Não existe,Perfeito estado,Seca,Perfeito estado,Não existe,Outras,,Única,Faixa seccionada,,,,,,,,
2019-08-29,11:58:00,SEM VÍTIMA,CANCELADA,PORTO DA MADEIRA,RUA DR ALBERTO WANDERLEY,,,EM FRENTE AO SUPERMERCADO NOSSA SENHORA APARECIDA,RUA DR ALBERTO WANDERLEY,,EM FRENTE AO SUPERMERCADO NOSSA SENHORA APARECIDA,PORTO DA MADEIRA,,,COLISÃO,COLISÃO SEM VITIMAS,,1,,,,,1,,,0,,,,,,,,,,,,,,,,,,,,
2019-08-29,12:16:00,SEM VÍTIMA,FINALIZADA,CASA FORTE,RUA SANTA ANA,,,ESCOLA NOSSA SENHORA DAS GRACAS,RUA SANTA ANA,,ESCOLA NOSSA SENHORA DAS GRACAS,CASA FORTE,,SUBURBIO,COLISÃO TRASEIRA,COLISAO SEM VITIMAS,2,,,,,,,,,0,,Longo da via,Bom,Não existe,Perfeito estado,Seca,Perfeito estado,Não existe,Outras,20 km/h,Dupla,Faixa contínua,,,,,,,,
2019-08-29,12:31:00,SEM VÍTIMA,FINALIZADA,BOA VIAGEM,AV BOA VIAGEM,,RUA BALTAZAR PASSOS,NOBILE STYLE,AV BOA VIAGEM,,NOBILE STYLE,BOA VIAGEM,149,CIDADE,COLISÃO TRASEIRA,COLISAO SEM VITIMAS,2,,,,,,,,,0,,Longo da via,Bom,Sem defeito,Perfeito estado,Seca,Perfeito estado,Faixa de pedestre,Outras,,Única,Faixa seccionada,,,,,,,,
2019-08-29,12:33:00,SEM VÍTIMA,FINALIZADA,VÁRZEA,RUA GENERAL POLIDORO,352,,PADARIA CDU,RUA GENERAL POLIDORO,352,PADARIA CDU,VÁRZEA,577,SUBURBIO,ABALROAMENTO LONGITUDINAL,COLISAO ENTRE AUTO E MOTO COM UMA VITIMA VT 12 NO LOCAL,1,1,,,,,,,,0,,Longo da via,Bom,Sem defeito,Perfeito estado,Seca,Perfeito estado,Faixa de pedestre,Outras,,Dupla,Faixa contínua,,,,,,,,
2019-08-29,12:47:00,SEM VÍTIMA,FINALIZADA,PAISSANDU,AV GOVERNADOR AGAMENON MAGALHAES,,,SEMÁFORO,AV GOVERNADOR AGAMENON MAGALHAES,,SEMÁFORO,PAISSANDU,69,SUBURBIO,COLISÃO TRASEIRA,ENTRE DOIS AUTO S/V,2,,,,,,,,,0,,Longo da via,Bom,Sem defeito,Perfeito estado,Seca,Perfeito estado,Agente,Outras,60 km/h,Dupla,Faixa contínua,Faixa seccionada,,,,,,,
2019-08-29,12:59:00,SEM VÍTIMA,FINALIZADA,BOA VISTA,RUA DOM BOSCO,,,LADO OPOSTO AO COLÉGIO AMERICANO BATISTA,RUA DOM BOSCO,,LADO OPOSTO AO COLÉGIO AMERICANO BATISTA,BOA VISTA,,SUBURBIO,ABALROAMENTO LONGITUDINAL,ENTRE AUTO PASSEIO X ONIBUS S/V,1,,,,,1,,,,0,,Longo da via,Bom,Sem defeito,Perfeito estado,Seca,Perfeito estado,Outros,Outras,,Única,Faixa seccionada,,,,,,,,
2019-08-29,13:25:00,COM VÍTIMA,FINALIZADA,SÃO JOSÉ,RUA FLORIANO PEIXOTO,671,,E/F AO GALPÃO APOS A ESTAÇAO DO METRO. AO LADO DO LAVA JATO,RUA FLORIANO PEIXOTO,671,E/F AO GALPÃO APOS A ESTAÇAO DO METRO. AO LADO DO LAVA JATO,SÃO JOSÉ,,SUBURBIO,CHOQUE VEÍCULO PARADO,CHOQUE ENVOLVENDO DOIS AUTOMÓVEIS.,2,,,,,,,,,1,,Longo da via,Bom,Não existe,Perfeito estado,Seca,Perfeito estado,Não existe,R-6a,,Única,Faixa seccionada,,,,,,,,
2019-08-29,13:30:00,SEM VÍTIMA,FINALIZADA,SANTO ANTÔNIO,TRV DO FORTE,,,EM FRENTE G. CONSÓRCIO RECIFE TRANSPORTES,TRV DO FORTE,,EM FRENTE G. CONSÓRCIO RECIFE TRANSPORTES,SANTO ANTÔNIO,,SUBURBIO,COLISÃO TRASEIRA,COLISAO SEM VITIMAS,2,,,,,,,,,0,,Longo da via,Bom,Não existe,Perfeito estado,Seca,Perfeito estado,,Não há placas,,Única,Faixa seccionada,,,,,,,,
2019-08-29,13:45:00,SEM VÍTIMA,FINALIZADA,ILHA DO LEITE,RUA PAISSANDU,112,,PRAÇA CHORA MENINO,RUA PAISSANDU,112,PRAÇA CHORA MENINO,ILHA DO LEITE,,,ABALROAMENTO LONGITUDINAL,COLISAO ENTRE AUTO E CAMINHAO S/V,1,,,,,,1,,,0,,Longo da via,Bom,Não existe,Perfeito estado,Seca,Perfeito estado,Não existe,R-6a,40 km/h,Única,Faixa seccionada,,,,,,,,
2019-08-29,13:56:00,SEM VÍTIMA,FINALIZADA,SANTO AMARO,RUA ALMEIDA CUNHA,40,RUA BISPO CARDOSO AYRES,,RUA ALMEIDA CUNHA,40,,SANTO AMARO,,SUBURBIO,COLISÃO TRASEIRA,COLISO SEM VITIMAS,2,,,,,,,,,0,,Longo da via,Bom,Não existe,Não existente,Seca,Perfeito estado,Não existe,Placas Pare,,Única,Não existe,,,,,,,,
2019-08-29,14:12:00,COM VÍTIMA,FINALIZADA,IBURA,AV DOIS RIOS,,,EM FRENTE AO SESI DO IBURA,AV DOIS RIOS,,EM FRENTE AO SESI DO IBURA,IBURA,561,,COLISÃO COM CICLISTA,KOMBI X CICLISTA COM VÍTIMA,1,,,1,,,,,,1,,,,,,,,,,,,,,,,,,,,
2019-08-29,14:29:00,SEM VÍTIMA,FINALIZADA,BOA VIAGEM,AV DES JOSE NEVES,77,,,AV DES JOSE NEVES,77,,BOA VIAGEM,,SUBURBIO,ABALROAMENTO LONGITUDINAL,COLISAO ENTRE DOIS AUTOS S/V,2,,,,,,,,,0,,Longo da via,Bom,Sem defeito,Perfeito estado,Seca,Perfeito estado,Não existe,Não há placas,,Dupla,Canal,,,,,,,,
2019-08-29,14:32:00,SEM VÍTIMA,FINALIZADA,CÓRREGO DO JENIPAPO,RUA ERUNDINA NEGREIROS DE ARAUJO,,,TERMINAL DE ONIBUS CÔRREGO DO JENIPAPO,RUA ERUNDINA NEGREIROS DE ARAUJO,,TERMINAL DE ONIBUS CÔRREGO DO JENIPAPO,CÓRREGO DO JENIPAPO,,SUBURBIO,ABALROAMENTO LONGITUDINAL,ENTRE AUTO PASSEIO PREFEITURA X CAMINHAO S/V,1,,,,,,1,,,0,,Longo da via,Bom,Não existe,Não existente,,,Não existe,Não há placas,,Dupla,Não existe,,,,,,,,
2019-08-29,14:33:00,SEM VÍTIMA,FINALIZADA,PINA,RUA HENRIQUETA TORREIRO,,,EM FRENTE AO Nº 380,RUA HENRIQUETA TORREIRO,,EM FRENTE AO Nº 380,PINA,,SUBURBIO,ABALROAMENTO TRANSVERSAL,COLISAO SEM VITIMAS,2,,,,,,,,,0,,Longo da via,Bom,Não existe,Perfeito estado,Seca,Perfeito estado,Não existe,Não há placas,,Dupla,Não existe,,,,,,,,
2019-08-29,15:00:00,SEM VÍTIMA,FINALIZADA,CASA AMARELA,RUA DR TOME DIAS,391,RUA PADRE LEMOS,,RUA DR TOME DIAS,391,,CASA AMARELA,,CIDADE,ABALROAMENTO LONGITUDINAL,COLISAO ENTRE DOIS AUTOS S/V,2,,,,,,,,,0,,Cruzamento,Bom,Não existe,Perfeito estado,Seca,Perfeito estado,Faixa de pedestre,Placas Pare,,Dupla,Faixa contínua,,,,,,,,
2019-08-29,15:07:00,SEM VÍTIMA,FINALIZADA,BOA VISTA,RUA DO RIACHUELO,36,RUA AURORA,LADO OPOSTO AOS CORREIOS,RUA DO RIACHUELO,36,LADO OPOSTO AOS CORREIOS,BOA VISTA,579,SUBURBIO,ABALROAMENTO LONGITUDINAL,ONIBUS X AUTO PASSEIO S/V,1,,,,,1,,,,0,,Cruzamento,Bom,Não existe,Perfeito estado,Seca,Perfeito estado,Não existe,Não há placas,40 km/h,Única,Não existe,,,,,,,,
2019-08-29,15:12:00,SEM VÍTIMA,FINALIZADA,BOA VIAGEM,RUA ANTONIO FALCAO,,AV ENGENHEIRO DOMINGOS FERREIRA,AO LADO DO CARREFOUR,RUA ANTONIO FALCAO,,AO LADO DO CARREFOUR,BOA VIAGEM,145,,ABALROAMENTO LONGITUDINAL,ENTRE DOIS AUTO S/V,2,,,,,,,,,0,,Cruzamento,Bom,Sem defeito,Perfeito estado,Seca,Perfeito estado,Faixa de pedestre,Outras,,Única,Não existe,,,,,,,,
2019-08-29,15:17:00,SEM VÍTIMA,FINALIZADA,IMBIRIBEIRA,AV DES JOSE NEVES,,,SEMÁFORO 400,AV DES JOSE NEVES,,SEMÁFORO 400,IMBIRIBEIRA,400,CIDADE,COLISÃO TRASEIRA,COLISAO ENTRE DOIS AUTOS S/V,2,,,,,,,,,0,,Longo da via,Bom,Sem defeito,Perfeito estado,Seca,Perfeito estado,,Outras,60 km/h,Dupla,Canteiro central,,,,,,,,
2019-08-29,15:31:00,COM VÍTIMA,FINALIZADA,VÁRZEA,AV AFONSO OLINDENSE,344,,EM FRENTE AO COLISEU,AV AFONSO OLINDENSE,344,EM FRENTE AO COLISEU,VÁRZEA,,SUBURBIO,COLISÃO COM CICLISTA,COLISÃO COM VITIMA,,1,,1,,,,,,1,,Longo da via,Bom,Não existe,Perfeito estado,Seca,Perfeito estado,Não existe,R-6a,,Dupla,Faixa seccionada,,,,,,,,
2019-08-29,16:29:00,SEM VÍTIMA,FINALIZADA,CASA AMARELA,AV NORTE,,AV PROFESSOR JOSE DOS ANJOS,SEMÁFORO 364,AV NORTE,,SEMÁFORO 364,CASA AMARELA,364,,ABALROAMENTO LONGITUDINAL,COLISAO ENTRE CAMINHAO E AUTO S/V,1,,,,,,1,,,0,,,Bom,Sem defeito,Perfeito estado,Seca,Perfeito estado,Faixa de pedestre,,,Dupla,Não existe,,,,,,,,
2019-08-29,17:11:00,SEM VÍTIMA,FINALIZADA,SANTO AMARO,RUA MARQUÊS DO POMBAL,1006,,EM FRENTE A OFICINA ADELMO AUTO SERVIÇOS,RUA MARQUÊS DO POMBAL,1006,EM FRENTE A OFICINA ADELMO AUTO SERVIÇOS,SANTO AMARO,,SUBURBIO,ABALROAMENTO TRANSVERSAL,ENTRE DOIS AUTO S/V,2,,,,,,,,,0,,Longo da via,Bom,Não existe,Não existente,Seca,Perfeito estado,Não existe,Não há placas,,Dupla,Faixa seccionada,,,,,,,,
2019-08-29,18:19:00,SEM VÍTIMA,FINALIZADA,PARNAMIRIM,AV DEZESSETE DE AGOSTO,,AV PARNAMIRIM,PRACA DO PARNAMIRIM,AV DEZESSETE DE AGOSTO,,PRACA DO PARNAMIRIM,PARNAMIRIM,,CIDADE,ABALROAMENTO LONGITUDINAL,ENTRE AUTO PASSEIO X ONIBUS S/V,1,,,,,1,,,,0,,,Bom,Não existe,Não existente,Seca,Perfeito estado,Não existe,R-6a,60 km/h,Dupla,Não existe,,,,,,,,
2019-08-29,19:13:00,COM VÍTIMA,FINALIZADA,SANTO AMARO,AV GOVERNADOR AGAMENON MAGALHAES,2615,,NO VIADUTO JOAO DE BARROS. EM FRENTE AO EMPRESARIAL BURLEMARX,AV GOVERNADOR AGAMENON MAGALHAES,2615,NO VIADUTO JOAO DE BARROS. EM FRENTE AO EMPRESARIAL BURLEMARX,SANTO AMARO,,CIDADE,ABALROAMENTO TRANSVERSAL,COLISAO ENTRE AUTO E MOTO COM VITIMA,1,1,,,,,,,,1,,Longo da via,Bom,Não existe,Perfeito estado,Seca,Perfeito estado,Não existe,Não há placas,,Única,Faixa seccionada,,,,,,,,
2019-08-29,19:15:00,SEM VÍTIMA,FINALIZADA,VÁRZEA,RUA JOAO SALES MENEZES,,RUA ZEZITO COSTA REGO,COLÉGIO CONHECER,RUA JOAO SALES MENEZES,,COLÉGIO CONHECER,VÁRZEA,,CIDADE,ABALROAMENTO TRANSVERSAL,MOTO X UP,1,1,,,,,,,,0,,Cruzamento,Bom,Não existe,Perfeito estado,Seca,Mal iluminada,Faixa de pedestre,Placas Pare,,Dupla,Faixa seccionada,,,,,,,,
2019-08-29,19:56:00,SEM VÍTIMA,FINALIZADA,BOA VIAGEM,AV CONSELHEIRO AGUIAR,1156,,CAPELA MENINO DE JESUS,AV CONSELHEIRO AGUIAR,1156,CAPELA MENINO DE JESUS,BOA VIAGEM,,CIDADE,ABALROAMENTO LONGITUDINAL,ENTRE AUTO PASSEIO X MOTO S/V,1,1,,,,,,,,0,,Longo da via,Bom,Não existe,Perfeito estado,Seca,Perfeito estado,Faixa de pedestre,R-6a,40 km/h,Única,,,,,,,,,
2019-08-29,20:00:00,SEM VÍTIMA,FINALIZADA,BOA VIAGEM,AV FERNANDO SIMOES BARBOSA,20,,PIZZARIA CAPITAO GANCHO,AV FERNANDO SIMOES BARBOSA,20,PIZZARIA CAPITAO GANCHO,BOA VIAGEM,,SUBURBIO,COLISÃO TRASEIRA,ENTRE TRES AUTO S/V,3,,,,,,,,,0,,Longo da via,Bom,Não existe,Perfeito estado,Seca,Perfeito estado,Não existe,Não há placas,60 km/h,Única,Faixa seccionada,,,,,,,,
2019-08-29,20:44:00,SEM VÍTIMA,FINALIZADA,,AV VINTE DE JANEIRO,1033,RUA JOAO CARDOSO AIRES,MARMOARIA BRASIL,AV VINTE DE JANEIRO,1033,MARMOARIA BRASIL,,,CIDADE,COLISÃO TRASEIRA,ENTRE DOIS AUTO S/V,2,,,,,,,,,0,,Cruzamento,Bom,Não existe,Incompleta,Seca,Mal iluminada,Não existe,Não há placas,,Dupla,,,,,,,,,
2019-08-29,21:34:00,SEM VÍTIMA,FINALIZADA,CAXANGÁ,AV CAXANGA,,RUA GASTAO VIDIGAL,UPA DA CAXANGA,AV CAXANGA,,UPA DA CAXANGA,CAXANGÁ,281,SUBURBIO,COLISÃO TRASEIRA,ONIBUS METROPOLITANA X FAIT UNO,1,,,,,1,,,,0,,Cruzamento,Bom,Sem defeito,Incompleta,Seca,Perfeito estado,,Não há placas,,Dupla,Canteiro central,Não existe,,,,,,,
2019-08-29,22:58:00,SEM VÍTIMA,FINALIZADA,BOA VIAGEM,RUA VISCONDE DE JEQUITINHONHA,,,SEGUNDO COMANDO AÉREO REGIONAL ( II LOMAR),RUA VISCONDE DE JEQUITINHONHA,,SEGUNDO COMANDO AÉREO REGIONAL ( II LOMAR),BOA VIAGEM,,SUBURBIO,COLISÃO TRASEIRA,ENTRE DOIS AUTO S/V,2,,,,,,,,,0,,Longo da via,Bom,Não existe,Incompleta,Seca,Mal iluminada,Não existe,Não há placas,,Única,Faixa seccionada,,,,,,,,
2019-08-30,07:01:00,SEM VÍTIMA,CANCELADA,VÁRZEA,AV AFONSO OLINDENSE,1355,,EM FRENTE A FARMACIA PAGUE MENOS,AV AFONSO OLINDENSE,1355,EM FRENTE A FARMACIA PAGUE MENOS,VÁRZEA,,,COLISÃO,TRES AUTOS,3,,,,,,,,,0,,,,,,,,,,,,,,,,,,,,
2019-08-30,07:31:00,SEM VÍTIMA,FINALIZADA,BOA VIAGEM,,,RUA ANTONIO VICENTE,,,,,BOA VIAGEM,,SUBURBIO,ABALROAMENTO TRANSVERSAL,COLISÃO SEM VITIMAS,2,,,,,,,,,0,,Cruzamento,Bom,Não existe,Perfeito estado,Seca,Perfeito estado,Não existe,Placas Pare,,Única,Não existe,,,,,,,,
2019-08-30,07:36:00,SEM VÍTIMA,FINALIZADA,CASA AMARELA,EST DO ARRAIAL,3900,,PROX AO BANCO DO BRASIL,EST DO ARRAIAL,3900,PROX AO BANCO DO BRASIL,CASA AMARELA,,,COLISÃO,CAMINHAO QUATRO PASSEIO,3,,,,,,1,,,0,,,,,,,,,,,,,,,,,,,,
2019-08-30,07:52:00,SEM VÍTIMA,FINALIZADA,TORREÃO,RUA MARECHAL DEODORO,159,,,RUA MARECHAL DEODORO,159,,TORREÃO,,SUBURBIO,COLISÃO TRASEIRA,COLISÃO SEM VITIMAS,2,,,,,,,,,0,,Longo da via,Bom,Não existe,Perfeito estado,Seca,Perfeito estado,Outros,R-6a,,Única,Faixa seccionada,,,,,,,,
2019-08-30,08:00:00,SEM VÍTIMA,FINALIZADA,CORDEIRO,RUA GREGORIO JUNIOR,156,RUA HONORIO CORREIA,RESIDENCIAL BRASILANDIA,RUA GREGORIO JUNIOR,156,RESIDENCIAL BRASILANDIA,CORDEIRO,,,ABALROAMENTO LONGITUDINAL,SEM VITIMAS /CTTU NO LOCAL BATEDOR MOTO 25 E 07 VAI FAZER O B.O,1,,,,,,1,,,0,,Cruzamento,Bom,Não existe,Incompleta,Seca,Mal conservada,Não existe,Não há placas,,Única,Não existe,,,,,,,,
2019-08-30,08:58:00,SEM VÍTIMA,CANCELADA,IPUTINGA,AV PROFESSOR JOAQUIM CAVALCANTI,278,,EM FRENTE A LOJA FATOR PREMIUM,AV PROFESSOR JOAQUIM CAVALCANTI,278,EM FRENTE A LOJA FATOR PREMIUM,IPUTINGA,,,COLISÃO,SEM VITIMAS,1,,,,,,1,,,0,,,,,,,,,,,,,,,,,,,,
2019-08-30,09:25:00,SEM VÍTIMA,FINALIZADA,ILHA DO RETIRO,EST DOS REMEDIOS,2044,,EM FRENTE VENEZA PISCINAS,EST DOS REMEDIOS,2044,EM FRENTE VENEZA PISCINAS,ILHA DO RETIRO,,SUBURBIO,COLISÃO TRASEIRA,COLISÃO SEM VITIMAS,1,,,,,,1,,,0,,Longo da via,Bom,Sem defeito,Perfeito estado,Seca,Perfeito estado,Faixa de pedestre,Outras,,Única,Faixa seccionada,,,,,,,,
2019-08-30,10:16:00,COM VÍTIMA,FINALIZADA,AFOGADOS,RUA CORONEL ALFREDO DUARTE,570,RUA CORONEL OLIVEIRA,PROX AO CLUBE SARGENTO WOLFF EM FRENTE A DISTRIBUIDORA DIZ FRANÇES,RUA CORONEL ALFREDO DUARTE,570,PROX AO CLUBE SARGENTO WOLFF EM FRENTE A DISTRIBUIDORA DIZ FRANÇES,AFOGADOS,,SUBURBIO,ABALROAMENTO TRANSVERSAL,COLISÃO COM VITIMA A ESPERA DO SAMU,2,,,,,,,,,1,,Cruzamento,Bom,Não existe,Incompleta,Seca,Mal conservada,Não existe,Outras,,Dupla,Não existe,,,,,,,,
2019-08-30,10:31:00,SEM VÍTIMA,FINALIZADA,SANTO AMARO,AV CRUZ CABUGA,,,AO LADO DO SHOPPING TACARUNA,AV CRUZ CABUGA,,AO LADO DO SHOPPING TACARUNA,SANTO AMARO,,CIDADE,ABALROAMENTO LONGITUDINAL,COLISÃO S/VITIMAS ENTRE UM ONIBUS E UM AUTO,1,,,,,1,,,,0,,Longo da via,Bom,Sem defeito,Perfeito estado,Seca,Perfeito estado,,R-6a,,,Faixa seccionada,,,,,,,,
2019-08-30,10:44:00,SEM VÍTIMA,FINALIZADA,ESPINHEIRO,RUA DO ESPINHEIRO,582,RUA BARAO DE ITAMARACA,EM FRENTE LOJA CPS QRI,RUA DO ESPINHEIRO,582,EM FRENTE LOJA CPS QRI,ESPINHEIRO,86,SUBURBIO,COLISÃO TRASEIRA,COLISÃO SEM VITIMAS,3,,,,,,,,,0,,Cruzamento,Bom,Sem defeito,Perfeito estado,Seca,Perfeito estado,Faixa de pedestre,R-6a,,Única,Faixa contínua,Faixa seccionada,,,,,,,
2019-08-30,11:21:00,SEM VÍTIMA,FINALIZADA,AREIAS,AV RECIFE,,,OPOSTO AO Nº 712,AV RECIFE,,OPOSTO AO Nº 712,AREIAS,619,,COLISÃO TRASEIRA,COM UMA VITIMA AGUARDANDO SOCORRO,1,1,,,,,,,,0,,Longo da via,Bom,Sem defeito,Perfeito estado,Seca,Perfeito estado,Faixa de pedestre,,,Dupla,Canteiro central,,,,,,,,
2019-08-30,11:25:00,SEM VÍTIMA,FINALIZADA,TORRÕES,AV ENGENHEIRO ABDIAS DE CARVALHO,285,,LADO OPOSTO A PRAÇA DA CHESF,AV ENGENHEIRO ABDIAS DE CARVALHO,285,LADO OPOSTO A PRAÇA DA CHESF,TORRÕES,,SUBURBIO,COLISÃO TRASEIRA,COLISÃO S/VITIMAS ENTRE UM ONIBUS E UM AUTO,1,,,,,1,,,,0,,Longo da via,Bom,Não existe,Perfeito estado,Seca,Perfeito estado,Não existe,Não há placas,60 km/h,Dupla,Canteiro central,,,,,,,,
2019-08-30,11:28:00,COM VÍTIMA,FINALIZADA,BOA VIAGEM,AV BOA VIAGEM,58,,EDF RESIDENCIAL BOA VIAGEM,AV BOA VIAGEM,58,EDF RESIDENCIAL BOA VIAGEM,BOA VIAGEM,,CIDADE,COLISÃO TRASEIRA,SEM VITIMAS,1,1,,,,,,,,1,,Longo da via,Bom,Não existe,Incompleta,Seca,Perfeito estado,Não existe,Não há placas,,Única,Faixa seccionada,,,,,,,,
2019-08-30,12:01:00,SEM VÍTIMA,CANCELADA,CAMPO GRANDE,RUA INHAMUNS,111,RUA ODORICO MENDES,RUA LATERAL AO CLUBE DAS PÁS,RUA INHAMUNS,111,RUA LATERAL AO CLUBE DAS PÁS,CAMPO GRANDE,,,COLISÃO,SEM VITIMAS,2,,,,,,,,,0,,,,,,,,,,,,,,,,,,,,
2019-08-30,12:12:00,SEM VÍTIMA,FINALIZADA,IMBIRIBEIRA,AV MARECHAL MASCARENHAS DE MORAES,,,SEMÁFORO 289,AV MARECHAL MASCARENHAS DE MORAES,,SEMÁFORO 289,IMBIRIBEIRA,289,CIDADE,ABALROAMENTO LONGITUDINAL,COLISAO ENTRE DOIS AUTOS S/V BATEDORES NO LOCAL M0TO 16 E 17,2,,,,,,,,,0,,,Bom,Sem defeito,Perfeito estado,Seca,Perfeito estado,,Outras,,Dupla,Canteiro central,,,,,,,,
2019-08-30,12:49:00,SEM VÍTIMA,FINALIZADA,APIPUCOS,RUA DE APIPUCOS,165,,E/F A ASSOCIAÇÃO BRASILEIRA DE ONDONTOLOGIA,RUA DE APIPUCOS,165,E/F A ASSOCIAÇÃO BRASILEIRA DE ONDONTOLOGIA,APIPUCOS,,SUBURBIO,COLISÃO TRASEIRA,COLISAO SEM VITIMAS,3,,,,,,,,,0,,Longo da via,Bom,Não existe,Perfeito estado,Seca,Perfeito estado,Outros,R-6a,,Dupla,Faixa contínua,,,,,,,,
2019-08-30,13:30:00,SEM VÍTIMA,FINALIZADA,ARRUDA,RUA BOLIVAR,35,,,RUA BOLIVAR,35,,ARRUDA,,SUBURBIO,ABALROAMENTO LONGITUDINAL,COLISAO ENTRE DOIS AUTOS S/V,2,,,,,,,,,0,,Longo da via,Bom,Não existe,Incompleta,Seca,Perfeito estado,Não existe,R-6a,30 km/h,Dupla,Faixa seccionada,,,,,,,,
2019-08-30,13:07:00,SEM VÍTIMA,FINALIZADA,VÁRZEA,AV AFONSO OLINDENSE,,,EM FRENTE AO POSTE Nº B066175,AV AFONSO OLINDENSE,,EM FRENTE AO POSTE Nº B066175,VÁRZEA,,SUBURBIO,ABALROAMENTO LONGITUDINAL,COLISÃO SEM VITIMA,1,,,,,,1,,,0,,Longo da via,Bom,Sem defeito,Perfeito estado,Seca,Perfeito estado,Não existe,Outras,30 km/h,Única,Faixa contínua,Faixa seccionada,,,,,,,
2019-08-30,13:41:00,SEM VÍTIMA,FINALIZADA,GRAÇAS,AV GOVERNADOR AGAMENON MAGALHAES,24,RUA SAO SALVADOR,,AV GOVERNADOR AGAMENON MAGALHAES,24,,GRAÇAS,,,ABALROAMENTO LONGITUDINAL,COLISAO ENTRE DOIS AUTOS S/V,2,,,,,,,,,0,,Longo da via,Bom,Não existe,Perfeito estado,Seca,Perfeito estado,Não existe,,60 km/h,Dupla,Canteiro central,,,,,,,,
2019-08-30,13:45:00,SEM VÍTIMA,FINALIZADA,IPUTINGA,RUA MAURICEIA,,,E/F A ESCOLA PEQUENOS PASSOS,RUA MAURICEIA,,E/F A ESCOLA PEQUENOS PASSOS,IPUTINGA,,,COLISÃO TRASEIRA,COLISAO ENTRE DOIS AUTOS S/V,2,,,,,,,,,0,,Longo da via,Bom,Não existe,Perfeito estado,Seca,Perfeito estado,Não existe,R-6a,30 km/h,Dupla,Faixa seccionada,,,,,,,,