data,hora,natureza_acidente,situacao,bairro,endereco,numero,detalhe_endereco_acidente,complemento,endereco_cruzamento,numero_cruzamento,referencia_cruzamento,bairro_cruzamento,num_semaforo,sentido_via,tipo,descricao,auto,moto,ciclom,ciclista,pedestre,onibus,caminhao,viatura,outros,vitimas,vitimasfatais,acidente_verificado,tempo_clima,situacao_semaforo,sinalizacao,condicao_via,conservacao_via,ponto_controle,situacao_placa,velocidade_max_via,mao_direcao,divisao_via1,divisao_via2,divisao_via3,,,,,,
2019-08-30,14:54:00,SEM VÍTIMA,FINALIZADA,ILHA DO LEITE,RUA MARIO DOMINGUES,152,,E/FAO HAPVIDA,RUA MARIO DOMINGUES,152,E/FAO HAPVIDA,ILHA DO LEITE,,,ABALROAMENTO LONGITUDINAL,COLISÃO SEM VITIMA,2,,,,,,,,,0,,Longo da via,Bom,Não existe,Não existente,Seca,Perfeito estado,Agente,Não há placas,30 km/h,Única,Não existe,,,,,,,,
2019-08-30,15:13:00,SEM VÍTIMA,FINALIZADA,CASA AMARELA,AV NORTE,,,E/F A BIKE NORTE,AV NORTE,,E/F A BIKE NORTE,CASA AMARELA,,CIDADE,COLISÃO,COLISAO SEM VITIMAS,1,1,,,,,,,,0,,,,,,,,,,,,,,,,,,,,
2019-08-30,15:23:00,COM VÍTIMA,FINALIZADA,CORDEIRO,RUA GOMES TABORDA,452,,E/F AO SUPERMECADO ATACAREJO IDEAL ( ANTINGO SUPERMECADO KENEDY),RUA GOMES TABORDA,452,E/F AO SUPERMECADO ATACAREJO IDEAL ( ANTINGO SUPERMECADO KENEDY),CORDEIRO,,,COLISÃO,COLISAO COM VITIMAS,1,1,,,,,,,,1,,Longo da via,Bom,Não existe,Perfeito estado,Seca,Perfeito estado,Não existe,R-6a,,Dupla,Faixa seccionada,,,,,,,,
2019-08-30,15:53:00,COM VÍTIMA,FINALIZADA,BOA VIAGEM,RUA JOSE DA SILVA LUCENA,241,RUA SARGENTO SILVINO DE MACEDO,NA ESQUINA DA LACOMEX,RUA JOSE DA SILVA LUCENA,241,NA ESQUINA DA LACOMEX,BOA VIAGEM,,,ABALROAMENTO TRANSVERSAL,COLISÃO COM VITIMA,1,1,,,,,,,,1,,Cruzamento,Bom,Não existe,Não existente,Seca,Perfeito estado,Não existe,Não há placas,,Dupla,Não existe,,,,,,,,
2019-08-30,16:16:00,SEM VÍTIMA,FINALIZADA,VÁRZEA,RUA VALE DO SIRIJI,27,,AO LADO DO NÚMERO INDICADO,RUA VALE DO SIRIJI,27,AO LADO DO NÚMERO INDICADO,VÁRZEA,,SUBURBIO,CHOQUE VEÍCULO PARADO,COLISAO ENTRE ONIBUS E AUTOS S/V,1,,,,,1,,,,0,,Longo da via,Bom,Não existe,Incompleta,Seca,Mal conservada,Outros,Outras,,Dupla,Não existe,,,,,,,,
2019-08-30,17:03:00,SEM VÍTIMA,FINALIZADA,CORDEIRO,AV CAXANGA,1181,,EM FRENTE AO Nº 1181,AV CAXANGA,1181,EM FRENTE AO Nº 1181,CORDEIRO,,CIDADE,ABALROAMENTO TRANSVERSAL,BRT E UMA KOMBI,,,,,,1,,,1,0,,Longo da via,Bom,Sem defeito,Perfeito estado,Seca,Perfeito estado,Faixa de pedestre,Outras,,Única,Faixa seccionada,,,,,,,,
2019-08-30,17:05:00,COM VÍTIMA,FINALIZADA,IPUTINGA,RUA TERRA GRANDE,,,JUNTO AO MURO DO DETRAN,RUA TERRA GRANDE,,JUNTO AO MURO DO DETRAN,IPUTINGA,,CIDADE,COLISÃO FRONTAL,COLISÃO COM VITIMA,1,1,,,,,,,,1,,Longo da via,Bom,Não existe,Incompleta,Seca,Mal iluminada,Não existe,Não há placas,,Dupla,Não existe,,,,,,,,
2019-08-30,17:38:00,SEM VÍTIMA,CANCELADA,AREIAS,AV DR JOSE RUFINO,,RUA IPOJUCA,AS PARTES ESTÃO AGUARDANDO O ATENDIMENTO NO POSTO SHELL,AV DR JOSE RUFINO,,AS PARTES ESTÃO AGUARDANDO O ATENDIMENTO NO POSTO SHELL,AREIAS,,,COLISÃO,COLISÃO SEM VITIMA,1,1,,,,,,,,0,,,,,,,,,,,,,,,,,,,,
2019-08-30,17:50:00,COM VÍTIMA,FINALIZADA,PRADO,RUA PADRE TEOFILO TWORZ,194,RUA CARLOS GOMES,POSTO DE SAUDE PROFESSOR ROMERO MARQUEZ,RUA PADRE TEOFILO TWORZ,194,POSTO DE SAUDE PROFESSOR ROMERO MARQUEZ,PRADO,,,ABALROAMENTO TRANSVERSAL,COLISAO COM VITIMAS,1,1,,,,,,,,1,,Cruzamento,Bom,Não existe,Incompleta,Seca,Perfeito estado,Não existe,R-6a,,,,,,,,,,,
2019-08-30,18:11:00,COM VÍTIMA,CANCELADA,MADALENA,RUA JOSE OSORIO,744,,APOIS O MERCADO DA MADALENA ENF A AUTO KA,RUA JOSE OSORIO,744,APOIS O MERCADO DA MADALENA ENF A AUTO KA,MADALENA,,,COLISÃO,AUTO X MOTO,1,1,,,,,,,,1,,,,,,,,,,,,,,,,,,,,
2019-08-30,18:14:00,SEM VÍTIMA,FINALIZADA,IMBIRIBEIRA,AV MARECHAL MASCARENHAS DE MORAES,2284,,,AV MARECHAL MASCARENHAS DE MORAES,2284,,IMBIRIBEIRA,386,SUBURBIO,ABALROAMENTO LONGITUDINAL,ENTRE DOIS AUTO S/V,2,,,,,,,,,0,,Longo da via,Bom,Sem defeito,,,,,Não há placas,60 km/h,Dupla,Canteiro central,,,,,,,,
2019-08-30,18:15:00,SEM VÍTIMA,CANCELADA,JARDIM SÃO PAULO,RUA PROFESSOR NELSON CASTRO E SILVA,73,,PROX A JATO LANCHE PROX A DELEGACIA,RUA PROFESSOR NELSON CASTRO E SILVA,73,PROX A JATO LANCHE PROX A DELEGACIA,JARDIM SÃO PAULO,,,COLISÃO,DOIS AUTO OBS: SUSPEITA DE EMBRIAGUEZ,2,,,,,,,,,0,,,,,,,,,,,,,,,,,,,,
2019-08-30,18:32:00,SEM VÍTIMA,FINALIZADA,ILHA DO RETIRO,RUA BENFICA,92,,LADO OPOSTO AO SPORT CLUBE DO RECIFE,RUA BENFICA,92,LADO OPOSTO AO SPORT CLUBE DO RECIFE,ILHA DO RETIRO,,SUBURBIO,ABALROAMENTO LONGITUDINAL,ONIX X AUTO,2,,,,,,,,,0,,Longo da via,Bom,Não existe,Perfeito estado,Seca,Perfeito estado,Não existe,Não há placas,,Única,Faixa contínua,,,,,,,,
2019-08-30,21:32:00,SEM VÍTIMA,FINALIZADA,FUNDÃO,AV BEBERIBE,,RUA CORONEL URBANO RIBEIRO DE SENA,SEMÁFORO Nº 307,AV BEBERIBE,,SEMÁFORO Nº 307,FUNDÃO,307,SUBURBIO,ABALROAMENTO TRANSVERSAL,MOTO AUTO,1,1,,,,,,,,0,,Cruzamento,Bom,Sem defeito,Perfeito estado,Seca,Perfeito estado,Faixa de pedestre,Não há placas,,Dupla,Faixa seccionada,,,,,,,,
2019-08-30,22:04:00,SEM VÍTIMA,FINALIZADA,AFOGADOS,RUA SAO MIGUEL,,RUA JOAQUIM DE VASCONCELOS PEREIRA,,RUA SAO MIGUEL,,,AFOGADOS,,CIDADE,ABALROAMENTO TRANSVERSAL,ONIBUS METROPOLITANA X CLASSIC,1,,,,,1,,,,0,,Cruzamento,Bom,Não existe,Incompleta,Seca,Perfeito estado,Não existe,Não há placas,,Dupla,Faixa contínua,,,,,,,,
2019-08-30,23:22:00,SEM VÍTIMA,FINALIZADA,PINA,AV HERCULANO BANDEIRA,,RUA ESTUDANTE JEREMIAS BASTOS,EM FRENTE AO Nº 251,AV HERCULANO BANDEIRA,,EM FRENTE AO Nº 251,PINA,,SUBURBIO,ABALROAMENTO LONGITUDINAL,MOTO DA LEI SECA X AUTO,1,1,,,,,,,,0,,,Bom,Não existe,Perfeito estado,Seca,Perfeito estado,Não existe,Não há placas,,Dupla,Canteiro central,,,,,,,,
2019-08-31,00:52:00,SEM VÍTIMA,FINALIZADA,DOIS UNIDOS,AV HILDEBRANDO DE VASCONCELOS,,RUA MARIA ESTEVAO,ANTIGA FABRICA MINERVAR,AV HILDEBRANDO DE VASCONCELOS,,ANTIGA FABRICA MINERVAR,DOIS UNIDOS,,CIDADE,COLISÃO FRONTAL,DOIS AUTO,2,,,,,,,,,0,,Longo da via,Bom,Não existe,Perfeito estado,Seca,Perfeito estado,,R-6a,,Única,Faixa contínua,,,,,,,,
2019-08-31,05:30:00,COM VÍTIMA,CANCELADA,TEJIPIÓ,RUA DO SANCHO,,AV DR JOSE RUFINO,EMBAIXO DO VIADUTO DO METRO TEJIPIO // EN AO POSTO IPIRANGA,RUA DO SANCHO,,EMBAIXO DO VIADUTO DO METRO TEJIPIO // EN AO POSTO IPIRANGA,TEJIPIÓ,,,COLISÃO,FOX CAPOTADO NO MEIO DA VIA OBS:VEICULO LIVROU DA MOTO PARA NAO BATER E CAPOTOU,1,,,,,,,,,1,,,,,,,,,,,,,,,,,,,,
2019-08-31,09:32:00,COM VÍTIMA,FINALIZADA,AFOGADOS,RUA SAO MIGUEL,132,RUA PEDRO CABRAL DE OLIVEIRA,EM FRENTE AO CARTÓRIO DE AFOGADOS. AU LADO DA IPESU,RUA SAO MIGUEL,132,EM FRENTE AO CARTÓRIO DE AFOGADOS. AU LADO DA IPESU,AFOGADOS,,SUBURBIO,ABALROAMENTO TRANSVERSAL,COLISÃO C/VITIMA ENTRE UM AUTO E UMA MOTO,1,1,,,,,,,,1,,Cruzamento,Bom,Não existe,Perfeito estado,Seca,Perfeito estado,Não existe,R-6a,,Dupla,Faixa seccionada,,,,,,,,
2019-08-31,09:51:00,SEM VÍTIMA,FINALIZADA,BOA VIAGEM,AV BOA VIAGEM,58,,,AV BOA VIAGEM,58,,BOA VIAGEM,,CIDADE,CHOQUE OBJETO FIXO,CAMINHÃO CHOCOU-SE COM POSTE, POSTE OBSTRUINDO A VIA,,,,,,,1,,,0,,Longo da via,Bom,Sem defeito,Perfeito estado,Seca,Perfeito estado,Não existe,Outras,,Única,Faixa seccionada,,,,,,,
2019-08-31,11:51:00,COM VÍTIMA,FINALIZADA,IPUTINGA,AV CAXANGA,3942,EST DO BARBALHO,EM FRENTE AO BIG BOMPREÇO,AV CAXANGA,3942,EM FRENTE AO BIG BOMPREÇO,IPUTINGA,533,CAMARAGIBE,ABALROAMENTO TRANSVERSAL,COLISÃO C/VITIMA ENTRE UM ONIBUS E UM AUTO,1,,,,,1,,,,1,,Cruzamento,Bom,Sem defeito,Perfeito estado,Seca,Perfeito estado,Faixa de pedestre,Outras,,Dupla,Canteiro central,,,,,,,,
2019-08-31,12:20:00,SEM VÍTIMA,FINALIZADA,AFOGADOS,EST DOS REMEDIOS,29,,EM FRENTE AO Nº 29,EST DOS REMEDIOS,29,EM FRENTE AO Nº 29,AFOGADOS,53,,COLISÃO TRASEIRA,COLISÃO SEM VITIMA,1,,,,,,1,,,0,,Longo da via,Bom,Sem defeito,Perfeito estado,Seca,Perfeito estado,Faixa de pedestre,Outras,,Única,Faixa seccionada,,,,,,,,
2019-08-31,12:48:00,SEM VÍTIMA,FINALIZADA,JARDIM SÃO PAULO,AV RECIFE,5635,RUA SENADOR ALBERTO PASQUALINI,PROX. DO SEMÁFORO 259,AV RECIFE,5635,PROX. DO SEMÁFORO 259,JARDIM SÃO PAULO,259,,COLISÃO,COLISAO ENTRE AUTO E MOTO S/V,1,1,,,,,,,,0,,,,,,,,,,,,,,,,,,,,
2019-08-31,13:37:00,SEM VÍTIMA,FINALIZADA,SÃO JOSÉ,RUA DA CONCORDIA,630,,SERTÃO MOTO,RUA DA CONCORDIA,630,SERTÃO MOTO,SÃO JOSÉ,,SUBURBIO,COLISÃO TRASEIRA,VEICULO COLIDIU COM UM CICLISTA,1,,,1,,,,,,0,,Longo da via,Bom,Não existe,Perfeito estado,Seca,Perfeito estado,Não existe,Outras,,Única,Não existe,,,,,,,,
2019-08-31,13:37:00,SEM VÍTIMA,FINALIZADA,BOA VIAGEM,AV ENGENHEIRO DOMINGOS FERREIRA,,RUA BARAO DE SOUZA LEAO,,AV ENGENHEIRO DOMINGOS FERREIRA,,,BOA VIAGEM,,SUBURBIO,ABALROAMENTO TRANSVERSAL,COLISÃO SEM VITIMA,2,,,,,,,,,0,,Cruzamento,Bom,Sem defeito,Perfeito estado,Seca,Perfeito estado,Faixa de pedestre,Outras,60 km/h,Única,Canteiro central,,,,,,,,
2019-08-31,14:03:00,SEM VÍTIMA,FINALIZADA,IPUTINGA,RUA PROFESSOR MUSSA HAZIN,278,,,RUA PROFESSOR MUSSA HAZIN,278,,IPUTINGA,,CIDADE,ABALROAMENTO LONGITUDINAL,COLISÃO SEM VITIMA,1,,,,,,1,,,0,,Longo da via,Bom,Não existe,Perfeito estado,Seca,Perfeito estado,Não existe,Não há placas,,Única,Não existe,,,,,,,,
2019-08-31,14:20:00,SEM VÍTIMA,FINALIZADA,SÃO JOSÉ,VDO DAS CINCO PONTAS,,,LADO OPOSTO AO FORTE,VDO DAS CINCO PONTAS,,LADO OPOSTO AO FORTE,SÃO JOSÉ,199,SUBURBIO,COLISÃO FRONTAL,COLISAO ENTRE TRES AUTOS S/V,3,,,,,,,,,0,,Longo da via,Bom,Sem defeito,Perfeito estado,Seca,Perfeito estado,Faixa de pedestre,Outras,,Única,Faixa contínua,,,,,,,,
2019-08-31,14:27:00,SEM VÍTIMA,FINALIZADA,COQUEIRAL,RUA ALTO DA BELA VISTA,322,,,RUA ALTO DA BELA VISTA,322,,COQUEIRAL,,SUBURBIO,CHOQUE VEÍCULO PARADO,COLISÃO SEM VITIMA,1,,,,,1,,,,0,,Longo da via,Bom,Não existe,Não existente,Seca,Perfeito estado,Não existe,Não há placas,30 km/h,Dupla,Não existe,,,,,,,,
2019-08-31,16:04:00,SEM VÍTIMA,FINALIZADA,VÁRZEA,AV PROFESSOR LUIZ FREIRE,,,APÓS O IFPE,AV PROFESSOR LUIZ FREIRE,,APÓS O IFPE,VÁRZEA,,SUBURBIO,ABALROAMENTO LONGITUDINAL,COLISÃO SEM VÍTIMA,1,1,,,,,,,,0,,Longo da via,Bom,Não existe,Perfeito estado,Seca,Perfeito estado,Não existe,Não há placas,,Dupla,Faixa seccionada,,,,,,,,
2019-08-31,17:02:00,SEM VÍTIMA,CANCELADA,ALTO JOSÉ BONIFÁCIO,RUA ALTO JOSE BONIFACIO,,,NA SUBIDA DA LADEIRA,RUA ALTO JOSE BONIFACIO,,NA SUBIDA DA LADEIRA,ALTO JOSÉ BONIFÁCIO,,,COLISÃO,COLISÃO SEM VÍTIMA,2,,,,,,,,,0,,,,,,,,,,,,,,,,,,,,
2019-08-31,17:05:00,SEM VÍTIMA,FINALIZADA,ÁGUA FRIA,EST VELHA DE AGUA FRIA,1029,,EM FRENTE AO Nº 1029,EST VELHA DE AGUA FRIA,1029,EM FRENTE AO Nº 1029,ÁGUA FRIA,306,,COLISÃO TRASEIRA,COLISÃO SEM VÍTIMA,3,,,,,,,,,0,,Longo da via,Bom,Não existe,Perfeito estado,Seca,Perfeito estado,Faixa de pedestre,,,Dupla,Canteiro central,,,,,,,,
2019-08-31,19:20:00,SEM VÍTIMA,FINALIZADA,SÃO JOSÉ,PRC DAS CINCO PONTAS,,,EM FRENTE AO TRE DE PERNAMBUCO,PRC DAS CINCO PONTAS,,EM FRENTE AO TRE DE PERNAMBUCO,SÃO JOSÉ,,CIDADE,ABALROAMENTO TRANSVERSAL,SPRINT X COMPASSO,1,,,,,,1,,,0,,,Chuvoso,Não existe,Ilegível,Molhada,Mal iluminada,Não existe,Não há placas,,Dupla,Blocos,,,,,,,,
2019-08-31,21:26:00,SEM VÍTIMA,FINALIZADA,CORDEIRO,AV CAXANGA,2925,,,AV CAXANGA,2925,,CORDEIRO,,CIDADE,COLISÃO TRASEIRA,COLISÃO SEM VÍTIMA,2,,,,,,,,,0,,Longo da via,Chuvoso,Não existe,Perfeito estado,Molhada,Perfeito estado,Não existe,Não há placas,60 km/h,Dupla,Canteiro central,,,,,,,,
2019-08-31,22:21:00,SEM VÍTIMA,FINALIZADA,BOA VIAGEM,AV BOA VIAGEM,1320,,,AV BOA VIAGEM,1320,,BOA VIAGEM,,CIDADE,COLISÃO TRASEIRA,COLISÃO SEM VÍTIMA,3,,,,,,,,,0,,Longo da via,Bom,Não existe,Ilegível,Seca,Mal iluminada,Não existe,Não há placas,60 km/h,Única,Faixa seccionada,,,,,,,,
2019-08-31,22:28:00,SEM VÍTIMA,FINALIZADA,IBURA,AV DOIS RIOS,,,EM FRENTE A IGREJA PENTECOSTAL,AV DOIS RIOS,,EM FRENTE A IGREJA PENTECOSTAL,IBURA,,,COLISÃO TRASEIRA,COLISÃO SEM VÍTIMA,1,1,,,,,,,,0,,Longo da via,Chuvoso,Não existe,,Molhada,Mal iluminada,Não existe,Outras,,Dupla,Faixa contínua,,,,,,,,
2019-08-31,22:33:00,SEM VÍTIMA,FINALIZADA,AREIAS,AV TENENTE FELIPE BANDEIRA DE MELO,104,,,AV TENENTE FELIPE BANDEIRA DE MELO,104,,AREIAS,,SUBURBIO,ABALROAMENTO LONGITUDINAL,COLISÃO SEM VITIMA,2,,,,,,,,,0,,Longo da via,Chuvoso,Não existe,Ilegível,Molhada,Mal iluminada,Não existe,Não há placas,,Dupla,Não existe,,,,,,,,
2019-09-01,06:21:00,COM VÍTIMA,FINALIZADA,BOA VISTA,AV CONDE DA BOA VISTA,50,,SENT. DERBY EM FRENTE AO EDF. PESSOA DE MELO,AV CONDE DA BOA VISTA,50,SENT. DERBY EM FRENTE AO EDF. PESSOA DE MELO,BOA VISTA,,SUBURBIO,COLISÃO COM CICLISTA,DOIS ONIBUS E CICLISTA,,,,1,,2,,,,1,,Longo da via,Bom,Não existe,Perfeito estado,Seca,Perfeito estado,Não existe,Outras,,Dupla,Faixa seccionada,Canteiro central,,,,,,,
2019-09-01,11:23:00,SEM VÍTIMA,FINALIZADA,ESPINHEIRO,AV JOAO DE BARROS,1500,,EM FRENTE AO EXTRA SUPERMERCADO,AV JOAO DE BARROS,1500,EM FRENTE AO EXTRA SUPERMERCADO,ESPINHEIRO,,SUBURBIO,ABALROAMENTO LONGITUDINAL,ENTRE 02 AUTOS,2,,,,,,,,,0,,Longo da via,Bom,Sem defeito,Perfeito estado,Seca,Perfeito estado,,Outras,,Única,Não existe,,,,,,,,
2019-09-01,11:33:00,SEM VÍTIMA,CANCELADA,MADALENA,RUA JOSE OSORIO,522,,EM FRENTE A VISTORIA DO DETRAN,RUA JOSE OSORIO,522,EM FRENTE A VISTORIA DO DETRAN,MADALENA,,,COLISÃO,,2,,,,,,,,,0,,,,,,,,,,,,,,,,,,,,
2019-09-01,12:13:00,COM VÍTIMA,FINALIZADA,AFOGADOS,RUA DA PAZ,,RUA NICOLAU PEREIRA,EM FRENTE DA CAIXA ECONÔMICA,RUA DA PAZ,,EM FRENTE DA CAIXA ECONÔMICA,AFOGADOS,,SUBURBIO,COLISÃO,COLISÃO COM VITIMA,1,1,,,,,,,,2,,Cruzamento,Bom,Sem defeito,Perfeito estado,Seca,Perfeito estado,Faixa de pedestre,,,Única,Faixa seccionada,,,,,,,,
2019-09-01,12:34:00,SEM VÍTIMA,FINALIZADA,BOA VISTA,AV CONDE DA BOA VISTA,,RUA GONCALVES MAIA,POSTO SHELL,AV CONDE DA BOA VISTA,,POSTO SHELL,BOA VISTA,,SUB/CID,COLISÃO TRASEIRA,COLISÃO SEM VÍTIMA,1,1,,,,,,,,0,,Longo da via,Bom,Sem defeito,Perfeito estado,Seca,Perfeito estado,Faixa de pedestre,Não há placas,40 km/h,Dupla,,,,,,,,,
2019-09-01,12:41:00,COM VÍTIMA,FINALIZADA,BOA VIAGEM,RUA PADRE CARAPUCEIRO,,RUA PROFESSOR JOAO MEDEIROS,EM FRENTE AO COLEGIO MOTIVO,RUA PADRE CARAPUCEIRO,,EM FRENTE AO COLEGIO MOTIVO,BOA VIAGEM,321,,ABALROAMENTO LONGITUDINAL,COLISÃO COM VÍTIMA,1,,,,,1,,,,1,,Cruzamento,Bom,Sem defeito,Perfeito estado,Seca,Perfeito estado,Faixa de pedestre,Não há placas,40 km/h,Única,Não existe,,,,,,,,
2019-09-01,13:54:00,SEM VÍTIMA,FINALIZADA,VÁRZEA,AV CAXANGA,,,EM FRENTE A ESTAÇÃO CAPIBARIBE,AV CAXANGA,,EM FRENTE A ESTAÇÃO CAPIBARIBE,VÁRZEA,262,CIDADE,COLISÃO TRASEIRA,COLISÃO SEM VITIMA,3,,,,,,,,,0,,Longo da via,Bom,Sem defeito,Perfeito estado,Seca,Perfeito estado,Faixa de pedestre,R-6a,,Dupla,Canteiro central,,,,,,,,
2019-09-01,15:25:00,SEM VÍTIMA,FINALIZADA,PINA,AV ANTONIO DE GOES,194,,EM FRENTE A SECRETARIA DE ADMINISTRAÇÃO,AV ANTONIO DE GOES,194,EM FRENTE A SECRETARIA DE ADMINISTRAÇÃO,PINA,,CIDADE,ABALROAMENTO LONGITUDINAL,COLISÃO SEM VÍTIMA,2,,,,,,,,,0,,Longo da via,Bom,Sem defeito,Perfeito estado,Seca,Perfeito estado,Não existe,Não há placas,,Única,Faixa seccionada,,,,,,,,
2019-09-01,17:58:00,SEM VÍTIMA,FINALIZADA,CASA FORTE,EST DAS UBAIAS,,456,,EM FRENTE A UBAIAS FOOD PARK,EST DAS UBAIAS,,456,EM FRENTE A UBAIAS FOOD PARK,CASA FORTE,,SUBURBIO,ABALROAMENTO LONGITUDINAL,ENTRE 2 AUTOS. S.V,2,,,,,,,,,0,,Longo da via,Bom,Não existe,Perfeito estado,Seca,Perfeito estado,Não existe,R-6a,40 km/h,Dupla,Não existe,,,,,,
2019-09-01,18:52:00,SEM VÍTIMA,FINALIZADA,IPSEP,RUA POTENGY,33,RUA IRAPUA,,RUA POTENGY,33,,IPSEP,,CIDADE,ABALROAMENTO LONGITUDINAL,HONDA CIT X PRISMA OBS: SUSPEITA DE EMBRIAGUEZ,2,,,,,,,,,0,,Longo da via,Bom,Não existe,Perfeito estado,Seca,Perfeito estado,Não existe,Placas Pare,,Única,Não existe,,,,,,,,
2019-09-01,20:08:00,SEM VÍTIMA,CANCELADA,AFOGADOS,EST DOS REMEDIOS,,,ENTRE O ARMAZEM CORAL E BANCO BRADESCO,EST DOS REMEDIOS,,ENTRE O ARMAZEM CORAL E BANCO BRADESCO,AFOGADOS,,,COLISÃO,CORSA X CLASSIC,2,,,,,,,,,0,,,,,,,,,,,,,,,,,,,,
2019-09-01,21:44:00,SEM VÍTIMA,CANCELADA,FUNDÃO,AV BEBERIBE,2693,RUA CORONEL URBANO RIBEIRO DE SENA,PROX A EQUIPADORA N.O.S,AV BEBERIBE,2693,PROX A EQUIPADORA N.O.S,FUNDÃO,307,,COLISÃO,FIESTA X AUTO OBS: SUSPEITA DE EMBRIAGUEZ,2,,,,,,,,,0,,,,,,,,,,,,,,,,,,,,
2019-09-01,21:59:00,SEM VÍTIMA,FINALIZADA,AFOGADOS,RUA VISCONDE DE PELOTAS,,RUA VINTE E UM DE ABRIL,SEMAFORO 334,RUA VISCONDE DE PELOTAS,,SEMAFORO 334,AFOGADOS,334,SUBURBIO,ABALROAMENTO TRANSVERSAL,LOGAN X AUTO OBS: SUSPEITA DE EMBRIAGUEZ,1,,,,,,,,,0,,Cruzamento,Chuvoso,Sem defeito,Perfeito estado,Molhada,Perfeito estado,,Não há placas,,Única,Faixa contínua,,,,,,,,
2019-09-01,22:31:00,SEM VÍTIMA,FINALIZADA,IPSEP,AV RECIFE,3021,,EM FRENTE AO Nº 3021 ANTES DO POSTO FEDERAL,AV RECIFE,3021,EM FRENTE AO Nº 3021 ANTES DO POSTO FEDERAL,IPSEP,,SUBURBIO,ABALROAMENTO LONGITUDINAL,ENTRE 2 AUTOS. S.V,2,,,,,,,,,0,,Longo da via,Chuvoso,Não existe,Perfeito estado,Molhada,Perfeito estado,Não existe,Não há placas,,Única,Faixa seccionada,Canteiro central,,,,,,,
2019-09-01,23:19:00,SEM VÍTIMA,FINALIZADA,ÁGUA FRIA,RUA ALEGRE,,RUA ZEFERINO AGRA,,RUA ALEGRE,,,ÁGUA FRIA,431,SUBURBIO,ABALROAMENTO TRANSVERSAL,ENTRE 2 AUTOS. S.V,2,,,,,,,,,0,,,Chuvoso,Sem defeito,Perfeito estado,Molhada,Perfeito estado,Faixa de retenção,Não há placas,,Única,Faixa seccionada,,,,,,,,
2019-09-02,03:41:00,SEM VÍTIMA,FINALIZADA,DERBY,AV GOVERNADOR AGAMENON MAGALHAES,,RUA DR BANDEIRA FILHO,,AV GOVERNADOR AGAMENON MAGALHAES,,,DERBY,173,,ABALROAMENTO LONGITUDINAL,COLISÃO ENTRE DOIS AUTOS, SEM VÍTIMAS,2,,,,,,,,,0,,Cruzamento,Chuvoso,Sem defeito,Perfeito estado,Molhada,Perfeito estado,,Não há placas,,Dupla,Canal,,,,,,,
2019-09-02,07:25:00,SEM VÍTIMA,FINALIZADA,IBURA,RUA RIO XINGU,95,,EM FRENTE A FARMACIA MARINHO,RUA RIO XINGU,95,EM FRENTE A FARMACIA MARINHO,IBURA,,SUBURBIO,CHOQUE VEÍCULO PARADO,SEM VITIMAS,1,,,,,1,,,,0,,Longo da via,Chuvoso,Não existe,,Molhada,Mal conservada,Não existe,Outras,,Dupla,Faixa contínua,,,,,,,,
2019-09-02,07:39:00,SEM VÍTIMA,CANCELADA,BARRO,AV DR JOSE RUFINO,2561,,EM FRENTE A ESCOLA TIA CORUJA,AV DR JOSE RUFINO,2561,EM FRENTE A ESCOLA TIA CORUJA,BARRO,615,SUBURBIO,COLISÃO,COLISÃO S/VITIMAS ENTRE DOIS AUTOS,2,,,,,,,,,0,,,,,,,,,,,,,,,,,,,,
2019-09-02,07:45:00,SEM VÍTIMA,CANCELADA,AREIAS,RUA JOSE NATARIO,343,,EM FRENTE AO METROREC / SEN JARDIM SAO PAULO,RUA JOSE NATARIO,343,EM FRENTE AO METROREC / SEN JARDIM SAO PAULO,AREIAS,,,COLISÃO,COISÃO DE DOIS CARROS,2,,,,,,,,,0,,,,,,,,,,,,,,,,,,,,
2019-09-02,07:49:00,SEM VÍTIMA,FINALIZADA,SÃO JOSÉ,AV ENGENHEIRO JOSE ESTELITA,,,,AV ENGENHEIRO JOSE ESTELITA,,,SÃO JOSÉ,,CIDADE,COLISÃO TRASEIRA,COLISÃO S/VITIMAS ENTRE TRES AUTOS,3,,,,,,,,,0,,Longo da via,Chuvoso,Não existe,Perfeito estado,Molhada,Perfeito estado,Não existe,Não há placas,60 km/h,Dupla,Canteiro central,,,,,,,,
2019-09-02,07:59:00,SEM VÍTIMA,CANCELADA,MADALENA,EST DOS REMEDIOS,2416,,EM FRENTE AO POSTO LESSA DE ANDRADE,EST DOS REMEDIOS,2416,EM FRENTE AO POSTO LESSA DE ANDRADE,MADALENA,,,COLISÃO,COLISÃO S/VITIMAS ENTRE DOIS AUTOS,2,,,,,,,,,0,,,,,,,,,,,,,,,,,,,,
2019-09-02,08:02:00,SEM VÍTIMA,FINALIZADA,BOA VIAGEM,RUA VISCONDE DE JEQUITINHONHA,,RUA DES JOAO PAES,AO LADO DO POSTE Nº B 006875,RUA VISCONDE DE JEQUITINHONHA,,AO LADO DO POSTE Nº B 006875,BOA VIAGEM,,CIDADE,ABALROAMENTO LONGITUDINAL,COLISÃO S/VITIMAS DOIS AUTOS,2,,,,,,,,,0,,Cruzamento,Chuvoso,Não existe,Perfeito estado,Seca,Perfeito estado,Faixa de pedestre,Placas Pare,,Única,Não existe,,,,,,,,
2019-09-02,08:25:00,SEM VÍTIMA,CANCELADA,CORDEIRO,RUA PROFESSOR JOAQUIM XAVIER DE BRITO,166,RUA OCIDENTAL,,RUA PROFESSOR JOAQUIM XAVIER DE BRITO,166,,CORDEIRO,,,COLISÃO,SEM VITIMAS,2,,,,,,,,,0,,,,,,,,,,,,,,,,,,,,