data,hora,natureza_acidente,situacao,bairro,endereco,numero,detalhe_endereco_acidente,complemento,endereco_cruzamento,numero_cruzamento,referencia_cruzamento,bairro_cruzamento,num_semaforo,sentido_via,tipo,descricao,auto,moto,ciclom,ciclista,pedestre,onibus,caminhao,viatura,outros,vitimas,vitimasfatais,acidente_verificado,tempo_clima,situacao_semaforo,sinalizacao,condicao_via,conservacao_via,ponto_controle,situacao_placa,velocidade_max_via,mao_direcao,divisao_via1,divisao_via2,divisao_via3,,,,,,
2019-09-02,08:33:00,SEM VÍTIMA,FINALIZADA,ENGENHO DO MEIO,RUA COSTA SEPULVEDA,749,,AO LADO DA NCTAR,RUA COSTA SEPULVEDA,749,AO LADO DA NCTAR,ENGENHO DO MEIO,,SUBURBIO,COLISÃO TRASEIRA,DOIS AUTOS,2,,,,,,,,,0,,Longo da via,Chuvoso,Não existe,Não existente,Molhada,Mal conservada,Não existe,Não há placas,,Dupla,Não existe,,,,,,,,
2019-09-02,08:34:00,COM VÍTIMA,FINALIZADA,CASA AMARELA,RUA BELA VISTA,212,RUA DES MOTTA JUNIOR,AO LADO PIZZARIA CANDELABRO,RUA BELA VISTA,212,AO LADO PIZZARIA CANDELABRO,CASA AMARELA,,SUBURBIO,ABALROAMENTO TRANSVERSAL,COLISÃO DE UM CARRO E UMA MOTO COM UMA VÍTIMA,1,1,,,,,,,,1,,Cruzamento,Nublado,Não existe,Não existente,Seca,Perfeito estado,Não existe,Não há placas,30 km/h,Dupla,Não existe,,,,,,,,
2019-09-02,08:43:00,SEM VÍTIMA,DUPLICIDADE,BOA VIAGEM,RUA DES JOAO PAES,1880,RUA VISCONDE DE JEQUITINHONHA,EM FRENTE AO ARMAZEM FOOD,RUA DES JOAO PAES,1880,EM FRENTE AO ARMAZEM FOOD,BOA VIAGEM,,,COLISÃO,COLISAO S/VITIMAS ENTRE DOIS AUTOS,2,,,,,,,,,0,,,,,,,,,,,,,,,,,,,,
2019-09-02,08:48:00,SEM VÍTIMA,FINALIZADA,JARDIM SÃO PAULO,RUA BRAGANCA,,RUA LORENA,AO LADO DO POSTE H 027049,RUA BRAGANCA,,AO LADO DO POSTE H 027049,JARDIM SÃO PAULO,,,ABALROAMENTO TRANSVERSAL,DOIS AUTOS,2,,,,,,,,,0,,Cruzamento,Chuvoso,Não existe,Incompleta,Molhada,Perfeito estado,Não existe,Placas Pare,,Dupla,Não existe,,,,,,,,
2019-09-02,08:55:00,SEM VÍTIMA,CANCELADA,MADALENA,RUA CARLOS GOMES,50,AV ENGENHEIRO ABDIAS DE CARVALHO,EM FRENTE A BIG CAR,RUA CARLOS GOMES,50,EM FRENTE A BIG CAR,MADALENA,57,CIDADE,COLISÃO,COLISÃO S/VITIMAS ENTRE DOIS AUTOS,2,,,,,,,,,0,,,,,,,,,,,,,,,,,,,,
2019-09-02,09:24:00,SEM VÍTIMA,FINALIZADA,IMBIRIBEIRA,AV MARECHAL MASCARENHAS DE MORAES,1919,,EM FRENTE AO JUIZADO ESPECIAL,AV MARECHAL MASCARENHAS DE MORAES,1919,EM FRENTE AO JUIZADO ESPECIAL,IMBIRIBEIRA,,CIDADE,ABALROAMENTO LONGITUDINAL,SEM VITIMAS,1,,,,,,1,,,0,,Longo da via,Bom,Não existe,Perfeito estado,Seca,Perfeito estado,Não existe,Não há placas,,Única,Faixa seccionada,,,,,,,,
2019-09-02,09:31:00,SEM VÍTIMA,FINALIZADA,BOA VIAGEM,RUA TENENTE JOAO CICERO,712,,EM FRENTE AO EDF JOÃO COSTA,RUA TENENTE JOAO CICERO,712,EM FRENTE AO EDF JOÃO COSTA,BOA VIAGEM,,SUBURBIO,ABALROAMENTO LONGITUDINAL,SEM VITIMAS,2,,,,,,,,,0,,Longo da via,Chuvoso,Não existe,Perfeito estado,Seca,Perfeito estado,Não existe,R-6a,,Única,Faixa seccionada,,,,,,,,
2019-09-02,09:34:00,SEM VÍTIMA,FINALIZADA,PAISSANDU,AV ENGENHEIRO AGAMENON DE MAGALHAES MELO,,,,AV ENGENHEIRO AGAMENON DE MAGALHAES MELO,,,PAISSANDU,69,,ABALROAMENTO LONGITUDINAL,COLISÃO S/VITIMAS ENTRE UM ONIBUS E UM AUTO,1,,,,,1,,,,0,,Longo da via,Chuvoso,Sem defeito,Perfeito estado,Molhada,Perfeito estado,Faixa de pedestre,,60 km/h,Dupla,Canal,,,,,,,,
2019-09-02,09:43:00,SEM VÍTIMA,FINALIZADA,AFOGADOS,EST DOS REMEDIOS,957,,APÓS O POSTO IPIRANGA,EST DOS REMEDIOS,957,APÓS O POSTO IPIRANGA,AFOGADOS,,CIDADE,COLISÃO TRASEIRA,SEM VITIMAS,2,,,,,,,,,0,,Longo da via,Chuvoso,Não existe,Perfeito estado,Molhada,Perfeito estado,Não existe,Não há placas,,Única,Faixa seccionada,,,,,,,,
2019-09-02,10:00:00,SEM VÍTIMA,FINALIZADA,JOANA BEZERRA,AV BEIRA RIO,,,PRÓXIMO A PONTE JOSÉ DE BARROS LIMA,AV BEIRA RIO,,PRÓXIMO A PONTE JOSÉ DE BARROS LIMA,JOANA BEZERRA,,CIDADE,ABALROAMENTO LONGITUDINAL,COLISÃO S/VITIMAS ENTRE DOIS AUTOS,2,,,,,,,,,0,,Longo da via,Bom,Não existe,Perfeito estado,Seca,Perfeito estado,Não existe,Não há placas,,Dupla,Faixa contínua,,,,,,,,
2019-09-02,10:31:00,SEM VÍTIMA,FINALIZADA,IPUTINGA,RUA PROFESSOR ANTONIO COELHO,477,RUA EMILIANO BRAGA,,RUA PROFESSOR ANTONIO COELHO,477,,IPUTINGA,,CIDADE,ABALROAMENTO TRANSVERSAL,COLISÃO DE DOIS CARROS,2,,,,,,,,,0,,Longo da via,Bom,Não existe,Perfeito estado,Seca,Perfeito estado,Faixa de pedestre,Placas Pare,,Única,Faixa contínua,Faixa seccionada,,,,,,,
2019-09-02,11:07:00,SEM VÍTIMA,FINALIZADA,PINA,RUA PROFESSOR JOSUE DE CASTRO,,,DENTRO DO TÚNEL,RUA PROFESSOR JOSUE DE CASTRO,,DENTRO DO TÚNEL,PINA,103,,COLISÃO TRASEIRA,COLISÃO ENTRE 2 AUTOS, SEM VÍTIMA.,2,,,,,,,,,0,,Longo da via,Bom,Sem defeito,Perfeito estado,Seca,Perfeito estado,Agente,Não há placas,60 km/h,Única,Faixa contínua,,,,,,,
2019-09-02,12:00:00,COM VÍTIMA,FINALIZADA,IPSEP,AV RECIFE,2828,,LADO OPOSTO AO ANTIGO HOTEL ESTORIL / AUTO CENTER PLANET RODAS,AV RECIFE,2828,LADO OPOSTO AO ANTIGO HOTEL ESTORIL / AUTO CENTER PLANET RODAS,IPSEP,,SUBURBIO,TOMBAMENTO,MOTOCICLETA C/VÍTIMA,,1,,,,,,,,1,,Longo da via,Chuvoso,Não existe,Perfeito estado,Molhada,Mal conservada,Não existe,Não há placas,60 km/h,Única,Faixa seccionada,,,,,,,,
2019-09-02,12:01:00,SEM VÍTIMA,FINALIZADA,PINA,RUA MANOEL DE BRITO,,AV CONSUL JOSEPH NOUJAIM,TUNEL DA AV HERCULANO BANDEIRA,RUA MANOEL DE BRITO,,TUNEL DA AV HERCULANO BANDEIRA,PINA,659,,ABALROAMENTO LONGITUDINAL,COLISAO ENTRE DOIS AUTOS S/V,2,,,,,,,,,0,,Cruzamento,Bom,Sem defeito,Perfeito estado,Seca,Perfeito estado,Faixa de pedestre,Não há placas,40 km/h,Única,Faixa contínua,,,,,,,,
2019-09-02,12:11:00,SEM VÍTIMA,FINALIZADA,IBURA,AV QUEIXARAMOBIM,69,,EM FRENTE AO TERMINAL UR II,AV QUEIXARAMOBIM,69,EM FRENTE AO TERMINAL UR II,IBURA,,SUBURBIO,ABALROAMENTO LONGITUDINAL,COLISAO ENTRE ONIBUS E MOTO,,1,,,,1,,,,0,,Longo da via,Bom,Não existe,Incompleta,Seca,Mal conservada,Não existe,Não há placas,,Dupla,Não existe,,,,,,,,
2019-09-02,12:44:00,SEM VÍTIMA,FINALIZADA,TEJIPIÓ,RUA APRIGIO GUIMARAES,840,,ESCOLA SÃO JORGE,RUA APRIGIO GUIMARAES,840,ESCOLA SÃO JORGE,TEJIPIÓ,,,ABALROAMENTO LONGITUDINAL,COLISAO ENTRE ONIBUS E AUTO S/V,1,,,,,1,,,,0,,Longo da via,Bom,Não existe,Incompleta,Seca,Perfeito estado,Não existe,Outras,,Dupla,Não existe,,,,,,,,
2019-09-02,12:46:00,COM VÍTIMA,FINALIZADA,CAMPO GRANDE,EST DE BELEM,516,,EM FRENTE AO EDIF AQUILES,EST DE BELEM,516,EM FRENTE AO EDIF AQUILES,CAMPO GRANDE,,SUBURBIO,ABALROAMENTO LONGITUDINAL,COLISÃO COM VITIMA, VITIMA AGUARDANDO O SAMU NO LOCAL,2,1,,,,,,,,1,,Longo da via,Bom,Sem defeito,Perfeito estado,Seca,Perfeito estado,Outros,Outras,,Dupla,Faixa contínua,,,,,,,
2019-09-02,12:47:00,SEM VÍTIMA,CANCELADA,BOA VIAGEM,AV CONSELHEIRO AGUIAR,,,PROX A LOJA DA BATERIAS MOURA NO SEMAFORO 133 S/T CID,AV CONSELHEIRO AGUIAR,,PROX A LOJA DA BATERIAS MOURA NO SEMAFORO 133 S/T CID,BOA VIAGEM,,,COLISÃO,COLISAO ENTRE DOIS AUTOS S/V,2,,,,,,,,,0,,,,,,,,,,,,,,,,,,,,
2019-09-02,13:01:00,COM VÍTIMA,DUPLICIDADE,CAMPO GRANDE,EST DE BELEM,,,PROX A UMA QUINTANDARIA/ PROX A PRAÇA DO HIPODROMO,EST DE BELEM,,PROX A UMA QUINTANDARIA/ PROX A PRAÇA DO HIPODROMO,CAMPO GRANDE,,,ENGAVETAMENTO,DOIS AUTOS X MOTO COM VÍTIMA,2,1,,,,,,,,1,,,,,,,,,,,,,,,,,,,,
2019-09-02,13:52:00,SEM VÍTIMA,FINALIZADA,BOA VIAGEM,AV DOM JOAO VI,1035,,POR TRÁS DO SHOPPING RECIFE,AV DOM JOAO VI,1035,POR TRÁS DO SHOPPING RECIFE,BOA VIAGEM,,SUBURBIO,COLISÃO TRASEIRA,ENTRE TRES AUTOS S/V,3,,,,,,,,,0,,Longo da via,Bom,Não existe,Perfeito estado,Seca,Perfeito estado,Não existe,Não há placas,60 km/h,Dupla,Faixa seccionada,,,,,,,,
2019-09-02,13:59:00,SEM VÍTIMA,FINALIZADA,IPUTINGA,RUA REZENDE,,,APOS A ESCOLA CRESCER,RUA REZENDE,,APOS A ESCOLA CRESCER,IPUTINGA,,,COLISÃO,COLISÃO SEM VITIMA,2,,,,,,,,,0,,,,,,,,,,,,,,,,,,,,
2019-09-02,15:26:00,SEM VÍTIMA,FINALIZADA,VASCO DA GAMA,AV NORTE,6720,,POSTO BR,AV NORTE,6720,POSTO BR,VASCO DA GAMA,,SUBURBIO,COLISÃO TRASEIRA,ALIMENTADORA X AUTO PASSEIO S/V,1,,,,,1,,,,0,,Longo da via,Bom,,,Seca,Perfeito estado,,Não há placas,,Dupla,Canteiro central,,,,,,,,
2019-09-02,15:57:00,SEM VÍTIMA,FINALIZADA,MADALENA,RUA BELARMINO CARNEIRO,74,,AO LADO DO CANTO KIDS,RUA BELARMINO CARNEIRO,74,AO LADO DO CANTO KIDS,MADALENA,,SUBURBIO,COLISÃO TRASEIRA,ENTRE DOIS AUTOS S/V,2,,,,,,,,,0,,Longo da via,Bom,Não existe,Incompleta,Seca,Perfeito estado,Não existe,Não há placas,,Dupla,Não existe,,,,,,,,
2019-09-02,16:15:00,SEM VÍTIMA,FINALIZADA,BOA VISTA,RUA SANTA LUZIA,,,PRÓXIMO AO HOSPITAL GOUVEIA DE BARROS,RUA SANTA LUZIA,,PRÓXIMO AO HOSPITAL GOUVEIA DE BARROS,BOA VISTA,,SUBURBIO,COLISÃO TRASEIRA,COLISAO ENTRE DOIS AUTOS S/V,2,,,,,,,,,0,,Cruzamento,Bom,Sem defeito,Perfeito estado,Seca,Perfeito estado,,Não há placas,,Única,Faixa seccionada,,,,,,,,
2019-09-02,16:24:00,SEM VÍTIMA,FINALIZADA,BOA VIAGEM,AV BOA VIAGEM,3778,,,AV BOA VIAGEM,3778,,BOA VIAGEM,,CIDADE,COLISÃO TRASEIRA,COLISÃO ENTRE DOIS AUTOS,2,,,,,,,,,0,,Longo da via,Bom,Não existe,Perfeito estado,Seca,Perfeito estado,Não existe,Não há placas,,Única,Faixa seccionada,,,,,,,,
2019-09-02,16:34:00,SEM VÍTIMA,FINALIZADA,IMBIRIBEIRA,AV MARECHAL MASCARENHAS DE MORAES,7935,,LADO OPOSTO A LOJA CONTINENTAL,AV MARECHAL MASCARENHAS DE MORAES,7935,LADO OPOSTO A LOJA CONTINENTAL,IMBIRIBEIRA,,SUBURBIO,ABALROAMENTO LONGITUDINAL,COLISAO ENTRE DOIS AUTOS S/V,2,,,,,,,,,0,,Longo da via,Bom,Não existe,Perfeito estado,Seca,Perfeito estado,Não existe,Não há placas,60 km/h,Dupla,Canteiro central,,,,,,,,
2019-09-02,17:16:00,SEM VÍTIMA,FINALIZADA,SANTO AMARO,AV MARIO MELO,,,LADO OPOSTO ESCOLA ESTADUAL SYLVIO RABELLO,AV MARIO MELO,,LADO OPOSTO ESCOLA ESTADUAL SYLVIO RABELLO,SANTO AMARO,,SUBURBIO,ABALROAMENTO LONGITUDINAL,COLISAO ENTRE DOIS AUTOS S/V,2,,,,,,,,,0,,Longo da via,Bom,Não existe,Perfeito estado,Seca,Perfeito estado,Não existe,Não há placas,,Dupla,Canteiro central,,,,,,,,
2019-09-02,17:29:00,SEM VÍTIMA,FINALIZADA,TORRE,RUA JOSE BONIFACIO,894,,,RUA JOSE BONIFACIO,894,,TORRE,,CIDADE,ABALROAMENTO LONGITUDINAL,COLISÃO SEM VITIMA,2,,,,,,,,,0,,Longo da via,Bom,Não existe,Perfeito estado,Seca,Mal conservada,Não existe,R-6a,,Única,Não existe,,,,,,,,
2019-09-02,18:50:00,SEM VÍTIMA,FINALIZADA,PINA,RUA TOME GIBSON,,AVENIDA CELSO FURTADO (VIA MANGUE),,RUA TOME GIBSON,,,PINA,,CIDADE,COLISÃO TRASEIRA,ENTRE 2 AUTOS. S/V,2,,,,,,,,,0,,Longo da via,Bom,Não existe,Ilegível,Seca,Perfeito estado,Não existe,Não há placas,60 km/h,Dupla,Não existe,,,,,,,,
2019-09-02,18:57:00,SEM VÍTIMA,CANCELADA,SAN MARTIN,AV DR JOSE RUFINO,241,RUA JOAO TEIXEIRA,E/F AO COLÉGIO VISAO --- SEMÁFORO 082,AV DR JOSE RUFINO,241,E/F AO COLÉGIO VISAO --- SEMÁFORO 082,SAN MARTIN,,,COLISÃO,ENTRE AUTO E CARRETA. S.V,1,,,,,,1,,,0,,,,,,,,,,,,,,,,,,,,
2019-09-02,19:14:00,,,IPUTINGA,AV CAXANGA,4251,,CAXANGÁ VEÍCULOS,AV CAXANGA,4251,CAXANGÁ VEÍCULOS,IPUTINGA,270,CIDADE,ABALROAMENTO LONGITUDINAL,FISCALIZAÇÃO DE ÁREA.,1,,,,,1,,,,,,Longo da via,Bom,Sem defeito,Perfeito estado,Seca,Perfeito estado,Não existe,Outras,,Única,Faixa seccionada,,,,,,,,
2019-09-02,19:46:00,SEM VÍTIMA,FINALIZADA,NOVA DESCOBERTA,AV VEREADOR OTACILIO AZEVEDO,,RUA SANTA TEREZA,,AV VEREADOR OTACILIO AZEVEDO,,,NOVA DESCOBERTA,,,ABALROAMENTO LONGITUDINAL,ONIBUS X AUTO. S/V,1,,,,,1,,,,0,,Cruzamento,Bom,Não existe,Ilegível,Seca,Mal iluminada,Não existe,Não há placas,,Dupla,Não existe,,,,,,,,
2019-09-02,20:17:00,SEM VÍTIMA,FINALIZADA,VÁRZEA,AV CAXANGA,4251,,ENF A CAXANGA VEICULOS,AV CAXANGA,4251,ENF A CAXANGA VEICULOS,VÁRZEA,,,COLISÃO,VT DA CTTU N:10 ESTA NO LOCAL // ONIBUS BRT X HB 20,1,,,,,1,,,,0,,,,,,,,,,,,,,,,,,,,
2019-09-02,20:47:00,SEM VÍTIMA,FINALIZADA,TAMARINEIRA,AV NORTE,,RUA EUCLIDES GOMES DE FREITAS,SEMÁFORO Nº 643,AV NORTE,,SEMÁFORO Nº 643,TAMARINEIRA,643,SUBURBIO,COLISÃO TRASEIRA,VT 06 DA CTTU NO LOCAL // PALIO X ONIBUS,1,,,,,1,,,,0,,Cruzamento,Bom,Sem defeito,Perfeito estado,Seca,Perfeito estado,,R-6a,,Dupla,Canteiro central,,,,,,,,
2019-09-02,21:00:00,COM VÍTIMA,FINALIZADA,ÁGUA FRIA,EST VELHA DE AGUA FRIA,1029,,ESQUINA COM O DENOCS , FAIXA DA DIREITA / E/F AO EDF VILA COIMBRA / AO LADO DO RESIDNCIAL VILA COIMBRA.,EST VELHA DE AGUA FRIA,1029,ESQUINA COM O DENOCS , FAIXA DA DIREITA / E/F AO EDF VILA COIMBRA / AO LADO DO RESIDNCIAL VILA COIMBRA.,ÁGUA FRIA,,,ABALROAMENTO LONGITUDINAL,ENTRE AUTO E MOTO. C/V,1,1,,,,,,,,2,,Longo da via,Bom,Não existe,Ilegível,Seca,Mal iluminada,Não existe,Não há placas,,Dupla,Canteiro central,,,,,,
2019-09-02,21:14:00,SEM VÍTIMA,FINALIZADA,TORRE,RUA REAL DA TORRE,,RUA PADRE ANCHIETA,,RUA REAL DA TORRE,,,TORRE,,,ABALROAMENTO LONGITUDINAL,DOIS AUTO,2,,,,,,,,,0,,Cruzamento,Bom,Sem defeito,Perfeito estado,Seca,Perfeito estado,Faixa de pedestre,Não há placas,60 km/h,Única,,,,,,,,,
2019-09-02,21:32:00,SEM VÍTIMA,FINALIZADA,CABANGA,,,,CABANGA IATE CLUBE DE PERNAMBUCO,,,CABANGA IATE CLUBE DE PERNAMBUCO,CABANGA,,CIDADE,COLISÃO TRASEIRA,CORSA X ONIBUS BORBOREMA,1,,,,,1,,,,0,,Longo da via,Bom,Não existe,Perfeito estado,Seca,Perfeito estado,Não existe,Outras,,Única,Faixa seccionada,,,,,,,,
2019-09-02,21:59:00,SEM VÍTIMA,FINALIZADA,SANTO ANTÔNIO,,,,EM FRENTE AO FORTE 5 PONTAS,,,EM FRENTE AO FORTE 5 PONTAS,SANTO ANTÔNIO,,SUBURBIO,CHOQUE OBJETO FIXO,AUTO SE CHOCOU CONTRA O POSTE. CONDUTORA APRESENTA SINAIS DE EMBRIGUEZ,1,,,,,,,,,0,,Longo da via,Bom,Sem defeito,Perfeito estado,Seca,Perfeito estado,Não existe,Não há placas,,Única,Faixa contínua,,,,,,,,
2019-09-02,22:36:00,SEM VÍTIMA,FINALIZADA,BOA VISTA,RUA BARAO DE SAO BORJA,,,AO LADO DO CENTRO UNIVERSITÁRIO TIRADENTES,RUA BARAO DE SAO BORJA,,AO LADO DO CENTRO UNIVERSITÁRIO TIRADENTES,BOA VISTA,,SUBURBIO,CHOQUE OBJETO FIXO,CAMINHÃO DA COMPESA SE CHOCOU CONTRA O POSTE,,,,,,,1,,,0,,Longo da via,Bom,Não existe,Ilegível,Seca,Mal iluminada,Não existe,Não há placas,,Dupla,Não existe,,,,,,,,
2019-09-03,07:03:00,SEM VÍTIMA,CANCELADA,BOA VIAGEM,RUA CAPITAO ZUZINHA,152,,AO LADO DO VITORIA PRAIA HOTEL,RUA CAPITAO ZUZINHA,152,AO LADO DO VITORIA PRAIA HOTEL,BOA VIAGEM,,,COLISÃO,COLISÃO SEM VITIMAS,2,,,,,,,,,0,,,,,,,,,,,,,,,,,,,,
2019-09-03,07:30:00,SEM VÍTIMA,FINALIZADA,IMBIRIBEIRA,AV ENGENHEIRO ALVES DE SOUZA,546,RUA PADRE CARLOS LEONCIO,PRÓX ACADEMIA HI,AV ENGENHEIRO ALVES DE SOUZA,546,PRÓX ACADEMIA HI,IMBIRIBEIRA,,SUBURBIO,ABALROAMENTO TRANSVERSAL,COLISÃO SEM VÍTIMA, NO MEIO DO CRUZAMENTO,2,,,,,,,,,0,,Cruzamento,Bom,Não existe,Não existente,Seca,Perfeito estado,Não existe,Não há placas,,Dupla,Não existe,,,,,,,
2019-09-03,07:32:00,SEM VÍTIMA,FINALIZADA,PARNAMIRIM,AV PARNAMIRIM,457,,,AV PARNAMIRIM,457,,PARNAMIRIM,,CIDADE,ABALROAMENTO LONGITUDINAL,COLISÃO SEM VITIMAS,1,,,,,1,,,,0,,Longo da via,Bom,Não existe,Perfeito estado,Seca,Perfeito estado,,,,Única,,,,,,,,,
2019-09-03,07:35:00,SEM VÍTIMA,FINALIZADA,TORRE,AV BEIRA RIO,,RUA AMELIA,,AV BEIRA RIO,,,TORRE,630,SUBURBIO,ABALROAMENTO LONGITUDINAL,SEM VITIMAS,1,,,,,,1,,,0,,,Bom,Sem defeito,Perfeito estado,Seca,Perfeito estado,Faixa de retenção,,,Única,Faixa contínua,,,,,,,,
2019-09-03,07:55:00,SEM VÍTIMA,CANCELADA,IMBIRIBEIRA,AV MARECHAL MASCARENHAS DE MORAES,2798,,EM FRENTE AO BANCO BRADESCO,AV MARECHAL MASCARENHAS DE MORAES,2798,EM FRENTE AO BANCO BRADESCO,IMBIRIBEIRA,,AEROPORTO,COLISÃO,SEM VITIMAS,1,1,,,,,,,,0,,,,,,,,,,,,,,,,,,,,
2019-09-03,08:14:00,SEM VÍTIMA,FINALIZADA,MADALENA,AV ENGENHEIRO ABDIAS DE CARVALHO,1801,,EM FRENTE A FUNASE,AV ENGENHEIRO ABDIAS DE CARVALHO,1801,EM FRENTE A FUNASE,MADALENA,,,ABALROAMENTO TRANSVERSAL,COLISÃO SEM VITIMAS,3,,,,,,,,,0,,Longo da via,Bom,Não existe,Perfeito estado,Seca,Perfeito estado,,Não há placas,,Única,Canteiro central,,,,,,,,
2019-09-03,08:55:00,SEM VÍTIMA,FINALIZADA,IMBIRIBEIRA,RUA PARIS,355,,EM FRENTE AO CENTRO AUTOMOTIVO NANDO AUTO CAR,RUA PARIS,355,EM FRENTE AO CENTRO AUTOMOTIVO NANDO AUTO CAR,IMBIRIBEIRA,,CIDADE,COLISÃO TRASEIRA,COLISÃO DE UM CARRO COM UM CAMINHÃO,1,,,,,,1,,,0,,Longo da via,Bom,Não existe,Perfeito estado,Seca,Perfeito estado,Não existe,Não há placas,50 km/h,Dupla,Faixa contínua,,,,,,,,
2019-09-03,09:26:00,SEM VÍTIMA,FINALIZADA,IPSEP,RUA JEAN EMILE FAVRE,1636,,EM FRENTE AO DISTRITO SANITÁRIO VI,RUA JEAN EMILE FAVRE,1636,EM FRENTE AO DISTRITO SANITÁRIO VI,IPSEP,135,SUBURBIO,COLISÃO TRASEIRA,COLISÃO SEM VITIMAS,2,,,,,,,,,0,,Longo da via,Bom,Sem defeito,Perfeito estado,Seca,Perfeito estado,Faixa de pedestre,Outras,,Dupla,Faixa contínua,,,,,,,,
2019-09-03,09:54:00,SEM VÍTIMA,FINALIZADA,SAN MARTIN,RUA VINTE E UM DE ABRIL,2341,,GIRADOURO DA PRAÇA DO GENERAL SAN MARTIN,RUA VINTE E UM DE ABRIL,2341,GIRADOURO DA PRAÇA DO GENERAL SAN MARTIN,SAN MARTIN,,CIDADE,COLISÃO,COLISÃO DE DOIS CARROS,2,,,,,,,,,0,,,,,,,,,,,,,,,,,,,,
2019-09-03,10:46:00,SEM VÍTIMA,CANCELADA,AFOGADOS,RUA DO ROSARIO,53,RUA SAO MIGUEL,RUA EM FRENTE AO BANCO DO BRASIL,RUA DO ROSARIO,53,RUA EM FRENTE AO BANCO DO BRASIL,AFOGADOS,,,COLISÃO,SEM VITIMAS,2,,,,,,,,,0,,,,,,,,,,,,,,,,,,,,
2019-09-03,10:52:00,SEM VÍTIMA,FINALIZADA,GRAÇAS,RUA CARDEAL ARCOVERDE,,AV RUI BARBOSA,,RUA CARDEAL ARCOVERDE,,,GRAÇAS,126,SUBURBIO,ABALROAMENTO TRANSVERSAL,COLISÃO DE UM CARRO E UM CAMINHÃO,1,,,,,,1,,,0,,Cruzamento,Bom,Sem defeito,Perfeito estado,Seca,Perfeito estado,Faixa de pedestre,Não há placas,,Única,Não existe,,,,,,,,
2019-09-03,12:03:00,SEM VÍTIMA,FINALIZADA,AREIAS,AV RECIFE,,,NO SEMAFORO 617 E/F AO HOSPITAL PAN DE AREIAS S/T SUB,AV RECIFE,,NO SEMAFORO 617 E/F AO HOSPITAL PAN DE AREIAS S/T SUB,AREIAS,,,COLISÃO,COLISAO ENTRE CAMINHAO E MOTO S/V,,1,,,,1,,,,0,,,,,,,,,,,,,,,,,,,,
2019-09-03,12:19:00,SEM VÍTIMA,FINALIZADA,BOA VIAGEM,AV CONSELHEIRO AGUIAR,2240,,EXCLUSIVITE TRAESSEAU,AV CONSELHEIRO AGUIAR,2240,EXCLUSIVITE TRAESSEAU,BOA VIAGEM,143,SUBURBIO,COLISÃO TRASEIRA,COLISÃO SC/VITIMA ENTRE TRES AUTOS (GESTANTE E CRIANÇA SOCORRIDAS POR MEIOS PRÓPRIOS),1,,,,,,,,1,0,,Longo da via,Bom,Sem defeito,Perfeito estado,Seca,Perfeito estado,Faixa de pedestre,R-6a,,Única,Faixa contínua,Faixa seccionada,,,,,,,
2019-09-03,12:22:00,SEM VÍTIMA,CANCELADA,DERBY,RUA BARAO DE GOIANA,,,E/F AO ANTIGO HOSPITAL DO IPSEP E DA CASA DO ESTUDANTE,RUA BARAO DE GOIANA,,E/F AO ANTIGO HOSPITAL DO IPSEP E DA CASA DO ESTUDANTE,DERBY,,,COLISÃO,COLISAO ENTRE DOIS AUTOS S/V,2,,,,,,,,,0,,,,,,,,,,,,,,,,,,,,
2019-09-03,12:36:00,SEM VÍTIMA,FINALIZADA,TAMARINEIRA,AV NORTE,3435,,,AV NORTE,3435,,TAMARINEIRA,,CIDADE,ABALROAMENTO LONGITUDINAL,COLISAO ENTRE AUTO E CAMINHAO S/V,1,,,,,,1,,,0,,Longo da via,Bom,Sem defeito,Perfeito estado,Seca,Perfeito estado,,,,Dupla,Faixa seccionada,Canteiro central,,,,,,,
2019-09-03,12:44:00,SEM VÍTIMA,FINALIZADA,BOA VIAGEM,AV VINTE DE JANEIRO,651,RUA PROF AURELIO DE CASTRO CAVALCANTI,,AV VINTE DE JANEIRO,651,,BOA VIAGEM,,CIDADE,ABALROAMENTO LONGITUDINAL,COLISÃO SEM VITIMAS,2,,,,,,,,,0,,Cruzamento,Bom,Não existe,Não existente,Seca,Perfeito estado,Não existe,Não há placas,40 km/h,Dupla,Não existe,,,,,,,,
2019-09-03,12:55:00,SEM VÍTIMA,DUPLICIDADE,BOA VIAGEM,RUA HENRIQUE CAPITULINO,2240,AV CONSELHEIRO AGUIAR,EM FRENTE A LOJA EXCLUSIVETE,RUA HENRIQUE CAPITULINO,2240,EM FRENTE A LOJA EXCLUSIVETE,BOA VIAGEM,,,COLISÃO,COLISÃO SEM VITIMAS,3,,,,,,,,,0,,,,,,,,,,,,,,,,,,,,
2019-09-03,13:19:00,SEM VÍTIMA,FINALIZADA,TORRE,RUA JOSE BONIFACIO,,RUA PADRE ANCHIETA,SEMÁFORO 193,RUA JOSE BONIFACIO,,SEMÁFORO 193,TORRE,193,SUBURBIO,ABALROAMENTO LONGITUDINAL,COLISÃO SEM VITIMAS,1,,,,,1,,,,0,,Cruzamento,Bom,Sem defeito,Perfeito estado,Seca,Perfeito estado,Faixa de retenção,R-6a,,Única,Não existe,,,,,,,,