data,hora,natureza_acidente,situacao,bairro,endereco,numero,detalhe_endereco_acidente,complemento,endereco_cruzamento,numero_cruzamento,referencia_cruzamento,bairro_cruzamento,num_semaforo,sentido_via,tipo,descricao,auto,moto,ciclom,ciclista,pedestre,onibus,caminhao,viatura,outros,vitimas,vitimasfatais,acidente_verificado,tempo_clima,situacao_semaforo,sinalizacao,condicao_via,conservacao_via,ponto_controle,situacao_placa,velocidade_max_via,mao_direcao,divisao_via1,divisao_via2,divisao_via3,,,,,,
2019-09-03,13:25:00,SEM VÍTIMA,FINALIZADA,BOA VIAGEM,RUA JOSE DA SILVA LUCENA,,,EM FRENTE AO GGE,RUA JOSE DA SILVA LUCENA,,EM FRENTE AO GGE,BOA VIAGEM,,SUBURBIO,ABALROAMENTO LONGITUDINAL,COLISÃO SEM VÍTIMA,2,,,,,,,,,0,,Longo da via,Bom,Não existe,Perfeito estado,Seca,Perfeito estado,Não existe,Não há placas,,Dupla,Faixa contínua,,,,,,,,
2019-09-03,14:44:00,SEM VÍTIMA,FINALIZADA,IMBIRIBEIRA,RUA ALFREDO MARCONDES,,RUA SARGENTO SILVINO DE MACEDO,,RUA ALFREDO MARCONDES,,,IMBIRIBEIRA,442,CIDADE,COLISÃO FRONTAL,COLISÃO S/VITIMAS ENTRE DOIS AUTOS,2,,,,,,,,,0,,Cruzamento,Bom,Sem defeito,Perfeito estado,Seca,Perfeito estado,Faixa de pedestre,Outras,60 km/h,Dupla,Não existe,,,,,,,,
2019-09-03,15:01:00,SEM VÍTIMA,FINALIZADA,BEBERIBE,AV BEBERIBE,4470,,EM FRENTE A MARMOARIA DOIS IRMÃOS,AV BEBERIBE,4470,EM FRENTE A MARMOARIA DOIS IRMÃOS,BEBERIBE,398,SUBURBIO,ABALROAMENTO TRANSVERSAL,COLISÃO SEM VITIMA/ V.T 12 NO LOCAL,1,,,,,1,,,,0,,Longo da via,Bom,Sem defeito,Perfeito estado,Seca,Perfeito estado,Faixa de pedestre,Não há placas,40 km/h,Dupla,Faixa contínua,,,,,,,,
2019-09-03,15:05:00,COM VÍTIMA,FINALIZADA,VÁRZEA,RUA RIBEIRO PESSOA,51,,EM FRENTE A BORRACHARIA DO NADO,RUA RIBEIRO PESSOA,51,EM FRENTE A BORRACHARIA DO NADO,VÁRZEA,,,COLISÃO FRONTAL,COLISÃO COM VÍTIMA,1,1,,,,,,,,2,,Longo da via,Bom,Não existe,Perfeito estado,Seca,Mal conservada,Não existe,Não há placas,,Dupla,Faixa seccionada,,,,,,,,
2019-09-03,15:17:00,SEM VÍTIMA,FINALIZADA,,,156,,ANTIGA RUA DO PALANQUE,,156,ANTIGA RUA DO PALANQUE,,,SUBURBIO,ABALROAMENTO TRANSVERSAL,COLISÃO S/VITIMAS ENTRE UMA MOTO E UM AUTO,1,1,,,,,,,,0,,Longo da via,Bom,Não existe,Ilegível,Seca,Mal conservada,Outros,Outras,,Dupla,Não existe,,,,,,,,
2019-09-03,15:52:00,SEM VÍTIMA,FINALIZADA,ESPINHEIRO,RUA SANTO ELIAS,,RUA DO ESPINHEIRO,,RUA SANTO ELIAS,,,ESPINHEIRO,,,ABALROAMENTO LONGITUDINAL,COLISAO ENTRE DOIS AUTOS S/V,2,,,,,,,,,0,,Cruzamento,Bom,Não existe,Perfeito estado,Seca,Perfeito estado,Faixa de pedestre,R-6a,,,Não existe,,,,,,,,
2019-09-03,16:14:00,COM VÍTIMA,FINALIZADA,SANTO AMARO,AV VISCONDE DE SUASSUNA,775,,CLINICA DR RICARDO VILA NOVA,AV VISCONDE DE SUASSUNA,775,CLINICA DR RICARDO VILA NOVA,SANTO AMARO,,SUBURBIO,ATROPELAMENTO,AUTO E PEDESTRE/ O CONDUTOR REMOVEL O VEÍCULO DO LOCAL POIS O MESMO ESTARIA NA CURVA,1,,,,1,,,,,1,,Esquina,Bom,Sem defeito,Incompleta,Seca,Perfeito estado,Não existe,R-6a,,Única,Faixa seccionada,,,,,,,,
2019-09-03,16:25:00,SEM VÍTIMA,FINALIZADA,BAIRRO DO RECIFE,AV ALFREDO LISBOA,,,EM FRENTE AO MERCADO,AV ALFREDO LISBOA,,EM FRENTE AO MERCADO,BAIRRO DO RECIFE,,CIDADE,ABALROAMENTO LONGITUDINAL,COLISÃO SEM VITIMA,1,,,,,,1,,,0,,Longo da via,Bom,Sem defeito,Perfeito estado,Seca,Perfeito estado,Não existe,Não há placas,,Única,Não existe,,,,,,,,
2019-09-03,16:31:00,SEM VÍTIMA,FINALIZADA,BOA VISTA,RUA DO PRINCIPE,500,,EM FRENTE A LUC VEST MODA EM ALUGUEL,RUA DO PRINCIPE,500,EM FRENTE A LUC VEST MODA EM ALUGUEL,BOA VISTA,,CIDADE,ABALROAMENTO LONGITUDINAL,COLISÃO S/VITIMAS ENTRE UMA MOTO E UM AUTOS,1,1,,,,,,,,0,,Longo da via,Bom,Não existe,Perfeito estado,Seca,Perfeito estado,Não existe,R-6a,,Única,Faixa seccionada,,,,,,,,
2019-09-03,16:35:00,SEM VÍTIMA,FINALIZADA,BOA VISTA,RUA JOSE DE ALENCAR,,,E/F AO ARLEGO IMUNO MULTICLINICA PROX A UNIMED 3,RUA JOSE DE ALENCAR,,E/F AO ARLEGO IMUNO MULTICLINICA PROX A UNIMED 3,BOA VISTA,725,,COLISÃO,COLISAO ENTRE DOIS AUTOS S/V,2,,,,,,,,,0,,,,,,,,,,,,,,,,,,,,
2019-09-03,16:38:00,SEM VÍTIMA,CANCELADA,AFOGADOS,RUA VINTE E UM DE ABRIL,319,,PROXIMO A ESTER CABELELEIRA,RUA VINTE E UM DE ABRIL,319,PROXIMO A ESTER CABELELEIRA,AFOGADOS,,,COLISÃO,COLISÃO SEM VÍTIMA,2,,,,,,,,,0,,,,,,,,,,,,,,,,,,,,
2019-09-03,16:53:00,SEM VÍTIMA,FINALIZADA,AFOGADOS,RUA DA PAZ,,,EM FRENTE A LOJA EUDORADO TINTAS,RUA DA PAZ,,EM FRENTE A LOJA EUDORADO TINTAS,AFOGADOS,,,ABALROAMENTO LONGITUDINAL,COLISÃO SEM VITIMA,,,,,,,2,,,0,,Longo da via,Bom,Não existe,Perfeito estado,Seca,Perfeito estado,Não existe,Não há placas,40 km/h,Única,Faixa seccionada,,,,,,,,
2019-09-03,17:58:00,SEM VÍTIMA,FINALIZADA,ILHA DO LEITE,AV GOVERNADOR AGAMENON MAGALHAES,,,BANCO ITAÚ,AV GOVERNADOR AGAMENON MAGALHAES,,BANCO ITAÚ,ILHA DO LEITE,69,CIDADE,ABALROAMENTO LONGITUDINAL,ENTRE ÕNIBUS E AUTO PASSEIO. S/V,1,,,,,1,,,,0,,Longo da via,Bom,Sem defeito,Perfeito estado,Seca,Perfeito estado,Faixa de pedestre,Não há placas,60 km/h,Dupla,Canteiro central,,,,,,,,
2019-09-03,18:25:00,SEM VÍTIMA,FINALIZADA,TEJIPIÓ,AV DR JOSE RUFINO,,,E/F AO ARMAZÉM CORAL,AV DR JOSE RUFINO,,E/F AO ARMAZÉM CORAL,TEJIPIÓ,,SUBURBIO,COLISÃO TRASEIRA,ENTRE 2 AUTOS. S/V,2,,,,,,,,,0,,Longo da via,Bom,Não existe,Perfeito estado,Seca,Perfeito estado,Não existe,Não há placas,,Dupla,Faixa seccionada,,,,,,,,
2019-09-03,18:57:00,SEM VÍTIMA,FINALIZADA,CORDEIRO,RUA AMBROSIO MACHADO,,RUA CONS SILVEIRA DE SOUZA,AO LADO DO Nº 165,RUA AMBROSIO MACHADO,,AO LADO DO Nº 165,CORDEIRO,,CIDADE,COLISÃO TRASEIRA,,1,1,,,,,,,,0,,Longo da via,Bom,Não existe,Não existente,Seca,Perfeito estado,Não existe,Não há placas,,Dupla,Canteiro central,,,,,,,,
2019-09-03,19:30:00,SEM VÍTIMA,FINALIZADA,GRAÇAS,AV RUI BARBOSA,,RUA ALBERTO PAIVA,,AV RUI BARBOSA,,,GRAÇAS,305,,ABALROAMENTO LONGITUDINAL,ENTRE 2 AUTOS. S/V,2,,,,,,,,,0,,Cruzamento,Bom,Sem defeito,Perfeito estado,Seca,Perfeito estado,Faixa de pedestre,Outras,,Única,Faixa seccionada,,,,,,,,
2019-09-03,20:01:00,COM VÍTIMA,FINALIZADA,BOA VIAGEM,AV ENGENHEIRO DOMINGOS FERREIRA,,RUA ERNESTO DE PAULA SANTOS,,AV ENGENHEIRO DOMINGOS FERREIRA,,,BOA VIAGEM,217,CIDADE,ABALROAMENTO LONGITUDINAL,AUTO PASSEIO X DUAS MOTOS,1,2,,,,,,,,1,,Cruzamento,Bom,Sem defeito,Perfeito estado,Seca,Perfeito estado,Faixa de pedestre,Outras,,Dupla,Faixa contínua,,,,,,,,
2019-09-03,20:07:00,COM VÍTIMA,FINALIZADA,IMBIRIBEIRA,AV MARECHAL MASCARENHAS DE MORAES,,,PRÓXIMO A UNIVERSO,AV MARECHAL MASCARENHAS DE MORAES,,PRÓXIMO A UNIVERSO,IMBIRIBEIRA,501,CIDADE,ATROPELAMENTO,HONDA CG 160 FAN,,1,,,1,,,,,1,,Longo da via,Bom,Sem defeito,Perfeito estado,Seca,Perfeito estado,Faixa de pedestre,Outras,60 km/h,Única,Faixa seccionada,,,,,,,,
2019-09-03,23:53:00,SEM VÍTIMA,FINALIZADA,IBURA,LAD DA COHAB,,,INICIO DA SUBIDA DA LADEIRA UR1 / IBURA,LAD DA COHAB,,INICIO DA SUBIDA DA LADEIRA UR1 / IBURA,IBURA,,SUBURBIO,ABALROAMENTO LONGITUDINAL,COLISAO SEM VITIMAS,1,,,,,1,,,,0,,Longo da via,Bom,Não existe,Perfeito estado,Seca,Perfeito estado,Não existe,Não há placas,,Dupla,Não existe,,,,,,,,
2019-09-04,07:40:00,COM VÍTIMA,FINALIZADA,SANTO ANTÔNIO,PRC DA REPUBLICA,,,AO LADO DO PALACIO DO GOV,PRC DA REPUBLICA,,AO LADO DO PALACIO DO GOV,SANTO ANTÔNIO,,CIDADE,TOMBAMENTO,CICLISTA CAIU NO BURACO,,,,1,,,,,,1,,Longo da via,Bom,Não existe,Perfeito estado,Seca,Perfeito estado,Não existe,Outras,,Única,Não existe,,,,,,,,
2019-09-04,07:48:00,SEM VÍTIMA,CANCELADA,SAN MARTIN,AV GENERAL SAN MARTIN,493,,EM FRENTE AO CENTRO AUTOMOTIVO,AV GENERAL SAN MARTIN,493,EM FRENTE AO CENTRO AUTOMOTIVO,SAN MARTIN,,,COLISÃO,MOTO E AUTO,1,1,,,,,,,,0,,,,,,,,,,,,,,,,,,,,
2019-09-04,07:47:00,SEM VÍTIMA,FINALIZADA,MADALENA,RUA PESSOA DE MELO,,RUA JOSE OSORIO,AO LADO DO RM EXPRESS,RUA PESSOA DE MELO,,AO LADO DO RM EXPRESS,MADALENA,,,ABALROAMENTO LONGITUDINAL,COLISÃO SEM VITIMAS ENTRE CICLISTA E VEICULO AUTO PASSEIO,1,,,1,,,,,,0,,Longo da via,Chuvoso,Não existe,Não existente,Molhada,Perfeito estado,Não existe,Não há placas,40 km/h,Dupla,Não existe,,,,,,,,
2019-09-04,08:04:00,COM VÍTIMA,FINALIZADA,IBURA,AV DOIS RIOS,1127,,EM FRENTE A FARMACIA PAGUE MENOS,AV DOIS RIOS,1127,EM FRENTE A FARMACIA PAGUE MENOS,IBURA,,CIDADE,ABALROAMENTO LONGITUDINAL,COLISÃO COM VITIMA A ESPERA DO SAMU,1,1,,,,,,,,1,,Longo da via,Chuvoso,Não existe,Incompleta,Seca,,Não existe,R-6a,,Dupla,Faixa contínua,,,,,,,,
2019-09-04,08:18:00,COM VÍTIMA,FINALIZADA,MONTEIRO,RUA DE APIPUCOS,192,,EM FRENTE AO EDF ILHA SARDENHA/200M APÓS O AÇUDE DE APIPUCOS / JARDINS APIPUCOS,RUA DE APIPUCOS,192,EM FRENTE AO EDF ILHA SARDENHA/200M APÓS O AÇUDE DE APIPUCOS / JARDINS APIPUCOS,MONTEIRO,,RECIFE,COLISÃO,COM DUAS VITIMAS .BOMBEIROS NO LOCAL,3,1,,,,,,,,1,,Longo da via,Bom,Não existe,Perfeito estado,Seca,Perfeito estado,Outros,Outras,,Dupla,Faixa contínua,,,,,,,,
2019-09-04,08:25:00,COM VÍTIMA,FINALIZADA,MADALENA,RUA JOSE OSORIO,654,RUA REVERENDO SAMUEL FALCAO,APÓS O CRUZAMENTO COM A REAL DA TORRE,RUA JOSE OSORIO,654,APÓS O CRUZAMENTO COM A REAL DA TORRE,MADALENA,,SUBURBIO,ABALROAMENTO TRANSVERSAL,COLISÃO AUTO X MOTO COM VÍTIMA,1,1,,,,,,,,1,,Cruzamento,Bom,Não existe,Perfeito estado,Seca,Perfeito estado,Não existe,R-6a,40 km/h,Dupla,Faixa contínua,,,,,,,,
2019-09-04,08:50:00,SEM VÍTIMA,FINALIZADA,PARNAMIRIM,RUA DA ESTRELA,100,,,RUA DA ESTRELA,100,,PARNAMIRIM,,SUBURBIO,ABALROAMENTO LONGITUDINAL,COLISÃO S/ VITIMAS ENTRE DOIS AUTOS,2,,,,,,,,,0,,Longo da via,Nublado,Não existe,Perfeito estado,Seca,Perfeito estado,Não existe,Outras,30 km/h,Dupla,Não existe,,,,,,,,
2019-09-04,08:53:00,SEM VÍTIMA,FINALIZADA,APIPUCOS,RUA DE APIPUCOS,685,,CONDOMÍNIO RESERVA DE APIPUCOS / AÇUDE DE APIPUCOS,RUA DE APIPUCOS,685,CONDOMÍNIO RESERVA DE APIPUCOS / AÇUDE DE APIPUCOS,APIPUCOS,,SUBURBIO,COLISÃO TRASEIRA,SEM VITIMAS,2,,,,,,,,,0,,Longo da via,Bom,Não existe,Perfeito estado,Seca,Perfeito estado,Não existe,Outras,,Dupla,Faixa contínua,,,,,,,,
2019-09-04,09:04:00,COM VÍTIMA,FINALIZADA,VÁRZEA,RUA ENGENHEIRO VASCONCELOS BITTENCOURT,,,EM FRENTE A PRAÇA DO CAXITO,RUA ENGENHEIRO VASCONCELOS BITTENCOURT,,EM FRENTE A PRAÇA DO CAXITO,VÁRZEA,,SUBURBIO,TOMBAMENTO,DERRAMAMENTO DE OLEO NA PISTA COM ISSO MOTOCICLISTA AO PASSAR PELO LOCAL DERRAPOU E CAIU ENCONTRA SE A ESPERA DO SAMU,,1,,,,,,,,1,,Longo da via,Bom,Não existe,Perfeito estado,Seca,Perfeito estado,,Outras,,Dupla,Não existe,,,,,,,,
2019-09-04,10:15:00,SEM VÍTIMA,FINALIZADA,SANTO ANTÔNIO,RUA DO SOL,143,,,RUA DO SOL,143,,SANTO ANTÔNIO,,CIDADE,ABALROAMENTO LONGITUDINAL,DOIS AUTOS,2,,,,,,,,,0,,Longo da via,Chuvoso,Sem defeito,Perfeito estado,Molhada,Perfeito estado,Faixa de pedestre,,,Única,Faixa seccionada,,,,,,,,
2019-09-04,10:18:00,SEM VÍTIMA,FINALIZADA,AREIAS,AV DR JOSE RUFINO,1352,RUA DONA ANA AURORA,,AV DR JOSE RUFINO,1352,,AREIAS,,SUBURBIO,ABALROAMENTO TRANSVERSAL,COLISÃO S/ VITIMAS ENTRE DOIS AUTOS,2,,,,,,,,,0,,Longo da via,Chuvoso,Não existe,Perfeito estado,Molhada,Perfeito estado,Não existe,R-6a,,Dupla,Faixa contínua,,,,,,,,
2019-09-04,10:20:00,SEM VÍTIMA,FINALIZADA,BOA VIAGEM,RUA WALDEMAR NERY CARNEIRO MONTEIRO,,,EM FRENTE AO Nº 720,RUA WALDEMAR NERY CARNEIRO MONTEIRO,,EM FRENTE AO Nº 720,BOA VIAGEM,,SUBURBIO,ABALROAMENTO LONGITUDINAL,SEM VITIMAS,2,,,,,,,,,0,,Longo da via,Bom,Não existe,Incompleta,Seca,Perfeito estado,Não existe,Não há placas,,Dupla,Não existe,,,,,,,,
2019-09-04,11:43:00,SEM VÍTIMA,FINALIZADA,BARRO,AV DR JOSE RUFINO,,,SOBRE O VIADUTO BR 101,AV DR JOSE RUFINO,,SOBRE O VIADUTO BR 101,BARRO,,CIDADE,COLISÃO TRASEIRA,DOIS AUTOS,2,,,,,,,,,0,,Longo da via,Chuvoso,Não existe,Perfeito estado,Molhada,Perfeito estado,Não existe,Não há placas,,Dupla,Faixa contínua,,,,,,,,
2019-09-04,11:50:00,SEM VÍTIMA,FINALIZADA,PARNAMIRIM,AV DEZESSETE DE AGOSTO,,,PRACA DR JOSE VILELA,AV DEZESSETE DE AGOSTO,,PRACA DR JOSE VILELA,PARNAMIRIM,,SUBURBIO,COLISÃO TRASEIRA,COLISÃO SEM VITIMAS,3,,,,,,,,,0,,Longo da via,Nublado,Não existe,Perfeito estado,Seca,Perfeito estado,Não existe,Outras,60 km/h,Dupla,Faixa contínua,,,,,,,,
2019-09-04,11:51:00,SEM VÍTIMA,FINALIZADA,BOA VISTA,AV GOVERNADOR AGAMENON MAGALHAES,,PRC PARQUE AMORIM,SOB O SEMÁFORO 173 SENTIDO BOA VIAGEM / OLINDA,AV GOVERNADOR AGAMENON MAGALHAES,,SOB O SEMÁFORO 173 SENTIDO BOA VIAGEM / OLINDA,BOA VISTA,173,SUBURBIO,ABALROAMENTO LONGITUDINAL,COLISÃO S/VITIMAS ENTRE DOIS AUTOS,2,,,,,,,,,0,,Longo da via,Bom,Sem defeito,Perfeito estado,Seca,Perfeito estado,Faixa de pedestre,Outras,60 km/h,Dupla,Faixa contínua,,,,,,,,
2019-09-04,12:15:00,SEM VÍTIMA,FINALIZADA,PARNAMIRIM,RUA MAJOR JOAQUIM CAVALCANTE,15,,,RUA MAJOR JOAQUIM CAVALCANTE,15,,PARNAMIRIM,,SUBURBIO,ABALROAMENTO LONGITUDINAL,AUTO PASSEIO X MOTO SEM VÍTIMAS,1,1,,,,,,,,0,,Longo da via,Chuvoso,Não existe,Incompleta,Molhada,Perfeito estado,Não existe,Não há placas,,Dupla,Não existe,,,,,,,,
2019-09-04,12:54:00,SEM VÍTIMA,CANCELADA,DERBY,RUA DR SEVERINO PINHEIRO,,,EM CIMA DA PONTE ESTACIO COIMBRA/ SENTIDO AGAMENON,RUA DR SEVERINO PINHEIRO,,EM CIMA DA PONTE ESTACIO COIMBRA/ SENTIDO AGAMENON,DERBY,,,COLISÃO,COLISÃO SEM VÍTIMA,2,,,,,,,,,0,,,,,,,,,,,,,,,,,,,,
2019-09-04,14:08:00,SEM VÍTIMA,CANCELADA,VÁRZEA,AV AFONSO OLINDENSE,,,PROX A LOMBADA ELETRONICA/ AO LADO DA LOJA TRÊS IRMÃS,AV AFONSO OLINDENSE,,PROX A LOMBADA ELETRONICA/ AO LADO DA LOJA TRÊS IRMÃS,VÁRZEA,,,COLISÃO,ENTRE DOIS AUTO S/V,2,,,,,,,,,0,,,,,,,,,,,,,,,,,,,,
2019-09-04,14:42:00,SEM VÍTIMA,FINALIZADA,SAN MARTIN,AV ENGENHEIRO ABDIAS DE CARVALHO,,AV GENERAL SAN MARTIN,COMPAZ ARIANO SUASUNA,AV ENGENHEIRO ABDIAS DE CARVALHO,,COMPAZ ARIANO SUASUNA,SAN MARTIN,,CIDADE,COLISÃO TRASEIRA,COLISÃO SEM VÍTIMA,2,,,,,,,,,0,,Longo da via,Chuvoso,Sem defeito,Perfeito estado,Molhada,Perfeito estado,Faixa de pedestre,Outras,,Dupla,Faixa contínua,Faixa seccionada,,,,,,,
2019-09-04,15:10:00,SEM VÍTIMA,CANCELADA,CASA AMARELA,EST DO ARRAIAL,3344,,PIZZARIA CANDELADRO/ EMPRESARIAL SITIO DA TRINDADE,EST DO ARRAIAL,3344,PIZZARIA CANDELADRO/ EMPRESARIAL SITIO DA TRINDADE,CASA AMARELA,,,COLISÃO,ENTRE DOIS AUTO S/V,2,,,,,,,,,0,,,,,,,,,,,,,,,,,,,,
2019-09-04,15:17:00,SEM VÍTIMA,FINALIZADA,MADALENA,RUA JANUARIO BARBOSA,232,,,RUA JANUARIO BARBOSA,232,,MADALENA,,SUBURBIO,ABALROAMENTO LONGITUDINAL,COLISÃO SEM VÍTIMA,2,,,,,,,,,0,,Longo da via,Chuvoso,Não existe,Incompleta,Molhada,Perfeito estado,Não existe,Não há placas,,Única,Não existe,,,,,,,,
2019-09-04,15:29:00,SEM VÍTIMA,FINALIZADA,IPSEP,RUA IRAPUA,467,RUA FRANCISCO BARRETO,EDIFICIO PARQUE BUQUEIRÃO,RUA IRAPUA,467,EDIFICIO PARQUE BUQUEIRÃO,IPSEP,,,ABALROAMENTO LONGITUDINAL,ENTRE DOIS AUTO S/V,2,,,,,,,,,0,,Cruzamento,Chuvoso,Não existe,Não existente,Molhada,Mal conservada,Não existe,Não há placas,,Dupla,Não existe,,,,,,,,
2019-09-04,15:46:00,SEM VÍTIMA,FINALIZADA,CASA AMARELA,AV NORTE,4989,,,AV NORTE,4989,,CASA AMARELA,,CIDADE,COLISÃO TRASEIRA,COLISAO ENTRE DOIS AUTOS S/V OS BATEDORES DA MOTO 13 E 17 NO LOCAL,3,,,,,,,,,0,,Longo da via,Chuvoso,Não existe,Perfeito estado,Molhada,Perfeito estado,Não existe,R-6a,,Dupla,Faixa seccionada,Canteiro central,,,,,,,
2019-09-04,15:46:00,SEM VÍTIMA,FINALIZADA,TORRE,RUA REAL DA TORRE,1275,,,RUA REAL DA TORRE,1275,,TORRE,,,ABALROAMENTO LONGITUDINAL,COLISÃO SEM VÍTIMA,1,,,,,,1,,,0,,Longo da via,Chuvoso,Não existe,Perfeito estado,Molhada,Perfeito estado,Não existe,Não há placas,,Única,Faixa seccionada,,,,,,,,
2019-09-04,15:56:00,SEM VÍTIMA,FINALIZADA,BOA VIAGEM,AV CONSELHEIRO AGUIAR,,RUA JORNALISTA FRANCISCO ALMEIDA,,AV CONSELHEIRO AGUIAR,,,BOA VIAGEM,366,CIDADE,ABALROAMENTO LONGITUDINAL,COLISÃO SEM VÍTIMA,1,,,,,,1,,,0,,Longo da via,Chuvoso,Sem defeito,Perfeito estado,Molhada,Perfeito estado,Faixa de pedestre,R-6a,,Única,Faixa contínua,,,,,,,,
2019-09-04,16:14:00,SEM VÍTIMA,FINALIZADA,SÃO JOSÉ,C SANTA RITA,,,AGEMAR,C SANTA RITA,,AGEMAR,SÃO JOSÉ,76,CIDADE,ABALROAMENTO LONGITUDINAL,COLISAO ENTRE DOIS AUTOS S/V,2,,,,,,,,,0,,Longo da via,Chuvoso,Sem defeito,Perfeito estado,Molhada,Mal conservada,Não existe,Não há placas,60 km/h,Dupla,Faixa seccionada,Canteiro central,,,,,,,
2019-09-04,16:17:00,SEM VÍTIMA,FINALIZADA,BOA VIAGEM,AV BOA VIAGEM,,,,AV BOA VIAGEM,,,BOA VIAGEM,84,,ABALROAMENTO LONGITUDINAL,COLISÃO SEM VÍTIMA,1,,,,,,1,,,0,,Longo da via,Chuvoso,Com defeito,Perfeito estado,Molhada,Perfeito estado,Não existe,,60 km/h,Única,Faixa seccionada,,,,,,,,
2019-09-04,16:42:00,SEM VÍTIMA,FINALIZADA,CORDEIRO,RUA GOMES TABORDA,,RUA PAES CABRAL,PRÓXIMO AO EDUCANDÁRIO TALENTINHO,RUA GOMES TABORDA,,PRÓXIMO AO EDUCANDÁRIO TALENTINHO,CORDEIRO,,SUBURBIO,ABALROAMENTO TRANSVERSAL,ENTRE DOIS AUTO S/V,2,,,,,,,,,0,,Cruzamento,Chuvoso,Não existe,Incompleta,Molhada,Mal iluminada,Não existe,R-6a,,Dupla,,,,,,,,,
2019-09-04,17:27:00,COM VÍTIMA,FINALIZADA,DERBY,RUA HENRIQUE DIAS,496,,AO LADO DO COLEGIO DA PM,RUA HENRIQUE DIAS,496,AO LADO DO COLEGIO DA PM,DERBY,,CIDADE,COLISÃO,COLISAO ENTRE AUTO E MOTO COM UMA VTIMA,1,1,,,,,,,,1,,Esquina,Chuvoso,Não existe,Perfeito estado,Molhada,Perfeito estado,Faixa de pedestre,Outras,,Única,Faixa seccionada,,,,,,,,
2019-09-04,18:41:00,SEM VÍTIMA,FINALIZADA,IPUTINGA,RUA EMILIANO BRAGA,,,T.I CDU,RUA EMILIANO BRAGA,,T.I CDU,IPUTINGA,,SUBURBIO,ABALROAMENTO LONGITUDINAL,ONIBUS X AUTO PASSEIO S/V,1,,,,,1,,,,0,,Longo da via,,Não existe,Perfeito estado,Molhada,Perfeito estado,Faixa de pedestre,Placas Pare,,Única,Faixa seccionada,,,,,,,,
2019-09-04,20:25:00,SEM VÍTIMA,FINALIZADA,IBURA,RUA DR BENIGNO JORDAO DE VASCONCELOS,206 B,,,RUA DR BENIGNO JORDAO DE VASCONCELOS,206 B,,IBURA,,SUBURBIO,ABALROAMENTO LONGITUDINAL,AUTO PASSEIO X ONIBUS / SEM VÍTIMAS,1,,,,,1,,,,0,,Longo da via,Chuvoso,Não existe,Ilegível,Molhada,Mal iluminada,Não existe,Não há placas,,Dupla,Não existe,,,,,,,,
2019-09-04,23:40:00,SEM VÍTIMA,CANCELADA,TORRE,RUA JOAO TUDE DE MELO,,,CARREFOUR DA TORRE/ ENCIMA DO VIADUTO,RUA JOAO TUDE DE MELO,,CARREFOUR DA TORRE/ ENCIMA DO VIADUTO,TORRE,,,ACID. DE PERCURSO,VEICULO CAI EM CANAL,1,,,,,,,,,0,,,,,,,,,,,,,,,,,,,,
2019-09-05,06:22:00,COM VÍTIMA,FINALIZADA,BARRO,AV DR JOSE RUFINO,,,SOBRE O VIADUTO DA BR-101,AV DR JOSE RUFINO,,SOBRE O VIADUTO DA BR-101,BARRO,,CIDADE,ABALROAMENTO TRANSVERSAL,COLISAO COM VITIMAS,1,1,,,,,,,,1,,Cruzamento,Chuvoso,Não existe,Incompleta,Molhada,Perfeito estado,,R-6a,50 km/h,Dupla,Faixa contínua,,,,,,,,
2019-09-05,06:30:00,SEM VÍTIMA,FINALIZADA,SÃO JOSÉ,AV SUL,,AV DANTAS BARRETO,PRAÇA SERGIO LORETO,AV SUL,,PRAÇA SERGIO LORETO,SÃO JOSÉ,311,CIDADE,ABALROAMENTO TRANSVERSAL,COLISÃO SEM VITIMAS,1,,,,,1,,,,0,,Cruzamento,Bom,Sem defeito,Perfeito estado,Molhada,Perfeito estado,Não existe,Não há placas,,Única,Canteiro central,,,,,,,,
2019-09-05,07:32:00,SEM VÍTIMA,FINALIZADA,TORREÃO,RUA DJALMA FARIAS,265,,EM FRENTE AO ORTO CENTRO,RUA DJALMA FARIAS,265,EM FRENTE AO ORTO CENTRO,TORREÃO,,,ABALROAMENTO LONGITUDINAL,COLISÃO DE UM CARRO COM UMA MOTO,1,1,,,,,,,,0,,Longo da via,Bom,Não existe,Perfeito estado,Seca,Perfeito estado,Não existe,Não há placas,,Dupla,Não existe,,,,,,,,
2019-09-05,07:48:00,COM VÍTIMA,FINALIZADA,CAMPO GRANDE,RUA PRUDENTE DE MORAES,484,RUA FRANCISCO BERENGUER,EM FRENTE A DELICATESSEN SÃO MIGUEL,RUA PRUDENTE DE MORAES,484,EM FRENTE A DELICATESSEN SÃO MIGUEL,CAMPO GRANDE,,SUBURBIO,COLISÃO COM CICLISTA,COLISÃO C/VITIMAS ENTRE AUTO E CICLISTA,1,,,1,,,,,,1,,Cruzamento,Bom,Não existe,Perfeito estado,Seca,Perfeito estado,,,,Dupla,Faixa seccionada,,,,,,,,
2019-09-05,07:53:00,SEM VÍTIMA,FINALIZADA,SÃO JOSÉ,AV SUL,1027,,OFICINA ABELARDO,AV SUL,1027,OFICINA ABELARDO,SÃO JOSÉ,205,CIDADE,COLISÃO TRASEIRA,COLISÃO SEM VITIMAS,2,,,,,,,,,0,,Longo da via,Bom,Sem defeito,Perfeito estado,Seca,Perfeito estado,Faixa de pedestre,Não há placas,,Dupla,Canteiro central,,,,,,,,