data,hora,natureza_acidente,situacao,bairro,endereco,numero,detalhe_endereco_acidente,complemento,endereco_cruzamento,numero_cruzamento,referencia_cruzamento,bairro_cruzamento,num_semaforo,sentido_via,tipo,descricao,auto,moto,ciclom,ciclista,pedestre,onibus,caminhao,viatura,outros,vitimas,vitimasfatais,acidente_verificado,tempo_clima,situacao_semaforo,sinalizacao,condicao_via,conservacao_via,ponto_controle,situacao_placa,velocidade_max_via,mao_direcao,divisao_via1,divisao_via2,divisao_via3,,,,,,
2019-09-05,08:14:00,SEM VÍTIMA,FINALIZADA,ENCRUZILHADA,AV NORTE,2215,,EM FRENTE A MITSUBISHI MOTORS,AV NORTE,2215,EM FRENTE A MITSUBISHI MOTORS,ENCRUZILHADA,665,CIDADE,COLISÃO TRASEIRA,ONIBUS E AUTO,1,,,,,1,,,,0,,Longo da via,Bom,Sem defeito,Perfeito estado,Seca,Perfeito estado,Faixa de pedestre,,60 km/h,Dupla,Canteiro central,,,,,,,,
2019-09-05,08:32:00,COM VÍTIMA,FINALIZADA,TORRE,RUA CANTORA CLARA NUNES,64,,PROXIMO UPINHA EMOCY KRAUSE / SALÃO MALU,RUA CANTORA CLARA NUNES,64,PROXIMO UPINHA EMOCY KRAUSE / SALÃO MALU,TORRE,,SUBURBIO,COLISÃO COM CICLISTA,CICLISTA COLIDIO NA TRASEIRA DO CARRO,1,,,1,,,,,,1,,Longo da via,Bom,Não existe,Não existente,Molhada,Perfeito estado,Não existe,Não há placas,,Dupla,Não existe,,,,,,,,
2019-09-05,08:53:00,SEM VÍTIMA,FINALIZADA,IPUTINGA,AV CAXANGA,,,PRÓX BR 101,AV CAXANGA,,PRÓX BR 101,IPUTINGA,,CIDADE,COLISÃO TRASEIRA,CAMINHÃO X AUTO,1,,,,,,1,,,0,,Longo da via,Bom,Não existe,Perfeito estado,Seca,Perfeito estado,Não existe,R-6a,,Dupla,Canteiro central,,,,,,,,
2019-09-05,09:05:00,SEM VÍTIMA,FINALIZADA,AREIAS,AV RECIFE,,RUA CAPITAO JACINTO DA CRUZ,FARMACIA PAGUE MENOS,AV RECIFE,,FARMACIA PAGUE MENOS,AREIAS,59,,COLISÃO TRASEIRA,COLISÃO SEM VITIMAS,2,,,,,,,,,0,,Cruzamento,Bom,Sem defeito,Perfeito estado,Seca,Mal conservada,Faixa de retenção,R-6a,60 km/h,Única,Canteiro central,,,,,,,,
2019-09-05,09:17:00,SEM VÍTIMA,FINALIZADA,CORDEIRO,AV GENERAL SAN MARTIN,495,RUA SANTOS MOREIRA,EM FRENTE AO Nº 495,AV GENERAL SAN MARTIN,495,EM FRENTE AO Nº 495,CORDEIRO,,SUBURBIO,ABALROAMENTO TRANSVERSAL,MOTO X AUTO,1,1,,,,,,,,0,,Cruzamento,Bom,Não existe,Perfeito estado,Seca,Perfeito estado,Não existe,Não há placas,,Dupla,Não existe,,,,,,,,
2019-09-05,09:25:00,SEM VÍTIMA,FINALIZADA,TORRE,AV BEIRA RIO,,,PRÓXIMO A CURVA DA COMPESA,AV BEIRA RIO,,PRÓXIMO A CURVA DA COMPESA,TORRE,,SUBURBIO,CHOQUE VEÍCULO PARADO,COLISÃO S/VITIMAS ENTRE DOIS AUTOS,2,,,,,,,,,0,,Longo da via,Bom,Não existe,Perfeito estado,Seca,Perfeito estado,Não existe,Não há placas,,Dupla,Faixa seccionada,,,,,,,,
2019-09-05,09:26:00,SEM VÍTIMA,FINALIZADA,CORDEIRO,RUA ALVARES PIRES,53,AV MAURICIO DE NASSAU,AO LADO DA CRECHE MUN É LUTANDO QUE SE CONQUISTA,RUA ALVARES PIRES,53,AO LADO DA CRECHE MUN É LUTANDO QUE SE CONQUISTA,CORDEIRO,,SUBURBIO,ABALROAMENTO TRANSVERSAL,COLISÃO SEM VITIMAS,1,,,,,,,,,0,,Longo da via,Bom,Não existe,Perfeito estado,Seca,Perfeito estado,Faixa de pedestre,Placas Pare,,Única,Faixa contínua,,,,,,,,
2019-09-05,09:29:00,SEM VÍTIMA,FINALIZADA,AFOGADOS,RUA CRISTOVAO COLOMBO,,,FEIRA NOVA DE AFOGADOS,RUA CRISTOVAO COLOMBO,,FEIRA NOVA DE AFOGADOS,AFOGADOS,,,ABALROAMENTO LONGITUDINAL,DOIS AUTO,2,,,,,,,,,0,,Longo da via,Bom,Não existe,,Molhada,Perfeito estado,Não existe,Não há placas,,Dupla,Não existe,,,,,,,,
2019-09-05,09:34:00,SEM VÍTIMA,FINALIZADA,SÃO JOSÉ,RUA FLORIANO PEIXOTO,229,RUA TOBIAS BARRETO,ESTAÇÃO DO METRÔ,RUA FLORIANO PEIXOTO,229,ESTAÇÃO DO METRÔ,SÃO JOSÉ,,SUBURBIO,ABALROAMENTO LONGITUDINAL,DOIS AUTOS,1,,,,,,,,1,0,,Cruzamento,Bom,Não existe,Perfeito estado,Seca,Perfeito estado,Não existe,Não há placas,40 km/h,Única,Faixa seccionada,,,,,,,,
2019-09-05,10:20:00,SEM VÍTIMA,FINALIZADA,PRADO,AV CAXANGA,279,,EM FRENTE AO BANCO SANTANDER,AV CAXANGA,279,EM FRENTE AO BANCO SANTANDER,PRADO,,,ABALROAMENTO TRANSVERSAL,COLISÃO SEM VITIMAS,3,,,,,,,,,0,,Longo da via,Bom,Não existe,Perfeito estado,Seca,Perfeito estado,Outros,Outras,60 km/h,Única,Faixa seccionada,,,,,,,,
2019-09-05,11:30:00,SEM VÍTIMA,FINALIZADA,CAMPO GRANDE,RUA OTHON PARAISO,,RUA DJALMA FARIAS,LADO OPOSTO A CASA DA AMIZADE,RUA OTHON PARAISO,,LADO OPOSTO A CASA DA AMIZADE,CAMPO GRANDE,,CIDADE,ABALROAMENTO LONGITUDINAL,COLISÃO DE DOIS CARROS,2,,,,,,,,,0,,Cruzamento,Bom,Não existe,Incompleta,Seca,Perfeito estado,Faixa de retenção,Placas Pare,,Dupla,Canteiro central,,,,,,,,
2019-09-05,12:00:00,SEM VÍTIMA,FINALIZADA,SANTO AMARO,RUA PRINCESA IZABEL,,,,RUA PRINCESA IZABEL,,,SANTO AMARO,,,ABALROAMENTO LONGITUDINAL,COLISÃO SEM VÍTIMA,1,,,,,1,,,,0,,Longo da via,Bom,Sem defeito,Perfeito estado,Seca,Perfeito estado,Faixa de pedestre,R-6a,,Única,Faixa seccionada,,,,,,,,
2019-09-05,12:43:00,SEM VÍTIMA,FINALIZADA,SÃO JOSÉ,PRC DAS CINCO PONTAS,,,EM FRENTE AO FORTE DAS CINCO PONTAS,PRC DAS CINCO PONTAS,,EM FRENTE AO FORTE DAS CINCO PONTAS,SÃO JOSÉ,199,SUBURBIO,ABALROAMENTO LONGITUDINAL,COLISAO ENTRE AUTO E MOTO S/V,1,1,,,,1,,,,0,,Longo da via,Bom,Sem defeito,Perfeito estado,Seca,Perfeito estado,Faixa de pedestre,Não há placas,,Única,Não existe,,,,,,,,
2019-09-05,13:13:00,SEM VÍTIMA,FINALIZADA,CAMPO GRANDE,RUA OTHON PARAISO,,RUA DJALMA FARIAS,POR TRAS UNICORNI, CLINICA DE CORAÇÃO,RUA OTHON PARAISO,,POR TRAS UNICORNI, CLINICA DE CORAÇÃO,CAMPO GRANDE,,CIDADE,COLISÃO,COLISÃO DE DOIS CARROS,2,,,,,,,,,0,,,,,,,,,,,,,,,,,,
2019-09-05,13:24:00,SEM VÍTIMA,FINALIZADA,SANTO AMARO,AV NORTE,,RUA VINTE E QUATRO DE AGOSTO,SOB O SEMÁFORO Nº 463,AV NORTE,,SOB O SEMÁFORO Nº 463,SANTO AMARO,,SUBURBIO,ABALROAMENTO LONGITUDINAL,COLISAO ENTRE AUTO E ONIBUS S/V,1,,,,,1,,,,0,,,Bom,Sem defeito,Perfeito estado,Seca,Perfeito estado,,Outras,,Dupla,Canteiro central,,,,,,,,
2019-09-05,14:40:00,SEM VÍTIMA,FINALIZADA,TAMARINEIRA,AV CONS ROSA E SILVA,,EST DO ARRAIAL,,AV CONS ROSA E SILVA,,,TAMARINEIRA,,SUBURBIO,ABALROAMENTO LONGITUDINAL,COLISÃO SEM VÍTIMA,1,,,,,1,,,,0,,Cruzamento,Bom,Sem defeito,Perfeito estado,Seca,Perfeito estado,,,,Única,,,,,,,,,
2019-09-05,14:46:00,SEM VÍTIMA,FINALIZADA,PARNAMIRIM,RUA SEBASTIAO MALTA ARCOVERDE,50,,EM FRENTE A CASA DESIGN MOVEIS PERSONALIZADOS,RUA SEBASTIAO MALTA ARCOVERDE,50,EM FRENTE A CASA DESIGN MOVEIS PERSONALIZADOS,PARNAMIRIM,10,,COLISÃO TRASEIRA,COLISÃO SEM VÍTIMA,3,,,,,,,,,0,,Longo da via,Bom,Sem defeito,Perfeito estado,Seca,Perfeito estado,Faixa de pedestre,R-6a,40 km/h,Única,Faixa seccionada,,,,,,,,
2019-09-05,14:49:00,SEM VÍTIMA,FINALIZADA,DERBY,PRC DO DERBY,,,AO LADO DA PRAÇA DO DERBY,PRC DO DERBY,,AO LADO DA PRAÇA DO DERBY,DERBY,,,ABALROAMENTO LONGITUDINAL,COLISAO ENTRE AUTO E CAMINHAO S/V,1,,,,,,1,,,0,,,Bom,Não existe,Incompleta,Seca,Mal conservada,Não existe,Outras,,,Faixa seccionada,,,,,,,,
2019-09-05,15:16:00,SEM VÍTIMA,FINALIZADA,BONGI,AV ENGENHEIRO ABDIAS DE CARVALHO,,,AO LADO DA CHESF,AV ENGENHEIRO ABDIAS DE CARVALHO,,AO LADO DA CHESF,BONGI,,CIDADE,COLISÃO TRASEIRA,,2,,,,,,,,,0,,Longo da via,Bom,Sem defeito,Perfeito estado,Seca,Perfeito estado,Faixa de pedestre,Outras,60 km/h,Única,Faixa seccionada,,,,,,,,
2019-09-05,15:42:00,SEM VÍTIMA,FINALIZADA,ILHA DO LEITE,,,,AO LADO DO FÓRUM JOANA BEZERRA,,,AO LADO DO FÓRUM JOANA BEZERRA,ILHA DO LEITE,,SUBURBIO,COLISÃO TRASEIRA,COLISAO ENTRE DOIS AUTOS S/V,2,,,,,,,,,0,,Longo da via,Bom,Não existe,Perfeito estado,Seca,Perfeito estado,Agente,Não há placas,30 km/h,Única,Faixa seccionada,,,,,,,,
2019-09-05,16:12:00,COM VÍTIMA,FINALIZADA,JARDIM SÃO PAULO,RUA LEANDRO BARRETO,125A,RUA LORENA,PROXIMO AO BAR DO AMARELINHO,RUA LEANDRO BARRETO,125A,PROXIMO AO BAR DO AMARELINHO,JARDIM SÃO PAULO,,CIDADE,ABALROAMENTO TRANSVERSAL,COLISÃO COM VÍTIMA,1,,,,,1,,,,3,,Cruzamento,Bom,Não existe,Não existente,Seca,Perfeito estado,Não existe,Placas Dê a preferência,40 km/h,Dupla,Não existe,,,,,,,,
2019-09-05,17:42:00,SEM VÍTIMA,FINALIZADA,MADALENA,RUA MANUEL BEZERRA,,,,RUA MANUEL BEZERRA,,,MADALENA,,SUBURBIO,ABALROAMENTO TRANSVERSAL,COLISAO ENTRE DOIS AUTOS S/V,2,,,,,,,,,0,,Longo da via,Bom,Não existe,Perfeito estado,Seca,Perfeito estado,Outros,Outras,,Única,Faixa seccionada,,,,,,,,
2019-09-05,17:54:00,COM VÍTIMA,FINALIZADA,SANTO AMARO,AV CRUZ CABUGA,,AV NORTE,,AV CRUZ CABUGA,,,SANTO AMARO,34,CIDADE,ABALROAMENTO TRANSVERSAL,,2,,,,,,1,,,2,,Cruzamento,Bom,Sem defeito,Perfeito estado,Seca,,Faixa de pedestre,R-4a,,Dupla,Faixa contínua,Faixa seccionada,Canteiro central,,,,,,
2019-09-05,18:35:00,SEM VÍTIMA,FINALIZADA,AREIAS,RUA JOSE NATARIO,,AV DR JOSE RUFINO,,RUA JOSE NATARIO,,,AREIAS,44,SUBURBIO,ABALROAMENTO TRANSVERSAL,CAMINHÃO X AUTO PASSEIO S/V,1,,,,,,1,,,0,,Longo da via,Bom,Sem defeito,Ilegível,Seca,Perfeito estado,Não existe,Não há placas,60 km/h,Dupla,Não existe,,,,,,,,
2019-09-05,18:41:00,SEM VÍTIMA,CANCELADA,IMBIRIBEIRA,AV PRESIDENTE DUTRA,,,EMPRESARIAL MV/ SAÍDA DO VIADUTO TANCREDO NEVES,AV PRESIDENTE DUTRA,,EMPRESARIAL MV/ SAÍDA DO VIADUTO TANCREDO NEVES,IMBIRIBEIRA,,CIDADE,COLISÃO,ENTRE DOIS AUTO S/V,2,,,,,,,,,0,,,,,,,,,,,,,,,,,,,,
2019-09-05,18:53:00,SEM VÍTIMA,CANCELADA,AFOGADOS,RUA NICOLAU PEREIRA,,,ESTACÃO DE METRO DE AFOGADOS/ MERCADO PUBLICO DE AFOGADOS,RUA NICOLAU PEREIRA,,ESTACÃO DE METRO DE AFOGADOS/ MERCADO PUBLICO DE AFOGADOS,AFOGADOS,,,COLISÃO,ENTRE DOIS AUTO S/V,2,,,,,,,,,0,,,,,,,,,,,,,,,,,,,,
2019-09-05,23:26:00,SEM VÍTIMA,FINALIZADA,BOA VIAGEM,RUA FRANCA PEREIRA,,,STUDIO PORTAL DOS CORAIS,RUA FRANCA PEREIRA,,STUDIO PORTAL DOS CORAIS,BOA VIAGEM,,CIDADE,ABALROAMENTO LONGITUDINAL,ENTRE DOIS AUTO S/V,2,,,,,,,,,0,,Longo da via,Chuvoso,Não existe,Incompleta,Molhada,Perfeito estado,Não existe,Outras,,Dupla,Não existe,,,,,,,,
2019-09-06,01:24:00,SEM VÍTIMA,FINALIZADA,IPSEP,AV PRESIDENTE DUTRA,,,APÓS O RESTAURANTE SAL E BRASA,AV PRESIDENTE DUTRA,,APÓS O RESTAURANTE SAL E BRASA,IPSEP,,SUBURBIO,CHOQUE OBJETO FIXO,VEICULO COLIDIO COM POSTE,1,,,,,,,,,0,,Longo da via,Chuvoso,Não existe,Perfeito estado,Molhada,Perfeito estado,Não existe,Não há placas,,Única,Faixa seccionada,Canteiro central,,,,,,,
2019-09-06,02:17:00,SEM VÍTIMA,FINALIZADA,BOA VIAGEM,AV ENGENHEIRO DOMINGOS FERREIRA,,,FARMACIA EXTRAFARMA,AV ENGENHEIRO DOMINGOS FERREIRA,,FARMACIA EXTRAFARMA,BOA VIAGEM,,SUBURBIO,COLISÃO TRASEIRA,COLISAO SEM VITIMAS,2,,,,,,,,,0,,Longo da via,Chuvoso,Sem defeito,Perfeito estado,Molhada,Perfeito estado,Faixa de pedestre,Outras,,Única,Canteiro central,,,,,,,,
2019-09-06,06:43:00,COM VÍTIMA,FINALIZADA,IBURA,AV DOM HELDER CAMARA,,,AO LADO DO NUCLEO DA POLICIA EM FRENTE A FABRICA DE PALHA,AV DOM HELDER CAMARA,,AO LADO DO NUCLEO DA POLICIA EM FRENTE A FABRICA DE PALHA,IBURA,,SUBURBIO CIDADE,ABALROAMENTO LONGITUDINAL,COLISÃO COM VITIMA A ESPERA DO SAMU,1,1,,,,,,,,1,,Longo da via,Chuvoso,Não existe,Perfeito estado,Molhada,Perfeito estado,Não existe,Não há placas,60 km/h,Única,Faixa seccionada,,,,,,,,
2019-09-06,07:15:00,COM VÍTIMA,FINALIZADA,ILHA JOANA BEZERRA,RUA CAPITAO TEMUDO,,,EM CIMA DO VIADUTO CAPITÃO TEMUDO,RUA CAPITAO TEMUDO,,EM CIMA DO VIADUTO CAPITÃO TEMUDO,ILHA JOANA BEZERRA,,BOA VIAGEM,COLISÃO COM CICLISTA,VITIMA A ESPERA DO SAMU,,1,,1,,,,,,1,,Viaduto,Chuvoso,Não existe,Perfeito estado,Molhada,Perfeito estado,Não existe,Não há placas,,Dupla,Canteiro central,,,,,,,,
2019-09-06,07:27:00,SEM VÍTIMA,FINALIZADA,IBURA,RUA RIO XINGU,366,,,RUA RIO XINGU,366,,IBURA,,SUBURBIO,ABALROAMENTO LONGITUDINAL,COLISAO DE MOTO EM TRASEIRA DE CARRO,1,1,,,,,,,,0,,Longo da via,Chuvoso,Não existe,Perfeito estado,Molhada,Perfeito estado,Não existe,Não há placas,,Dupla,Não existe,,,,,,,,
2019-09-06,07:33:00,SEM VÍTIMA,FINALIZADA,MADALENA,RUA DOM MANOEL DA COSTA,,RUA PADRE LANDIM,,RUA DOM MANOEL DA COSTA,,,MADALENA,252,CIDADE,ABALROAMENTO TRANSVERSAL,SEM VITIMAS/UM DOS VEÍCULOS ESTOUROU O PNEU E ESTA SEM CONDIÇÕES DE REMOÇÃO,3,,,,,,,,,0,,Cruzamento,Bom,Sem defeito,Incompleta,Seca,Perfeito estado,Não existe,R-6a,,Dupla,Faixa seccionada,,,,,,,,
2019-09-06,07:53:00,SEM VÍTIMA,PENDENTE,ESPINHEIRO,AV JOAO DE BARROS,,RUA CONS PORTELA,FARMACIA PAGUE MENOS,AV JOAO DE BARROS,,FARMACIA PAGUE MENOS,ESPINHEIRO,11,CIDADE,COLISÃO,COLISÃO DE DOIS CARROS,2,,,,,,,,,0,,,,,,,,,,,,,,,,,,,,
2019-09-06,08:50:00,SEM VÍTIMA,CANCELADA,IPSEP,AV RECIFE,,,APOS O HOSPITAL PAN DE AREIAS AO LADO DO SUPERMERCADO BIG BOM PREÇO,AV RECIFE,,APOS O HOSPITAL PAN DE AREIAS AO LADO DO SUPERMERCADO BIG BOM PREÇO,IPSEP,,CAXANGA,COLISÃO,COLISÃO SEM VITIMAS,2,,,,,,,,,0,,,,,,,,,,,,,,,,,,,,
2019-09-06,09:04:00,SEM VÍTIMA,FINALIZADA,CASA FORTE,AV DEZESSETE DE AGOSTO,1270,RUA OLIVEIRA GOES,LADO OPOSTO A FARMACIA DROGASIL,AV DEZESSETE DE AGOSTO,1270,LADO OPOSTO A FARMACIA DROGASIL,CASA FORTE,,CIDADE,ABALROAMENTO TRANSVERSAL,COLISÃO /VITIMAS ENTRE DOIS AUTOS,2,,,,,,,,,0,,Longo da via,Bom,Não existe,Perfeito estado,Seca,Perfeito estado,Não existe,Placas Pare,,Dupla,,,,,,,,,
2019-09-06,09:14:00,SEM VÍTIMA,FINALIZADA,VÁRZEA,AV CAXANGA,,RUA SAO FRANCISCO DE PAULA,Nº 17 QUE ESTA NA RUA SÃO FRANCISCO DE PAULA,AV CAXANGA,,Nº 17 QUE ESTA NA RUA SÃO FRANCISCO DE PAULA,VÁRZEA,568,SUBURBIO,ABALROAMENTO TRANSVERSAL,COLISÃO SEM VITIMAS,1,,,,,,1,,,0,,Cruzamento,Chuvoso,Sem defeito,Perfeito estado,Seca,Perfeito estado,Faixa de pedestre,R-6a,60 km/h,Única,Canteiro central,,,,,,,,
2019-09-06,11:11:00,SEM VÍTIMA,FINALIZADA,AFOGADOS,RUA NICOLAU PEREIRA,,,SOB O PONTILHÃO DO METRO,RUA NICOLAU PEREIRA,,SOB O PONTILHÃO DO METRO,AFOGADOS,,SUBURBIO,ABALROAMENTO LONGITUDINAL,COLISÃO SEM VITIMAS,1,,,,,1,,,,0,,Longo da via,Bom,Não existe,Perfeito estado,Seca,Perfeito estado,Não existe,Outras,,Única,Faixa seccionada,,,,,,,,
2019-09-06,11:22:00,SEM VÍTIMA,FINALIZADA,CORDEIRO,AV MAURICIO DE NASSAU,,RUA N S DA SAUDE,,AV MAURICIO DE NASSAU,,,CORDEIRO,88,CIDADE,ABALROAMENTO LONGITUDINAL,COLISÃO S/VITIMAS ENTRE ONIBUS E AUTO,1,,,,,1,,,,0,,Cruzamento,Bom,Sem defeito,Perfeito estado,Seca,Perfeito estado,Faixa de pedestre,Outras,,Dupla,Faixa contínua,,,,,,,,
2019-09-06,11:53:00,SEM VÍTIMA,FINALIZADA,BAIRRO DO RECIFE,AV MILITAR,,,FORTE DO BRUM,AV MILITAR,,FORTE DO BRUM,BAIRRO DO RECIFE,,CIDADE,ABALROAMENTO LONGITUDINAL,COLISÃO S/VITIMAS ENTRE DOIS AUTOS,2,,,,,,,,,0,,,Bom,Não existe,Incompleta,Seca,Perfeito estado,Não existe,R-6a,,Dupla,Canteiro central,,,,,,,,
2019-09-06,12:21:00,SEM VÍTIMA,FINALIZADA,BOA VIAGEM,RUA JOAO CARDOSO AIRES,971,RUA CAMBOIM,RESTAURANTE DO BAMBAM,RUA JOAO CARDOSO AIRES,971,RESTAURANTE DO BAMBAM,BOA VIAGEM,,SUBURBIO,ABALROAMENTO TRANSVERSAL,VEICULO CHOCOU COM UMA ARVORE,2,,,,,,,,,0,,Cruzamento,Bom,Não existe,,Seca,Perfeito estado,Não existe,Placas Pare,40 km/h,Dupla,Não existe,,,,,,,,
2019-09-06,12:23:00,SEM VÍTIMA,CANCELADA,BEBERIBE,RUA JOAO BORBA MARANHAO,48,,PROXIMO AO COLEGIO NOVENTA GRAUS,RUA JOAO BORBA MARANHAO,48,PROXIMO AO COLEGIO NOVENTA GRAUS,BEBERIBE,,,COLISÃO,COLISÃO SEM VÍTIMA,1,,,,,,1,,,0,,,,,,,,,,,,,,,,,,,,
2019-09-06,12:46:00,COM VÍTIMA,FINALIZADA,SANTO AMARO,RUA AURORA,,RUA JOAO LIRA,EM FRENTE AO TRIBUNAL DE CONTAS,RUA AURORA,,EM FRENTE AO TRIBUNAL DE CONTAS,SANTO AMARO,,SUBURBIO,ABALROAMENTO LONGITUDINAL,COLISÃO COM VÍTIMA,1,1,,,,,,,,1,,Esquina,Bom,Não existe,Perfeito estado,Seca,Perfeito estado,Não existe,Outras,,Única,Faixa seccionada,,,,,,,,
2019-09-06,12:53:00,SEM VÍTIMA,FINALIZADA,AREIAS,AV RECIFE,,,E/F AO SUPERMERCADO MAKRO,AV RECIFE,,E/F AO SUPERMERCADO MAKRO,AREIAS,621,,COLISÃO TRASEIRA,COLISAO ENTRE AUTO E MOTO S/V,1,1,,,,,,,,0,,Longo da via,Bom,Sem defeito,Perfeito estado,Seca,Perfeito estado,,Outras,,Dupla,Canteiro central,,,,,,,,
2019-09-06,13:05:00,SEM VÍTIMA,FINALIZADA,ESPINHEIRO,AV NORTE,,,EM FRENTE A CONCESSIONÁRIA NISSAN,AV NORTE,,EM FRENTE A CONCESSIONÁRIA NISSAN,ESPINHEIRO,,CIDADE,COLISÃO TRASEIRA,COLISÃO SEM VÍTIMA,2,,,,,,,,,0,,Longo da via,Bom,Sem defeito,Perfeito estado,Seca,Perfeito estado,Faixa de retenção,R-4b,,Dupla,Faixa seccionada,Canteiro central,,,,,,,
2019-09-06,14:42:00,SEM VÍTIMA,FINALIZADA,BOA VIAGEM,AV ENGENHEIRO DOMINGOS FERREIRA,,,EM FRENTE DO EXTRA,AV ENGENHEIRO DOMINGOS FERREIRA,,EM FRENTE DO EXTRA,BOA VIAGEM,,SUBURBIO,COLISÃO TRASEIRA,COLISÃO SEM VITIMA,2,,,,,,,,,0,,Longo da via,Bom,Não existe,Perfeito estado,Seca,Perfeito estado,Não existe,,60 km/h,Dupla,Faixa contínua,Faixa seccionada,Canteiro central,,,,,,
2019-09-06,14:41:00,COM VÍTIMA,FINALIZADA,JIQUIÁ,AV DR JOSE RUFINO,XX,,PRÓXIMO À PONTE DO JIQUIÁ / POSTO PETROISA,AV DR JOSE RUFINO,XX,PRÓXIMO À PONTE DO JIQUIÁ / POSTO PETROISA,JIQUIÁ,,CIDADE,ABALROAMENTO TRANSVERSAL,COLISÃO COM VÍTIMA,1,1,,,,,,,,1,,Longo da via,Bom,Não existe,Perfeito estado,Seca,Perfeito estado,Não existe,Outras,,Dupla,Faixa contínua,,,,,,,,
2019-09-06,15:33:00,COM VÍTIMA,CANCELADA,CABANGA,RUA COMANDANTE ANTONIO MANHAES DE MATTOS,,,EM FRENTE A COMPESA,RUA COMANDANTE ANTONIO MANHAES DE MATTOS,,EM FRENTE A COMPESA,CABANGA,661,,COLISÃO,COLISÃO COM VÍTIMA,1,1,,,,,,,,1,,,,,,,,,,,,,,,,,,,,
2019-09-06,15:50:00,SEM VÍTIMA,FINALIZADA,HIPÓDROMO,RUA PROFESSOR JERONIMO GUEIROS,,RUA MEM DE SA,,RUA PROFESSOR JERONIMO GUEIROS,,,HIPÓDROMO,,SUBURBIO,COLISÃO FRONTAL,COLISÃO SEM VÍTIMA,2,,,,,,,,,0,,Cruzamento,Bom,Sem defeito,Incompleta,Seca,Perfeito estado,Não existe,Não há placas,40 km/h,Dupla,Canal,,,,,,,,
2019-09-06,15:56:00,SEM VÍTIMA,CANCELADA,CASA AMARELA,RUA DA MANGABEIRA,4578,,APOS O SESI DE CASA AMARELA E/F A PADARIA,RUA DA MANGABEIRA,4578,APOS O SESI DE CASA AMARELA E/F A PADARIA,CASA AMARELA,,,COLISÃO,COLISAO ENTRE DOIS AUTOS SE UMA MOTO DO GAS S/V,3,1,,,,,,,,0,,,,,,,,,,,,,,,,,,,,
2019-09-06,16:32:00,COM VÍTIMA,FINALIZADA,SANTO AMARO,AV GOVERNADOR AGAMENON MAGALHAES,777,BEC DOS CASADOS,ESQUINA DO POSTO BR DO TACARUNA S/T OLINDA PISTA LOCAL,AV GOVERNADOR AGAMENON MAGALHAES,777,ESQUINA DO POSTO BR DO TACARUNA S/T OLINDA PISTA LOCAL,SANTO AMARO,,SUBURBIO,ABALROAMENTO LONGITUDINAL,COLISAO ENTRE AUTO E MOTO COM UMA VITIMA,1,1,,,,,,,,1,,Esquina,Bom,Não existe,Perfeito estado,Seca,Perfeito estado,Não existe,Não há placas,,Única,Não existe,,,,,,,,
2019-09-06,17:03:00,SEM VÍTIMA,FINALIZADA,ILHA JOANA BEZERRA,RUA CABO EUTROPIO,585,,E/F AO BAR DO JACAU,RUA CABO EUTROPIO,585,E/F AO BAR DO JACAU,ILHA JOANA BEZERRA,,,COLISÃO,COLISAO ENTRE DOIS AUTOS S/V,2,,,,,,,,,0,,,,,,,,,,,,,,,,,,,,
2019-09-06,17:10:00,SEM VÍTIMA,FINALIZADA,DOIS IRMÃOS,RUA MANUEL DE MEDEIROS,,,EM FRENTE A UFRPE , Z-4,RUA MANUEL DE MEDEIROS,,EM FRENTE A UFRPE , Z-4,DOIS IRMÃOS,,CIDADE,ABALROAMENTO LONGITUDINAL,COLISAO ENTRE AUTO E CAMINHAO S/V,1,,,,,,1,,,0,,Longo da via,Bom,Não existe,Perfeito estado,Seca,Perfeito estado,Não existe,Outras,,Dupla,Faixa seccionada,,,,,,
2019-09-06,17:15:00,COM VÍTIMA,FINALIZADA,BOA VISTA,AV GOVERNADOR AGAMENON MAGALHAES,,RUA DR LEOPOLDO LINS,PROXIMO A CAIXA ECONOMICA,AV GOVERNADOR AGAMENON MAGALHAES,,PROXIMO A CAIXA ECONOMICA,BOA VISTA,78,SUBURBIO,ATROPELAMENTO,ATROPELAMENTPO ENTRE MOTO E PEDESTRE,,1,,,1,,,,,2,,Cruzamento,Chuvoso,Sem defeito,Perfeito estado,Molhada,Perfeito estado,Faixa de pedestre,,60 km/h,Dupla,Canteiro central,,,,,,,,
2019-09-06,17:26:00,SEM VÍTIMA,CANCELADA,JAQUEIRA,RUA DEPUTADO PEDRO PIRES FERREIRA,216,RUA DO FUTURO,AO LADO DA GALERIA PARK CENTER,RUA DEPUTADO PEDRO PIRES FERREIRA,216,AO LADO DA GALERIA PARK CENTER,JAQUEIRA,,,COLISÃO,COLISÃO SEM VÍTIMA,1,1,,,,,,,,0,,,,,,,,,,,,,,,,,,,,
2019-09-06,18:17:00,COM VÍTIMA,FINALIZADA,IPSEP,RUA DR RAPOSO PINTO,523,,APÓS A ACADEMIA GOLFINHO,RUA DR RAPOSO PINTO,523,APÓS A ACADEMIA GOLFINHO,IPSEP,,,ABALROAMENTO LONGITUDINAL,ENTRE AUTO E MOTO. C/V,1,1,,,,,,,,1,,Longo da via,Bom,Não existe,Não existente,Seca,Perfeito estado,Não existe,Não há placas,,Dupla,Não existe,,,,,,,,