data,hora,natureza_acidente,situacao,bairro,endereco,numero,detalhe_endereco_acidente,complemento,endereco_cruzamento,numero_cruzamento,referencia_cruzamento,bairro_cruzamento,num_semaforo,sentido_via,tipo,descricao,auto,moto,ciclom,ciclista,pedestre,onibus,caminhao,viatura,outros,vitimas,vitimasfatais,acidente_verificado,tempo_clima,situacao_semaforo,sinalizacao,condicao_via,conservacao_via,ponto_controle,situacao_placa,velocidade_max_via,mao_direcao,divisao_via1,divisao_via2,divisao_via3,,,,,,
2019-09-06,18:39:00,SEM VÍTIMA,FINALIZADA,DERBY,AV GOVERNADOR AGAMENON MAGALHAES,,,E/F AO CLUBE PORTUGUÊS,AV GOVERNADOR AGAMENON MAGALHAES,,E/F AO CLUBE PORTUGUÊS,DERBY,,SUBURBIO,COLISÃO TRASEIRA,ENTRE AUTO E MOTO. S/V,1,1,,,,,,,,0,,Longo da via,Bom,Sem defeito,Perfeito estado,Seca,Perfeito estado,Não existe,Não há placas,,Única,Não existe,,,,,,,,
2019-09-06,19:53:00,SEM VÍTIMA,CANCELADA,IPSEP,AV RECIFE,2856,,E/F A SERGIO MULTIMARCAS, SNT CID-UNIV / NO LADO DIREITO,AV RECIFE,2856,E/F A SERGIO MULTIMARCAS, SNT CID-UNIV / NO LADO DIREITO,IPSEP,,,COLISÃO,ENTRE 2 AUTOS. S/V,2,,,,,,,,,0,,,,,,,,,,,,,,,,,,
2019-09-06,20:20:00,COM VÍTIMA,FINALIZADA,IMBIRIBEIRA,AV PINHEIROS,322,RUA GRASIELA,E/F AO BAR WHISKRITÓRIO / PRÓX AO PR COMERCIAL MÉDICA LTDA,AV PINHEIROS,322,E/F AO BAR WHISKRITÓRIO / PRÓX AO PR COMERCIAL MÉDICA LTDA,IMBIRIBEIRA,,SUBURBIO,ABALROAMENTO TRANSVERSAL,ENTRE AUTO E MOTO. C/V,1,1,,,,,,,,1,,Cruzamento,Bom,Não existe,Incompleta,Seca,Perfeito estado,Não existe,Outras,,Dupla,Não existe,,,,,,,,
2019-09-06,20:58:00,SEM VÍTIMA,FINALIZADA,ILHA DO LEITE,RUA GENERAL JOAQUIM INACIO,830,,EM FRENTE A FARMACIA INDEPENDENTE,RUA GENERAL JOAQUIM INACIO,830,EM FRENTE A FARMACIA INDEPENDENTE,ILHA DO LEITE,,CIDADE,ABALROAMENTO LONGITUDINAL,CLASSIC X RENAULT,2,,,,,,,,,0,,Longo da via,Bom,Não existe,Ilegível,Seca,Mal iluminada,Não existe,Não há placas,,Única,Não existe,,,,,,,,
2019-09-06,21:12:00,SEM VÍTIMA,CANCELADA,ÁGUA FRIA,AV BEBERIBE,,RUA CORONEL URBANO RIBEIRO DE SENA,SEMÁFORO 307,AV BEBERIBE,,SEMÁFORO 307,ÁGUA FRIA,,,CHOQUE OBJETO FIXO,CONDUTOR ( APARENTEMENTE EMBRIGADO, SEGUNDO AS INFOS DO USUÁRIO) ACABOU PERDENDO O CONTROLE DO VEÍCULO E SE CHOCOU CONTRA O POSTE. O MESMO NÃO SABE DIZER SE O SAMU FOI CHAMADO,1,,,,,,,,,0,,,,,,,,,,,,,,,,,,,
2019-09-11,08:00:00,COM VÍTIMA,FINALIZADA,ESPINHEIRO,RUA DO ESPINHEIRO,,RUA SANTO ELIAS,E/F AO POSTO IPIRANGA / PRÓX A SILUETS GRAÇAS,RUA DO ESPINHEIRO,,E/F AO POSTO IPIRANGA / PRÓX A SILUETS GRAÇAS,ESPINHEIRO,,CIDADE,ABALROAMENTO LONGITUDINAL,ENTRE AUTO E MOTO. C/V,1,1,,,,,,,,1,,Longo da via,Bom,Não existe,Perfeito estado,Seca,Perfeito estado,Faixa de pedestre,R-6a,,Única,Faixa seccionada,,,,,,,,
2019-09-06,23:17:00,COM VÍTIMA,FINALIZADA,CAMPO GRANDE,RUA ODORICO MENDES,251,,E/F AO CLUBE DAS PÁS,RUA ODORICO MENDES,251,E/F AO CLUBE DAS PÁS,CAMPO GRANDE,,CIDADE,COLISÃO FRONTAL,ENTRE AUTO E MOTO. C/V,2,1,,,,,,,,2,,Longo da via,Bom,Não existe,Perfeito estado,Seca,Perfeito estado,Não existe,R-6a,,Dupla,Faixa seccionada,,,,,,,,
2019-09-07,04:55:00,SEM VÍTIMA,FINALIZADA,IMBIRIBEIRA,AV MARECHAL MASCARENHAS DE MORAES,,,ASSOCIAÇÃO DOS FORNECEDORES DE CANA,AV MARECHAL MASCARENHAS DE MORAES,,ASSOCIAÇÃO DOS FORNECEDORES DE CANA,IMBIRIBEIRA,,SUBURBIO,CHOQUE OBJETO FIXO,VEICULO CHOUCOU-SE COM UM A POSTEDE ILUMINAÇÃO,1,,,,,,,,,0,,Cruzamento,Chuvoso,Sem defeito,Perfeito estado,Molhada,Perfeito estado,,R-6a,50 km/h,Dupla,Canteiro central,,,,,,,,
2019-09-07,06:12:00,SEM VÍTIMA,FINALIZADA,BOA VIAGEM,AV CONSELHEIRO AGUIAR,,,DELICATESSEN NEW PLANET,AV CONSELHEIRO AGUIAR,,DELICATESSEN NEW PLANET,BOA VIAGEM,,CIDADE,ABALROAMENTO LONGITUDINAL,SEM VITIMAS,1,,,,,1,,,,0,,Longo da via,Chuvoso,Não existe,Perfeito estado,Molhada,Perfeito estado,Não existe,Outras,,Única,Faixa seccionada,,,,,,,,
2019-09-07,07:48:00,SEM VÍTIMA,CANCELADA,CAJUEIRO,AV BEBERIBE,16,,EM FRENTE A GALERIA DE CAJUEIRO,AV BEBERIBE,16,EM FRENTE A GALERIA DE CAJUEIRO,CAJUEIRO,,,COLISÃO,AUTO E ONIBUS,1,,,,,1,,,,0,,,,,,,,,,,,,,,,,,,,
2019-09-07,08:06:00,COM VÍTIMA,FINALIZADA,ILHA JOANA BEZERRA,AV CENTRAL,,,DENTRO DO TERMINAL DOS ONIBUS DA ESTAÇÃO JOANA BEZERRA,AV CENTRAL,,DENTRO DO TERMINAL DOS ONIBUS DA ESTAÇÃO JOANA BEZERRA,ILHA JOANA BEZERRA,,,ATROPELAMENTO,COM UMA VITIMA,AGUARDANDO SOCORRO,,,,,1,1,,,,1,,Outros,Bom,Não existe,Perfeito estado,Seca,Perfeito estado,Faixa de pedestre,R-6a,20 km/h,Única,Faixa seccionada,,,,,,,
2019-09-07,08:14:00,SEM VÍTIMA,FINALIZADA,ROSARINHO,AV SANTOS DUMONT,,RUA TELES JUNIOR,ESQUINA DA FARMACIA EXTRA FARMA,AV SANTOS DUMONT,,ESQUINA DA FARMACIA EXTRA FARMA,ROSARINHO,,,ABALROAMENTO LONGITUDINAL,SEM VITIMAS,2,,,,,,,,,0,,Cruzamento,Chuvoso,Não existe,Perfeito estado,Molhada,Perfeito estado,Não existe,Não há placas,,Única,Faixa seccionada,,,,,,,,
2019-09-07,09:01:00,SEM VÍTIMA,FINALIZADA,,AV GOVERNADOR AGAMENON MAGALHAES,,,SOBRE O VIADUTO,AV GOVERNADOR AGAMENON MAGALHAES,,SOBRE O VIADUTO,,,SUBURBIO,COLISÃO TRASEIRA,COLISÃO SEM VITIMAS,2,,,,,,,,,0,,Viaduto,Bom,Não existe,Perfeito estado,Seca,Perfeito estado,Não existe,Não há placas,60 km/h,Única,Faixa seccionada,,,,,,,,
2019-09-07,09:34:00,COM VÍTIMA,FINALIZADA,CAMPO GRANDE,RUA PRUDENTE DE MORAES,487,,EM FRENTE A PADARIA DELICATECEM / CONGREGAÇÃO BATISTA CENTRAL,RUA PRUDENTE DE MORAES,487,EM FRENTE A PADARIA DELICATECEM / CONGREGAÇÃO BATISTA CENTRAL,CAMPO GRANDE,,CIDADE,COLISÃO,COLISÃO CARRO E MOTO COM VÍTIMAS,1,1,,,,,,,,1,,Longo da via,Bom,Não existe,Perfeito estado,Seca,Perfeito estado,Não existe,Outras,,Dupla,Faixa seccionada,,,,,,,,
2019-09-07,09:43:00,SEM VÍTIMA,FINALIZADA,IMBIRIBEIRA,AV MARECHAL MASCARENHAS DE MORAES,4526,,LADO OPOSTO AO FÓRUM DO TRABALHO,AV MARECHAL MASCARENHAS DE MORAES,4526,LADO OPOSTO AO FÓRUM DO TRABALHO,IMBIRIBEIRA,,SUBURBIO,COLISÃO TRASEIRA,DOIS AUTOS,2,,,,,,,,,0,,Longo da via,Bom,Não existe,Perfeito estado,Seca,Perfeito estado,Não existe,Não há placas,,Dupla,Canteiro central,,,,,,,,
2019-09-07,10:32:00,SEM VÍTIMA,FINALIZADA,BOA VISTA,RUA DA AURORA,1377,,EM FRENTE A SEPLAG PE,RUA DA AURORA,1377,EM FRENTE A SEPLAG PE,BOA VISTA,,SUBURBIO,CHOQUE OBJETO FIXO,VEICULO CHOCOU-SE COM O POSTE,1,,,,,,,,,0,,Longo da via,Bom,Não existe,Perfeito estado,Seca,Perfeito estado,Faixa de pedestre,Não há placas,,Dupla,Canteiro central,,,,,,,,
2019-09-07,11:01:00,SEM VÍTIMA,FINALIZADA,PORTO DA MADEIRA,RUA DONA VIRTUOSA DE LUCENA,46,AV BEBERIBE,,RUA DONA VIRTUOSA DE LUCENA,46,,PORTO DA MADEIRA,,SUBURBIO,ABALROAMENTO LONGITUDINAL,DOIS AUTOS,2,,,,,,,,,0,,Longo da via,Chuvoso,Não existe,Perfeito estado,Seca,Perfeito estado,Outros,R-6a,,Dupla,Faixa seccionada,,,,,,,,
2019-09-07,14:36:00,SEM VÍTIMA,FINALIZADA,AFOGADOS,RUA VINTE E UM DE ABRIL,1535,,E/F A IGREJA BATISTA RENOVADA,RUA VINTE E UM DE ABRIL,1535,E/F A IGREJA BATISTA RENOVADA,AFOGADOS,,,COLISÃO,COLISAO ENTRE DOIS AUTOS S/V,2,,,,,,,,,0,,,,,,,,,,,,,,,,,,,,
2019-09-07,14:46:00,SEM VÍTIMA,FINALIZADA,BOA VIAGEM,RUA TOME GIBSON,,RUA AMAZONAS,E/F A UNIC NA RUA DO GALETO PEQUIM,RUA TOME GIBSON,,E/F A UNIC NA RUA DO GALETO PEQUIM,BOA VIAGEM,,,COLISÃO,COLISAO ENTRE DOIS AUTOS S/V,2,,,,,,,,,0,,,,,,,,,,,,,,,,,,,,
2019-09-07,15:39:00,SEM VÍTIMA,FINALIZADA,MADALENA,RUA BENFICA,,,SOB O SEMÁFORO DE Nº 590,RUA BENFICA,,SOB O SEMÁFORO DE Nº 590,MADALENA,590,CIDADE,ABALROAMENTO TRANSVERSAL,COLISÃO SEM VÍTIMA,2,,,,,,,,,0,,Longo da via,Chuvoso,Sem defeito,Perfeito estado,,Perfeito estado,Faixa de pedestre,R-6a,,Dupla,Faixa seccionada,,,,,,,,
2019-09-07,16:06:00,SEM VÍTIMA,FINALIZADA,PINA,RUA BEM TE VI,1,,JCPM,RUA BEM TE VI,1,JCPM,PINA,,SUBURBIO,COLISÃO TRASEIRA,COLISÃO SEM VÍTIMA,2,,,,,,,,,0,,Longo da via,Bom,Não existe,Perfeito estado,Seca,Perfeito estado,Não existe,Não há placas,40 km/h,Dupla,Não existe,,,,,,,,
2019-09-07,17:07:00,COM VÍTIMA,FINALIZADA,SANTO AMARO,AV GOVERNADOR AGAMENON MAGALHAES,,,EM FRENTE AO POSTO DISLUB/ SENTIDO OLINDA,AV GOVERNADOR AGAMENON MAGALHAES,,EM FRENTE AO POSTO DISLUB/ SENTIDO OLINDA,SANTO AMARO,,SUBURBIO,COLISÃO,COLISÃO COM VÍTIMA,1,1,,,,,,,,1,,Longo da via,Bom,Não existe,Perfeito estado,Seca,,Não existe,Não há placas,,Dupla,Canal,,,,,,,,
2019-09-07,18:26:00,SEM VÍTIMA,FINALIZADA,BOA VIAGEM,AV BOA VIAGEM,,RUA BRUNO VELOSO,SEMÁFORO 120,AV BOA VIAGEM,,SEMÁFORO 120,BOA VIAGEM,120,CIDADE,COLISÃO TRASEIRA,COLISÃO SEM VÍTIMA,3,,,,,,,,,0,,,Bom,Sem defeito,Perfeito estado,Seca,Perfeito estado,Faixa de pedestre,Não há placas,,Única,Faixa contínua,,,,,,,,
2019-09-07,19:07:00,COM VÍTIMA,FINALIZADA,PRADO,RUA SANTA EDWIRGES,,RUA PADRE TEOFILO TWORZ,PROX A IGREJA PRESBITARIANA DO PRADO,RUA SANTA EDWIRGES,,PROX A IGREJA PRESBITARIANA DO PRADO,PRADO,,,ABALROAMENTO TRANSVERSAL,ONIBUS X AUTO,1,,,,,1,,,,1,,Cruzamento,Bom,Não existe,Incompleta,Seca,,Não existe,Outras,,Única,,,,,,,,,
2019-09-07,19:20:00,COM VÍTIMA,FINALIZADA,MADALENA,RUA BENFICA,,,ENF AO EXTRA,RUA BENFICA,,ENF AO EXTRA,MADALENA,,,COLISÃO,MOTO X AUTO,1,1,,,,,,,,1,,Longo da via,Chuvoso,Sem defeito,Incompleta,Seca,Outros,Não existe,,40 km/h,Dupla,Não existe,,,,,,,,
2019-09-07,21:11:00,SEM VÍTIMA,FINALIZADA,JORDÃO,AV MARIA IRENE,170,RUA LUIZ CAMARA,ASSEMBLEIA DE DEUS,AV MARIA IRENE,170,ASSEMBLEIA DE DEUS,JORDÃO,,SUBURBIO,COLISÃO TRASEIRA,VOYAGE X FAIT UNO,2,,,,,,,,,0,,Longo da via,Chuvoso,Não existe,Perfeito estado,Molhada,Perfeito estado,Não existe,Não há placas,,Dupla,Não existe,,,,,,,,
2019-09-07,21:32:00,SEM VÍTIMA,FINALIZADA,IMBIRIBEIRA,AV MARECHAL MASCARENHAS DE MORAES,,,ANTIGO AEROPORTO,AV MARECHAL MASCARENHAS DE MORAES,,ANTIGO AEROPORTO,IMBIRIBEIRA,,SUBURBIO,ABALROAMENTO TRANSVERSAL,ENTRE 2 AUTOS, S/V,2,,,,,,,,,0,,Viaduto,Bom,Não existe,Perfeito estado,Seca,Perfeito estado,Outros,Placas Pare,,Dupla,Faixa contínua,,,,,,,
2019-09-07,21:52:00,SEM VÍTIMA,FINALIZADA,ROSARINHO,AV NORTE,,RUA TREZE DE JUNHO,SEMÁFORO Nº 456,AV NORTE,,SEMÁFORO Nº 456,ROSARINHO,456,,CHOQUE OBJETO FIXO,O AUTO PASSEIO E O MEIO FIO. S/V,1,,,,,,,,,0,,Cruzamento,Bom,Sem defeito,Perfeito estado,Seca,Perfeito estado,Faixa de pedestre,,60 km/h,Dupla,Canteiro central,,,,,,,,
2019-09-08,02:20:00,SEM VÍTIMA,FINALIZADA,CAMPO GRANDE,EST DE BELEM,,,RUA ODORICO MENDES,EST DE BELEM,,RUA ODORICO MENDES,CAMPO GRANDE,26,SUBURBIO,ABALROAMENTO TRANSVERSAL,COLISÃO ENTRE DOIS AUTOS SEM VÍTIMAS.,2,,,,,,,,,0,,Cruzamento,Bom,Sem defeito,Perfeito estado,Seca,Perfeito estado,Faixa de pedestre,Não há placas,,Dupla,Faixa contínua,,,,,,,,
2019-09-08,04:22:00,COM VÍTIMA,FINALIZADA,SANTO AMARO,AV GOVERNADOR AGAMENON MAGALHAES,,AV DR JAYME DA FONTE,COLISAO AUTO E MOTO,AV GOVERNADOR AGAMENON MAGALHAES,,COLISAO AUTO E MOTO,SANTO AMARO,49,,COLISÃO,MOTO EVADIU-SE DO LOCAL E NÃO FOI PEGO A PLACA DELA.,1,1,,,,,,,,1,,Esquina,Bom,Sem defeito,Perfeito estado,Seca,Perfeito estado,Faixa de pedestre,Não há placas,,Dupla,Faixa seccionada,,,,,,,,
2019-09-08,05:41:00,SEM VÍTIMA,FINALIZADA,MACAXEIRA,AV NORTE,,,EM FRENTE AO Nº 7787-A,AV NORTE,,EM FRENTE AO Nº 7787-A,MACAXEIRA,,SUBURBIO,CHOQUE OBJETO FIXO,VT DEPAROU-SE COM UM CHOQUE,1,,,,,,,,,0,,Longo da via,Bom,Sem defeito,Perfeito estado,Seca,Perfeito estado,Faixa de pedestre,,,Dupla,Canteiro central,,,,,,,,
2019-09-08,07:12:00,SEM VÍTIMA,CANCELADA,SAN MARTIN,RUA VINTE E UM DE ABRIL,,RUA COMENDADOR FRANCO FERREIRA,EM FRENTE A FARMACIA DROGASIL/GIRADOURO DE SAN MARTIN,RUA VINTE E UM DE ABRIL,,EM FRENTE A FARMACIA DROGASIL/GIRADOURO DE SAN MARTIN,SAN MARTIN,,,COLISÃO,SEM VITIMAS,2,,,,,,,,,0,,,,,,,,,,,,,,,,,,,,
2019-09-08,07:33:00,SEM VÍTIMA,FINALIZADA,COHAB,RUA ENGENHO NORUEGA,17,,,RUA ENGENHO NORUEGA,17,,COHAB,,SUBURBIO,CHOQUE OBJETO FIXO,VEICULO CHOCOU-SE COM UM MURO SE ENCONTRANDO ATRAVESSADO NA VIA,1,,,,,,,,,0,,Longo da via,Bom,Não existe,Não existente,Seca,Mal conservada,Não existe,Não há placas,,Dupla,Não existe,,,,,,,,
2019-09-08,07:37:00,COM VÍTIMA,FINALIZADA,COELHOS,RUA SAO GONCALO,160,RUA DOS COELHOS,AO LADO DA IGREJA DE SÃO GONÇALO,RUA SAO GONCALO,160,AO LADO DA IGREJA DE SÃO GONÇALO,COELHOS,,SUBURBIO,COLISÃO,COM UMA VITIMA AGUARDANDO SAMU,2,1,,,,,,,,1,,Longo da via,Bom,Não existe,Perfeito estado,Seca,Perfeito estado,Não existe,Outras,,Única,Faixa seccionada,,,,,,,,
2019-09-08,11:06:00,SEM VÍTIMA,CANCELADA,AREIAS,AV CAPITAO GREGORIO DE CALDAS,393,,NA RUA DO BIG BOMPREÇO ANTIGO HIPER,AV CAPITAO GREGORIO DE CALDAS,393,NA RUA DO BIG BOMPREÇO ANTIGO HIPER,AREIAS,,SUBURBIO,COLISÃO,COLISÃO DE CAMINHÃO EM UM CARRO,1,,,,,,1,,,0,,,,,,,,,,,,,,,,,,,,
2019-09-08,11:42:00,SEM VÍTIMA,FINALIZADA,DOIS IRMÃOS,RUA DOIS IRMAOS,1060,,EM FRENTE AO PRÉDIO DA SDS,RUA DOIS IRMAOS,1060,EM FRENTE AO PRÉDIO DA SDS,DOIS IRMÃOS,,CIDADE,COLISÃO TRASEIRA,SEM VITIMAS,4,,,,,,,,,0,,Longo da via,Bom,Não existe,Perfeito estado,Seca,Perfeito estado,Não existe,R-6a,,Dupla,Faixa contínua,,,,,,,,
2019-09-08,12:02:00,COM VÍTIMA,FINALIZADA,DERBY,RUA BARAO DE GOIANA,496,RUA HENRIQUE DIAS,EM FRENTE AO COLEGIO DA PM,RUA BARAO DE GOIANA,496,EM FRENTE AO COLEGIO DA PM,DERBY,,,COLISÃO,COLISÃO COM DUAS VITIMAS ,SAMU ACIONADO,1,1,,,,,,,,2,,,,,,,,,,,,,,,,,,,
2019-09-08,12:11:00,COM VÍTIMA,FINALIZADA,ENCRUZILHADA,AV BEBERIBE,335,RUA FERNANDO CESAR,EM FRENTE AO BANCO DO BRASIL,AV BEBERIBE,335,EM FRENTE AO BANCO DO BRASIL,ENCRUZILHADA,238,,ABALROAMENTO LONGITUDINAL,COM UMA VITIMA /SAMU NO LOCAL,1,1,,,,,,,,1,,Cruzamento,Chuvoso,Sem defeito,Perfeito estado,Molhada,,Faixa de pedestre,R-6a,,Dupla,Faixa contínua,,,,,,,,
2019-09-08,13:32:00,SEM VÍTIMA,FINALIZADA,BOA VIAGEM,RUA ANTONIO FALCAO,141,,EM FRENTE PLAZA ROYALE RESIDENCE,RUA ANTONIO FALCAO,141,EM FRENTE PLAZA ROYALE RESIDENCE,BOA VIAGEM,,,CHOQUE VEÍCULO PARADO,SEM VITIMAS,2,,,,,,,,,0,,Longo da via,Bom,Não existe,Perfeito estado,Seca,Perfeito estado,Não existe,Outras,,Única,Faixa seccionada,,,,,,,,
2019-09-08,13:36:00,SEM VÍTIMA,FINALIZADA,SÃO JOSÉ,AV SUL,1290,,PRÓXIMO A RUA PACATUBA,AV SUL,1290,PRÓXIMO A RUA PACATUBA,SÃO JOSÉ,,CIDADE,ABALROAMENTO LONGITUDINAL,PAJERO X MOTO,1,1,,,,,,,,0,,Longo da via,Chuvoso,Não existe,Perfeito estado,Seca,Perfeito estado,Não existe,Não há placas,,Dupla,Canteiro central,,,,,,,,
2019-09-08,13:50:00,SEM VÍTIMA,FINALIZADA,TORRE,RUA JOSE BONIFACIO,1099,,,RUA JOSE BONIFACIO,1099,,TORRE,,SUBURBIO,ABALROAMENTO LONGITUDINAL,AUTO X MOTO,1,1,,,,,,,,0,,Longo da via,Bom,Não existe,Incompleta,Seca,Perfeito estado,Não existe,Outras,40 km/h,Única,Canteiro central,,,,,,,,
2019-09-08,14:01:00,SEM VÍTIMA,CANCELADA,ESTÂNCIA,AV RECIFE,150,,ENF. A DISTRIBUIDORA EMBREPAR //SENTIDO CAXANGA,AV RECIFE,150,ENF. A DISTRIBUIDORA EMBREPAR //SENTIDO CAXANGA,ESTÂNCIA,621,,COLISÃO,ONIX X RENAULT,2,,,,,,,,,0,,,,,,,,,,,,,,,,,,,,
2019-09-08,14:30:00,SEM VÍTIMA,FINALIZADA,,AV PERNAMBUCO,,AV RIO SAO FRANCISCO,EM FRENTE A JUNIOR GÁS,AV PERNAMBUCO,,EM FRENTE A JUNIOR GÁS,,,SUBURBIO,ABALROAMENTO LONGITUDINAL,SEM VITIMAS,1,,,,,1,,,,0,,,Bom,Não existe,Ilegível,Seca,Perfeito estado,Não existe,R-6a,,Dupla,Não existe,,,,,,,,
2019-09-08,17:09:00,SEM VÍTIMA,FINALIZADA,ILHA DO LEITE,AV BEIRA RIO,400,,FRENTE AO Nº 400,AV BEIRA RIO,400,FRENTE AO Nº 400,ILHA DO LEITE,,CIDADE,ABALROAMENTO LONGITUDINAL,SIENA X MOTO OBS: VT 03 DA CTTU NO LOCAL A VITIMA TEVE CORIAÇOES MAIS INFORMOU QUE NAO VAI SER PRECISO ACIONAR BOMBEIRO E NEM SAMU,1,1,,,,,,,,0,,Longo da via,Bom,Não existe,Perfeito estado,Seca,Perfeito estado,,Outras,,Dupla,Faixa seccionada,,,,,,,,
2019-09-08,18:31:00,SEM VÍTIMA,FINALIZADA,IBURA,RUA RIBEIRAO VERMELHO,138 B,RUA RIO PARANAIBA,,RUA RIBEIRAO VERMELHO,138 B,,IBURA,,SUBURBIO,COLISÃO TRASEIRA,GOL X AUTO,2,,,,,,,,,0,,Cruzamento,Bom,Não existe,Não existente,Seca,Mal conservada,Não existe,Não há placas,,Dupla,Não existe,,,,,,,,
2019-09-08,21:48:00,SEM VÍTIMA,FINALIZADA,NOVA DESCOBERTA,AV VEREADOR OTACILIO AZEVEDO,,,CLUBE DA FAZENDA,AV VEREADOR OTACILIO AZEVEDO,,CLUBE DA FAZENDA,NOVA DESCOBERTA,,SUBURBIO,CHOQUE VEÍCULO PARADO,ENTRE 2 AUTOS E MICRO ÔNIBUS. S/V,2,,,,,1,,,,0,,Longo da via,Bom,Não existe,Incompleta,Seca,Mal iluminada,Não existe,Outras,,Dupla,Faixa seccionada,,,,,,,,
2019-09-08,23:22:00,SEM VÍTIMA,FINALIZADA,TAMARINEIRA,EST VELHA DE AGUA FRIA,,AV PROFESSOR JOSE DOS ANJOS,DNOCS,EST VELHA DE AGUA FRIA,,DNOCS,TAMARINEIRA,306,SUBURBIO,ABALROAMENTO TRANSVERSAL,SIENA X CELTA,1,,,,,,,,,0,,Cruzamento,Chuvoso,Sem defeito,Perfeito estado,Molhada,Perfeito estado,Faixa de pedestre,,,Dupla,Faixa contínua,Faixa seccionada,,,,,,,
2019-09-09,00:12:00,SEM VÍTIMA,FINALIZADA,MANGABEIRA,AV NORTE,,,SUBIDA DA MANGABEIRA,AV NORTE,,SUBIDA DA MANGABEIRA,MANGABEIRA,96,SUBURBIO,ABALROAMENTO LONGITUDINAL,COLISÃO ENTRE AUTO E MOTO, S/V.,1,1,,,,,,,,0,,Longo da via,Chuvoso,Sem defeito,Perfeito estado,Molhada,Perfeito estado,Faixa de pedestre,R-6a,,Dupla,Canteiro central,,,,,,,
2019-09-09,00:12:00,SEM VÍTIMA,FINALIZADA,IMBIRIBEIRA,AV MARECHAL MASCARENHAS DE MORAES,,,AEROPORTO INTERNACIONAL DO RECIFE DOS GUARARAPES,AV MARECHAL MASCARENHAS DE MORAES,,AEROPORTO INTERNACIONAL DO RECIFE DOS GUARARAPES,IMBIRIBEIRA,,,COLISÃO TRASEIRA,ENGAVETAMENTO 3 AUTOS,3,,,,,,,,,0,,Longo da via,Bom,Não existe,Perfeito estado,Seca,Perfeito estado,Não existe,Não há placas,,Única,Canteiro central,,,,,,,,
2019-09-09,01:37:00,SEM VÍTIMA,FINALIZADA,BOA VIAGEM,AV DES JOSE NEVES,1037,,RESIDENCIAL MARIA TAVEIRA LINS,AV DES JOSE NEVES,1037,RESIDENCIAL MARIA TAVEIRA LINS,BOA VIAGEM,,CIDADE,CHOQUE VEÍCULO PARADO,MOTO X AUTO PASSEIO S/V,1,1,,,,,,,,0,,Longo da via,Bom,Não existe,Perfeito estado,Seca,Perfeito estado,,R-6a,50 km/h,Dupla,Canal,,,,,,,,
2019-09-09,05:45:00,SEM VÍTIMA,FINALIZADA,CAXANGÁ,AV JOAQUIM RIBEIRO,,RUA GASTAO VIDIGAL,,AV JOAQUIM RIBEIRO,,,CAXANGÁ,281,,ABALROAMENTO LONGITUDINAL,COLISÃO ENTRE AUTO E CAMINHÃO, S/V.,1,,,,,,1,,,0,,Cruzamento,Bom,Sem defeito,Perfeito estado,Seca,Perfeito estado,Faixa de pedestre,,,Dupla,Faixa seccionada,Canteiro central,,,,,,
2019-09-09,07:36:00,SEM VÍTIMA,FINALIZADA,VÁRZEA,RUA PROFESSOR CHAVES BATISTA,197,RUA EMILIANO BRAGA,GARDEN CENTER CAXANGÁ,RUA PROFESSOR CHAVES BATISTA,197,GARDEN CENTER CAXANGÁ,VÁRZEA,,,ABALROAMENTO LONGITUDINAL,,1,,,,,1,,,,0,,Cruzamento,Bom,Não existe,Perfeito estado,Seca,Perfeito estado,Faixa de pedestre,Não há placas,,Dupla,Faixa seccionada,,,,,,,,
2019-09-09,08:01:00,SEM VÍTIMA,FINALIZADA,CORDEIRO,RUA PEREIRA DE MORAES,,RUA PAES CABRAL,ANGLO,RUA PEREIRA DE MORAES,,ANGLO,CORDEIRO,,,ABALROAMENTO TRANSVERSAL,COLISÃO SEM VITIMAS,2,,,,,,,,,0,,Cruzamento,Bom,Não existe,Não existente,Seca,Perfeito estado,Não existe,Não há placas,,,Não existe,,,,,,,,
2019-09-09,08:48:00,SEM VÍTIMA,FINALIZADA,IMBIRIBEIRA,AV MARECHAL MASCARENHAS DE MORAES,,RUA ITACARI,BANCO ITAÚ,AV MARECHAL MASCARENHAS DE MORAES,,BANCO ITAÚ,IMBIRIBEIRA,225,SUBURBIO,ABALROAMENTO LONGITUDINAL,COLISÃO DE CAMINHONETE COM ÔNIBUS,1,,,,,1,,,,0,,Longo da via,Bom,Sem defeito,Perfeito estado,Seca,Perfeito estado,Faixa de pedestre,Não há placas,,Dupla,Canteiro central,,,,,,,,
2019-09-09,09:03:00,SEM VÍTIMA,FINALIZADA,BOA VIAGEM,RUA PROFESSOR AUGUSTO LINS E SILVA,187,RUA LUIZ PIMENTEL,,RUA PROFESSOR AUGUSTO LINS E SILVA,187,,BOA VIAGEM,,CIDADE,ABALROAMENTO LONGITUDINAL,SEM VITIMAS,2,,,,,,,,,0,,,Bom,Não existe,Perfeito estado,Seca,Perfeito estado,Outros,Placas Pare,,Dupla,Não existe,,,,,,,,
2019-09-09,09:54:00,SEM VÍTIMA,FINALIZADA,CASA AMARELA,RUA XAVANTES,150,RUA OSCAR DE BARROS,,RUA XAVANTES,150,,CASA AMARELA,,SUBURBIO,ABALROAMENTO TRANSVERSAL,SEM VITIMAS,1,1,,,,,,,,0,,Cruzamento,Bom,Não existe,Perfeito estado,Seca,Perfeito estado,,Placas Pare,,Dupla,Não existe,,,,,,,,
2019-09-09,09:54:00,COM VÍTIMA,FINALIZADA,SÃO JOSÉ,RUA IMPERIAL,2218,,EM FRENTE AO MOTEL LUA DE MEL,RUA IMPERIAL,2218,EM FRENTE AO MOTEL LUA DE MEL,SÃO JOSÉ,,,ATROPELAMENTO,COLISÃO COM VITIMA A ESPERA DO SAMU,,1,,,1,,,,,1,,Longo da via,Bom,Não existe,Perfeito estado,Seca,Perfeito estado,Não existe,Não há placas,50 km/h,Única,Faixa seccionada,,,,,,,,