data,hora,natureza_acidente,situacao,bairro,endereco,numero,detalhe_endereco_acidente,complemento,endereco_cruzamento,numero_cruzamento,referencia_cruzamento,bairro_cruzamento,num_semaforo,sentido_via,tipo,descricao,auto,moto,ciclom,ciclista,pedestre,onibus,caminhao,viatura,outros,vitimas,vitimasfatais,acidente_verificado,tempo_clima,situacao_semaforo,sinalizacao,condicao_via,conservacao_via,ponto_controle,situacao_placa,velocidade_max_via,mao_direcao,divisao_via1,divisao_via2,divisao_via3,,,,,,
2019-09-09,09:57:00,SEM VÍTIMA,FINALIZADA,BOA VIAGEM,AV CONSELHEIRO AGUIAR,1851,,POSTO DE POLICIAMENTO ( PPO),AV CONSELHEIRO AGUIAR,1851,POSTO DE POLICIAMENTO ( PPO),BOA VIAGEM,366,CIDADE,CHOQUE VEÍCULO PARADO,,1,,,,,1,,,,0,,Longo da via,Bom,Sem defeito,Perfeito estado,Seca,Perfeito estado,Faixa de pedestre,Não há placas,60 km/h,Única,Faixa contínua,,,,,,,,
2019-09-09,11:08:00,SEM VÍTIMA,FINALIZADA,CAMPO GRANDE,EST DE BELEM,564,RUA LARGA DO FEITOZA,,EST DE BELEM,564,,CAMPO GRANDE,,SUBURBIO,ABALROAMENTO LONGITUDINAL,SEM VITIMAS,2,,,,,,,,,0,,Longo da via,Bom,Não existe,Perfeito estado,Seca,Perfeito estado,Não existe,R-6a,,Dupla,Faixa seccionada,,,,,,,,
2019-09-09,11:30:00,SEM VÍTIMA,FINALIZADA,VÁRZEA,RUA AMARO GOMES POROCA,1985,RUA CORONEL PACHECO,EM FRENTE AO Nº 1985,RUA AMARO GOMES POROCA,1985,EM FRENTE AO Nº 1985,VÁRZEA,,SUBURBIO,ABALROAMENTO LONGITUDINAL,COLISÃO SEM VITIMAS,1,,,,,1,,,,0,,,Bom,Não existe,Perfeito estado,Seca,Perfeito estado,Faixa de pedestre,R-6a,30 km/h,Dupla,Faixa contínua,,,,,,,,
2019-09-09,11:59:00,SEM VÍTIMA,FINALIZADA,PRADO,AV ENGENHEIRO ABDIAS DE CARVALHO,,,AO LADO DA FACULDADE ESTACIO SENTIDO CARUARU,AV ENGENHEIRO ABDIAS DE CARVALHO,,AO LADO DA FACULDADE ESTACIO SENTIDO CARUARU,PRADO,,SUBURBIO,ABALROAMENTO LONGITUDINAL,COLISÃO SEM VÍTIMA,2,,,,,,,,,0,,Longo da via,Bom,Não existe,Perfeito estado,Seca,Perfeito estado,Outros,Outras,60 km/h,Única,Faixa seccionada,,,,,,,,
2019-09-09,12:22:00,SEM VÍTIMA,FINALIZADA,BOA VISTA,AV CONDE DA BOA VISTA,,RUA GERVASIO PIRES,SOB O SEMÁFORO Nº 024,AV CONDE DA BOA VISTA,,SOB O SEMÁFORO Nº 024,BOA VISTA,,SUBURBIO,ABALROAMENTO LONGITUDINAL,COLISÃO SEM VÍTIMA,1,,,,,1,,,,0,,Cruzamento,Bom,Sem defeito,Incompleta,Seca,Perfeito estado,Agente,,,Dupla,Faixa contínua,,,,,,,,
2019-09-09,12:37:00,SEM VÍTIMA,FINALIZADA,IPUTINGA,AV CAXANGA,,,BIG BOMPREÇO,AV CAXANGA,,BIG BOMPREÇO,IPUTINGA,333,SUBURBIO,ABALROAMENTO LONGITUDINAL,,,1,,,,1,,,,0,,Longo da via,Bom,Sem defeito,Perfeito estado,Seca,Perfeito estado,Agente,,,Dupla,Canteiro central,,,,,,,,
2019-09-09,12:46:00,SEM VÍTIMA,FINALIZADA,BAIRRO DO RECIFE,AV ALFREDO LISBOA,189,,SOBRE A FAIXA DE PEDESTRE Nº 189,AV ALFREDO LISBOA,189,SOBRE A FAIXA DE PEDESTRE Nº 189,BAIRRO DO RECIFE,,SUBURBIO,COLISÃO TRASEIRA,COLISÃO SEM VÍTIMA,2,,,,,,,,,0,,Longo da via,Bom,Não existe,Perfeito estado,Seca,Perfeito estado,Não existe,Não há placas,30 km/h,Única,Faixa seccionada,,,,,,,,
2019-09-09,12:49:00,SEM VÍTIMA,FINALIZADA,GRAÇAS,AV GOVERNADOR AGAMENON MAGALHAES,,,,AV GOVERNADOR AGAMENON MAGALHAES,,,GRAÇAS,,,COLISÃO TRASEIRA,COLISÃO S/VITIMAS ENTRE QUATRO CARROS,4,,,,,,,,,0,,Longo da via,Bom,Sem defeito,Perfeito estado,Seca,Perfeito estado,Faixa de pedestre,,,Dupla,Faixa seccionada,Canal,,,,,,,
2019-09-09,12:51:00,SEM VÍTIMA,FINALIZADA,BOA VISTA,RUA AURORA,186,,EM FRENTE AO Nº 186,RUA AURORA,186,EM FRENTE AO Nº 186,BOA VISTA,,SUBURBIO,ABALROAMENTO LONGITUDINAL,ÔNIBUS X AUTO. S/V,1,,,,,1,,,,0,,Longo da via,Bom,Não existe,Incompleta,Seca,Mal conservada,Não existe,Outras,,Única,Não existe,,,,,,,,
2019-09-09,12:52:00,SEM VÍTIMA,FINALIZADA,MADALENA,RUA SPORT CLUBE DO RECIFE,,,EM FRENTE AO SPORT CLUB DO RECIFE,RUA SPORT CLUBE DO RECIFE,,EM FRENTE AO SPORT CLUB DO RECIFE,MADALENA,,CIDADE,ABALROAMENTO LONGITUDINAL,,1,,,,,,1,,,0,,Longo da via,Bom,Não existe,Perfeito estado,Seca,Perfeito estado,Não existe,Não há placas,60 km/h,Dupla,Canteiro central,,,,,,,,
2019-09-09,12:53:00,SEM VÍTIMA,CANCELADA,BOA VIAGEM,RUA BARAO DE SOUZA LEAO,,,EM FRENTE AO SUPERMERCADO TREVO,RUA BARAO DE SOUZA LEAO,,EM FRENTE AO SUPERMERCADO TREVO,BOA VIAGEM,,,COLISÃO,COLISÃO SEM VÍTIMA,2,,,,,,,,,0,,,,,,,,,,,,,,,,,,,,
2019-09-09,14:30:00,SEM VÍTIMA,FINALIZADA,PRADO,AV ENGENHEIRO ABDIAS DE CARVALHO,,,,AV ENGENHEIRO ABDIAS DE CARVALHO,,,PRADO,,,ABALROAMENTO TRANSVERSAL,COLISAO ENTRE DOIS AUTOS S/V,2,,,,,,,,,0,,Longo da via,Bom,Não existe,Não existente,Seca,Mal conservada,Outros,Outras,60 km/h,Única,Faixa seccionada,,,,,,,,
2019-09-09,14:30:00,SEM VÍTIMA,FINALIZADA,VÁRZEA,AV CAXANGA,4474,RUA PAUL HARRIS,EM FRENTE A FARMÁCIA DROGASIL Nº 4474,AV CAXANGA,4474,EM FRENTE A FARMÁCIA DROGASIL Nº 4474,VÁRZEA,230,SUBURBIO,ABALROAMENTO LONGITUDINAL,ENTRE 2 AUTOS. S/V,2,,,,,,,,,0,,,Bom,Sem defeito,Perfeito estado,Seca,Perfeito estado,Faixa de pedestre,R-6a,,Dupla,Faixa contínua,Faixa seccionada,Canteiro central,,,,,,
2019-09-09,14:53:00,SEM VÍTIMA,CANCELADA,BOA VIAGEM,RUA JOSE HIPOLITO CARDOSO,255,RUA JOAO CARDOSO AIRES,EM FRENTE A CROSS FIT UNBROKEN,RUA JOSE HIPOLITO CARDOSO,255,EM FRENTE A CROSS FIT UNBROKEN,BOA VIAGEM,,,COLISÃO,COLISÃO S/ VITIMAS ENTRE CAMINHÃO E AUTO,1,,,,,,1,,,0,,,,,,,,,,,,,,,,,,,,
2019-09-09,15:18:00,SEM VÍTIMA,FINALIZADA,JARDIM SÃO PAULO,RUA LEANDRO BARRETO,215,,IGREJA DOS SANTOS DOS ÚLTIMOS DIAS,RUA LEANDRO BARRETO,215,IGREJA DOS SANTOS DOS ÚLTIMOS DIAS,JARDIM SÃO PAULO,,SUBURBIO,COLISÃO TRASEIRA,COLISAO ENTRE AUTO E ONIBUS S/V,1,,,,,1,,,,0,,Longo da via,Bom,Não existe,Perfeito estado,Seca,Perfeito estado,Faixa de pedestre,Não há placas,,Dupla,,,,,,,,,
2019-09-09,15:22:00,COM VÍTIMA,CANCELADA,BOA VISTA,RUA DO HOSPICIO,,,PRÓXIMO A SERES,RUA DO HOSPICIO,,PRÓXIMO A SERES,BOA VISTA,,,ATROPELAMENTO,,,1,,,,,,,,1,,,,,,,,,,,,,,,,,,,,
2019-09-09,15:46:00,SEM VÍTIMA,FINALIZADA,SANTO AMARO,RUA TREZE DE MAIO,,AV NORTE,SOB O SEMÁFORO 036,RUA TREZE DE MAIO,,SOB O SEMÁFORO 036,SANTO AMARO,36,SUBURBIO,ABALROAMENTO LONGITUDINAL,COLISÃO SEM VÍTIMA,1,,,,,1,,,,0,,Cruzamento,Bom,Sem defeito,Perfeito estado,Seca,Perfeito estado,Não existe,Não há placas,,Dupla,Canteiro central,,,,,,,,
2019-09-09,15:49:00,SEM VÍTIMA,FINALIZADA,DERBY,AV GOVERNADOR AGAMENON MAGALHAES,,,EM FRENTE AO HAPVIDA (VIA PRINCIPAL),AV GOVERNADOR AGAMENON MAGALHAES,,EM FRENTE AO HAPVIDA (VIA PRINCIPAL),DERBY,,,COLISÃO TRASEIRA,COLISÃO S/VITIMAS ENTRE UM AUTO E UM CAMINHÃO,1,,,,,,1,,,0,,,Bom,Não existe,Perfeito estado,Seca,Perfeito estado,Não existe,Não há placas,60 km/h,Única,Faixa seccionada,,,,,,,,
2019-09-09,16:11:00,SEM VÍTIMA,FINALIZADA,ESTÂNCIA,RUA SAO MIGUEL,2149,,BEZERRA REBOQUE,RUA SAO MIGUEL,2149,BEZERRA REBOQUE,ESTÂNCIA,,SUBURBIO,ABALROAMENTO LONGITUDINAL,COLISAO ENTRE CAMINHAO E AUTOS S/V,1,,,,,,1,,,0,,Longo da via,Bom,Não existe,Perfeito estado,Seca,Perfeito estado,Não existe,,,Dupla,Faixa seccionada,,,,,,,,
2019-09-09,16:23:00,SEM VÍTIMA,FINALIZADA,ILHA DO LEITE,RUA PAISSANDU,,AV GOVERNADOR AGAMENON MAGALHAES,AO LADO DO BANCO SAFRA,RUA PAISSANDU,,AO LADO DO BANCO SAFRA,ILHA DO LEITE,,,COLISÃO,COLISAO ENTRE DOIS AUTOS S/V,2,,,,,,,,,0,,,,,,,,,,,,,,,,,,,,
2019-09-09,16:47:00,SEM VÍTIMA,FINALIZADA,SANTO ANTÔNIO,RUA PRINCESA IZABEL,,,SOBRE A PONTE PRINCESA IZABEL,RUA PRINCESA IZABEL,,SOBRE A PONTE PRINCESA IZABEL,SANTO ANTÔNIO,,,ABALROAMENTO LONGITUDINAL,COLISÃO SEM VÍTIMA,1,,,,,1,,,,0,,Longo da via,Bom,Não existe,Perfeito estado,Seca,Perfeito estado,Outros,,,Dupla,Faixa contínua,,,,,,,,
2019-09-09,16:47:00,COM VÍTIMA,FINALIZADA,TORRE,RUA SOUZA BANDEIRA,11,,EM FRENTE A LOJA BOMBONS E CIA,RUA SOUZA BANDEIRA,11,EM FRENTE A LOJA BOMBONS E CIA,TORRE,,,ATROPELAMENTO,ATROPELAMENTO,1,,,,1,,,,,1,,Longo da via,Bom,Não existe,Incompleta,Seca,Mal conservada,Outros,Outras,30 km/h,Dupla,Não existe,,,,,,,,
2019-09-09,17:21:00,SEM VÍTIMA,CANCELADA,APIPUCOS,AV DEZESSETE DE AGOSTO,,,E/F A ESCOLA DE REFERENCIA SILVA JARDIM S/T DOIS IRMAOS,AV DEZESSETE DE AGOSTO,,E/F A ESCOLA DE REFERENCIA SILVA JARDIM S/T DOIS IRMAOS,APIPUCOS,,,COLISÃO,COLISAO ENTRE AUTO E MOTO S/V,1,1,,,,,,,,0,,,,,,,,,,,,,,,,,,,,
2019-09-09,17:55:00,SEM VÍTIMA,FINALIZADA,,RUA SA E SOUZA,,RUA CAPITAO ZUZINHA,,RUA SA E SOUZA,,,,420,,ABALROAMENTO LONGITUDINAL,ENTRE 2 AUTOS. S/V,1,,,,,1,,,,0,,Cruzamento,Bom,Sem defeito,Perfeito estado,Seca,Perfeito estado,Faixa de pedestre,R-6a,60 km/h,Dupla,Faixa contínua,Faixa seccionada,,,,,,,
2019-09-09,18:14:00,SEM VÍTIMA,FINALIZADA,BAIRRO DO RECIFE,AV ALFREDO LISBOA,,,PRÓXIMO A LOMBADA ELETRÔNICA,AV ALFREDO LISBOA,,PRÓXIMO A LOMBADA ELETRÔNICA,BAIRRO DO RECIFE,,SUBURBIO,COLISÃO TRASEIRA,ENTRE 2 AUTOS. S/V,2,,,,,,,,,0,,Longo da via,Bom,Não existe,Perfeito estado,Seca,Perfeito estado,Agente,Não há placas,30 km/h,Única,Faixa seccionada,,,,,,,,
2019-09-09,18:25:00,SEM VÍTIMA,FINALIZADA,MUSTARDINHA,RUA TEJUCUPAPO,,AV MANOEL GONCALVES DA LUZ,PRÓX POSTO IPIRANGA,RUA TEJUCUPAPO,,PRÓX POSTO IPIRANGA,MUSTARDINHA,,SUBURBIO,ABALROAMENTO TRANSVERSAL,ENTRE AUTO PASSEIO X CAMINHÃO S/V,1,,,,,,,,2,0,,Cruzamento,Bom,Não existe,Perfeito estado,Seca,Perfeito estado,Não existe,R-6a,,Dupla,Não existe,,,,,,,,
2019-09-09,18:34:00,SEM VÍTIMA,FINALIZADA,MADALENA,EST DOS REMEDIOS,2259,,,EST DOS REMEDIOS,2259,,MADALENA,,SUBURBIO,ABALROAMENTO LONGITUDINAL,ENTRE AUTO E MOTO. S/V,1,1,,,,,,,,0,,Longo da via,Bom,Não existe,Perfeito estado,Seca,Perfeito estado,Não existe,Não há placas,,Única,Faixa seccionada,,,,,,,,
2019-09-09,18:43:00,SEM VÍTIMA,FINALIZADA,VÁRZEA,AV CAXANGA,,RUA PROFESSOR ANTONIO COELHO,AO LADO DO RESTAURANTE BRAZZETUS,AV CAXANGA,,AO LADO DO RESTAURANTE BRAZZETUS,VÁRZEA,,CIDADE,ABALROAMENTO LONGITUDINAL,ENTRE 2 AUTOS. S/V,1,,,,,,1,,,0,,Cruzamento,Bom,Não existe,Incompleta,Seca,Perfeito estado,Não existe,R-6a,,Dupla,Canteiro central,,,,,,,,
2019-09-09,19:08:00,SEM VÍTIMA,FINALIZADA,SAN MARTIN,AV ENGENHEIRO ABDIAS DE CARVALHO,,,LADO OPOSTO AO Nº 1835 SENT/SUBURBIO,AV ENGENHEIRO ABDIAS DE CARVALHO,,LADO OPOSTO AO Nº 1835 SENT/SUBURBIO,SAN MARTIN,,SUBURBIO,CHOQUE VEÍCULO PARADO,ENTRE DOIS AUTO S/V,2,,,,,,,,,0,,Longo da via,Bom,Não existe,Perfeito estado,Seca,Perfeito estado,Não existe,Não há placas,,Única,Faixa seccionada,Canteiro central,,,,,,,
2019-09-09,19:43:00,COM VÍTIMA,FINALIZADA,MADALENA,AV VISCONDE DE ALBUQUERQUE,232,RUA DEMOSTENES DE OLINDA,CONDOMINIO VILA BARRILOCHE,AV VISCONDE DE ALBUQUERQUE,232,CONDOMINIO VILA BARRILOCHE,MADALENA,,SUBURBIO,COLISÃO,AUTO PASSEIO X MOTO COM VÍTIMA,1,1,,,,,,,,1,,Esquina,Bom,Não existe,Não existente,Seca,Perfeito estado,Não existe,R-6a,,Única,Não existe,,,,,,,,
2019-09-09,19:50:00,SEM VÍTIMA,DUPLICIDADE,VÁRZEA,RUA PROFESSOR CHAVES BATISTA,,RUA JOAO SALES MENEZES,NA LATERAL DO BOI BRAZA,RUA PROFESSOR CHAVES BATISTA,,NA LATERAL DO BOI BRAZA,VÁRZEA,,,COLISÃO,ÕNIBUS X AUTO. S/V,1,,,,,1,,,,0,,,,,,,,,,,,,,,,,,,,
2019-09-09,19:51:00,SEM VÍTIMA,CANCELADA,VÁRZEA,RUA PROFESSOR CHAVES BATISTA,,,BOI E BRASA/ POSTO DISLUB,RUA PROFESSOR CHAVES BATISTA,,BOI E BRASA/ POSTO DISLUB,VÁRZEA,,,COLISÃO,ONIBUS X AUTO PASSEIO S/V,1,,,,,1,,,,0,,,,,,,,,,,,,,,,,,,,
2019-09-09,20:02:00,SEM VÍTIMA,FINALIZADA,BOMBA DO HEMETÉRIO,RUA BOMBA DO HEMETERIO,,RUA DAS CRIANCAS,,RUA BOMBA DO HEMETERIO,,,BOMBA DO HEMETÉRIO,,SUBURBIO,ABALROAMENTO TRANSVERSAL,ENTRE AUTO E MOTO. S/V,1,1,,,,,,,,0,,Cruzamento,Bom,Não existe,Perfeito estado,Seca,Perfeito estado,Não existe,Outras,,Dupla,Faixa seccionada,,,,,,,,
2019-09-09,20:58:00,SEM VÍTIMA,FINALIZADA,BOA VIAGEM,RUA BRUNO VELOSO,,,FERNANDO SIMÕES BARBOSA,RUA BRUNO VELOSO,,FERNANDO SIMÕES BARBOSA,BOA VIAGEM,335,,ABALROAMENTO TRANSVERSAL,ENTRE DOIS AUTO S/V,2,,,,,,,,,0,,Cruzamento,Bom,Sem defeito,Perfeito estado,Seca,Perfeito estado,Faixa de pedestre,R-6a,60 km/h,Dupla,Canal,,,,,,,,
2019-09-10,05:55:00,SEM VÍTIMA,FINALIZADA,PRADO,RUA CARLOS GOMES,,RUA PADRE TEOFILO TWORZ,CRUZAMENTO APÓS A PONTE PRÓXIMO AO Nº 914,RUA CARLOS GOMES,,CRUZAMENTO APÓS A PONTE PRÓXIMO AO Nº 914,PRADO,,SUBURBIO,ABALROAMENTO LONGITUDINAL,COLISÃO S/VITIMAS ENTRE DOIS AUTOS,2,,,,,,,,,0,,Cruzamento,Bom,Não existe,Perfeito estado,Seca,Perfeito estado,Não existe,Não há placas,,Única,Faixa seccionada,Canteiro central,,,,,,,
2019-09-10,06:02:00,COM VÍTIMA,CANCELADA,MACAXEIRA,AV JOSE AMERICO DE ALMEIDA,QUADRA1/LOTE1,,EM FRENTE A ACADEMIA PONTO UM,AV JOSE AMERICO DE ALMEIDA,QUADRA1/LOTE1,EM FRENTE A ACADEMIA PONTO UM,MACAXEIRA,,AV NORTE,COLISÃO,COM UMA VITIMA AGUARDANDO SAMU,,1,,,,1,,,,1,,,,,,,,,,,,,,,,,,,,
2019-09-10,07:21:00,SEM VÍTIMA,CANCELADA,ILHA DO LEITE,AV GOVERNADOR AGAMENON MAGALHAES,,,NA SUBIDA DO VIADUTO ,SENTIDO BOA VIAGEM,AV GOVERNADOR AGAMENON MAGALHAES,,NA SUBIDA DO VIADUTO ,SENTIDO BOA VIAGEM,ILHA DO LEITE,,BOA VIAGEM,COLISÃO,SEM VITIMAS,2,,,,,,,,,0,,,,,,,,,,,,,,,,,,
2019-09-10,07:55:00,COM VÍTIMA,FINALIZADA,DOIS IRMÃOS,RUA MANUEL DE MEDEIROS,,,EM FRENTE A COMPESA,RUA MANUEL DE MEDEIROS,,EM FRENTE A COMPESA,DOIS IRMÃOS,,CIDADE,COLISÃO,COM UMA VITIMA ,SAMU ACIONADO,1,1,,,,,,,,1,,Esquina,Bom,Não existe,Ilegível,Seca,Perfeito estado,Não existe,R-6a,,Dupla,Faixa contínua,,,,,,,
2019-09-10,08:03:00,SEM VÍTIMA,FINALIZADA,GRAÇAS,AV RUI BARBOSA,1061,RUA ALBERTO PAIVA,,AV RUI BARBOSA,1061,,GRAÇAS,305,CIDADE,ABALROAMENTO LONGITUDINAL,SEM VITIMAS,2,,,,,,,,,0,,Longo da via,Bom,Sem defeito,Perfeito estado,Seca,Perfeito estado,Faixa de pedestre,,,Única,Faixa seccionada,,,,,,,,
2019-09-10,08:22:00,SEM VÍTIMA,FINALIZADA,MADALENA,AV VISCONDE DE ALBUQUERQUE,439,,PRÓXIMOAO ED VILA SUZANA,AV VISCONDE DE ALBUQUERQUE,439,PRÓXIMOAO ED VILA SUZANA,MADALENA,,SUBURBIO,COLISÃO TRASEIRA,COLISÃO S/VITIMAS ENTRE TRÊS AUTOS,2,,,,,,,,,0,,Longo da via,Bom,Sem defeito,Perfeito estado,Seca,Perfeito estado,,Outras,,Única,,,,,,,,,
2019-09-10,08:41:00,SEM VÍTIMA,CANCELADA,CAXANGÁ,AV CAXANGA,,,NO SENTIDO CIDADE AO LADO DA UPA DA CAXANGA,AV CAXANGA,,NO SENTIDO CIDADE AO LADO DA UPA DA CAXANGA,CAXANGÁ,,,COLISÃO,COLISÃO SEM VITIMAS,2,,,,,,,,,0,,,,,,,,,,,,,,,,,,,,
2019-09-10,08:42:00,SEM VÍTIMA,CANCELADA,CASA AMARELA,AV NORTE,5229,LAD DO BARTOLOMEU,AO LADO DA FAMACIA BOM JESUS,AV NORTE,5229,AO LADO DA FAMACIA BOM JESUS,CASA AMARELA,,CIDADE,COLISÃO,SEM VITIMAS,1,,,,,,,,1,0,,,,,,,,,,,,,,,,,,,,
2019-09-10,09:04:00,SEM VÍTIMA,FINALIZADA,JORDÃO,AV MARIA IRENE,611,,LADO OPOSTO A BASE AÉREA DO RECIFE,AV MARIA IRENE,611,LADO OPOSTO A BASE AÉREA DO RECIFE,JORDÃO,,SUBURBIO,ABALROAMENTO LONGITUDINAL,SEM VITMAS,1,1,,,,,,,,0,,Longo da via,Bom,Não existe,Incompleta,Seca,Perfeito estado,Não existe,Outras,,Dupla,Não existe,,,,,,,,
2019-09-10,09:25:00,SEM VÍTIMA,FINALIZADA,POÇO DA PANELA,RUA DOS ARCOS,160,RUA PAULO INOJOSA,,RUA DOS ARCOS,160,,POÇO DA PANELA,,CIDADE,CHOQUE VEÍCULO PARADO,COLISÃO SEM VITIMAS,2,,,,,,,,,0,,Longo da via,Bom,,,Seca,Perfeito estado,,,30 km/h,Única,Não existe,,,,,,,,
2019-09-10,09:57:00,SEM VÍTIMA,FINALIZADA,MADALENA,RUA DEMOCRITO DE SOUZA FILHO,235,,SEVEN TERAPIAS INTEGRADAS,RUA DEMOCRITO DE SOUZA FILHO,235,SEVEN TERAPIAS INTEGRADAS,MADALENA,,CIDADE,COLISÃO TRASEIRA,COLISÃO SEM VITIMAS,2,,,,,,,,,0,,Longo da via,Bom,Não existe,Perfeito estado,Seca,Perfeito estado,Não existe,Outras,,Única,Não existe,,,,,,,,
2019-09-10,10:30:00,SEM VÍTIMA,FINALIZADA,BOA VIAGEM,RUA VISCONDE DE JEQUITINHONHA,1656,,AO LADO DO EDF ISLAMORADA,RUA VISCONDE DE JEQUITINHONHA,1656,AO LADO DO EDF ISLAMORADA,BOA VIAGEM,,SUBURBIO,COLISÃO TRASEIRA,DOIS AUTOS,2,,,,,,,,,0,,Longo da via,Bom,Não existe,Perfeito estado,Seca,Perfeito estado,Não existe,Outras,60 km/h,Única,Canteiro central,,,,,,,,
2019-09-10,10:34:00,SEM VÍTIMA,FINALIZADA,BOA VISTA,AV MANOEL BORBA,99,,OTICA LIBERTY,AV MANOEL BORBA,99,OTICA LIBERTY,BOA VISTA,,SUBURBIO,COLISÃO TRASEIRA,COLISÃO SEM VITMAS,2,,,,,,,,,0,,Longo da via,Bom,Não existe,Perfeito estado,Seca,Perfeito estado,Não existe,R-6a,,Única,Faixa seccionada,,,,,,,,
2019-09-10,10:47:00,SEM VÍTIMA,FINALIZADA,ALTO JOSÉ BONIFÁCIO,RUA ALTO JOSE BONIFACIO,1026,,POSTE DE Nº B 095519,RUA ALTO JOSE BONIFACIO,1026,POSTE DE Nº B 095519,ALTO JOSÉ BONIFÁCIO,,SUBURBIO,ABALROAMENTO LONGITUDINAL,COLISÃO SEM VITIMAS,2,,,,,,,,,0,,Longo da via,Bom,Não existe,Perfeito estado,Seca,Perfeito estado,Não existe,Outras,,Dupla,Faixa seccionada,,,,,,,,
2019-09-10,10:51:00,SEM VÍTIMA,FINALIZADA,TORRÕES,AV ENGENHEIRO ABDIAS DE CARVALHO,,,,AV ENGENHEIRO ABDIAS DE CARVALHO,,,TORRÕES,271,SUBURBIO,COLISÃO TRASEIRA,COLISÃO S/VITIMAS ENTRE DOIS AUTOS,2,,,,,,,,,0,,Longo da via,Bom,Sem defeito,Perfeito estado,Seca,Perfeito estado,Faixa de pedestre,R-6a,,Dupla,Canteiro central,,,,,,,,
2019-09-10,10:56:00,SEM VÍTIMA,FINALIZADA,CASA FORTE,PRC DE CASA FORTE,412,,CASA DA CRIANÇA,PRC DE CASA FORTE,412,CASA DA CRIANÇA,CASA FORTE,,CIDADE,ABALROAMENTO LONGITUDINAL,COLISÃO SEM VITIMAS,2,,,,,,,,,0,,Longo da via,Bom,Não existe,Perfeito estado,Seca,Perfeito estado,,,30 km/h,Única,,,,,,,,,
2019-09-10,11:34:00,COM VÍTIMA,FINALIZADA,ENCRUZILHADA,EST DE BELEM,190,,EM FRENTE AO EDF JULIO II,EST DE BELEM,190,EM FRENTE AO EDF JULIO II,ENCRUZILHADA,,SUBURBIO,ABALROAMENTO LONGITUDINAL,MOTO E AUTO,1,1,,,,,,,,1,,Longo da via,Bom,Não existe,Perfeito estado,Seca,Perfeito estado,Não existe,Outras,,Dupla,Faixa contínua,,,,,,,,
2019-09-10,11:39:00,SEM VÍTIMA,CANCELADA,BOA VIAGEM,AV VINTE DE JANEIRO,517,RUA JOAO CARDOSO AIRES,EM FRENTE A MARMOARIA BRASIL CONCEPT,AV VINTE DE JANEIRO,517,EM FRENTE A MARMOARIA BRASIL CONCEPT,BOA VIAGEM,,,COLISÃO,SEM VITIMAS,2,,,,,,,,,0,,,,,,,,,,,,,,,,,,,,
2019-09-10,12:02:00,COM VÍTIMA,FINALIZADA,BOA VISTA,AV CONDE DA BOA VISTA,,RUA DOM BOSCO,NO SEMÁFORO 027,AV CONDE DA BOA VISTA,,NO SEMÁFORO 027,BOA VISTA,27,SUBURBIO,ABALROAMENTO TRANSVERSAL,COLISÃO COM VÍTIMA,,1,,,,,,,1,1,,Cruzamento,Bom,Sem defeito,Perfeito estado,Seca,Perfeito estado,Faixa de pedestre,Não há placas,,Dupla,Canteiro central,,,,,,,,
2019-09-10,12:06:00,SEM VÍTIMA,FINALIZADA,PINA,AV ANTONIO DE GOES,131,,EM FRENTE A BODEGA DO ZEZO,AV ANTONIO DE GOES,131,EM FRENTE A BODEGA DO ZEZO,PINA,,CIDADE,ABALROAMENTO LONGITUDINAL,COLISÃO SEM VÍTIMA,1,1,,,,,,,,0,,Longo da via,Bom,Sem defeito,Perfeito estado,Seca,Perfeito estado,Agente,,60 km/h,Única,Faixa seccionada,Canteiro central,,,,,,,
2019-09-10,12:34:00,SEM VÍTIMA,FINALIZADA,JARDIM SÃO PAULO,RUA LEANDRO BARRETO,507,,,RUA LEANDRO BARRETO,507,,JARDIM SÃO PAULO,,CIDADE,ABALROAMENTO LONGITUDINAL,ONIBUS X AUTO PASSEIO S/V,1,,,,,1,,,,0,,Longo da via,Bom,Não existe,Incompleta,Seca,Perfeito estado,Não existe,R-6a,,Dupla,Não existe,,,,,,,,
2019-09-10,13:20:00,SEM VÍTIMA,CANCELADA,CAJUEIRO,RUA MONTE CASTELO,30,,ENTRE A IGREJA A POSTOLICA DA GRAÇA DE DEUS E A ESCOLA CRISTO VIVE,RUA MONTE CASTELO,30,ENTRE A IGREJA A POSTOLICA DA GRAÇA DE DEUS E A ESCOLA CRISTO VIVE,CAJUEIRO,,,COLISÃO,COLISAO ENTRE DOIS AUTOS S/V,2,,,,,,,,,0,,,,,,,,,,,,,,,,,,,,
2019-09-10,13:40:00,COM VÍTIMA,FINALIZADA,SÃO JOSÉ,C SANTA RITA,,,EM FRENTE AS TORRE GEMEAS,C SANTA RITA,,EM FRENTE AS TORRE GEMEAS,SÃO JOSÉ,,CIDADE,ABALROAMENTO LONGITUDINAL,MOTO X AUTO PASSEIO COM VÍTIMA,1,1,,,,,,,,2,,Longo da via,Bom,Não existe,Perfeito estado,Seca,Perfeito estado,Não existe,Não há placas,,Dupla,Canteiro central,,,,,,,,
2019-09-10,13:43:00,SEM VÍTIMA,FINALIZADA,PINA,AV HERCULANO BANDEIRA,,RUA NOGUEIRA DE SOUZA,MERCEDES BENZ,AV HERCULANO BANDEIRA,,MERCEDES BENZ,PINA,657,SUBURBIO,ABALROAMENTO LONGITUDINAL,COLISÃO SEM VÍTIMA,2,,,,,,,,,0,,Cruzamento,Bom,Sem defeito,Perfeito estado,Seca,Perfeito estado,Faixa de pedestre,,,Única,Faixa seccionada,,,,,,,,