data,hora,natureza_acidente,situacao,bairro,endereco,numero,detalhe_endereco_acidente,complemento,endereco_cruzamento,numero_cruzamento,referencia_cruzamento,bairro_cruzamento,num_semaforo,sentido_via,tipo,descricao,auto,moto,ciclom,ciclista,pedestre,onibus,caminhao,viatura,outros,vitimas,vitimasfatais,acidente_verificado,tempo_clima,situacao_semaforo,sinalizacao,condicao_via,conservacao_via,ponto_controle,situacao_placa,velocidade_max_via,mao_direcao,divisao_via1,divisao_via2,divisao_via3,,,,,,
2019-09-13,11:36:00,SEM VÍTIMA,FINALIZADA,BOA VIAGEM,AV ENGENHEIRO DOMINGOS FERREIRA,2025,,PET SHOP PETLEND,AV ENGENHEIRO DOMINGOS FERREIRA,2025,PET SHOP PETLEND,BOA VIAGEM,,SUBURBIO,COLISÃO TRASEIRA,COLISÃO COM 2 CARROS,2,,,,,,,,,0,,,Bom,Não existe,Perfeito estado,Seca,Perfeito estado,Não existe,Não há placas,,Única,Canteiro central,,,,,,,,
2019-09-13,11:39:00,SEM VÍTIMA,FINALIZADA,BOA VIAGEM,RUA RIBEIRO DE BRITO,,RUA AMALIA BERNARDINO DE SOUZA,,RUA RIBEIRO DE BRITO,,,BOA VIAGEM,,SUBURBIO,ABALROAMENTO LONGITUDINAL,COLISÃO SEM VITIMAS,1,,,,,1,,,,0,,Cruzamento,Bom,Não existe,Perfeito estado,Seca,Perfeito estado,Não existe,Não há placas,,Única,Faixa seccionada,,,,,,,,
2019-09-13,12:18:00,SEM VÍTIMA,CANCELADA,BOA VISTA,AV CONDE DA BOA VISTA,1463,,PROX AO POSTO SHEL E/F A NACIONAL GRAFICA S/T DERBY,AV CONDE DA BOA VISTA,1463,PROX AO POSTO SHEL E/F A NACIONAL GRAFICA S/T DERBY,BOA VISTA,,,COLISÃO,COLISAO ENTRE DOIS ONIBUS S/T,,,,,,2,,,,0,,,,,,,,,,,,,,,,,,,,
2019-09-13,12:59:00,SEM VÍTIMA,FINALIZADA,AFOGADOS,RUA PADRE TEOFILO TWORZ,,RUA COSME VIANA,SOBRE O SEMÁFORO Nº 503,RUA PADRE TEOFILO TWORZ,,SOBRE O SEMÁFORO Nº 503,AFOGADOS,503,CIDADE,ABALROAMENTO TRANSVERSAL,COLISÃO SEM VITIMA,2,,,,,,,,,0,,Cruzamento,Bom,Sem defeito,Perfeito estado,Seca,Perfeito estado,Faixa de pedestre,Outras,,Dupla,Faixa seccionada,,,,,,,,
2019-09-13,13:19:00,SEM VÍTIMA,DUPLICIDADE,AFOGADOS,RUA JOAO IVO DA SILVA,,,NO SEMÁFORO 503,RUA JOAO IVO DA SILVA,,NO SEMÁFORO 503,AFOGADOS,,,COLISÃO,COLISÃO SEM VÍTIMA,2,,,,,,,,,0,,,,,,,,,,,,,,,,,,,,
2019-09-13,13:26:00,SEM VÍTIMA,FINALIZADA,IBURA,AV SANTA FE,,,E/F A O SUPERMERCADO KD ALIMENTOS S/T UR 1,AV SANTA FE,,E/F A O SUPERMERCADO KD ALIMENTOS S/T UR 1,IBURA,,,COLISÃO,COLISAO ENTRE DOIS AUTOS S/V,2,,,,,,,,,0,,,,,,,,,,,,,,,,,,,,
2019-09-13,13:31:00,SEM VÍTIMA,FINALIZADA,BONGI,AV ENGENHEIRO ABDIAS DE CARVALHO,2800,,EM FRENTE AO COMPAZ,AV ENGENHEIRO ABDIAS DE CARVALHO,2800,EM FRENTE AO COMPAZ,BONGI,,SUBURBIO,COLISÃO TRASEIRA,COLISAO ENTRE ONIBUS E AUTOS S/V,1,,,,,1,,,,0,,Longo da via,Bom,Sem defeito,Perfeito estado,Seca,Perfeito estado,Outros,Outras,60 km/h,Única,Canteiro central,,,,,,,,
2019-09-13,13:48:00,COM VÍTIMA,FINALIZADA,CAXANGÁ,AV CAXANGA,,,E/F AO BOMPREÇO PROX AO VIADUTO DA CAXANGA,AV CAXANGA,,E/F AO BOMPREÇO PROX AO VIADUTO DA CAXANGA,CAXANGÁ,,SUBURBIO,ATROPELAMENTO,MOTOQUEIRO TROPELOU UM PEDESTRE,,1,,,1,,,,,1,,Longo da via,Bom,Não existe,Perfeito estado,Seca,Perfeito estado,Não existe,Não há placas,,Dupla,Canteiro central,,,,,,,,
2019-09-13,14:43:00,SEM VÍTIMA,FINALIZADA,BOA VIAGEM,AV CONSELHEIRO AGUIAR,,,EM FRENTE A CAIXA ECONOMICA,AV CONSELHEIRO AGUIAR,,EM FRENTE A CAIXA ECONOMICA,BOA VIAGEM,,,COLISÃO,COLISÃO SEM VITIMA,1,,,,,1,,,,0,,,,,,,,,,,,,,,,,,,,
2019-09-13,15:11:00,SEM VÍTIMA,FINALIZADA,MANGUEIRA,RUA BOM JARDIM,544,,PROXIMO AO METRO E/F DEPOSITO RODA GÁS,RUA BOM JARDIM,544,PROXIMO AO METRO E/F DEPOSITO RODA GÁS,MANGUEIRA,,,COLISÃO,COLISÃO SEM VÍTIMA,1,,,,,1,,,,0,,,,,,,,,,,,,,,,,,,,
2019-09-13,15:25:00,SEM VÍTIMA,FINALIZADA,TORREÃO,AV GOVERNADOR AGAMENON MAGALHAES,,,EM FRENTE AO POSTO BR PETROBRAS,AV GOVERNADOR AGAMENON MAGALHAES,,EM FRENTE AO POSTO BR PETROBRAS,TORREÃO,379,,ABALROAMENTO LONGITUDINAL,COLISÃO SEM VÍTIMA,2,,,,,,,,,0,,Longo da via,Bom,Sem defeito,Perfeito estado,Seca,Perfeito estado,Faixa de pedestre,,60 km/h,Dupla,Canal,,,,,,,,
2019-09-13,16:16:00,SEM VÍTIMA,FINALIZADA,SANTO AMARO,AV NORTE,,,SOB O SEMÁFORO Nº 036,AV NORTE,,SOB O SEMÁFORO Nº 036,SANTO AMARO,36,SUBURBIO,COLISÃO TRASEIRA,COLISÃO SEM VITIMA,2,,,,,,,,,0,,Longo da via,Bom,Sem defeito,Perfeito estado,Seca,Perfeito estado,Agente,R-4a,40 km/h,Dupla,Canteiro central,,,,,,,,
2019-09-13,16:17:00,SEM VÍTIMA,CANCELADA,BOA VISTA,RUA AURORA,,,E/F A FUNDARPE TEATRO ARIANO SUASSUNA,RUA AURORA,,E/F A FUNDARPE TEATRO ARIANO SUASSUNA,BOA VISTA,,,COLISÃO,COLISAO ENTRE ONIBUS E AUTO COM CHICO CITY,2,,,,,1,,,,0,,,,,,,,,,,,,,,,,,,,
2019-09-13,16:18:00,COM VÍTIMA,FINALIZADA,PINA,PTE GOVERNADOR PAULO GUERRA,,,ANTES DO ATACADO DA CONSTRUÇÃO SENTIDO PINA,PTE GOVERNADOR PAULO GUERRA,,ANTES DO ATACADO DA CONSTRUÇÃO SENTIDO PINA,PINA,,SUBURBIO,COLISÃO,AUTO E UMA MOTOCICLETA,1,,1,,,,,,,1,,Ponte,Bom,Não existe,Perfeito estado,Seca,Perfeito estado,Não existe,Não há placas,60 km/h,Única,Faixa seccionada,,,,,,,,
2019-09-13,17:25:00,SEM VÍTIMA,FINALIZADA,ILHA DO RETIRO,TUNEL CHICO SCIENCE,,,SPORT CLUB RECIFE,TUNEL CHICO SCIENCE,,SPORT CLUB RECIFE,ILHA DO RETIRO,,CIDADE,ABALROAMENTO LONGITUDINAL,COLISAO ENTRE DOIS AUTOS S/V,2,,,,,,,,1,0,,Longo da via,Bom,Não existe,Perfeito estado,Seca,Perfeito estado,Não existe,R-6a,,Única,Faixa seccionada,,,,,,,,
2019-09-13,17:43:00,SEM VÍTIMA,FINALIZADA,DERBY,AV GOVERNADOR AGAMENON MAGALHAES,,RUA DOM BOSCO,AMERICANO BATISTA,AV GOVERNADOR AGAMENON MAGALHAES,,AMERICANO BATISTA,DERBY,174,,ABALROAMENTO LONGITUDINAL,COLISÃO SEM VITIMA,2,,,,,,,,,0,,Cruzamento,Bom,Sem defeito,Perfeito estado,Seca,Perfeito estado,,Não há placas,60 km/h,Única,Faixa contínua,,,,,,,,
2019-09-13,17:45:00,SEM VÍTIMA,FINALIZADA,APIPUCOS,RUA CORONEL JOAO BATISTA DO REGO BARROS,,RUA DE APIPUCOS,,RUA CORONEL JOAO BATISTA DO REGO BARROS,,,APIPUCOS,540,CIDADE,COLISÃO TRASEIRA,COLISÃO SEM VITIMA,2,,,,,,,,,0,,Longo da via,Bom,Sem defeito,Perfeito estado,Seca,Perfeito estado,Não existe,Não há placas,,Dupla,Não existe,,,,,,,,
2019-09-13,18:27:00,SEM VÍTIMA,CANCELADA,BOA VISTA,AV GOVERNADOR AGAMENON MAGALHAES,,PRC PARQUE AMORIM,E/F AO WALLMART, SNT OLINDA,AV GOVERNADOR AGAMENON MAGALHAES,,E/F AO WALLMART, SNT OLINDA,BOA VISTA,,,COLISÃO,ENTRE AUTO E MOTO. S/V,1,1,,,,,,,,0,,,,,,,,,,,,,,,,,,
2019-09-13,18:37:00,COM VÍTIMA,FINALIZADA,BOA VIAGEM,RUA BARAO DE SOUZA LEAO,1544,AV VINTE E TRES DE OUTUBRO,POR BAIXO DO PONTILHAO DO METRO,RUA BARAO DE SOUZA LEAO,1544,POR BAIXO DO PONTILHAO DO METRO,BOA VIAGEM,,CIDADE,COLISÃO TRASEIRA,MOTO X HB 20,1,1,,,,,,,,1,,Longo da via,Bom,Não existe,Incompleta,Seca,Perfeito estado,Não existe,Outras,30 km/h,Única,Faixa seccionada,,,,,,,,
2019-09-13,18:50:00,SEM VÍTIMA,CANCELADA,JORDÃO,AV CENTENARIO ALBERTO SANTOS DUMONT,311,,PROX A ENTRADA DO JORDAO ENF A CHURRASCARIA EDMILSON DA CARNE DE SOL,AV CENTENARIO ALBERTO SANTOS DUMONT,311,PROX A ENTRADA DO JORDAO ENF A CHURRASCARIA EDMILSON DA CARNE DE SOL,JORDÃO,,,COLISÃO,VOYAGE X ONIX,2,,,,,,,,,0,,,,,,,,,,,,,,,,,,,,
2019-09-13,19:52:00,SEM VÍTIMA,CANCELADA,BOA VIAGEM,RUA VISCONDE DE JEQUITINHONHA,138,,ENF A CHURRASCARIA PONTEIO,RUA VISCONDE DE JEQUITINHONHA,138,ENF A CHURRASCARIA PONTEIO,BOA VIAGEM,,,COLISÃO,ONIBUS BORBOREMA X AUTO,1,,,,,1,,,,0,,,,,,,,,,,,,,,,,,,,
2019-09-13,19:59:00,SEM VÍTIMA,FINALIZADA,ILHA JOANA BEZERRA,AV GOVERNADOR AGAMENON MAGALHAES,,,PTE JOSÉ BARROS LIMA,AV GOVERNADOR AGAMENON MAGALHAES,,PTE JOSÉ BARROS LIMA,ILHA JOANA BEZERRA,,SUBURBIO,COLISÃO TRASEIRA,ENTRE 2 AUTOS E 1 MOTO. S/V,2,1,,,,,,,,0,,Ponte,Bom,Não existe,Não existente,Seca,Perfeito estado,Não existe,Não há placas,,Única,,,,,,,,,
2019-09-13,22:40:00,SEM VÍTIMA,FINALIZADA,ROSARINHO,AV SANTOS DUMONT,,AV NORTE,PADARIA ROSARINHO,AV SANTOS DUMONT,,PADARIA ROSARINHO,ROSARINHO,81,SUBURBIO,ABALROAMENTO LONGITUDINAL,DOIS AUTO,1,,,,,,,,,0,,Cruzamento,Bom,Sem defeito,Perfeito estado,Seca,Perfeito estado,Faixa de pedestre,Não há placas,,Dupla,Faixa seccionada,,,,,,,,
2019-09-14,00:36:00,COM VÍTIMA,FINALIZADA,ENCRUZILHADA,EST DE BELEM,,RUA DONA ELVIRA,200 METROS APÓS O BANCO ITAÚ, SENTIDO PEIXINHOS // ESQUINA DA QUITANDARIA,EST DE BELEM,,200 METROS APÓS O BANCO ITAÚ, SENTIDO PEIXINHOS // ESQUINA DA QUITANDARIA,ENCRUZILHADA,201,SUBURBIO,COLISÃO,COLISÃO ENTRE AUTO E MOTO, C/V.,1,1,,,,,,,,1,,Cruzamento,Bom,Sem defeito,Perfeito estado,Seca,Perfeito estado,Faixa de pedestre,Não há placas,,Dupla,Faixa contínua,,,,,
2019-09-14,03:12:00,SEM VÍTIMA,FINALIZADA,BOA VIAGEM,AV CONSELHEIRO AGUIAR,4635,RUA DOM JOSE LOPES,FARMÁCIA PAGUE MENOS 24 H,AV CONSELHEIRO AGUIAR,4635,FARMÁCIA PAGUE MENOS 24 H,BOA VIAGEM,,CIDADE,ABALROAMENTO LONGITUDINAL,COLISÃO ENTRE DOIS AUTOS, S/V.,2,,,,,,,,,0,,Cruzamento,Bom,Não existe,Perfeito estado,Seca,Perfeito estado,Não existe,Placas Pare,,Única,Faixa seccionada,,,,,,,
2019-09-14,05:43:00,COM VÍTIMA,FINALIZADA,DOIS UNIDOS,RUA PADRE CICERO,40,,PRÓX AO MOTEL SÉCULO 20 // PRÓX AO CÓRREGO JOSÉ AMARINO REIS,RUA PADRE CICERO,40,PRÓX AO MOTEL SÉCULO 20 // PRÓX AO CÓRREGO JOSÉ AMARINO REIS,DOIS UNIDOS,,SUBURBIO,CHOQUE VEÍCULO PARADO,COLISÃO ENTRE AUTO E MOTO, C/V.,1,1,,,,,,,,1,,Longo da via,Bom,Não existe,Não existente,Seca,Perfeito estado,Não existe,Não há placas,,Dupla,Não existe,,,,,,,
2019-09-14,07:47:00,SEM VÍTIMA,FINALIZADA,BOA VIAGEM,RUA ERNESTO DE PAULA SANTOS,,AV CONSELHEIRO AGUIAR,,RUA ERNESTO DE PAULA SANTOS,,,BOA VIAGEM,127,CIDADE,ABALROAMENTO LONGITUDINAL,MOTO E ONIBUS,,1,,,,1,,,,0,,,Bom,Sem defeito,Perfeito estado,Seca,Perfeito estado,,Outras,,Única,,,,,,,,,
2019-09-14,09:14:00,SEM VÍTIMA,FINALIZADA,TORRE,AV RUI BARBOSA,,RUA JORNALISTA ESMARAGDO MARROQUIM,SOB O SEMÁFORO 305,AV RUI BARBOSA,,SOB O SEMÁFORO 305,TORRE,305,CIDADE,ABALROAMENTO LONGITUDINAL,ONIBUS E PASSEIO,1,,,,,1,,,,0,,Cruzamento,Bom,Sem defeito,Perfeito estado,Seca,Perfeito estado,,Outras,,Única,Faixa seccionada,,,,,,,,
2019-09-14,09:52:00,SEM VÍTIMA,FINALIZADA,ILHA DO RETIRO,RUA SPORT CLUBE DO RECIFE,,,EM FRENTE AO SPORT CLUBE DO RECIFE,RUA SPORT CLUBE DO RECIFE,,EM FRENTE AO SPORT CLUBE DO RECIFE,ILHA DO RETIRO,367,CIDADE,COLISÃO TRASEIRA,COLISÃO DE DOIS VEÍCULOS PARTICULARES COM UM CAMINHÃO DA CELPE,2,,,,,,1,,,0,,Longo da via,Bom,Sem defeito,Perfeito estado,Seca,Perfeito estado,Outros,R-6a,,Dupla,,,,,,,,,
2019-09-14,09:53:00,SEM VÍTIMA,FINALIZADA,ÁGUA FRIA,AV BEBERIBE,,,EM FRENTE AO SEMÁFORO Nº 405,AV BEBERIBE,,EM FRENTE AO SEMÁFORO Nº 405,ÁGUA FRIA,405,CIDADE,COLISÃO TRASEIRA,COLISÃO S/VITIMA ENTRE UM AUTO E UMA MOTO,1,1,,,,,,,,0,,Longo da via,Bom,Sem defeito,Perfeito estado,Seca,Perfeito estado,Faixa de pedestre,Outras,,Dupla,Não existe,,,,,,,,
2019-09-14,10:23:00,SEM VÍTIMA,FINALIZADA,BOA VIAGEM,RUA DOS NAVEGANTES,1097,,,RUA DOS NAVEGANTES,1097,,BOA VIAGEM,,SUBURBIO,COLISÃO TRASEIRA,COLISÃO S/ VITIMAS ENTRE DOIS AUTOS,2,,,,,,,,,0,,Longo da via,Bom,Não existe,Perfeito estado,Seca,Perfeito estado,,Outras,,Única,,,,,,,,,
2019-09-14,10:24:00,SEM VÍTIMA,FINALIZADA,SÃO JOSÉ,AV SUL,,,NA ENTRADA DO CATAMARÃ,AV SUL,,NA ENTRADA DO CATAMARÃ,SÃO JOSÉ,,CIDADE,ABALROAMENTO LONGITUDINAL,CAMINHAO E AUTO,1,,,,,,1,,,0,,Longo da via,Bom,Sem defeito,,Seca,,Não existe,Outras,60 km/h,Única,Faixa seccionada,Canteiro central,,,,,,,
2019-09-14,10:47:00,SEM VÍTIMA,FINALIZADA,BOA VIAGEM,RUA MARIA CAROLINA,205,AV ENGENHEIRO DOMINGOS FERREIRA,,RUA MARIA CAROLINA,205,,BOA VIAGEM,,SUBURBIO,ABALROAMENTO LONGITUDINAL,COLISÃO DE DOIS CARROS PARTICULARES,2,,,,,,,,,0,,Longo da via,Bom,Não existe,Ilegível,Seca,Perfeito estado,Não existe,Placas Pare,,Única,Faixa contínua,,,,,,,,
2019-09-14,11:49:00,SEM VÍTIMA,FINALIZADA,ESPINHEIRO,RUA SANTO ELIAS,,,GALERIA ESPINHEIRO,RUA SANTO ELIAS,,GALERIA ESPINHEIRO,ESPINHEIRO,,SUBURBIO,ABALROAMENTO TRANSVERSAL,COLISÃO S/VITIMAS ENTRE DOIS AUTOS,2,,,,,,,,,0,,Longo da via,Bom,,Perfeito estado,Seca,Perfeito estado,,Placas Pare,40 km/h,Dupla,Não existe,,,,,,,,
2019-09-14,12:28:00,SEM VÍTIMA,FINALIZADA,DERBY,RUA JOAQUIM NABUCO,,AV GOVERNADOR AGAMENON MAGALHAES,,RUA JOAQUIM NABUCO,,,DERBY,174,SUBURBIO,ABALROAMENTO TRANSVERSAL,COLISÃO SEM VITIMA,2,,,,,,,,,0,,Cruzamento,Bom,Sem defeito,Perfeito estado,Seca,Perfeito estado,Faixa de pedestre,Outras,,Única,Faixa seccionada,,,,,,,,
2019-09-14,13:39:00,SEM VÍTIMA,FINALIZADA,ESPINHEIRO,,,,EDF ITAMARACÁ Nº 487,,,EDF ITAMARACÁ Nº 487,ESPINHEIRO,,CIDADE,CHOQUE VEÍCULO PARADO,COLISÃO SEM VITIMA,2,,,,,,,,,0,,Longo da via,Bom,Não existe,Não existente,Seca,Perfeito estado,Não existe,Não há placas,40 km/h,Única,Não existe,,,,,,,,
2019-09-14,13:47:00,SEM VÍTIMA,FINALIZADA,IMBIRIBEIRA,AV MARECHAL MASCARENHAS DE MORAES,3214,,EM FRENTE A LOJA CASAS BAHIA,AV MARECHAL MASCARENHAS DE MORAES,3214,EM FRENTE A LOJA CASAS BAHIA,IMBIRIBEIRA,385,SUBURBIO,ABALROAMENTO LONGITUDINAL,COLISÃO SEM VITIMA,2,,,,,,,,,0,,Cruzamento,Bom,Sem defeito,Perfeito estado,Seca,Perfeito estado,Faixa de pedestre,Não há placas,60 km/h,Única,Faixa seccionada,Canteiro central,,,,,,,
2019-09-14,14:04:00,SEM VÍTIMA,FINALIZADA,SANTO AMARO,AV GOVERNADOR AGAMENON MAGALHAES,,,SOB O SEMÁFORO 049,AV GOVERNADOR AGAMENON MAGALHAES,,SOB O SEMÁFORO 049,SANTO AMARO,49,SUBURBIO,COLISÃO TRASEIRA,CLASSIC X CITROEN C3,2,,,,,,,,,0,,Longo da via,Bom,Sem defeito,Perfeito estado,Seca,Perfeito estado,Faixa de pedestre,Outras,,Dupla,Canal,,,,,,,,
2019-09-14,14:23:00,COM VÍTIMA,FINALIZADA,IPSEP,AV PRESIDENTE DUTRA,,,PROX. DO SAL E BRASA,AV PRESIDENTE DUTRA,,PROX. DO SAL E BRASA,IPSEP,,,ABALROAMENTO LONGITUDINAL,COLISÃO COM VITIMA/ AGUARDANDO O SAMU NO LOCAL,1,1,,,,,,,,1,,Longo da via,Bom,Sem defeito,Perfeito estado,Seca,Perfeito estado,,Outras,,Dupla,Canteiro central,,,,,,,,
2019-09-14,14:50:00,COM VÍTIMA,FINALIZADA,TAMARINEIRA,RUA DR JOSE MARIA,23,RUA NETO DE MENDONCA,ENF AO EDF. QUINTA DAS PALNEIRAS E QUINTA DA JAQUEIRA,RUA DR JOSE MARIA,23,ENF AO EDF. QUINTA DAS PALNEIRAS E QUINTA DA JAQUEIRA,TAMARINEIRA,,CIDADE,ABALROAMENTO TRANSVERSAL,MOTO X FAIT UNO,1,1,,,,,,,,1,,Longo da via,Bom,Não existe,Perfeito estado,Seca,Perfeito estado,Não existe,Outras,,Dupla,Faixa seccionada,,,,,,,,
2019-09-14,15:08:00,SEM VÍTIMA,FINALIZADA,TAMARINEIRA,EST VELHA DE AGUA FRIA,999,,DNOCS,EST VELHA DE AGUA FRIA,999,DNOCS,TAMARINEIRA,,,ABALROAMENTO LONGITUDINAL,COLISÃO SEM VITIMA,1,,,,,1,,,,0,,Longo da via,Bom,Não existe,Perfeito estado,Seca,Perfeito estado,,,60 km/h,Dupla,Faixa contínua,,,,,,,,
2019-09-14,15:20:00,SEM VÍTIMA,FINALIZADA,BOA VISTA,RUA DO HOSPICIO,875,,AO LADO DO RAC/ CENTRO CULTURAL ROSSINI ALVES COUTO,RUA DO HOSPICIO,875,AO LADO DO RAC/ CENTRO CULTURAL ROSSINI ALVES COUTO,BOA VISTA,,CIDADE,ABALROAMENTO LONGITUDINAL,COLISÃO SEM VITIMA,1,,,,,1,,,,0,,Longo da via,Bom,Sem defeito,Perfeito estado,Seca,Perfeito estado,Não existe,Outras,,Dupla,Blocos,,,,,,,,
2019-09-14,16:24:00,SEM VÍTIMA,FINALIZADA,IBURA,RUA EXP FRANCISCO VITORIANO,28,,SERRALHARIA RAMOS,RUA EXP FRANCISCO VITORIANO,28,SERRALHARIA RAMOS,IBURA,,CIDADE,ABALROAMENTO LONGITUDINAL,COLISÃO SEM VITIMA,1,,,,,1,,,,0,,Longo da via,Bom,Não existe,Não existente,Seca,Perfeito estado,Não existe,Não há placas,,Dupla,Não existe,,,,,,,,
2019-09-14,16:48:00,COM VÍTIMA,FINALIZADA,SANTO AMARO,AV GOVERNADOR AGAMENON MAGALHAES,,RUA ODORICO MENDES,,AV GOVERNADOR AGAMENON MAGALHAES,,,SANTO AMARO,49,SUBURBIO,ABALROAMENTO TRANSVERSAL,COLISAO ENTRE AUTO E MOTO COM VITIMA,1,1,,,,,,,,1,,Cruzamento,Bom,Desligado,Perfeito estado,Seca,Perfeito estado,Faixa de pedestre,Outras,60 km/h,Única,Faixa seccionada,,,,,,,,
2019-09-14,18:18:00,SEM VÍTIMA,CANCELADA,CASA AMARELA,AV NORTE,6465,,E/F AO HOSPITAL BARROS LIMA, SNT MACAXEIRA,AV NORTE,6465,E/F AO HOSPITAL BARROS LIMA, SNT MACAXEIRA,CASA AMARELA,,,COLISÃO,ÔNIBUS X TÁXI. S/V,1,,,,,1,,,,0,,,,,,,,,,,,,,,,,,
2019-09-14,19:09:00,SEM VÍTIMA,FINALIZADA,BEBERIBE,RUA URIEL DE HOLANDA,,,EM FRENTE AO Nº 13,RUA URIEL DE HOLANDA,,EM FRENTE AO Nº 13,BEBERIBE,,SUBURBIO,COLISÃO TRASEIRA,ENTRE AUTO PASSEIO X MOTO S/V , CONDUTOR DE UM DOS VEICULOS SE EVADIU DO LOCAL, MAS O VEICULO PERMANECEU NO LOCAL,1,,,,,,,,,0,,Longo da via,Bom,Não existe,Perfeito estado,Seca,Perfeito estado,Não existe,,,Dupla,Faixa contínua,,,,,,
2019-09-14,20:13:00,COM VÍTIMA,FINALIZADA,SÃO JOSÉ,RUA IMPERIAL,,RUA LOURENCO DA SILVA,PROX AO VIADUTO CAPITÃO TEMUDO,RUA IMPERIAL,,PROX AO VIADUTO CAPITÃO TEMUDO,SÃO JOSÉ,,SUBURBIO,ABALROAMENTO TRANSVERSAL,ENTRE AUTO PASSEIO X MOTO COM VÍTIMAS,1,1,,,,,,,,2,,Cruzamento,Bom,Não existe,Perfeito estado,Seca,Perfeito estado,Não existe,Placas Pare,,Única,Faixa seccionada,,,,,,,,
2019-09-14,20:35:00,SEM VÍTIMA,FINALIZADA,MANGABEIRA,RUA JACOB,,RUA DES HERACLITO CAVALCANTI,PRÓXIMO DA UPINHDA DA MANGABEIRA,RUA JACOB,,PRÓXIMO DA UPINHDA DA MANGABEIRA,MANGABEIRA,,,ABALROAMENTO TRANSVERSAL,ENTRE 2 AUTOS. S/V,2,,,,,,,,,0,,Cruzamento,Bom,Não existe,Perfeito estado,Seca,Perfeito estado,,Placas Pare,30 km/h,Dupla,Não existe,,,,,,,,
2019-09-14,22:19:00,SEM VÍTIMA,FINALIZADA,PARNAMIRIM,RUA TITO ROSAS,143,,ED. ASSIS PEDROSA,RUA TITO ROSAS,143,ED. ASSIS PEDROSA,PARNAMIRIM,,SUBURBIO,ABALROAMENTO LONGITUDINAL,ENTRE DOIS AUTO S/V,2,,,,,,,,,0,,Longo da via,Bom,Não existe,Perfeito estado,Seca,Mal iluminada,Não existe,Outras,,Única,Faixa seccionada,,,,,,,,
2019-09-14,23:22:00,SEM VÍTIMA,FINALIZADA,PRADO,RUA SANTA EDWIRGES,,RUA PADRE TEOFILO TWORZ,,RUA SANTA EDWIRGES,,,PRADO,,CIDADE,ABALROAMENTO TRANSVERSAL,ENTRE DOIS AUTO S/V,2,,,,,,,,,0,,Cruzamento,Bom,Não existe,,Seca,Perfeito estado,Faixa de retenção,,,Dupla,Faixa contínua,,,,,,,,
2019-09-15,00:04:00,COM VÍTIMA,FINALIZADA,MADALENA,RUA BENFICA,,,EM FRENTE AO MUSEU DA ABOLIÇÃO,RUA BENFICA,,EM FRENTE AO MUSEU DA ABOLIÇÃO,MADALENA,257,,COLISÃO,ENTRE AUTO PASSEIO X MOTO COM VÍTIMA,1,1,,,,,,,,1,,Longo da via,Bom,Sem defeito,Incompleta,Seca,Perfeito estado,Outros,Placas Dê a preferência,,Dupla,Não existe,,,,,,,,
2019-09-15,03:30:00,SEM VÍTIMA,CANCELADA,BOMBA DO HEMETÉRIO,RUA ARLINDO CISNEIRO,,,EM FRENTE A PADARIA RECORD,RUA ARLINDO CISNEIRO,,EM FRENTE A PADARIA RECORD,BOMBA DO HEMETÉRIO,,,COLISÃO,COLISÃO ENTRE DOIS AUTOS, S/V.,2,,,,,,,,,0,,,,,,,,,,,,,,,,,,,
2019-09-15,04:49:00,SEM VÍTIMA,FINALIZADA,AFLITOS,AV CONS ROSA E SILVA,901,RUA EDGAR D'AMORIM,HABIB'S,AV CONS ROSA E SILVA,901,HABIB'S,AFLITOS,,,ABALROAMENTO TRANSVERSAL,COLISÃO ENTRE DOIS AUTOS, S/V.,2,,,,,,,,,0,,Cruzamento,Bom,Sem defeito,Perfeito estado,Seca,Perfeito estado,Faixa de pedestre,R-6a,40 km/h,Única,,,,,,,,
2019-09-15,07:19:00,COM VÍTIMA,FINALIZADA,IBURA,RUA QUINZE DE NOVEMBRO,421,AV ENGENHO SERRA VERDE,EM FRENTE A LOJA DE COMIDA JAPONESA CHINA MAKAM,RUA QUINZE DE NOVEMBRO,421,EM FRENTE A LOJA DE COMIDA JAPONESA CHINA MAKAM,IBURA,,CIDADE,ABALROAMENTO TRANSVERSAL,MOTO E AUTO,1,1,,,,,,,,1,,Longo da via,Bom,Não existe,Incompleta,Seca,,,,,,,,,,,,,,
2019-09-15,09:44:00,SEM VÍTIMA,CANCELADA,BOA VIAGEM,AV BOA VIAGEM,4040,,EM FRENTE AO HOTEL GOLD TULIP,AV BOA VIAGEM,4040,EM FRENTE AO HOTEL GOLD TULIP,BOA VIAGEM,,,COLISÃO,SEM VITIMAS,2,,,,,,,,,0,,,,,,,,,,,,,,,,,,,,
2019-09-15,09:51:00,SEM VÍTIMA,FINALIZADA,BOA VIAGEM,AV HERCULANO BANDEIRA,483,,IGREJA UNIVERSAL DO REINO DE DEUS,AV HERCULANO BANDEIRA,483,IGREJA UNIVERSAL DO REINO DE DEUS,BOA VIAGEM,137,SUBURBIO,ABALROAMENTO LONGITUDINAL,COLISÃO DE 2 CARROS DE PASSEIO,2,,,,,,,,,0,,Longo da via,Bom,Sem defeito,Perfeito estado,Seca,Perfeito estado,Faixa de pedestre,,60 km/h,Única,Faixa contínua,Faixa seccionada,,,,,,,