data,hora,natureza_acidente,situacao,bairro,endereco,numero,detalhe_endereco_acidente,complemento,endereco_cruzamento,numero_cruzamento,referencia_cruzamento,bairro_cruzamento,num_semaforo,sentido_via,tipo,descricao,auto,moto,ciclom,ciclista,pedestre,onibus,caminhao,viatura,outros,vitimas,vitimasfatais,acidente_verificado,tempo_clima,situacao_semaforo,sinalizacao,condicao_via,conservacao_via,ponto_controle,situacao_placa,velocidade_max_via,mao_direcao,divisao_via1,divisao_via2,divisao_via3,,,,,,
2019-09-18,10:45:00,COM VÍTIMA,FINALIZADA,IMBIRIBEIRA,AV MARECHAL MASCARENHAS DE MORAES,474,,LADO OPOSSTO A FLOR E ARTE (SENTIDO BOA VIAGEM),AV MARECHAL MASCARENHAS DE MORAES,474,LADO OPOSSTO A FLOR E ARTE (SENTIDO BOA VIAGEM),IMBIRIBEIRA,279,SUBURBIO,ABALROAMENTO LONGITUDINAL,COLISÃO C/VITIMAS ENTRE UM AUTO E E MOTO,1,1,,,,,,,,1,,Cruzamento,Bom,Sem defeito,Perfeito estado,Seca,Perfeito estado,Faixa de pedestre,Não há placas,60 km/h,Dupla,Faixa contínua,,,,,,,,
2019-09-18,10:47:00,SEM VÍTIMA,FINALIZADA,SANTO ANTÔNIO,PTE PRINCESA IZABEL,,,,PTE PRINCESA IZABEL,,,SANTO ANTÔNIO,,CIDADE,ABALROAMENTO LONGITUDINAL,COLISÃO SEM VITIMAS,1,,,,,,1,,,0,,Ponte,Bom,Não existe,Incompleta,Seca,Perfeito estado,Não existe,Não há placas,,Dupla,Faixa contínua,,,,,,,,
2019-09-18,10:56:00,SEM VÍTIMA,FINALIZADA,ALTO JOSÉ DO PINHO,COR DO BARTOLOMEU,559,,,COR DO BARTOLOMEU,559,,ALTO JOSÉ DO PINHO,,SUBURBIO,ABALROAMENTO LONGITUDINAL,COLISÃO SEM VITIMAS,2,,,,,,,,,0,,,Bom,Não existe,Perfeito estado,Seca,Perfeito estado,Não existe,R-6a,,Dupla,Não existe,,,,,,,,
2019-09-18,11:18:00,SEM VÍTIMA,FINALIZADA,ILHA DO LEITE,RUA JOSE DE ALENCAR,725,,EM FRENTE AO Nº 725,RUA JOSE DE ALENCAR,725,EM FRENTE AO Nº 725,ILHA DO LEITE,,CIDADE,CHOQUE VEÍCULO PARADO,DOIS AUTTOS,2,,,,,,,,,0,,Longo da via,Bom,Não existe,Incompleta,Seca,Perfeito estado,Não existe,R-6a,,Dupla,Não existe,,,,,,,,
2019-09-18,11:43:00,SEM VÍTIMA,FINALIZADA,SÃO JOSÉ,RUA VIDAL DE NEGREIROS,208,RUA SAO JOAO,,RUA VIDAL DE NEGREIROS,208,,SÃO JOSÉ,,SUBURBIO,ABALROAMENTO TRANSVERSAL,COLISÃO S/VITIMA ENTRE DOIS AUTOS,2,,,,,,,,,0,,Cruzamento,Bom,Não existe,Perfeito estado,Seca,Perfeito estado,Não existe,Não há placas,40 km/h,Única,Não existe,,,,,,,,
2019-09-18,12:31:00,SEM VÍTIMA,FINALIZADA,AFLITOS,RUA HOEL SETTE,144,,EDF SOBRADO DA PRAÇA / PRAÇA SOUTO MAIOR,RUA HOEL SETTE,144,EDF SOBRADO DA PRAÇA / PRAÇA SOUTO MAIOR,AFLITOS,,SUBURBIO,CHOQUE VEÍCULO PARADO,COLISÃO SEM VÍTIMA,1,,,,,,1,,,0,,Longo da via,Bom,Não existe,Perfeito estado,Seca,Perfeito estado,Não existe,Não há placas,,Única,Não existe,,,,,,,,
2019-09-18,12:39:00,SEM VÍTIMA,FINALIZADA,IPSEP,AV RECIFE,,,AO LADO DO RESTAURANTE SAL E BRASA,AV RECIFE,,AO LADO DO RESTAURANTE SAL E BRASA,IPSEP,,SUBURBIO,ABALROAMENTO LONGITUDINAL,COLISÃO SEM VÍTIMA,1,,,,,,1,,,0,,Longo da via,Bom,Não existe,Perfeito estado,Seca,Perfeito estado,Não existe,Não há placas,,Dupla,Não existe,,,,,,,,
2019-09-18,13:19:00,SEM VÍTIMA,FINALIZADA,JORDÃO,AV JULIO CESAR,774,,LAVANDERIA NOVA ERA E A BODEGA DOS AMIGOS,AV JULIO CESAR,774,LAVANDERIA NOVA ERA E A BODEGA DOS AMIGOS,JORDÃO,,,COLISÃO,COLISÃO SEM VÍTIMA,1,1,,,,,,,,0,,,,,,,,,,,,,,,,,,,,
2019-09-18,13:37:00,SEM VÍTIMA,FINALIZADA,CAJUEIRO,AV BEBERIBE,3173,,GALERIA CAJUEIRO,AV BEBERIBE,3173,GALERIA CAJUEIRO,CAJUEIRO,,CIDADE,COLISÃO TRASEIRA,COLISÃO SEM VITIMA,1,,,,,,1,,,0,,Longo da via,Bom,Não existe,Perfeito estado,Seca,Perfeito estado,Não existe,Outras,,Dupla,Canteiro central,,,,,,,,
2019-09-18,14:00:00,SEM VÍTIMA,FINALIZADA,PORTO DA MADEIRA,AV ANIBAL BENEVOLO,328,,,AV ANIBAL BENEVOLO,328,,PORTO DA MADEIRA,,SUBURBIO,ABALROAMENTO LONGITUDINAL,COLISÃO SEM VITIMA,1,,,,,1,,,,0,,Longo da via,Bom,Não existe,Perfeito estado,Seca,Perfeito estado,Não existe,Outras,,Dupla,Faixa seccionada,,,,,,,,
2019-09-18,14:07:00,SEM VÍTIMA,FINALIZADA,ILHA DO LEITE,AV GOVERNADOR AGAMENON MAGALHAES,,,EM FRENTE AO HOSPITAL PORTUGUÊS,AV GOVERNADOR AGAMENON MAGALHAES,,EM FRENTE AO HOSPITAL PORTUGUÊS,ILHA DO LEITE,,,COLISÃO TRASEIRA,COLISAO ENTRE AMBULANCIA E AUTO S/V,2,,,,,,,,,0,,Longo da via,Bom,Não existe,Perfeito estado,Seca,Perfeito estado,,,60 km/h,Dupla,Canal,,,,,,,,
2019-09-18,14:21:00,VÍTIMA FATAL,FINALIZADA,VÁRZEA,AV CAXANGA,,,EMFRENTE A UPA,AV CAXANGA,,EMFRENTE A UPA,VÁRZEA,281,CIDADE,ABALROAMENTO LONGITUDINAL,COLISÃO COM VITIMA/ SAMU JA RECOLHEU A VITIMA,1,,,,,,,,,,1,Longo da via,Bom,Sem defeito,Perfeito estado,Seca,Perfeito estado,Outros,R-6a,,Dupla,Canteiro central,,,,,,,,
2019-09-18,15:11:00,COM VÍTIMA,FINALIZADA,BOA VISTA,RUA DO HOSPICIO,,RUA PRINCESA IZABEL,,RUA DO HOSPICIO,,,BOA VISTA,31,,COLISÃO,COLISÃO ENTRE AUTO E MOTO COM VÍTIMA,1,1,,,,,,,,1,,Cruzamento,Bom,Sem defeito,Perfeito estado,Seca,Perfeito estado,Faixa de pedestre,Não há placas,,Dupla,Faixa contínua,,,,,,,,
2019-09-18,15:58:00,SEM VÍTIMA,CANCELADA,MADALENA,AV JOSE GONCALVES DE MEDEIROS,,,EM FRENTE A COMEDORIA BOM GOSTO E BOSCH SERVICE,AV JOSE GONCALVES DE MEDEIROS,,EM FRENTE A COMEDORIA BOM GOSTO E BOSCH SERVICE,MADALENA,,,COLISÃO,COLISÃO SEM VÍTIMA,2,,,,,,,,,0,,,,,,,,,,,,,,,,,,,,
2019-09-18,16:13:00,SEM VÍTIMA,FINALIZADA,BOA VIAGEM,AV CONSELHEIRO AGUIAR,,,EM FRENTE AO Nº 4774,AV CONSELHEIRO AGUIAR,,EM FRENTE AO Nº 4774,BOA VIAGEM,,CIDADE,ABALROAMENTO TRANSVERSAL,COLISÃO SEM VITIMA,2,,,,,,,,,0,,Longo da via,Bom,Sem defeito,Perfeito estado,Seca,Perfeito estado,Não existe,Não há placas,,Única,Faixa seccionada,,,,,,,,
2019-09-18,16:48:00,SEM VÍTIMA,CANCELADA,IBURA,AV PERNAMBUCO,236,,MERCADINHO PREÇO CERTO,AV PERNAMBUCO,236,MERCADINHO PREÇO CERTO,IBURA,,,COLISÃO,COLISÃO SEM VITIMA,1,,,,,1,,,,0,,,,,,,,,,,,,,,,,,,,
2019-09-18,16:49:00,SEM VÍTIMA,FINALIZADA,CORDEIRO,AV GENERAL SAN MARTIN,1083,,,AV GENERAL SAN MARTIN,1083,,CORDEIRO,,SUBURBIO,ABALROAMENTO LONGITUDINAL,COLISAO ENTRE DOIS AUTOS S/V,2,,,,,,,,,0,,Longo da via,Bom,Não existe,Perfeito estado,Seca,Perfeito estado,Não existe,R-6a,,Dupla,Faixa contínua,,,,,,,,
2019-09-18,16:54:00,SEM VÍTIMA,FINALIZADA,SANTO AMARO,AV CRUZ CABUGA,,,SHOPPING TACARUNA,AV CRUZ CABUGA,,SHOPPING TACARUNA,SANTO AMARO,,CIDADE,CHOQUE VEÍCULO PARADO,COLISAO ENTRE AUTO E ONIBUS S/V,1,,,,,1,,,,0,,Longo da via,Bom,Sem defeito,Incompleta,Seca,Perfeito estado,Não existe,Outras,60 km/h,Dupla,Blocos,,,,,,,,
2019-09-18,17:05:00,SEM VÍTIMA,FINALIZADA,IMBIRIBEIRA,AV MARECHAL MASCARENHAS DE MORAES,,,SOB O VIADUTO MOTOCOLOMBÓ,AV MARECHAL MASCARENHAS DE MORAES,,SOB O VIADUTO MOTOCOLOMBÓ,IMBIRIBEIRA,,CIDADE,ABALROAMENTO LONGITUDINAL,COLISÃO SEM VÍTIMA,1,,,,,,,,1,0,,Longo da via,Bom,Não existe,Perfeito estado,Seca,Perfeito estado,Não existe,Não há placas,,Única,Faixa seccionada,,,,,,,,
2019-09-18,17:13:00,SEM VÍTIMA,FINALIZADA,IBURA,AV PERNAMBUCO,93,,DEPÓSITO VIA GÁS,AV PERNAMBUCO,93,DEPÓSITO VIA GÁS,IBURA,,CIDADE,ABALROAMENTO LONGITUDINAL,COLISÃO SEM VÍTIMA,1,,,,,,1,,,0,,Longo da via,Bom,Não existe,Ilegível,Seca,Mal conservada,Não existe,Não há placas,,Dupla,Faixa contínua,,,,,,,,
2019-09-18,17:53:00,SEM VÍTIMA,FINALIZADA,GRAÇAS,RUA AMELIA,,AV RUI BARBOSA,SEMÁFORO Nº 048,RUA AMELIA,,SEMÁFORO Nº 048,GRAÇAS,48,CIDADE,ABALROAMENTO LONGITUDINAL,COLISÃO ENTRE DOIS AUTOS SEM VÍTIMAS,2,,,,,,,,,0,,Cruzamento,Bom,Sem defeito,Perfeito estado,Seca,Perfeito estado,Agente,,40 km/h,Única,Não existe,,,,,,,,
2019-09-18,18:53:00,SEM VÍTIMA,FINALIZADA,SANTO AMARO,AV VISCONDE DE SUASSUNA,,,EM FRENTE AO Nº 634,AV VISCONDE DE SUASSUNA,,EM FRENTE AO Nº 634,SANTO AMARO,,CIDADE,COLISÃO TRASEIRA,ONIBUS CAXANGA X VEICULO DO SEMOC,1,,,,,1,,,,0,,Longo da via,Bom,Não existe,Perfeito estado,Seca,Perfeito estado,Não existe,Não há placas,,Única,Não existe,,,,,,,,
2019-09-18,19:10:00,SEM VÍTIMA,FINALIZADA,TORRE,RUA JOSE BONIFACIO,724,RUA JOSE DE HOLANDA,,RUA JOSE BONIFACIO,724,,TORRE,601,,ABALROAMENTO TRANSVERSAL,CITROEN C3 X FIESTA,2,,,,,,,,,0,,Cruzamento,Bom,Sem defeito,Perfeito estado,Seca,Perfeito estado,Faixa de retenção,R-6a,,Única,,,,,,,,,
2019-09-18,19:33:00,COM VÍTIMA,FINALIZADA,CASA FORTE,AV DEZESSETE DE AGOSTO,2388,,ENF AO MUSEU DO HOMEM DO NORDESTE,AV DEZESSETE DE AGOSTO,2388,ENF AO MUSEU DO HOMEM DO NORDESTE,CASA FORTE,251,SUBURBIO,ATROPELAMENTO,MOTO X PEDESTRE,,1,,,1,,,,,2,,Longo da via,Bom,Sem defeito,Perfeito estado,Seca,Perfeito estado,Faixa de pedestre,R-6a,,Dupla,Faixa contínua,,,,,,,,
2019-09-18,20:39:00,SEM VÍTIMA,FINALIZADA,MADALENA,RUA BENFICA,133,,4º REGISTRO DE IMÓVEIS DO RECIFE,RUA BENFICA,133,4º REGISTRO DE IMÓVEIS DO RECIFE,MADALENA,,CIDADE,ABALROAMENTO LONGITUDINAL,ENTRE CAMINHÃO E AUTO PASSEIO. S/V,1,,,,,,1,,,0,,Longo da via,Bom,Não existe,Perfeito estado,Seca,Perfeito estado,Não existe,Não há placas,,Única,Faixa seccionada,,,,,,,,
2019-09-18,20:02:00,COM VÍTIMA,FINALIZADA,BOA VISTA,RUA JOAO FERNANDES VIEIRA,145,RUA JOAQUIM FELIPE,E/F A UNIBRA,RUA JOAO FERNANDES VIEIRA,145,E/F A UNIBRA,BOA VISTA,,CIDADE,ABALROAMENTO TRANSVERSAL,ENTRE AUTO E MOTO ( O ENVOLVIDO ACIDENTADO É SD DA PM ) C/V,1,1,,,,,,,,1,,Esquina,Bom,Não existe,Perfeito estado,Seca,Perfeito estado,Não existe,R-6a,30 km/h,Única,,,,,,,,,
2019-09-18,21:28:00,SEM VÍTIMA,FINALIZADA,TAMARINEIRA,AV NORTE,,,LADO OPOSTO POSTO DE GASOLINA BR,AV NORTE,,LADO OPOSTO POSTO DE GASOLINA BR,TAMARINEIRA,456,CIDADE,COLISÃO TRASEIRA,ENTRE 2 AUTOS. S/V,2,,,,,,,,,0,,Longo da via,Bom,Sem defeito,Perfeito estado,Seca,Perfeito estado,Faixa de pedestre,Outras,,Dupla,Canteiro central,,,,,,,,
2019-09-19,07:27:00,SEM VÍTIMA,FINALIZADA,ESPINHEIRO,RUA QUARENTA E OITO,,RUA CONS PORTELA,,RUA QUARENTA E OITO,,,ESPINHEIRO,11,SUBURBIO,ABALROAMENTO LONGITUDINAL,,1,,,,,1,,,,0,,Cruzamento,Bom,Sem defeito,Perfeito estado,Seca,Perfeito estado,Faixa de pedestre,,,Única,Faixa contínua,Faixa seccionada,,,,,,,
2019-09-19,08:01:00,COM VÍTIMA,FINALIZADA,ESPINHEIRO,RUA QUARENTA E OITO,165,,EM FRENTE AO EDIFICIO CORINTHUS,RUA QUARENTA E OITO,165,EM FRENTE AO EDIFICIO CORINTHUS,ESPINHEIRO,,CIDADE,COLISÃO COM CICLISTA,VITIMA A ESPERA DO SAMU,1,,,1,,,,,,1,,Longo da via,Bom,Não existe,Perfeito estado,Seca,Perfeito estado,Não existe,R-6a,30 km/h,Única,Faixa seccionada,,,,,,,,
2019-09-19,08:41:00,COM VÍTIMA,FINALIZADA,IPSEP,RUA SAO NICOLAU,,AV RECIFE,SEMÁFORO 016,RUA SAO NICOLAU,,SEMÁFORO 016,IPSEP,16,SUBURBIO,ABALROAMENTO TRANSVERSAL,COLISÃO COM VÍTIMA,,1,1,,,,,,,1,,Cruzamento,Bom,Sem defeito,Perfeito estado,Seca,Perfeito estado,Agente,Não há placas,40 km/h,Única,Blocos,,,,,,,,
2019-09-19,09:20:00,SEM VÍTIMA,FINALIZADA,IMBIRIBEIRA,AV MARECHAL MASCARENHAS DE MORAES,,,CONCESSIONÁRIA TAMBAÍ,AV MARECHAL MASCARENHAS DE MORAES,,CONCESSIONÁRIA TAMBAÍ,IMBIRIBEIRA,439,CIDADE,COLISÃO TRASEIRA,COLISÃO COM UMA VITIMA,3,,,,,,,,,0,,Longo da via,Bom,Sem defeito,Perfeito estado,Seca,Perfeito estado,Faixa de pedestre,Outras,,Dupla,Faixa seccionada,,,,,,,,
2019-09-19,09:44:00,SEM VÍTIMA,FINALIZADA,VÁRZEA,RUA MARECHAL MANOEL LUIS OSORIO,85,,NA SAÍDA HOSPITAL HAPVIDA,RUA MARECHAL MANOEL LUIS OSORIO,85,NA SAÍDA HOSPITAL HAPVIDA,VÁRZEA,,SUBURBIO,ABALROAMENTO TRANSVERSAL,COLISÃO SEM VITIMAS,,2,,,,,,,,0,,Longo da via,Bom,Não existe,Perfeito estado,Seca,Perfeito estado,Faixa de pedestre,R-6a,30 km/h,Dupla,,,,,,,,,
2019-09-19,09:45:00,SEM VÍTIMA,FINALIZADA,BOA VIAGEM,AV ENGENHEIRO DOMINGOS FERREIRA,2655,,EM FRENTE AO POSTO BR,AV ENGENHEIRO DOMINGOS FERREIRA,2655,EM FRENTE AO POSTO BR,BOA VIAGEM,,SUBURBIO,COLISÃO TRASEIRA,COLISÃO DE DOIS CAROS. BATEDORES ESTÃO NO LOCAL,2,,,,,,,,,0,,Longo da via,Bom,Não existe,Perfeito estado,Seca,Perfeito estado,Não existe,Não há placas,,Única,Canteiro central,,,,,,,,
2019-09-19,09:54:00,SEM VÍTIMA,FINALIZADA,SANTO AMARO,PRC DO CAMPO SANTO,,,EM FRENTE,PRC DO CAMPO SANTO,,EM FRENTE,SANTO AMARO,,CIDADE,ABALROAMENTO LONGITUDINAL,COLISÃO SEM VITIMAS,2,,,,,,,,,0,,Longo da via,Bom,Não existe,Perfeito estado,Seca,Perfeito estado,Não existe,Placas Pare,,Dupla,Faixa seccionada,,,,,,,,
2019-09-19,09:54:00,SEM VÍTIMA,FINALIZADA,AFOGADOS,RUA SANTOS ARAUJO,,RUA SAO MIGUEL,POSTO BRAS PETRO,RUA SANTOS ARAUJO,,POSTO BRAS PETRO,AFOGADOS,333,CIDADE,ABALROAMENTO TRANSVERSAL,COLISÃO DE DUAS MOTOS,,2,,,,,,,,0,,Longo da via,Bom,Sem defeito,Perfeito estado,Seca,Perfeito estado,Faixa de pedestre,Não há placas,,Dupla,Faixa seccionada,,,,,,,,
2019-09-19,10:32:00,SEM VÍTIMA,CANCELADA,NOVA DESCOBERTA,AV VEREADOR OTACILIO AZEVEDO,1116,,AO LADO DA UPA DE NOVA DESCOBERTA,AV VEREADOR OTACILIO AZEVEDO,1116,AO LADO DA UPA DE NOVA DESCOBERTA,NOVA DESCOBERTA,,,COLISÃO,SEM VITIMAS,1,,,,,1,,,,0,,,,,,,,,,,,,,,,,,,,
2019-09-19,11:24:00,SEM VÍTIMA,FINALIZADA,BOA VIAGEM,AVENIDA CELSO FURTADO (VIA MANGUE),,,ALÇA DA RUA ANTONIO FALCÃO,AVENIDA CELSO FURTADO (VIA MANGUE),,ALÇA DA RUA ANTONIO FALCÃO,BOA VIAGEM,,SUBURBIO,ABALROAMENTO LONGITUDINAL,COLISÃO SEM VITIMAS,2,,,,,,,,,0,,Viaduto,Bom,Não existe,Perfeito estado,Seca,Perfeito estado,Não existe,Outras,60 km/h,Única,,,,,,,,,
2019-09-19,11:36:00,SEM VÍTIMA,FINALIZADA,BOA VIAGEM,RUA VISCONDE DE JEQUITINHONHA,2946,,EDIFICIO PALACIO DE QUELUZ,RUA VISCONDE DE JEQUITINHONHA,2946,EDIFICIO PALACIO DE QUELUZ,BOA VIAGEM,,SUBURBIO,ABALROAMENTO TRANSVERSAL,COLISÃO SEM VITIMAS,2,,,,,,,,,0,,Longo da via,Bom,Não existe,Perfeito estado,Seca,Perfeito estado,Não existe,Outras,,Dupla,Faixa seccionada,,,,,,,,
2019-09-19,11:44:00,SEM VÍTIMA,CANCELADA,PINA,AV REPUBLICA ARABE UNIDA,,,NA ENTRADA DO SHOPPING RIO MAR,AV REPUBLICA ARABE UNIDA,,NA ENTRADA DO SHOPPING RIO MAR,PINA,,,COLISÃO,COLISÃO SEM VITIMAS,2,,,,,,,,,0,,,,,,,,,,,,,,,,,,,,
2019-09-19,12:03:00,COM VÍTIMA,FINALIZADA,CAMPO GRANDE,RUA JERONIMO VILELA,164,RUA MARQUES DE ABRANTES,ESQUINA DA HAMBURGUERIA E LANCHONETE LA BODEGUITA . APÓS A GALERIA CAZÉ.,RUA JERONIMO VILELA,164,ESQUINA DA HAMBURGUERIA E LANCHONETE LA BODEGUITA . APÓS A GALERIA CAZÉ.,CAMPO GRANDE,,CIDADE,ABALROAMENTO LONGITUDINAL,COLISAO ENTRE AUTO E MOTO COM UMA VITIMA,1,1,,,,,,,,1,,Longo da via,Bom,Não existe,Perfeito estado,Seca,Perfeito estado,Não existe,Não há placas,,Dupla,Faixa seccionada,,,,,,,,
2019-09-19,12:22:00,SEM VÍTIMA,FINALIZADA,SANTO AMARO,RUA DR CARLOS CHAGAS,,,EM FRENTE AO POSTE Nº B 021638,RUA DR CARLOS CHAGAS,,EM FRENTE AO POSTE Nº B 021638,SANTO AMARO,,CIDADE,CAPOTAMENTO,COLISÃO SEM VÍTIMA,,2,,,,,,,,0,,Longo da via,Bom,Não existe,Incompleta,Seca,Mal conservada,Não existe,Outras,,,,,,,,,,,
2019-09-19,13:37:00,SEM VÍTIMA,FINALIZADA,IPSEP,RUA JEAN EMILE FAVRE,,,LADO OPOSTO A MARINGÁ,RUA JEAN EMILE FAVRE,,LADO OPOSTO A MARINGÁ,IPSEP,,SUBURBIO,COLISÃO TRASEIRA,COLISÃO SEM VITIMA,2,,,,,1,,,,0,,Longo da via,Bom,Sem defeito,Perfeito estado,Seca,Perfeito estado,,Outras,60 km/h,Dupla,Faixa contínua,,,,,,,,
2019-09-19,14:42:00,SEM VÍTIMA,FINALIZADA,ENGENHO DO MEIO,RUA GOVERNADOR LOPO GARRO,400,RUA PRESIDENTE WASHINGTON LUIZ,ESCOLA SOUZA VERAS,RUA GOVERNADOR LOPO GARRO,400,ESCOLA SOUZA VERAS,ENGENHO DO MEIO,,,ABALROAMENTO TRANSVERSAL,COLISÃO SEM VÍTIMA,2,,,,,,,,,0,,Cruzamento,Bom,Não existe,Ilegível,Seca,Perfeito estado,Não existe,Não há placas,,Dupla,Faixa seccionada,,,,,,,,
2019-09-19,15:23:00,SEM VÍTIMA,FINALIZADA,MADALENA,RUA LOPES DE CARVALHO,411,,AV. VISCONDE DE ALBUQUERQUE,RUA LOPES DE CARVALHO,411,AV. VISCONDE DE ALBUQUERQUE,MADALENA,,SUBURBIO,ABALROAMENTO TRANSVERSAL,COLISÃO SEM VITIMA,1,1,,,,,,,,0,,Longo da via,Bom,Não existe,Perfeito estado,Seca,Perfeito estado,Outros,Outras,60 km/h,Dupla,Faixa seccionada,,,,,,,,
2019-09-19,15:34:00,SEM VÍTIMA,FINALIZADA,GRAÇAS,RUA CARDEAL ARCOVERDE,,AV RUI BARBOSA,EXTRABOM,RUA CARDEAL ARCOVERDE,,EXTRABOM,GRAÇAS,126,,ABALROAMENTO LONGITUDINAL,COLISÃO SEM VITIMA,2,,,,,,,,,0,,Cruzamento,Bom,Sem defeito,Perfeito estado,Seca,Perfeito estado,Faixa de pedestre,,,Única,,,,,,,,,
2019-09-19,16:04:00,SEM VÍTIMA,FINALIZADA,GRAÇAS,RUA AMELIA,,AV RUI BARBOSA,MUSEU DO ESTADO DE PERNAMBUCO,RUA AMELIA,,MUSEU DO ESTADO DE PERNAMBUCO,GRAÇAS,48,CIDADE,ABALROAMENTO LONGITUDINAL,ENTRE A VT 10 DA CTTU E UM VOYAGE,2,,,,,,,,,0,,Longo da via,Bom,Sem defeito,Perfeito estado,Seca,Perfeito estado,Agente,R-6a,40 km/h,Única,Faixa contínua,,,,,,,,
2019-09-19,16:17:00,SEM VÍTIMA,DUPLICIDADE,BAIRRO DO RECIFE,AV MILITAR,,,AO LADO DO TERMINAL MARÍTIMO PORTO DO RECIFE,AV MILITAR,,AO LADO DO TERMINAL MARÍTIMO PORTO DO RECIFE,BAIRRO DO RECIFE,,SUBURBIO,ABALROAMENTO LONGITUDINAL,COLISAO ENTRE AUTO E CAMINHAO S/V,1,,,,,,1,,1,0,,Longo da via,Bom,Não existe,Perfeito estado,Seca,Perfeito estado,Não existe,Não há placas,,Única,Faixa seccionada,,,,,,,,
2019-09-19,16:25:00,SEM VÍTIMA,FINALIZADA,BAIRRO DO RECIFE,AV MILITAR,,,PROX. A FÁBRICA DA ANTIGA PILAR,AV MILITAR,,PROX. A FÁBRICA DA ANTIGA PILAR,BAIRRO DO RECIFE,,,COLISÃO,COLISÃO SEM VITIMA,1,,,,,,1,,,0,,,,,,,,,,,,,,,,,,,,
2019-09-19,17:17:00,COM VÍTIMA,FINALIZADA,PAISSANDU,AV GOVERNADOR AGAMENON MAGALHAES,,RUA PAISSANDU,,AV GOVERNADOR AGAMENON MAGALHAES,,,PAISSANDU,69,,COLISÃO,ACIDENTE DE PERCURSO,,2,,,,,,,,1,,Longo da via,Bom,Sem defeito,Perfeito estado,Seca,Perfeito estado,Agente,Não há placas,60 km/h,Única,Faixa seccionada,,,,,,,,
2019-09-19,17:18:00,SEM VÍTIMA,FINALIZADA,BOA VISTA,RUA AURORA,529,RUA PRINCESA IZABEL,PRÓX. PONTE PRINCESA ISABEL,RUA AURORA,529,PRÓX. PONTE PRINCESA ISABEL,BOA VISTA,22,SUBURBIO,COLISÃO COM CICLISTA,VEICULO E CICLISTA , DANOS MATERIAIS,1,,,1,,,,,,0,,Cruzamento,Bom,Sem defeito,Perfeito estado,Seca,Perfeito estado,Faixa de retenção,Não há placas,,Única,Faixa seccionada,,,,,,,
2019-09-19,17:31:00,COM VÍTIMA,FINALIZADA,PINA,AV ANTONIO DE GOES,434,,EM FRENTE AO JCPM. LADO OPOSTO À RECEITA FEDERAL,AV ANTONIO DE GOES,434,EM FRENTE AO JCPM. LADO OPOSTO À RECEITA FEDERAL,PINA,277,CIDADE,COLISÃO TRASEIRA,COLISÃO COM VITIMA,1,1,,,,,,,,1,,Longo da via,Bom,Sem defeito,Perfeito estado,Seca,Perfeito estado,Faixa de pedestre,,60 km/h,Dupla,Canteiro central,,,,,,,,
2019-09-19,18:21:00,SEM VÍTIMA,FINALIZADA,VÁRZEA,AV AFONSO OLINDENSE,1099,,ANTES DA LOMBADA ELETRÔNICA EM FRENTE AO Nº 1099,AV AFONSO OLINDENSE,1099,ANTES DA LOMBADA ELETRÔNICA EM FRENTE AO Nº 1099,VÁRZEA,,CIDADE,CHOQUE VEÍCULO PARADO,RENAULT DUSTER X RENAULT LOGAN,2,,,,,,,,,0,,Longo da via,Bom,Não existe,Perfeito estado,Seca,Perfeito estado,Não existe,Não há placas,,Dupla,Faixa contínua,Faixa seccionada,,,,,,,
2019-09-19,18:49:00,SEM VÍTIMA,FINALIZADA,PRADO,RUA GOMES TABORDA,,,CLUBE BAILE PERFUMADO,RUA GOMES TABORDA,,CLUBE BAILE PERFUMADO,PRADO,,CIDADE,ABALROAMENTO LONGITUDINAL,ÕNIBUS X AUTO , S/V,1,,,,,1,,,,0,,Longo da via,Bom,Não existe,Perfeito estado,Seca,Perfeito estado,Outros,Não há placas,,Dupla,Faixa contínua,,,,,,,
2019-09-19,19:05:00,SEM VÍTIMA,FINALIZADA,NOVA DESCOBERTA,RUA CARLOS MARIGHELLA,,,LADO OPOSTO AO Nº 122,RUA CARLOS MARIGHELLA,,LADO OPOSTO AO Nº 122,NOVA DESCOBERTA,,SUBURBIO,ABALROAMENTO LONGITUDINAL,ONIBUS X RENAULT,1,,,,,1,,,,0,,Longo da via,Bom,Não existe,Não existente,Seca,Mal conservada,Não existe,Não há placas,,Dupla,Não existe,,,,,,,,
2019-09-19,19:52:00,SEM VÍTIMA,CANCELADA,BOA VIAGEM,RUA CORONEL ANIZIO RODRIGUES COELHO,423,,E/F A PIZZARIA MATUTA / POR TRÁS DA IGREJA NOVA DE BV,RUA CORONEL ANIZIO RODRIGUES COELHO,423,E/F A PIZZARIA MATUTA / POR TRÁS DA IGREJA NOVA DE BV,BOA VIAGEM,,,COLISÃO,ENTRE 2 AUTOS. S/V,2,,,,,,,,,0,,,,,,,,,,,,,,,,,,,,
2019-09-19,20:26:00,SEM VÍTIMA,CANCELADA,BOA VIAGEM,RUA RIBEIRO DE BRITO,1111,RUA GENERAL AMERICANO FREIRE,AO LADO DO POSTO BR,RUA RIBEIRO DE BRITO,1111,AO LADO DO POSTO BR,BOA VIAGEM,,,COLISÃO,PALIO X FIAT PALIO,2,,,,,,,,,0,,,,,,,,,,,,,,,,,,,,
2019-09-19,20:29:00,SEM VÍTIMA,FINALIZADA,BOA VIAGEM,AV CONSELHEIRO AGUIAR,3810,,ESTACIONAMENTO DA FARMACIA DROGASIL,AV CONSELHEIRO AGUIAR,3810,ESTACIONAMENTO DA FARMACIA DROGASIL,BOA VIAGEM,,CIDADE,CHOQUE VEÍCULO PARADO,ENTRE 2 AUTOS. S/V,2,,,,,,,,,0,,,Bom,Não existe,Perfeito estado,Seca,Perfeito estado,Não existe,Não há placas,,Única,Não existe,,,,,,,,