data,hora,natureza_acidente,situacao,bairro,endereco,numero,detalhe_endereco_acidente,complemento,endereco_cruzamento,numero_cruzamento,referencia_cruzamento,bairro_cruzamento,num_semaforo,sentido_via,tipo,descricao,auto,moto,ciclom,ciclista,pedestre,onibus,caminhao,viatura,outros,vitimas,vitimasfatais,acidente_verificado,tempo_clima,situacao_semaforo,sinalizacao,condicao_via,conservacao_via,ponto_controle,situacao_placa,velocidade_max_via,mao_direcao,divisao_via1,divisao_via2,divisao_via3,,,,,,
2019-09-19,20:47:00,SEM VÍTIMA,CANCELADA,BOA VIAGEM,RUA ANTONIO FALCAO,,,SEMÁFORO 555,RUA ANTONIO FALCAO,,SEMÁFORO 555,BOA VIAGEM,,,COLISÃO,ENTRE 2 AUTOS. S/V,,,,,,,,,,0,,,,,,,,,,,,,,,,,,,,
2019-09-19,20:52:00,SEM VÍTIMA,CANCELADA,PARNAMIRIM,AV PARNAMIRIM,,,E/F A GALERIA PARNAMIRIM,AV PARNAMIRIM,,E/F A GALERIA PARNAMIRIM,PARNAMIRIM,,,COLISÃO,ENTRE 2 AUTOS. S/V,2,,,,,,,,,0,,,,,,,,,,,,,,,,,,,,
2019-09-19,21:03:00,SEM VÍTIMA,CANCELADA,BOA VIAGEM,AV BOA VIAGEM,3114,,ENF AO HOTEL JANGADEIRO,AV BOA VIAGEM,3114,ENF AO HOTEL JANGADEIRO,BOA VIAGEM,,,COLISÃO,HRV PRATA X JETTA,2,,,,,,,,,0,,,,,,,,,,,,,,,,,,,,
2019-09-19,23:46:00,COM VÍTIMA,FINALIZADA,BOA VIAGEM,RUA BARAO DE SOUZA LEAO,451,,ENF AO MAR HOTEL, DROGARIA DROGAMAR E BOA VIAGEM MEDICAL CENTER.,RUA BARAO DE SOUZA LEAO,451,ENF AO MAR HOTEL, DROGARIA DROGAMAR E BOA VIAGEM MEDICAL CENTER.,BOA VIAGEM,,SUBURBIO,ATROPELAMENTO,GOLF X PEDESTRE SE JOGOU SOBRE O VEICULO,1,,,,1,,,,,1,,Longo da via,Bom,Sem defeito,Perfeito estado,Seca,Perfeito estado,,Não há placas,,Única,Faixa seccionada,,,,,,
2019-09-20,07:29:00,COM VÍTIMA,FINALIZADA,IMBIRIBEIRA,AV MARECHAL MASCARENHAS DE MORAES,7935A,,EM FRENTE A AUTOPEÇAS CONTINENTAL,AV MARECHAL MASCARENHAS DE MORAES,7935A,EM FRENTE A AUTOPEÇAS CONTINENTAL,IMBIRIBEIRA,626,CIDADE,ABALROAMENTO LONGITUDINAL,COM DUAS VITIMAS,2,1,,,,,,,,2,,Longo da via,Bom,Não existe,Perfeito estado,Seca,Perfeito estado,Não existe,Outras,,Dupla,Canteiro central,,,,,,,,
2019-09-20,07:30:00,SEM VÍTIMA,FINALIZADA,TORREÃO,AV NORTE,,,PEDRAGON,AV NORTE,,PEDRAGON,TORREÃO,,CIDADE,COLISÃO TRASEIRA,COLISÃO DE 2 CARROS,2,,,,,,,,,0,,Longo da via,Bom,,Perfeito estado,Seca,Perfeito estado,,,60 km/h,Dupla,Canteiro central,,,,,,,,
2019-09-20,07:43:00,SEM VÍTIMA,FINALIZADA,ESPINHEIRO,RUA DR VICENTE MEIRA,114,RUA AMELIA,,RUA DR VICENTE MEIRA,114,,ESPINHEIRO,,CIDADE,COLISÃO TRASEIRA,COLISÃO S/VITIMAS ENTRE AUTO E UMA MOTO,1,1,,,,,,,,0,,Cruzamento,Bom,Não existe,Perfeito estado,Seca,Perfeito estado,Não existe,Placas Pare,,Dupla,Não existe,,,,,,,,
2019-09-20,07:49:00,SEM VÍTIMA,FINALIZADA,TAMARINEIRA,RUA PADRE ROMA,,,,RUA PADRE ROMA,,,TAMARINEIRA,223,CIDADE,COLISÃO TRASEIRA,COLISÃO S/VITIMAS ENTRE DOIS AUTOS E UM ONIBUS,2,,,,,1,,,,0,,Longo da via,Chuvoso,Sem defeito,Perfeito estado,Molhada,Perfeito estado,Não existe,,,Dupla,Canteiro central,,,,,,,,
2019-09-20,07:59:00,SEM VÍTIMA,FINALIZADA,AFOGADOS,RUA VINTE E UM DE ABRIL,565,RUA MANUEL PADILHA,,RUA VINTE E UM DE ABRIL,565,,AFOGADOS,,CIDADE,ABALROAMENTO LONGITUDINAL,COLISÃO DE UM CARRO E UM CAMINHÃO,1,,,,,,1,,,0,,Longo da via,Bom,Não existe,Não existente,Seca,Mal conservada,Não existe,Não há placas,,Dupla,Não existe,,,,,,,,
2019-09-20,08:17:00,COM VÍTIMA,FINALIZADA,PAISSANDU,AV GOVERNADOR AGAMENON MAGALHAES,141,,EM FRENTE A CLINICA VETERINARIA VET MAIS,AV GOVERNADOR AGAMENON MAGALHAES,141,EM FRENTE A CLINICA VETERINARIA VET MAIS,PAISSANDU,,BOA VIAGEM,ABALROAMENTO LONGITUDINAL,COM UMA VITMA SENDO SOCORRIDA PELO SAMU,CTTU NO LOCAL,1,1,,,,,,,,1,,Longo da via,Chuvoso,Não existe,Perfeito estado,Molhada,Perfeito estado,,,60 km/h,Dupla,,,,,,,,
2019-09-20,10:02:00,SEM VÍTIMA,CANCELADA,BAIRRO DO RECIFE,AV ALFREDO LISBOA,,,EM FRENTE AO SHOPPING PAÇO ALFANDEGA,AV ALFREDO LISBOA,,EM FRENTE AO SHOPPING PAÇO ALFANDEGA,BAIRRO DO RECIFE,,,COLISÃO,ONIBUS E AUTO,1,,,,,1,,,,0,,,,,,,,,,,,,,,,,,,,
2019-09-20,10:11:00,SEM VÍTIMA,CANCELADA,BOA VISTA,AV GOVERNADOR AGAMENON MAGALHAES,,,EM FRENTE AO COLEGIO AMERICANO BATISTA,AV GOVERNADOR AGAMENON MAGALHAES,,EM FRENTE AO COLEGIO AMERICANO BATISTA,BOA VISTA,,SUBURBIO,COLISÃO,DOIS AUTOS,2,,,,,,,,,0,,,,,,,,,,,,,,,,,,,,
2019-09-20,10:28:00,SEM VÍTIMA,CANCELADA,BOA VISTA,RUA DO PRINCIPE,563,,EM FRENTE AO HOSPITAL DO EXERCITO,RUA DO PRINCIPE,563,EM FRENTE AO HOSPITAL DO EXERCITO,BOA VISTA,,,COLISÃO,DOIS AUTOS,2,,,,,,,,,0,,,,,,,,,,,,,,,,,,,,
2019-09-20,10:34:00,SEM VÍTIMA,FINALIZADA,MADALENA,AV VISCONDE DE ALBUQUERQUE,732,,,AV VISCONDE DE ALBUQUERQUE,732,,MADALENA,,SUBURBIO,ABALROAMENTO LONGITUDINAL,,1,,,,,1,,,,0,,Longo da via,Bom,Não existe,Incompleta,Seca,Perfeito estado,Não existe,R-6a,,Única,Não existe,,,,,,,,
2019-09-20,10:37:00,COM VÍTIMA,FINALIZADA,GRAÇAS,PRC DO ENTRONCAMENTO,132,,EM FRENTE A PHARMAPELE,PRC DO ENTRONCAMENTO,132,EM FRENTE A PHARMAPELE,GRAÇAS,,CIDADE,ATROPELAMENTO,ATROPELAMENTO (ONIBUS X PEDESTRE),,,,,1,1,,,,1,,Longo da via,Bom,Não existe,Perfeito estado,Seca,Perfeito estado,Outros,Outras,40 km/h,Única,Não existe,,,,,,,,
2019-09-20,10:50:00,SEM VÍTIMA,FINALIZADA,ESTÂNCIA,AV DR JOSE RUFINO,617,,ESCOLA PAROQUIAL SANTA LUZIA,AV DR JOSE RUFINO,617,ESCOLA PAROQUIAL SANTA LUZIA,ESTÂNCIA,,SUBURBIO,ABALROAMENTO TRANSVERSAL,SEM VITIMAS,2,,,,,,,,,0,,Longo da via,Chuvoso,Não existe,Perfeito estado,Molhada,Perfeito estado,Não existe,Outras,,Dupla,Faixa contínua,,,,,,,,
2019-09-20,11:16:00,SEM VÍTIMA,FINALIZADA,PINA,AV HERCULANO BANDEIRA,543,,EM FRENTE AO MARTELINHO DE OURO,AV HERCULANO BANDEIRA,543,EM FRENTE AO MARTELINHO DE OURO,PINA,,SUBURBIO,ABALROAMENTO LONGITUDINAL,COLISÃO S/VITIMAS ENTRE UM AUTO E ONIBUS,1,,,,,1,,,,0,,Longo da via,Chuvoso,Não existe,Perfeito estado,Molhada,Perfeito estado,Não existe,R-6a,,Única,Faixa seccionada,,,,,,,,
2019-09-20,11:22:00,SEM VÍTIMA,FINALIZADA,ENCRUZILHADA,AV NORTE,,AV JOAO DE BARROS,EM FRENTE A LOJA SUPER G,AV NORTE,,EM FRENTE A LOJA SUPER G,ENCRUZILHADA,43,,COLISÃO,SEM VITIMAS,2,,,,,,,,,0,,,,,,,,,,,,,,,,,,,,
2019-09-20,11:36:00,SEM VÍTIMA,FINALIZADA,,RUA SIQUEIRA CAMPOS,240,,,RUA SIQUEIRA CAMPOS,240,,,,SUBURBIO,ABALROAMENTO LONGITUDINAL,COLISÃO S/VITIMAS ENTRE DOIS AUTOS,1,,,,,,,1,,0,,Longo da via,Bom,Sem defeito,Perfeito estado,Seca,Perfeito estado,Não existe,Não há placas,,Única,Não existe,,,,,,,,
2019-09-20,12:06:00,SEM VÍTIMA,CANCELADA,AFLITOS,AV CONS ROSA E SILVA,,RUA ANGUSTURA,EM FRENTE AO CLUBE NAUTICO CAPIBARIBE,AV CONS ROSA E SILVA,,EM FRENTE AO CLUBE NAUTICO CAPIBARIBE,AFLITOS,,,COLISÃO,ENTRE AUTO PASSEIO X CAMINHÃO S/V,1,,,,,,1,,,0,,,,,,,,,,,,,,,,,,,,
2019-09-20,12:00:00,SEM VÍTIMA,CANCELADA,ROSARINHO,AV SANTOS DUMONT,,,PADARIA SANTOS DUMONT,AV SANTOS DUMONT,,PADARIA SANTOS DUMONT,ROSARINHO,,,COLISÃO,ENTRE DOIS AUTO S/V,2,,,,,,,,,0,,,,,,,,,,,,,,,,,,,,
2019-09-20,12:30:00,SEM VÍTIMA,FINALIZADA,AREIAS,AV RECIFE,,,LADO OPOSTO AO GALETUS,AV RECIFE,,LADO OPOSTO AO GALETUS,AREIAS,617,CIDADE,ABALROAMENTO LONGITUDINAL,COLISAO ENTRE AUTO E CARRETA S/V,1,,,,,,1,,,0,,Longo da via,Bom,Sem defeito,Perfeito estado,Seca,Perfeito estado,Outros,,,Dupla,Faixa contínua,Faixa seccionada,Canteiro central,,,,,,
2019-09-20,13:35:00,SEM VÍTIMA,FINALIZADA,GRAÇAS,AV RUI BARBOSA,579,,SUPERMERCADO EXTRABOM,AV RUI BARBOSA,579,SUPERMERCADO EXTRABOM,GRAÇAS,126,CIDADE,ABALROAMENTO LONGITUDINAL,COLISÃO SEM VITIMA,1,,,,,1,,,,0,,Longo da via,Bom,Sem defeito,Perfeito estado,Seca,Perfeito estado,Faixa de pedestre,Outras,,Única,Faixa contínua,Faixa seccionada,,,,,,,
2019-09-20,13:31:00,SEM VÍTIMA,FINALIZADA,ILHA DO LEITE,RUA FRANCISCO ALVES,,PRC MIGUEL DE CERVANTES,SOB O SEMÁFORO Nº 508,RUA FRANCISCO ALVES,,SOB O SEMÁFORO Nº 508,ILHA DO LEITE,,,ABALROAMENTO LONGITUDINAL,COLISAO ENTRE CAMINHAO E AUTO S/V,1,,,,,,1,,,0,,,Chuvoso,Sem defeito,Perfeito estado,Molhada,Perfeito estado,Faixa de pedestre,Outras,,Dupla,Faixa contínua,Faixa seccionada,,,,,,,
2019-09-20,13:44:00,SEM VÍTIMA,FINALIZADA,ESPINHEIRO,RUA ALBERTO PAIVA,,,,RUA ALBERTO PAIVA,,,ESPINHEIRO,305,CIDADE,ABALROAMENTO LONGITUDINAL,COLISAO ENTRE CAMINHAO E AUTOS S/V,1,,,,,,1,,,0,,Longo da via,Bom,Sem defeito,Perfeito estado,Seca,Perfeito estado,Agente,Outras,,Única,Faixa seccionada,,,,,,,,
2019-09-20,14:04:00,COM VÍTIMA,FINALIZADA,DOIS UNIDOS,RUA BACHAREL SEVERINO T.G.DO NASCIMENTO,38B,,ANTES DO TERMINAL DE DOIS UNIDOS NA BEIRA CANAL,RUA BACHAREL SEVERINO T.G.DO NASCIMENTO,38B,ANTES DO TERMINAL DE DOIS UNIDOS NA BEIRA CANAL,DOIS UNIDOS,,CIDADE,ATROPELAMENTO,ONIBUS ATROPELOU UM PEDESTRE,,,,,1,1,,,,1,,Longo da via,Bom,Não existe,Não existente,Seca,Perfeito estado,Não existe,Não há placas,40 km/h,Única,Não existe,,,,,,,,
2019-09-20,14:46:00,SEM VÍTIMA,FINALIZADA,SANTO ANTÔNIO,PRC DA REPUBLICA,,,PALACIO DO GOVERNO,PRC DA REPUBLICA,,PALACIO DO GOVERNO,SANTO ANTÔNIO,,SUBURBIO,COLISÃO TRASEIRA,ENTRE DOIS AUTO S/V,2,,,,,,,,,0,,Longo da via,Bom,Sem defeito,Perfeito estado,Seca,Perfeito estado,Faixa de pedestre,Outras,,Única,Faixa contínua,,,,,,,,
2019-09-20,15:46:00,SEM VÍTIMA,FINALIZADA,BOA VIAGEM,RUA MINISTRO NELSON HUNGRIA,414,,,RUA MINISTRO NELSON HUNGRIA,414,,BOA VIAGEM,,SUBURBIO,COLISÃO TRASEIRA,COLISAO ENTRE CAMINHAO E AUTO S/V,1,,,,,,1,,,0,,Longo da via,Chuvoso,Não existe,Perfeito estado,Molhada,Perfeito estado,Não existe,Não há placas,,Única,Não existe,,,,,,,,
2019-09-20,16:02:00,COM VÍTIMA,FINALIZADA,CAMPO GRANDE,RUA PETRONILA BOTELHO,,AV PROFESSOR JOSE DOS ANJOS,POR TRAZ DO CAMPO DO ARRUDA,RUA PETRONILA BOTELHO,,POR TRAZ DO CAMPO DO ARRUDA,CAMPO GRANDE,554,SUBURBIO,ABALROAMENTO LONGITUDINAL,COLISÃO COM VITIMA,,1,,,,,1,,,1,,Cruzamento,Chuvoso,Sem defeito,Perfeito estado,Molhada,Perfeito estado,Faixa de pedestre,R-6a,,Única,Faixa contínua,,,,,,,,
2019-09-20,16:55:00,SEM VÍTIMA,FINALIZADA,IPSEP,RUA CACHOEIRA,334,,,RUA CACHOEIRA,334,,IPSEP,,CIDADE,CHOQUE VEÍCULO PARADO,ENTRE AUTO PASSEIO X MOTO S/V,1,1,,,,,,,,0,,Longo da via,Chuvoso,Não existe,Não existente,Molhada,Perfeito estado,Não existe,Placas Pare,,Dupla,Não existe,,,,,,,,
2019-09-20,17:13:00,SEM VÍTIMA,CANCELADA,IMBIRIBEIRA,AV MARECHAL MASCARENHAS DE MORAES,,,E/F AO AEROPORTO S/T JSUB,AV MARECHAL MASCARENHAS DE MORAES,,E/F AO AEROPORTO S/T JSUB,IMBIRIBEIRA,,,COLISÃO,COLISAO ENTRE TAXI E AUTOS S/ V,2,,,,,,,,,0,,,,,,,,,,,,,,,,,,,,
2019-09-20,17:17:00,SEM VÍTIMA,FINALIZADA,SANTO ANTÔNIO,RUA DO PEIXOTO,,,EM FRENTE AO POSTE DE ILUMINAÇÃO PÚBLICA B 019924,RUA DO PEIXOTO,,EM FRENTE AO POSTE DE ILUMINAÇÃO PÚBLICA B 019924,SANTO ANTÔNIO,,,ABALROAMENTO LONGITUDINAL,CAMINHÃO X AUTO PASSEIO S/V,1,,,,,,1,,,0,,Longo da via,Chuvoso,Não existe,Não existente,Molhada,Mal iluminada,Não existe,Não há placas,30 km/h,Única,Não existe,,,,,,,,
2019-09-20,17:33:00,SEM VÍTIMA,FINALIZADA,AFOGADOS,RUA SAO MIGUEL,116,RUA JOAQUIM DE VASCONCELOS PEREIRA,RUA JOAQUIM DE VE PEREIRA,RUA SAO MIGUEL,116,RUA JOAQUIM DE VE PEREIRA,AFOGADOS,,SUBURBIO,ABALROAMENTO LONGITUDINAL,COLISAO ENTRE CAMINHAO E AUTO S/V,1,,,,,,1,,,0,,Cruzamento,Chuvoso,Não existe,Incompleta,Molhada,Perfeito estado,Não existe,Não há placas,,Dupla,Faixa contínua,,,,,,,,
2019-09-20,18:05:00,COM VÍTIMA,FINALIZADA,BOA VIAGEM,RUA VISCONDE DE JEQUITINHONHA,1140,,EDF MONTE PILHATUS,RUA VISCONDE DE JEQUITINHONHA,1140,EDF MONTE PILHATUS,BOA VIAGEM,,SUBURBIO,ABALROAMENTO LONGITUDINAL,ENTRE AUTO E MOTO. C/V,1,1,,,,,,,,1,,Longo da via,Chuvoso,Não existe,Perfeito estado,Molhada,Perfeito estado,Não existe,Não há placas,60 km/h,Única,Faixa seccionada,,,,,,,,
2019-09-20,18:10:00,SEM VÍTIMA,FINALIZADA,AFOGADOS,RUA DA PAZ,235A,,SONOFÁCIL,RUA DA PAZ,235A,SONOFÁCIL,AFOGADOS,,SUBURBIO,ABALROAMENTO LONGITUDINAL,ONIBUS X AUTO. S/V,1,,,,,1,,,,0,,Longo da via,Bom,Não existe,Perfeito estado,Seca,Perfeito estado,Não existe,R-6a,,Única,Faixa contínua,Faixa seccionada,,,,,,,
2019-09-20,18:20:00,SEM VÍTIMA,FINALIZADA,MADALENA,RUA JOAO IVO DA SILVA,453,,EM FRENTE AO Nº 453 / EDF QUEBRANGULO,RUA JOAO IVO DA SILVA,453,EM FRENTE AO Nº 453 / EDF QUEBRANGULO,MADALENA,,SUBURBIO,COLISÃO TRASEIRA,ENTRE 3 AUTOS. S/V,3,,,,,,,,,0,,Longo da via,Bom,Não existe,Ilegível,Seca,Mal conservada,Não existe,Não há placas,,Única,Canal,,,,,,,,
2019-09-20,18:38:00,SEM VÍTIMA,FINALIZADA,SANTO AMARO,AV GOVERNADOR AGAMENON MAGALHAES,,,VIADUTO INDEPENDÊNCIA,AV GOVERNADOR AGAMENON MAGALHAES,,VIADUTO INDEPENDÊNCIA,SANTO AMARO,,SUBURBIO,COLISÃO TRASEIRA,ENTRE 2 AUTOS. S/V,2,,,,,,,,,0,,Viaduto,Bom,Não existe,Perfeito estado,Seca,Perfeito estado,,Não há placas,60 km/h,Dupla,Canal,,,,,,,,
2019-09-20,20:28:00,SEM VÍTIMA,FINALIZADA,GRAÇAS,AV RUI BARBOSA,48,RUA AMELIA,POSTO SHELL,AV RUI BARBOSA,48,POSTO SHELL,GRAÇAS,48,CIDADE,ABALROAMENTO TRANSVERSAL,ENTRE 2 AUTOS E MOTO ( UM DOS CONDUTORES SE EVADIU DO LOCAL) S/V,1,1,,,,,,,,0,,Cruzamento,Chuvoso,Sem defeito,Perfeito estado,Molhada,Perfeito estado,Faixa de pedestre,Não há placas,60 km/h,Única,Faixa contínua,,,,,,,,
2019-09-20,22:18:00,SEM VÍTIMA,FINALIZADA,CORDEIRO,RUA DR MIGUEL VIEIRA FERREIRA,,EST DO FORTE DO ARRAIAL N. DO B. JESUS,SEMÁFORO 249,RUA DR MIGUEL VIEIRA FERREIRA,,SEMÁFORO 249,CORDEIRO,249,SUBURBIO,ABALROAMENTO TRANSVERSAL,ENTRE 2 AUTOS. S/V,2,,,,,,,,,0,,Cruzamento,Chuvoso,Sem defeito,Perfeito estado,Molhada,Perfeito estado,Faixa de pedestre,R-6a,,,,,,,,,,,
2019-09-20,22:54:00,SEM VÍTIMA,CANCELADA,GRAÇAS,RUA AMELIA,,AV RUI BARBOSA,E/F AO POSTO BR,RUA AMELIA,,E/F AO POSTO BR,GRAÇAS,,,COLISÃO,ENTRE 2 AUTOS. S/V,2,,,,,,,,,0,,,,,,,,,,,,,,,,,,,,
2019-09-20,23:30:00,SEM VÍTIMA,FINALIZADA,TORRÕES,RUA DR MIGUEL VIEIRA FERREIRA,370,,,RUA DR MIGUEL VIEIRA FERREIRA,370,,TORRÕES,,SUBURBIO,ABALROAMENTO LONGITUDINAL,ENTRE AUTO E MOTO ( CONDUTOR DA MOTO APRESENTA SINAIS DE EMBRIAGUEZ ) S/V,1,1,,,,,,,,0,,Longo da via,Chuvoso,Não existe,Não existente,Molhada,Perfeito estado,Não existe,Não há placas,,Única,Não existe,,,,,,,,
2019-09-20,23:52:00,COM VÍTIMA,FINALIZADA,PRADO,AV ENGENHEIRO ABDIAS DE CARVALHO,,RUA CARLOS GOMES,AO LADO DO POSTO BR ( E/F A BIG CAR),AV ENGENHEIRO ABDIAS DE CARVALHO,,AO LADO DO POSTO BR ( E/F A BIG CAR),PRADO,57,,ABALROAMENTO TRANSVERSAL,AUTO E MOTO,1,1,,,,,,,,1,,Cruzamento,Chuvoso,Sem defeito,Perfeito estado,Molhada,Perfeito estado,Faixa de pedestre,R-6a,60 km/h,Dupla,Canteiro central,,,,,,,,
2019-09-21,00:38:00,COM VÍTIMA,CANCELADA,PARNAMIRIM,RUA DR JOSE DE GOES,,,E/F AO GAIAMUM GIGANTE, NA SUBIDA DO VIADUTO,RUA DR JOSE DE GOES,,E/F AO GAIAMUM GIGANTE, NA SUBIDA DO VIADUTO,PARNAMIRIM,,,COLISÃO,COLISAO COM VITIMAS,1,1,,,,,,,,1,,,,,,,,,,,,,,,,,,
2019-09-21,01:22:00,SEM VÍTIMA,FINALIZADA,PINA,AV CONSELHEIRO AGUIAR,204,AV HERCULANO BANDEIRA,RESTAURANTE CLOCK,AV CONSELHEIRO AGUIAR,204,RESTAURANTE CLOCK,PINA,,SUBURBIO,COLISÃO TRASEIRA,CONDUTORA CHOCOU-SE CONTRA UM POSTE DE ILUMINAÇÃO PÚBLICA, ENQUANTO TENTAVA FUGIR DA OPERAÇÃO LEI SECA.,2,,,,,,,,,0,,Longo da via,Bom,Sem defeito,Perfeito estado,Seca,Perfeito estado,Não existe,Não há placas,,Única,Faixa seccionada,,,,,,,
2019-09-21,06:54:00,SEM VÍTIMA,FINALIZADA,SANTO AMARO,AV CRUZ CABUGA,,,SHOPPING TACARUNA,AV CRUZ CABUGA,,SHOPPING TACARUNA,SANTO AMARO,,CIDADE,CHOQUE OBJETO FIXO,,,,,,,,1,,1,0,,Longo da via,Bom,Sem defeito,Perfeito estado,Seca,Perfeito estado,,R-6a,40 km/h,Dupla,Blocos,,,,,,,,
2019-09-21,07:23:00,COM VÍTIMA,FINALIZADA,SANTO AMARO,AV CRUZ CABUGA,,AV NORTE,ONIBUS DA EMPRESA CIDADE ALTA DE PLACA PCV2895, NÚMERO DE ORDEM 1169. MERCADO DE SANTO AMARO.,AV CRUZ CABUGA,,ONIBUS DA EMPRESA CIDADE ALTA DE PLACA PCV2895, NÚMERO DE ORDEM 1169. MERCADO DE SANTO AMARO.,SANTO AMARO,455,CIDADE,CHOQUE OBJETO FIXO,,,,,,,1,,,,1,,Longo da via,Bom,Sem defeito,Perfeito estado,Seca,Perfeito estado,Faixa de pedestre,,,Dupla,Faixa contínua,,,,,,
2019-09-21,08:11:00,SEM VÍTIMA,CANCELADA,BOA VIAGEM,AV DOM JOAO VI,,,APÓS A SAIDA DO SHOPPING RECIFE,AV DOM JOAO VI,,APÓS A SAIDA DO SHOPPING RECIFE,BOA VIAGEM,592,CIDADE,COLISÃO,SEM VITIMAS,2,,,,,,,,,0,,,,,,,,,,,,,,,,,,,,
2019-09-21,08:32:00,SEM VÍTIMA,FINALIZADA,SÃO JOSÉ,AV SUL,,,SENTIDO RECIFE ANTIGO - LADO OP. AOS ANTIGOS GALPÕES,AV SUL,,SENTIDO RECIFE ANTIGO - LADO OP. AOS ANTIGOS GALPÕES,SÃO JOSÉ,76,CIDADE,COLISÃO TRASEIRA,SEM VITIMAS/CTTU NO LOCAL,2,,,,,,,,,0,,Longo da via,Bom,Sem defeito,Perfeito estado,Seca,Perfeito estado,,Outras,,Única,Faixa seccionada,Canteiro central,,,,,,,
2019-09-21,08:37:00,SEM VÍTIMA,FINALIZADA,MADALENA,RUA BENFICA,,,AO LADO DA DPCA,RUA BENFICA,,AO LADO DA DPCA,MADALENA,,CIDADE,ABALROAMENTO LONGITUDINAL,ONIBUS E AUTO,1,,,,,1,,,,0,,Longo da via,Bom,Não existe,Incompleta,Seca,Perfeito estado,Não existe,Não há placas,,Única,Faixa contínua,,,,,,,,
2019-09-21,09:13:00,SEM VÍTIMA,FINALIZADA,DERBY,RUA JORNALISTA PAULO BITTENCOURT,168,,GRUPO MAXIMO EDUCACIONAL,RUA JORNALISTA PAULO BITTENCOURT,168,GRUPO MAXIMO EDUCACIONAL,DERBY,,SUBURBIO,CHOQUE VEÍCULO PARADO,SEM VITIMAS,2,,,,,,,,,0,,Longo da via,Bom,Não existe,Perfeito estado,Seca,Perfeito estado,Não existe,R-6a,30 km/h,Dupla,Faixa seccionada,,,,,,,,
2019-09-21,09:32:00,SEM VÍTIMA,FINALIZADA,GRAÇAS,RUA DAS PERNAMBUCANAS,,,EM FRENTE AO JAYME DA FONTE,RUA DAS PERNAMBUCANAS,,EM FRENTE AO JAYME DA FONTE,GRAÇAS,,SUBURBIO,COLISÃO TRASEIRA,SEM VITIMAS,2,,,,,,,,,0,,Longo da via,Bom,Não existe,Perfeito estado,Seca,Perfeito estado,Não existe,,,Dupla,Blocos,,,,,,,,
2019-09-21,09:42:00,SEM VÍTIMA,FINALIZADA,ILHA DO LEITE,AV GOVERNADOR AGAMENON MAGALHAES,,,EM FRENTE AO REAL HOSPITAL PORTUGUÊS,AV GOVERNADOR AGAMENON MAGALHAES,,EM FRENTE AO REAL HOSPITAL PORTUGUÊS,ILHA DO LEITE,69,,COLISÃO TRASEIRA,SEM VITIMAS,1,,,,,,1,,,0,,Longo da via,Bom,Sem defeito,Perfeito estado,Seca,Perfeito estado,Faixa de pedestre,,60 km/h,Dupla,Canal,,,,,,,,
2019-09-21,09:48:00,SEM VÍTIMA,FINALIZADA,PINA,RUA CAPITAO REBELINHO,123,,PONTO DO AÇAI,RUA CAPITAO REBELINHO,123,PONTO DO AÇAI,PINA,,,ABALROAMENTO LONGITUDINAL,ONIBUS E AUTO,1,,,,,1,,,,0,,Longo da via,Bom,Sem defeito,Perfeito estado,Seca,Perfeito estado,,Outras,30 km/h,Única,Não existe,,,,,,,,
2019-09-21,10:09:00,SEM VÍTIMA,FINALIZADA,PINA,AV HERCULANO BANDEIRA,,,EM FRENTE AO RECIFE PRAIA HOTEL,AV HERCULANO BANDEIRA,,EM FRENTE AO RECIFE PRAIA HOTEL,PINA,,CIDADE,ABALROAMENTO LONGITUDINAL,SEM VITIMAS,1,,,,,1,,,,0,,Cruzamento,Bom,Sem defeito,Perfeito estado,Seca,Perfeito estado,Faixa de pedestre,Outras,,Única,Faixa seccionada,,,,,,,,
2019-09-21,10:11:00,COM VÍTIMA,FINALIZADA,IPSEP,RUA JEAN EMILE FAVRE,,,EM FRENTE AO SUPERMERCADO ARCO MIX,RUA JEAN EMILE FAVRE,,EM FRENTE AO SUPERMERCADO ARCO MIX,IPSEP,,SUBURBIO,ATROPELAMENTO,MOTO E PEDESTRE,,1,,,1,,,,,2,,Longo da via,Bom,Sem defeito,Perfeito estado,Seca,Perfeito estado,,,,,,,,,,,,,
2019-09-21,10:21:00,SEM VÍTIMA,CANCELADA,TEJIPIÓ,AV DR JOSE RUFINO,,,EM FRENTE AO COLEGIO CASTELO BRANCO,AV DR JOSE RUFINO,,EM FRENTE AO COLEGIO CASTELO BRANCO,TEJIPIÓ,156,CIDADE,COLISÃO,SEM VITIMAS,2,,,,,,,,,0,,,,,,,,,,,,,,,,,,,,
2019-09-21,11:06:00,SEM VÍTIMA,CANCELADA,AFOGADOS,RUA SAO MIGUEL,27,LARGO DA PAZ,EM FRENTE A VIDRAÇARIA SÃO MIGUEL,RUA SAO MIGUEL,27,EM FRENTE A VIDRAÇARIA SÃO MIGUEL,AFOGADOS,,,COLISÃO,COLISÃO SEM VITIMAS,1,1,,,,,,,,0,,,,,,,,,,,,,,,,,,,,
2019-09-21,11:45:00,SEM VÍTIMA,FINALIZADA,COELHOS,TRV DO RAPOSO,536,AV AGOSTINHO GOMES,PONTE JOAQUIM CARDOSO,TRV DO RAPOSO,536,PONTE JOAQUIM CARDOSO,COELHOS,,SUBURBIO,ABALROAMENTO TRANSVERSAL,SEM VITIMAS,2,,,,,,,,,0,,Cruzamento,Bom,Não existe,Incompleta,Seca,Mal conservada,Faixa de retenção,Não há placas,,Dupla,Faixa seccionada,Blocos,,,,,,,