data,hora,natureza_acidente,situacao,bairro,endereco,numero,detalhe_endereco_acidente,complemento,endereco_cruzamento,numero_cruzamento,referencia_cruzamento,bairro_cruzamento,num_semaforo,sentido_via,tipo,descricao,auto,moto,ciclom,ciclista,pedestre,onibus,caminhao,viatura,outros,vitimas,vitimasfatais,acidente_verificado,tempo_clima,situacao_semaforo,sinalizacao,condicao_via,conservacao_via,ponto_controle,situacao_placa,velocidade_max_via,mao_direcao,divisao_via1,divisao_via2,divisao_via3,,,,,,
2019-09-26,15:34:00,COM VÍTIMA,FINALIZADA,IPSEP,AV RECIFE,2309,,MARTELINHO DE OURO.,AV RECIFE,2309,MARTELINHO DE OURO.,IPSEP,16,SUBURBIO,ABALROAMENTO LONGITUDINAL,AUTO E MOTO COM UMA VÍTIMA,1,1,,,,,,,,1,,Longo da via,Bom,Sem defeito,Perfeito estado,Seca,Mal conservada,Agente,R-6a,60 km/h,Dupla,Canteiro central,,,,,,,,
2019-09-26,16:11:00,SEM VÍTIMA,FINALIZADA,PINA,AV HERCULANO BANDEIRA,598,,,AV HERCULANO BANDEIRA,598,,PINA,,SUBURBIO,COLISÃO TRASEIRA,COLISAO ENTRE DOIS AUTOS S/V BATEDOR DA MOTO 34 E 05 NO LOCAL,2,,,,,,,,,0,,Longo da via,Bom,Não existe,Perfeito estado,Seca,Perfeito estado,Não existe,Outras,60 km/h,Única,Faixa seccionada,,,,,,,,
2019-09-26,16:15:00,SEM VÍTIMA,FINALIZADA,AFOGADOS,RUA DA PAZ,,,,RUA DA PAZ,,,AFOGADOS,,,ABALROAMENTO LONGITUDINAL,ENTRE DOIS AUTO PASSEIO S/V,2,,,,,,,,,0,,Longo da via,Bom,Sem defeito,Perfeito estado,Seca,Perfeito estado,,Não há placas,,Única,,,,,,,,,
2019-09-26,16:16:00,SEM VÍTIMA,FINALIZADA,ESTÂNCIA,AV RECIFE,5388,,,AV RECIFE,5388,,ESTÂNCIA,,SUBURBIO,ABALROAMENTO LONGITUDINAL,COLISÃO SEM VITIMA,1,,,,,,1,,,0,,Longo da via,Bom,Não existe,Perfeito estado,Seca,Perfeito estado,Não existe,Outras,,Dupla,Faixa seccionada,Canteiro central,,,,,,,
2019-09-26,16:29:00,SEM VÍTIMA,FINALIZADA,CAXANGÁ,AV CAXANGA,2351,,EM FRENTE AO N 2351,AV CAXANGA,2351,EM FRENTE AO N 2351,CAXANGÁ,235,CIDADE,COLISÃO TRASEIRA,COLISAO AUTO E MOTO S/V,1,1,,,,,,,,0,,Longo da via,Bom,Sem defeito,Perfeito estado,Seca,Perfeito estado,Faixa de pedestre,R-6a,,Dupla,Faixa contínua,Canteiro central,,,,,,,
2019-09-26,16:35:00,COM VÍTIMA,FINALIZADA,BONGI,AV ENGENHEIRO ABDIAS DE CARVALHO,,RUA TIJUCAS,E/F A PRAÇA DA CHESF S/T SUB,AV ENGENHEIRO ABDIAS DE CARVALHO,,E/F A PRAÇA DA CHESF S/T SUB,BONGI,,,COLISÃO COM CICLISTA,COLISAO ENTRE AUTO E CICLISTA COM UMA VITIMA,1,,,1,,,,,,1,,Cruzamento,Bom,Sem defeito,Perfeito estado,Seca,Perfeito estado,Faixa de pedestre,R-4a,,Dupla,Canteiro central,,,,,,,,
2019-09-26,17:13:00,SEM VÍTIMA,CANCELADA,NOVA DESCOBERTA,RUA NOVA DESCOBERTA,1921,,AO LADO HAMBURGUERIA DO MADRUGADA,RUA NOVA DESCOBERTA,1921,AO LADO HAMBURGUERIA DO MADRUGADA,NOVA DESCOBERTA,,,COLISÃO,ENTRE AUTO PASSEIO X ONIBUS,1,,,,,1,,,,0,,,,,,,,,,,,,,,,,,,,
2019-09-26,17:39:00,SEM VÍTIMA,FINALIZADA,JOANA BEZERRA,PTE JOSE DE BARROS LIMA,,,PRÓXIMO AO FINAL DA PONTE. EDF. ISAAC NEWTON,PTE JOSE DE BARROS LIMA,,PRÓXIMO AO FINAL DA PONTE. EDF. ISAAC NEWTON,JOANA BEZERRA,,CIDADE,COLISÃO TRASEIRA,COLISÃO ENTRE DOIS AUTOS SEM VÍTIMA,2,,,,,,,,,0,,Ponte,Bom,Não existe,Perfeito estado,Seca,Perfeito estado,Não existe,Não há placas,,Dupla,Canteiro central,,,,,,,,
2019-09-26,18:52:00,SEM VÍTIMA,CANCELADA,IPSEP,RUA PINTOR ANTONIO ALBUQUERQUE,,AV RECIFE,SEMÁFORO 055 / AO LADO DA EXTRAFARMA E POSTO SHELL,RUA PINTOR ANTONIO ALBUQUERQUE,,SEMÁFORO 055 / AO LADO DA EXTRAFARMA E POSTO SHELL,IPSEP,,,COLISÃO,ENTRE AUTO E CARRETA. S/V,1,,,,,,1,,,0,,,,,,,,,,,,,,,,,,,,
2019-09-26,19:01:00,SEM VÍTIMA,FINALIZADA,SAN MARTIN,AV ENGENHEIRO ABDIAS DE CARVALHO,,,LADO OPOSTO A ROBERTO HIDRAULICA,AV ENGENHEIRO ABDIAS DE CARVALHO,,LADO OPOSTO A ROBERTO HIDRAULICA,SAN MARTIN,,SUBURBIO,ABALROAMENTO LONGITUDINAL,DOIS AUTOS EM VITIMAS,2,,,,,,,,,0,,Longo da via,Bom,,Perfeito estado,Seca,Perfeito estado,Não existe,R-6a,,Dupla,Faixa seccionada,Canteiro central,,,,,,,
2019-09-26,19:10:00,SEM VÍTIMA,FINALIZADA,ZUMBI,RUA TOMAZ GONZAGA,,,,RUA TOMAZ GONZAGA,,,ZUMBI,513,SUBURBIO,COLISÃO TRASEIRA,ENTRE CAMINHÃO E AUTO. S/V,1,,,,,,1,,,0,,Cruzamento,Bom,Sem defeito,Perfeito estado,Seca,Perfeito estado,Outros,Outras,,Dupla,Faixa seccionada,,,,,,,,
2019-09-26,19:20:00,SEM VÍTIMA,FINALIZADA,SOLEDADE,RUA DA SOLEDADE,,,EM FRENTE AO VEM,RUA DA SOLEDADE,,EM FRENTE AO VEM,SOLEDADE,,,ABALROAMENTO LONGITUDINAL,ENTRE CAMINHÃO E AUTO. S/V,1,,,,,,1,,,0,,Longo da via,Bom,Sem defeito,Perfeito estado,Seca,Perfeito estado,Não existe,R-6a,30 km/h,Única,,,,,,,,,
2019-09-26,20:15:00,SEM VÍTIMA,FINALIZADA,ESPINHEIRO,RUA AMELIA,,RUA DR VICENTE MEIRA,AO LADO DO DEKOT - ESPINHEIRO SHOPPING,RUA AMELIA,,AO LADO DO DEKOT - ESPINHEIRO SHOPPING,ESPINHEIRO,,,ABALROAMENTO TRANSVERSAL,ENTRE 2 AUTOS. S/V,2,,,,,,,,,0,,Cruzamento,Bom,Não existe,Ilegível,Seca,Mal iluminada,,Placas Pare,,Dupla,Não existe,,,,,,,,
2019-09-26,20:46:00,SEM VÍTIMA,CANCELADA,ESPINHEIRO,AV JOAO DE BARROS,,AV NORTE,SEMÁFORO 043 / ESQUINA COM O BANCO BRADESCO DA ENCRUZILHADA / E/F AO BANCO SANTANDER,AV JOAO DE BARROS,,SEMÁFORO 043 / ESQUINA COM O BANCO BRADESCO DA ENCRUZILHADA / E/F AO BANCO SANTANDER,ESPINHEIRO,,,COLISÃO,ENTRE 2 AUTOS. S/V,2,,,,,,,,,0,,,,,,,,,,,,,,,,,,,,
2019-09-26,21:26:00,SEM VÍTIMA,FINALIZADA,IMBIRIBEIRA,RUA JOSE DA SILVA LUCENA,,AV SUL,,RUA JOSE DA SILVA LUCENA,,,IMBIRIBEIRA,,SUBURBIO,ABALROAMENTO TRANSVERSAL,ENTRE 2 AUTOS. S/V,2,,,,,,,,,0,,,Bom,Não existe,Ilegível,Seca,Mal iluminada,Não existe,Não há placas,,Dupla,Não existe,,,,,,,,
2019-09-26,23:13:00,SEM VÍTIMA,FINALIZADA,VÁRZEA,RUA VALE DO SIRIJI,2050,,,RUA VALE DO SIRIJI,2050,,VÁRZEA,,SUBURBIO,CHOQUE VEÍCULO PARADO,ENTRE 2 AUTOS ( UM DOS AUTOS ACABOU CAPOTANDO NO LOCAL, DEVIDO AO ÓLEO NA VIA. CONDUTOR QUE CAUSOU A COLISÃO APRESENTA SINAIS FORTES DE EMBRIAGUEZ) S/V,2,,,,,,,,,0,,Longo da via,Bom,Não existe,Não existente,Seca,Mal iluminada,Não existe,,,Dupla,Não existe,,,,,,,
2019-09-27,02:16:00,SEM VÍTIMA,FINALIZADA,CASA FORTE,RUA DEZENOVE DE ABRIL,,,CONDOMÍNIO DO EDF. PORTA D'ÁGUA,RUA DEZENOVE DE ABRIL,,CONDOMÍNIO DO EDF. PORTA D'ÁGUA,CASA FORTE,,,CHOQUE OBJETO FIXO,COLISAO SEM VITIMAS ( VUATURA PMPE),1,,,,,,,,,0,,Longo da via,Bom,Não existe,Não existente,Seca,Perfeito estado,Não existe,Não há placas,,Dupla,Não existe,,,,,,,,
2019-09-27,03:30:00,SEM VÍTIMA,CANCELADA,GRAÇAS,RUA AMELIA,,,E/F A CACHAÇARIA TRADIÇÃO,RUA AMELIA,,E/F A CACHAÇARIA TRADIÇÃO,GRAÇAS,,,COLISÃO,COLISAO SEM VITIMAS,2,,,,,,,,,0,,,,,,,,,,,,,,,,,,,,
2019-10-04,14:57:00,COM VÍTIMA,FINALIZADA,PAISSANDU,AV GOVERNADOR AGAMENON MAGALHAES,4386,,EM FRENTE A CLINICA VIP SAÚDE.,,,,,,BOA VIAGEM,COLISÃO TRASEIRA,UMA MOTOCICLETA ENVOLVIDA, SEM INFORMAÇÕES DO OUTRO VEÍCULO (CONFORME BOLETIM FÍSICO).,,1,,,,,,,,1,,Longo da via,Bom,Não existe,Perfeito estado,Seca,Perfeito estado,Outros,Outras,60 km/h,Dupla,Canteiro central,,,,,,,
2019-09-27,09:31:00,SEM VÍTIMA,FINALIZADA,IPUTINGA,AV MARIO ALVARES PEREIRA DE LYRA,180,,,AV MARIO ALVARES PEREIRA DE LYRA,180,,IPUTINGA,,CIDADE,ABALROAMENTO LONGITUDINAL,COLISÃO SEM VITIMAS,2,,,,,,,,,0,,Longo da via,Bom,Sem defeito,Perfeito estado,Seca,Perfeito estado,Outros,Outras,60 km/h,Única,Canteiro central,,,,,,,,
2019-09-27,09:36:00,SEM VÍTIMA,FINALIZADA,JAQUEIRA,PRC PROFESSOR FLEMING,50,RUA TELES JUNIOR,EDIF. PARK FLEMING,PRC PROFESSOR FLEMING,50,EDIF. PARK FLEMING,JAQUEIRA,,CIDADE,ABALROAMENTO LONGITUDINAL,ONIBUS E AUTO,1,,,,,1,,,,0,,Longo da via,Bom,Não existe,Perfeito estado,Seca,Perfeito estado,Faixa de pedestre,Placas Pare,30 km/h,Única,Faixa seccionada,,,,,,,,
2019-09-27,09:50:00,COM VÍTIMA,FINALIZADA,TORRE,RUA PROFESSOR TRAJANO DE MENDONCA,320,RUA FLORIANO FRANCISCO DE OLIVEIRA,DEPOIS DO ATACADÃO, EM FRENTE AO DOM GALETU'S DELIVERY,RUA PROFESSOR TRAJANO DE MENDONCA,320,DEPOIS DO ATACADÃO, EM FRENTE AO DOM GALETU'S DELIVERY,TORRE,,SUBURBIO,ABALROAMENTO LONGITUDINAL,O PRIMEIRO CARRO (-) QUE SE EVADIO PAROU O CARRO EM PLENA A AVENIDA PARA TENTAR ENTRAR A ESQUERDA, CAUSANDO A COLISÃO DA MOTO COM O SEGUNDO CARRO.,2,,,,,,,,,2,,Esquina,Bom,Não existe,Perfeito estado,Seca,Perfeito estado,Não existe,Outras,,Única,Não existe,,,,,
2019-09-27,10:33:00,SEM VÍTIMA,FINALIZADA,ENCRUZILHADA,RUA NATIVIDADE SALDANHA,49,RUA MARECHAL DEODORO,,RUA NATIVIDADE SALDANHA,49,,ENCRUZILHADA,377,SUBURBIO,ABALROAMENTO LONGITUDINAL,COLISÃO SEM VITIMA,1,,,,,,1,,,0,,Cruzamento,Bom,Sem defeito,Perfeito estado,Seca,Perfeito estado,Faixa de pedestre,,40 km/h,Única,Faixa contínua,,,,,,,,
2019-09-27,10:33:00,SEM VÍTIMA,FINALIZADA,BOA VIAGEM,AV CONSELHEIRO AGUIAR,187,RUA ERNESTO DE PAULA SANTOS,EMPRESARIAL EXCELSIOR,AV CONSELHEIRO AGUIAR,187,EMPRESARIAL EXCELSIOR,BOA VIAGEM,127,CIDADE,ABALROAMENTO TRANSVERSAL,COLISÃO SEM VITIMAS,2,,,,,,,,,0,,Cruzamento,Bom,Sem defeito,Perfeito estado,Seca,Perfeito estado,Faixa de pedestre,Não há placas,60 km/h,Única,Faixa contínua,,,,,,,,
2019-09-27,10:39:00,COM VÍTIMA,FINALIZADA,VÁRZEA,AV AFONSO OLINDENSE,1060,RUA DIVINOLANDIA,EM FRENTE A LOJA BELA NATI, PROXIMA A LOMBADA ELETRONICA,AV AFONSO OLINDENSE,1060,EM FRENTE A LOJA BELA NATI, PROXIMA A LOMBADA ELETRONICA,VÁRZEA,,SUBURBIO,COLISÃO COM CICLISTA,COLISÃO DE UM CARRO COM UM CICLISTA,1,,,1,,,,,,1,,Cruzamento,Bom,Não existe,Perfeito estado,Seca,Perfeito estado,Outros,Placas Pare,40 km/h,Dupla,Faixa contínua,Faixa seccionada,,,,,
2019-09-27,10:38:00,SEM VÍTIMA,FINALIZADA,BOA VIAGEM,AV CONSELHEIRO AGUIAR,4935,,AGÊNCIA DOS CORREIOS,AV CONSELHEIRO AGUIAR,4935,AGÊNCIA DOS CORREIOS,BOA VIAGEM,,CIDADE,ABALROAMENTO LONGITUDINAL,DOIS AUTOS,2,,,,,,,,,0,,Longo da via,Bom,Não existe,Perfeito estado,Seca,Perfeito estado,Não existe,Outras,,Única,Faixa seccionada,,,,,,,,
2019-09-27,10:42:00,SEM VÍTIMA,FINALIZADA,TORRE,RUA PROFESSOR TRAJANO DE MENDONCA,,,E/F AO ATACADO DOS PRESENTES,RUA PROFESSOR TRAJANO DE MENDONCA,,E/F AO ATACADO DOS PRESENTES,TORRE,,,COLISÃO,,,,,,,,,,,0,,,,,,,,,,,,,,,,,,,,
2019-09-27,10:44:00,SEM VÍTIMA,FINALIZADA,BOA VIAGEM,RUA MAMANGUAPE,340,RUA PROFESSOR JULIO FERREIRA DE MELO,,RUA MAMANGUAPE,340,,BOA VIAGEM,,SUBURBIO,CHOQUE VEÍCULO PARADO,COLISÃO SEM VITIMAS,1,,,,,,1,,,0,,,Bom,Não existe,Perfeito estado,Seca,Perfeito estado,Não existe,R-3,,Dupla,Não existe,,,,,,,,
2019-09-27,11:30:00,SEM VÍTIMA,FINALIZADA,PAISSANDU,AV GOVERNADOR AGAMENON MAGALHAES,,,EM FRENTE AO ESTACIONAMENTO DE MOTOS DO REAL HOSPITAL PORTUGÊS,AV GOVERNADOR AGAMENON MAGALHAES,,EM FRENTE AO ESTACIONAMENTO DE MOTOS DO REAL HOSPITAL PORTUGÊS,PAISSANDU,,,ABALROAMENTO LONGITUDINAL,COLISÃO SEM VITIMAS,1,1,,,,,,,,0,,Longo da via,Bom,Não existe,Perfeito estado,Seca,Perfeito estado,,,60 km/h,Dupla,Canteiro central,,,,,,,,
2019-09-27,11:35:00,SEM VÍTIMA,FINALIZADA,CASA AMARELA,RUA PADRE LEMOS,767,,EM FRENTE AO POSTO BR,RUA PADRE LEMOS,767,EM FRENTE AO POSTO BR,CASA AMARELA,,SUBURBIO,ABALROAMENTO TRANSVERSAL,COLISÃO SEM VITIMAS,1,1,,,,,,,,0,,Longo da via,Bom,Não existe,Não existente,Seca,Perfeito estado,Não existe,Não há placas,,Dupla,Faixa seccionada,,,,,,,,
2019-09-27,12:37:00,SEM VÍTIMA,FINALIZADA,MACAXEIRA,RUA CARLOS MARIGHELLA,440,RUA LUIZA DA COSTA MELO,Nº 440,RUA CARLOS MARIGHELLA,440,Nº 440,MACAXEIRA,,SUBURBIO,COLISÃO,COLISÃO SEM VITIMA,2,,,,,,,,,0,,,Bom,Não existe,,Seca,Perfeito estado,Não existe,Não há placas,,Dupla,Não existe,,,,,,,,
2019-09-27,12:57:00,SEM VÍTIMA,FINALIZADA,DERBY,RUA JENER DE SOUZA,,PRC DO DERBY,PRAÇA OCTÁVIO DE FREITAS,RUA JENER DE SOUZA,,PRAÇA OCTÁVIO DE FREITAS,DERBY,418,,COLISÃO TRASEIRA,COLISÃO SEM VITIMA,1,,,,,,1,,,0,,Cruzamento,Bom,Sem defeito,Perfeito estado,Seca,Perfeito estado,Faixa de pedestre,R-4a,,Dupla,Canteiro central,,,,,,,,
2019-09-27,12:58:00,COM VÍTIMA,FINALIZADA,CORDEIRO,AV GENERAL SAN MARTIN,,,EM FRENTE AOS CORREIOS,AV GENERAL SAN MARTIN,,EM FRENTE AOS CORREIOS,CORDEIRO,,CIDADE,ABALROAMENTO TRANSVERSAL,COLISÃO C/VITIMA ENTRE UMA MOTO E UM CARRO,1,1,,,,,,,,1,,Longo da via,Bom,Não existe,Perfeito estado,Seca,Perfeito estado,Agente,Não há placas,,Dupla,Faixa contínua,,,,,,,,
2019-09-27,13:02:00,SEM VÍTIMA,CANCELADA,BOA VIAGEM,RUA PADRE CARAPUCEIRO,,,NA ENTRADA PRINCIPAL DO SHOPPING RECIFE ENTRADA DO BOMPREÇO,RUA PADRE CARAPUCEIRO,,NA ENTRADA PRINCIPAL DO SHOPPING RECIFE ENTRADA DO BOMPREÇO,BOA VIAGEM,,,COLISÃO,COLISAO ENTRE DOIS AUTOS S/V,2,,,,,,,,,0,,,,,,,,,,,,,,,,,,,,
2019-09-27,13:05:00,SEM VÍTIMA,CANCELADA,ESTÂNCIA,AV RECIFE,29,,LADO OPOSTO AO POSTO BR (SENT. BR 101),AV RECIFE,29,LADO OPOSTO AO POSTO BR (SENT. BR 101),ESTÂNCIA,620,,COLISÃO,COLISÃO S/VITIMAS ENTRE AUTO E CAMINHÃO,1,,,,,,1,,,0,,,,,,,,,,,,,,,,,,,,
2019-09-27,13:16:00,COM VÍTIMA,FINALIZADA,CORDEIRO,AV CAXANGA,,AV INACIO MONTEIRO,LADO OPOSTO A FARMACIA DROGASIL,AV CAXANGA,,LADO OPOSTO A FARMACIA DROGASIL,CORDEIRO,234,CIDADE,COLISÃO COM CICLISTA,COLISÃO C/VITIMA ENTRE UM CARRO E UMA BICICLETA,1,,,1,,,,,,1,,Cruzamento,Bom,Sem defeito,Perfeito estado,Seca,Perfeito estado,Faixa de pedestre,,60 km/h,Dupla,Canteiro central,,,,,,,,
2019-09-27,13:59:00,SEM VÍTIMA,FINALIZADA,BOA VIAGEM,RUA BARAO DE SOUZA LEAO,451,,E/F AO MAR HOTEL CONVENTIONS,RUA BARAO DE SOUZA LEAO,451,E/F AO MAR HOTEL CONVENTIONS,BOA VIAGEM,,,COLISÃO,COLISAO ENTRE UMA VAN, AUTO E MOTO S/V,1,1,,,,1,,,,0,,,,,,,,,,,,,,,,,,,
2019-09-27,14:05:00,SEM VÍTIMA,FINALIZADA,IMBIRIBEIRA,RUA BARAO DE AGUA BRANCA,316,RUA DUQUE ESTRADA,,RUA BARAO DE AGUA BRANCA,316,,IMBIRIBEIRA,,SUBURBIO,ABALROAMENTO TRANSVERSAL,COLISÃO S/VITIMAS ENTRE DOIS AUTOS,2,,,,,,,,,0,,Cruzamento,Bom,Não existe,Perfeito estado,Seca,Perfeito estado,,Placas Pare,40 km/h,Dupla,Não existe,,,,,,,,
2019-09-27,14:24:00,SEM VÍTIMA,FINALIZADA,ILHA DO LEITE,AV GOVERNADOR AGAMENON MAGALHAES,,,APOS O SPETUS S/T BOA VIAGEM E/F AO LABORATORIO CERPE,AV GOVERNADOR AGAMENON MAGALHAES,,APOS O SPETUS S/T BOA VIAGEM E/F AO LABORATORIO CERPE,ILHA DO LEITE,,,COLISÃO,COLISAO ENTRE DOIS AUTOS S/V,2,,,,,,,,,0,,,,,,,,,,,,,,,,,,,,
2019-09-27,14:31:00,COM VÍTIMA,FINALIZADA,MADALENA,AV BEIRA RIO,1059,,EDIFICIO IARUGA,AV BEIRA RIO,1059,EDIFICIO IARUGA,MADALENA,,SUBURBIO,ABALROAMENTO LONGITUDINAL,COLISÃO COM VÍTIMA,1,1,,,,,,,,1,,Longo da via,Bom,Não existe,Perfeito estado,Seca,Perfeito estado,,R-6c,,Única,Faixa contínua,Faixa seccionada,,,,,,,
2019-09-27,14:33:00,SEM VÍTIMA,FINALIZADA,BOA VIAGEM,AV BOA VIAGEM,4120,,EM FRENTE GRAND MERCURE,AV BOA VIAGEM,4120,EM FRENTE GRAND MERCURE,BOA VIAGEM,,CIDADE,COLISÃO TRASEIRA,COLISÃO SEM VITIMA,2,,,,,,,,,0,,Longo da via,Bom,Sem defeito,Perfeito estado,Seca,Perfeito estado,Faixa de pedestre,Não há placas,60 km/h,Única,Faixa seccionada,,,,,,,,
2019-09-27,14:47:00,SEM VÍTIMA,FINALIZADA,BOA VISTA,AV CONDE DA BOA VISTA,,,OPOSTO A LOJA CATTAN,AV CONDE DA BOA VISTA,,OPOSTO A LOJA CATTAN,BOA VISTA,,,COLISÃO TRASEIRA,COLISAO ENTRE ONIBUS E MOTO S/V,1,,,,,1,,,,0,,Cruzamento,Bom,Sem defeito,Perfeito estado,Seca,Perfeito estado,Agente,,,Dupla,Faixa contínua,,,,,,,,
2019-09-27,15:32:00,SEM VÍTIMA,FINALIZADA,SÃO JOSÉ,AV DANTAS BARRETO,1396,,PRÓXIMO AO TERMINAL DE ÔNIBUS LINHA 1002,AV DANTAS BARRETO,1396,PRÓXIMO AO TERMINAL DE ÔNIBUS LINHA 1002,SÃO JOSÉ,,SUBURBIO,ABALROAMENTO LONGITUDINAL,COLISÃO SEM VITIMA,2,,,,,,,,,0,,Longo da via,Bom,Não existe,Perfeito estado,Seca,Perfeito estado,Não existe,Não há placas,,Única,Canteiro central,,,,,,,,
2019-09-27,15:37:00,COM VÍTIMA,FINALIZADA,TEJIPIÓ,RUA DO SANCHO,90,,PROX. DA ESTAÇÃO TEJIPIO,RUA DO SANCHO,90,PROX. DA ESTAÇÃO TEJIPIO,TEJIPIÓ,,SUBURBIO,COLISÃO COM CICLISTA,COLISÃO COM VITIMA/ SAMU NO LOCAL,1,,,1,,,,,,1,,Longo da via,Bom,Não existe,Perfeito estado,Seca,Perfeito estado,Outros,Outras,,Dupla,Não existe,,,,,,,,
2019-09-27,16:20:00,SEM VÍTIMA,FINALIZADA,BOA VIAGEM,RUA PADRE CARAPUCEIRO,,,AO LADO DO SHOPPING RECIFE,RUA PADRE CARAPUCEIRO,,AO LADO DO SHOPPING RECIFE,BOA VIAGEM,,SUBURBIO,ABALROAMENTO LONGITUDINAL,COLISÃO S/VITIMA ENTRE DOIS AUTOS,2,,,,,,,,,0,,Longo da via,Bom,Não existe,Perfeito estado,Seca,Perfeito estado,Não existe,Não há placas,,Única,Faixa seccionada,,,,,,,,
2019-09-27,16:26:00,SEM VÍTIMA,FINALIZADA,SANTO AMARO,AV GOVERNADOR AGAMENON MAGALHAES,,,PISTA CENTRAL TENDO COMO REF. EDF. HENRIQUE DIAS Nº 2805,AV GOVERNADOR AGAMENON MAGALHAES,,PISTA CENTRAL TENDO COMO REF. EDF. HENRIQUE DIAS Nº 2805,SANTO AMARO,,,COLISÃO TRASEIRA,COLISÃO SEM VITIMA,2,,,,,,,,,0,,Longo da via,Bom,Não existe,Perfeito estado,Seca,Perfeito estado,Não existe,Não há placas,,Dupla,Canal,,,,,,,,
2019-09-27,17:20:00,SEM VÍTIMA,FINALIZADA,JARDIM SÃO PAULO,AV SAO PAULO,70,RUA RIO GUAIRA,,AV SAO PAULO,70,,JARDIM SÃO PAULO,,CIDADE,ABALROAMENTO TRANSVERSAL,COLISAO ENTRE AUTO E MOTO S/V,1,1,,,,,,,,0,,Cruzamento,Bom,Não existe,Perfeito estado,Seca,Perfeito estado,Outros,Placas Pare,,Dupla,Não existe,,,,,,,,
2019-09-27,17:40:00,COM VÍTIMA,FINALIZADA,DERBY,AV GOVERNADOR AGAMENON MAGALHAES,,,EM FRENTE AO BANCO DO BRASIL. FAIXA PRINCIPAL.,AV GOVERNADOR AGAMENON MAGALHAES,,EM FRENTE AO BANCO DO BRASIL. FAIXA PRINCIPAL.,DERBY,,NORTE,ABALROAMENTO LONGITUDINAL,COLISAO ENTRE AUTO E MOTO COM UMA VITIMA,1,1,,,,,,,,1,,Longo da via,Bom,Não existe,Perfeito estado,Seca,Perfeito estado,Outros,R-19,60 km/h,Dupla,Canal,,,,,,,,
2019-09-27,18:07:00,SEM VÍTIMA,FINALIZADA,JARDIM SÃO PAULO,RUA LORENA,440,RUA BRAGANCA,,RUA LORENA,440,,JARDIM SÃO PAULO,,,ABALROAMENTO TRANSVERSAL,ENTRE 2 AUTOS. S/V,2,,,,,,,,,0,,Cruzamento,Bom,Não existe,Incompleta,Seca,Perfeito estado,Não existe,Placas Pare,40 km/h,Única,Não existe,,,,,,,,
2019-09-27,18:21:00,COM VÍTIMA,FINALIZADA,SANTO AMARO,RUA DOS PALMARES,189,,ACIDENTE DE PERCURSO. CICLISTA CAIU DA BICICLETA.,RUA DOS PALMARES,189,ACIDENTE DE PERCURSO. CICLISTA CAIU DA BICICLETA.,SANTO AMARO,,,ACID. DE PERCURSO,,,,,1,,,,,,1,,Outros,Bom,Não existe,Perfeito estado,Seca,Perfeito estado,Não existe,R-34,,Dupla,Canteiro central,,,,,,,,
2019-09-27,19:08:00,SEM VÍTIMA,CANCELADA,CAMPO GRANDE,RUA ODORICO MENDES,,,E/F A PADARIA QUEIROGAS MÚSICAR E BAR,RUA ODORICO MENDES,,E/F A PADARIA QUEIROGAS MÚSICAR E BAR,CAMPO GRANDE,,,COLISÃO,ENTRE 2 AUTOS. S/V,2,,,,,,,,,0,,,,,,,,,,,,,,,,,,,,
2019-09-27,19:20:00,SEM VÍTIMA,CANCELADA,ESTÂNCIA,AV ESTANCIA,110,AV RECIFE,PRÓX AO COLÉGIO VISÃO,AV ESTANCIA,110,PRÓX AO COLÉGIO VISÃO,ESTÂNCIA,,,COLISÃO,ENTRE 2 AUTOS. S/V,2,,,,,,,,,0,,,,,,,,,,,,,,,,,,,,
2019-09-27,23:35:00,SEM VÍTIMA,FINALIZADA,DERBY,AV GOVERNADOR AGAMENON MAGALHAES,,,EM FRENTE AO SKILLUS,AV GOVERNADOR AGAMENON MAGALHAES,,EM FRENTE AO SKILLUS,DERBY,,SUBURBIO,COLISÃO TRASEIRA,COLISAO SEM VITIMAS,2,,,,,,,,,0,,Longo da via,Bom,Não existe,Perfeito estado,Seca,Perfeito estado,Não existe,Não há placas,60 km/h,Dupla,Canal,,,,,,,,
2019-09-28,08:31:00,COM VÍTIMA,FINALIZADA,JARDIM SÃO PAULO,RUA LEANDRO BARRETO,,RUA LORENA,EM FRENTE A ACADEMIA WM,RUA LEANDRO BARRETO,,EM FRENTE A ACADEMIA WM,JARDIM SÃO PAULO,,SUBURBIO,COLISÃO,COLISÃO COM VITIMA SOCORRIDA PELO SAMU OBS CONDUTOR DO AUTO PASSEIO SE EVADIU DO LOCAL,1,1,,,,,,,,1,,Esquina,Bom,Não existe,Incompleta,Seca,Perfeito estado,,Outras,,Dupla,Não existe,,,,,,,,
2019-09-28,09:21:00,SEM VÍTIMA,FINALIZADA,BOA VIAGEM,RUA JOSE DOMINGUES DA SILVA,116,RUA BELMONTE,E/F AO EDF. VIA SPAZIO,RUA JOSE DOMINGUES DA SILVA,116,E/F AO EDF. VIA SPAZIO,BOA VIAGEM,,,COLISÃO,COLISÃO S/VITIMAS ENTRE DOIS AUTOS,2,,,,,,,,,0,,,,,,,,,,,,,,,,,,,,
2019-09-28,09:38:00,COM VÍTIMA,FINALIZADA,ARRUDA,RUA DAS MOCAS,1176,,EM FRENTE A PIZZARIA ATLANTICA,RUA DAS MOCAS,1176,EM FRENTE A PIZZARIA ATLANTICA,ARRUDA,,CIDADE,ABALROAMENTO LONGITUDINAL,DOIS AUTOS E UMA CARROÇA CHICO CITY,3,,,,,,,,,1,,Longo da via,Bom,Não existe,Perfeito estado,Seca,Perfeito estado,Não existe,Não há placas,40 km/h,Dupla,Faixa seccionada,,,,,,,,