data,hora,natureza_acidente,situacao,bairro,endereco,numero,detalhe_endereco_acidente,complemento,endereco_cruzamento,numero_cruzamento,referencia_cruzamento,bairro_cruzamento,num_semaforo,sentido_via,tipo,descricao,auto,moto,ciclom,ciclista,pedestre,onibus,caminhao,viatura,outros,vitimas,vitimasfatais,acidente_verificado,tempo_clima,situacao_semaforo,sinalizacao,condicao_via,conservacao_via,ponto_controle,situacao_placa,velocidade_max_via,mao_direcao,divisao_via1,divisao_via2,divisao_via3,,,,,,
2019-10-03,11:46:00,SEM VÍTIMA,FINALIZADA,IPSEP,AV RECIFE,1114,,CARLOS FILME,AV RECIFE,1114,CARLOS FILME,IPSEP,314,CIDADE,COLISÃO COM CICLISTA,VITIMA SOCORRIDA PELO SAMU,1,,,1,,,,,,0,,Longo da via,Bom,Sem defeito,Perfeito estado,Seca,Perfeito estado,Outros,Outras,,Dupla,Canteiro central,,,,,,,,
2019-10-03,12:06:00,SEM VÍTIMA,FINALIZADA,AFLITOS,RUA DES MARTINS PEREIRA,307,,LADO OPOSTO A CLINICA OFTALMOLÓFICA DO RECIFE,RUA DES MARTINS PEREIRA,307,LADO OPOSTO A CLINICA OFTALMOLÓFICA DO RECIFE,AFLITOS,,,ABALROAMENTO LONGITUDINAL,COLISAO ENTRE AUTO E CAMINHAO S/V,1,,,,,,1,,,0,,Longo da via,Bom,Não existe,Perfeito estado,Seca,Perfeito estado,Não existe,Não há placas,30 km/h,Única,Não existe,,,,,,,,
2019-10-03,12:26:00,COM VÍTIMA,FINALIZADA,SANTO AMARO,AV VISCONDE DE SUASSUNA,372,,PROX. DO SENAC,AV VISCONDE DE SUASSUNA,372,PROX. DO SENAC,SANTO AMARO,,SUBURBIO,ATROPELAMENTO,PEDESTRE E ONIBUS,,,,,1,1,,,,1,,Longo da via,Bom,Sem defeito,Perfeito estado,Seca,Perfeito estado,Outros,Outras,40 km/h,Única,Faixa,,,,,,,,
2019-10-03,12:33:00,SEM VÍTIMA,FINALIZADA,SANTO ANTÔNIO,CAIS DO APOLO,,PTE BUARQUE DE MACEDO,BANCO DO BRASIL,CAIS DO APOLO,,BANCO DO BRASIL,SANTO ANTÔNIO,19,SUBURBIO,ABALROAMENTO LONGITUDINAL,COLISÃO SEM VITIMA,1,,,,,1,,,,0,,Cruzamento,Bom,Sem defeito,Perfeito estado,Seca,Perfeito estado,Faixa de pedestre,Outras,,Única,Faixa contínua,,,,,,,,
2019-10-03,12:38:00,COM VÍTIMA,FINALIZADA,APIPUCOS,RUA DOIS IRMAOS,484,,50 METROS ANTES DO MOTEL SENZALA (SENT. DOIS IRMÃOS). ROSE BELTRÃO.,RUA DOIS IRMAOS,484,50 METROS ANTES DO MOTEL SENZALA (SENT. DOIS IRMÃOS). ROSE BELTRÃO.,APIPUCOS,416,SUBURBIO,COLISÃO FRONTAL,COLISÃO C/VITIMAS ENTRE QUATRO CARROS,4,,,,,,,,,1,,Longo da via,Bom,Não existe,Perfeito estado,Seca,Perfeito estado,Agente,Não há placas,40 km/h,Dupla,Faixa contínua,,,,,,,,
2019-10-03,13:35:00,SEM VÍTIMA,FINALIZADA,TORRÕES,AV ENGENHEIRO ABDIAS DE CARVALHO,170,,EM FRENTE A UPA,AV ENGENHEIRO ABDIAS DE CARVALHO,170,EM FRENTE A UPA,TORRÕES,,CIDADE,COLISÃO TRASEIRA,COLISÃO SEM VITIMA,2,,,,,,,,,0,,Longo da via,Bom,Não existe,Perfeito estado,Seca,Perfeito estado,Não existe,Outras,60 km/h,Dupla,Canteiro central,,,,,,,,
2019-10-03,13:48:00,SEM VÍTIMA,FINALIZADA,SANTO AMARO,AV CRUZ CABUGA,,RUA DR JOAO VIEIRA DE MENEZES,,AV CRUZ CABUGA,,,SANTO AMARO,,SUBURBIO,ABALROAMENTO TRANSVERSAL,COLISAO ENTRE DOIS AUTOS S/V,2,,,,,,,,,0,,Cruzamento,Bom,Não existe,Perfeito estado,Seca,Perfeito estado,Faixa de pedestre,R-6a,60 km/h,Dupla,Faixa contínua,,,,,,,,
2019-10-03,14:09:00,SEM VÍTIMA,FINALIZADA,AFOGADOS,RUA SAO MIGUEL,90,RUA PEDRO CABRAL DE OLIVEIRA,OPOSTO LOJAS AMERICANAS,RUA SAO MIGUEL,90,OPOSTO LOJAS AMERICANAS,AFOGADOS,,CIDADE,ABALROAMENTO TRANSVERSAL,COLISÃO SEM VÍTIMA,1,,,,,1,,,,0,,Cruzamento,Bom,Não existe,Perfeito estado,Seca,Perfeito estado,Outros,R-6a,,Dupla,Faixa contínua,Faixa seccionada,,,,,,,
2019-10-03,14:45:00,SEM VÍTIMA,FINALIZADA,ENCRUZILHADA,AV JOAO DE BARROS,1912,,EM FRENTE AO Nº 1912,AV JOAO DE BARROS,1912,EM FRENTE AO Nº 1912,ENCRUZILHADA,,CIDADE,ABALROAMENTO LONGITUDINAL,COLISÃO S/VITIMAS ENTRE DOIS AUTOS,2,,,,,,,,,0,,Longo da via,Bom,Sem defeito,Perfeito estado,Seca,Perfeito estado,Faixa de pedestre,Não há placas,,Única,Faixa seccionada,,,,,,,,
2019-10-03,15:04:00,COM VÍTIMA,FINALIZADA,SÃO JOSÉ,AV SUL,,,PROX. AO QUARTEL 7º DESUPE. NO PONTILHÃO.,AV SUL,,PROX. AO QUARTEL 7º DESUPE. NO PONTILHÃO.,SÃO JOSÉ,260,CIDADE,COLISÃO FRONTAL,MOTO E ÔNIBUS.,,1,,,,1,,,,1,,Longo da via,Bom,Sem defeito,Perfeito estado,Seca,Perfeito estado,Não existe,Não há placas,,Dupla,Canteiro central,,,,,,,,
2019-10-03,15:06:00,SEM VÍTIMA,CANCELADA,IPSEP,AV RECIFE,3592,,EM FRENTE A RECIFE MOTOS/ SENTIDO BOA VIAGEM,AV RECIFE,3592,EM FRENTE A RECIFE MOTOS/ SENTIDO BOA VIAGEM,IPSEP,,,COLISÃO,COLISÃO SEM VÍTIMA,1,,,,,,1,,,0,,,,,,,,,,,,,,,,,,,,
2019-10-03,15:46:00,COM VÍTIMA,FINALIZADA,IMBIRIBEIRA,AV MARECHAL MASCARENHAS DE MORAES,4204,,LADO OPOSTO A UPA DA IMBIRIBEIRA,AV MARECHAL MASCARENHAS DE MORAES,4204,LADO OPOSTO A UPA DA IMBIRIBEIRA,IMBIRIBEIRA,,SUBURBIO,COLISÃO FRONTAL,DUAS MOTOS.,,2,,,,,,,,2,,Longo da via,Bom,Sem defeito,Perfeito estado,Seca,Perfeito estado,Outros,Outras,60 km/h,Dupla,Canteiro central,,,,,,,,
2019-10-03,15:48:00,SEM VÍTIMA,FINALIZADA,ESPINHEIRO,AV GOVERNADOR AGAMENON MAGALHAES,2265,,PISTA PRINCIPAL EM FRENTE AO CREA-PE,AV GOVERNADOR AGAMENON MAGALHAES,2265,PISTA PRINCIPAL EM FRENTE AO CREA-PE,ESPINHEIRO,,,ABALROAMENTO LONGITUDINAL,COLISÃO SEM VÍTIMA,1,,,,,1,,,,0,,Longo da via,Bom,Não existe,Perfeito estado,Seca,Perfeito estado,Não existe,Não há placas,60 km/h,Dupla,Canal,,,,,,,,
2019-10-03,16:30:00,SEM VÍTIMA,FINALIZADA,SANTO AMARO,RUA DO HOSPICIO,,AV VISCONDE DE SUASSUNA,,RUA DO HOSPICIO,,,SANTO AMARO,32,,ABALROAMENTO LONGITUDINAL,COLISÃO S/VITIMAS ENTRE UM AUTO E UM ONIBUS,1,,,,,1,,,,0,,Cruzamento,Bom,Sem defeito,Perfeito estado,Seca,Perfeito estado,Faixa de pedestre,Não há placas,,Dupla,Faixa contínua,,,,,,,,
2019-10-03,16:34:00,SEM VÍTIMA,FINALIZADA,BEBERIBE,PRC DA CONVENCAO,,,EM FRENTE AO Nº 107 - FARMÁCIA DO TRABALHADOR,PRC DA CONVENCAO,,EM FRENTE AO Nº 107 - FARMÁCIA DO TRABALHADOR,BEBERIBE,,,ABALROAMENTO LONGITUDINAL,COLISÃO SEM VITIMA,1,,,,,1,,,,0,,Longo da via,Bom,Não existe,Não existente,Seca,Perfeito estado,Não existe,Não há placas,,Única,Não existe,,,,,,,,
2019-10-03,16:45:00,SEM VÍTIMA,FINALIZADA,SANTO ANTÔNIO,PRC DA REPUBLICA,,,E/F AO PALACIO DO CAMPO DAS PRINCESAS,PRC DA REPUBLICA,,E/F AO PALACIO DO CAMPO DAS PRINCESAS,SANTO ANTÔNIO,488,SUBURBIO,COLISÃO TRASEIRA,COLISAO ENTRE DOIS AUTOS S/V,2,,,,,,,,,0,,Longo da via,Bom,Sem defeito,Perfeito estado,Seca,Perfeito estado,Faixa de pedestre,R-6a,,Única,Faixa contínua,,,,,,,,
2019-10-03,16:46:00,SEM VÍTIMA,FINALIZADA,BOA VISTA,AV MANOEL BORBA,767,RUA DOM BOSCO,AO LADO DO SAMU,AV MANOEL BORBA,767,AO LADO DO SAMU,BOA VISTA,28,SUBURBIO,ABALROAMENTO LONGITUDINAL,COLISÃO SEM VITIMA,1,,,,,,,,1,0,,Cruzamento,Bom,Sem defeito,Perfeito estado,Seca,Perfeito estado,Faixa de pedestre,Outras,,Única,Faixa contínua,,,,,,,,
2019-10-03,17:03:00,SEM VÍTIMA,FINALIZADA,SANCHO,RUA APRIGIO GUIMARAES,,,PADARIA FABRICA,RUA APRIGIO GUIMARAES,,PADARIA FABRICA,SANCHO,,SUBURBIO,ABALROAMENTO TRANSVERSAL,COLISÃO SEM VITIMA,1,,,,,1,,,,0,,Cruzamento,Bom,Não existe,Perfeito estado,Seca,Perfeito estado,Outros,Outras,,Dupla,Não existe,,,,,,,,
2019-10-03,17:42:00,SEM VÍTIMA,FINALIZADA,IBURA,AV SAO PAULO,183,,EM FRENTE AO SUPERMERCADO SUPER VAREJÃO,AV SAO PAULO,183,EM FRENTE AO SUPERMERCADO SUPER VAREJÃO,IBURA,,SUBURBIO,CHOQUE VEÍCULO PARADO,COLISÃO SEM VÍTIMA,1,,,,,1,,,,0,,Longo da via,Bom,Não existe,Não existente,Seca,Perfeito estado,Não existe,Não há placas,,Dupla,Não existe,,,,,,,,
2019-10-03,17:49:00,SEM VÍTIMA,FINALIZADA,BOA VIAGEM,AV ENGENHEIRO DOMINGOS FERREIRA,,,POR TRÁS AO MERCADO BOA VIAGEM,AV ENGENHEIRO DOMINGOS FERREIRA,,POR TRÁS AO MERCADO BOA VIAGEM,BOA VIAGEM,,SUBURBIO,COLISÃO TRASEIRA,ENTRE DOIS AUTO S/V,2,,,,,,,,,0,,Longo da via,Bom,Sem defeito,Perfeito estado,Seca,Perfeito estado,,Não há placas,,Única,Faixa seccionada,,,,,,,,
2019-10-03,17:53:00,SEM VÍTIMA,FINALIZADA,ILHA DO LEITE,RUA ANTONIO GOMES DE FREITAS,60,PRC MIGUEL DE CERVANTES,,RUA ANTONIO GOMES DE FREITAS,60,,ILHA DO LEITE,,SUBURBIO,ABALROAMENTO LONGITUDINAL,TÁXI X AUTO PASSEIO. S/V,2,,,,,,,,,0,,Cruzamento,Bom,Não existe,Perfeito estado,Seca,Perfeito estado,Faixa de pedestre,Placas Pare,,Única,Blocos,,,,,,,,
2019-10-03,17:54:00,SEM VÍTIMA,FINALIZADA,JARDIM SÃO PAULO,AV SAO PAULO,,RUA DR DEVALDO BORGES,,,,,JARDIM SÃO PAULO,,CIDADE,ABALROAMENTO LONGITUDINAL,CAMINHÃO X AUTO PASSEIO S/V,1,,,,,,1,,,0,,Cruzamento,Bom,Sem defeito,Incompleta,Seca,Perfeito estado,Não existe,Outras,,Dupla,Faixa seccionada,,,,,,,,
2019-10-03,17:58:00,SEM VÍTIMA,FINALIZADA,BOA VISTA,AV GOVERNADOR AGAMENON MAGALHAES,2656,,EMPRESARIAL AGAMENON MAGALHÃES,AV SAO PAULO,2656,EMPRESARIAL AGAMENON MAGALHÃES,BOA VISTA,,,COLISÃO TRASEIRA,ENTRE 2 AUTOS. S/V,2,,,,,,,,,0,,Longo da via,Bom,Não existe,Perfeito estado,Seca,Perfeito estado,,,,Dupla,Canteiro central,,,,,,,,
2019-10-03,18:04:00,SEM VÍTIMA,DUPLICIDADE,COHAB,AV SAO PAULO,,AV TIRADENTES,TERMINAL DE ONIBUS DE TRES CARNEIROS,AV SAO PAULO,,TERMINAL DE ONIBUS DE TRES CARNEIROS,COHAB,,,COLISÃO,ONIBUS X AUTO PASSEIO,1,,,,,1,,,,0,,,,,,,,,,,,,,,,,,,,
2019-10-03,18:07:00,SEM VÍTIMA,FINALIZADA,AFOGADOS,RUA COSME VIANA,134,RUA JOSE DA BOMBA,,RUA COSME VIANA,134,,AFOGADOS,,,ABALROAMENTO LONGITUDINAL,ENTRE 2 AUTOS. S/V,2,,,,,,,,,0,,Longo da via,Bom,Não existe,Perfeito estado,Seca,Perfeito estado,Não existe,Não há placas,40 km/h,Única,Faixa seccionada,,,,,,,,
2019-10-03,18:24:00,SEM VÍTIMA,CANCELADA,TAMARINEIRA,RUA CONEGO BARATA,,RUA DO FUTURO,E/F AO HOSPITAL ALBERT SABIN,RUA CONEGO BARATA,,E/F AO HOSPITAL ALBERT SABIN,TAMARINEIRA,,,COLISÃO,ENTRE 2 AUTOS. S/V,2,,,,,,,,,0,,,,,,,,,,,,,,,,,,,,
2019-10-03,18:33:00,COM VÍTIMA,FINALIZADA,CASA AMARELA,EST DO ARRAIAL,,RUA PAULA BATISTA,PRÓX AO MERCADO DE CASA AMARELA,EST DO ARRAIAL,,PRÓX AO MERCADO DE CASA AMARELA,CASA AMARELA,283,SUBURBIO,ATROPELAMENTO,ATROPELAMENTO ENVOLVENDO UMA SENHORA DE 62 ANOS DE IDADE. A MESMA TEVE UM TRAUMATISMO CRANIANO, SEGUNDO AS INFOS REPASSADAS PELO AGENTE. C/V,1,,,,1,,,,,1,,Cruzamento,Bom,Sem defeito,Perfeito estado,Seca,Perfeito estado,Faixa de pedestre,Outras,,Dupla,Faixa contínua,,,,,,,
2019-10-03,18:48:00,COM VÍTIMA,FINALIZADA,IBURA,AV DOIS RIOS,,,,AV DOIS RIOS,,,IBURA,,,ACID. DE PERCURSO,,,1,,,,,,,,1,,,,,,,,,,,,,,,,,,,,
2019-10-03,18:53:00,SEM VÍTIMA,FINALIZADA,IPSEP,AV RECIFE,,,LADO OPOSTO AO Nº 2528,AV RECIFE,,LADO OPOSTO AO Nº 2528,IPSEP,,,ABALROAMENTO LONGITUDINAL,ENTRE AUTO E MOTO. S/V,1,1,,,,,,,,0,,Longo da via,Bom,Não existe,Perfeito estado,Seca,Perfeito estado,,,,Dupla,Faixa seccionada,Canteiro central,,,,,,,
2019-10-03,18:57:00,SEM VÍTIMA,FINALIZADA,BOA VISTA,RUA BARAO DE SAO BORJA,,RUA JOSE DE ALENCAR,HOTEL BOA VISTA,RUA BARAO DE SAO BORJA,,HOTEL BOA VISTA,BOA VISTA,,,ABALROAMENTO TRANSVERSAL,ENTRE 2 AUTOS. S/V,2,,,,,,,,,0,,Cruzamento,Bom,Não existe,Incompleta,Seca,Perfeito estado,Não existe,Placas Pare,,Única,Não existe,,,,,,,,
2019-10-03,19:00:00,SEM VÍTIMA,FINALIZADA,BAIRRO DO RECIFE,AV ALFREDO LISBOA,,,EM FRENTE AO CAIS DO SERTÃO,AV ALFREDO LISBOA,,EM FRENTE AO CAIS DO SERTÃO,BAIRRO DO RECIFE,196,SUBURBIO,ABALROAMENTO LONGITUDINAL,CAMINHÃO X AUTO PASSEIO S/V,1,,,,,,1,,,0,,Longo da via,Bom,Sem defeito,Perfeito estado,Seca,Perfeito estado,Faixa de pedestre,Outras,60 km/h,Única,Faixa contínua,Faixa seccionada,,,,,,,
2019-10-03,19:03:00,SEM VÍTIMA,FINALIZADA,ESTÂNCIA,RUA JOSE GOMES DE MOURA,,AV JOAO CABRAL DE MELO NETO,EM FRENTE AO POSTE Nº B 050691,RUA JOSE GOMES DE MOURA,,EM FRENTE AO POSTE Nº B 050691,ESTÂNCIA,,SUBURBIO,ABALROAMENTO LONGITUDINAL,ENTRE 2 AUTOS. S/V,2,,,,,,,,,0,,,Bom,Não existe,Perfeito estado,Seca,Perfeito estado,Não existe,Não há placas,,Única,Não existe,,,,,,,,
2019-10-03,19:30:00,COM VÍTIMA,FINALIZADA,BAIRRO DO RECIFE,AV ALFREDO LISBOA,,,E/F AO CAIS DO SERTAO,AV ALFREDO LISBOA,,GRAÇAS FOOD PARK,BAIRRO DO RECIFE,196,SUBURBIO,COLISÃO TRASEIRA,AUTO E MOTO.,1,1,,,,,,,,1,,Longo da via,Bom,Sem defeito,Perfeito estado,Seca,Perfeito estado,Faixa de pedestre,Não há placas,60 km/h,Única,Faixa contínua,,,,,,,,
2019-10-03,19:30:00,COM VÍTIMA,FINALIZADA,BAIRRO DO RECIFE,AV ALFREDO LISBOA,,,E/F AO CAIS DO SERTAO,AV ALFREDO LISBOA,,E/F AO CAIS DO SERTAO,BAIRRO DO RECIFE,196,SUBURBIO,COLISÃO TRASEIRA,MOTO - I/RATO BRAVAX 250 / UMA SEGUNDA MOTOCICLETA ENVOLVIDA EVADIU-SE DO LOCAL E NÃO FOI PEGO A PLACA DELA.,,2,,,,,,,,1,,Longo da via,Bom,Sem defeito,Perfeito estado,Seca,Perfeito estado,Faixa de pedestre,Outras,60 km/h,Única,Faixa contínua,Faixa seccionada,,,,,,,
2019-10-03,21:23:00,SEM VÍTIMA,FINALIZADA,TAMARINEIRA,RUA GENERAL ABREU E LIMA,,RUA REGUEIRA COSTA,PRAÇA VISCONDE DE MAUÁ,RUA GENERAL ABREU E LIMA,,PRAÇA VISCONDE DE MAUÁ,TAMARINEIRA,,,ABALROAMENTO TRANSVERSAL,ENTRE 2 AUTOS. S/V,2,,,,,,,,,0,,,Bom,Não existe,Perfeito estado,Seca,Perfeito estado,,,,Dupla,,,,,,,,,
2019-10-03,22:15:00,SEM VÍTIMA,CANCELADA,BOA VIAGEM,AV BOA VIAGEM,,,E/F AO PARQUE DONA LINDU,AV BOA VIAGEM,,E/F AO PARQUE DONA LINDU,BOA VIAGEM,,,COLISÃO,ONIBUS X AUTO PASSEIO S/V,1,,,,,1,,,,0,,,,,,,,,,,,,,,,,,,,
2019-10-04,00:15:00,SEM VÍTIMA,FINALIZADA,GRAÇAS,AV RUI BARBOSA,,RUA DEPUTADO PEDRO PIRES FERREIRA,PARQUE DA JAQUEIRA,AV RUI BARBOSA,,PARQUE DA JAQUEIRA,GRAÇAS,,CIDADE,ABALROAMENTO LONGITUDINAL,COLISÃO ENTRE DOIS AUTOS S/V,2,,,,,,,,,0,,Longo da via,Bom,Não existe,Perfeito estado,Seca,Perfeito estado,Faixa de pedestre,Não há placas,60 km/h,Única,Faixa contínua,,,,,,,,
2019-10-04,06:59:00,SEM VÍTIMA,FINALIZADA,BOA VIAGEM,RUA DES JOAO PAES,1900,RUA VISCONDE DE JEQUITINHONHA,,RUA DES JOAO PAES,1900,,BOA VIAGEM,,CIDADE,ABALROAMENTO LONGITUDINAL,COLISÃO S/VITIMAS ENTRE UM ONIBUS E UM AUTO,1,,,,,1,,,,0,,Cruzamento,Bom,Não existe,Perfeito estado,Seca,Perfeito estado,Faixa de pedestre,Placas Pare,,Única,Não existe,,,,,,,,
2019-10-04,07:45:00,SEM VÍTIMA,FINALIZADA,BARRO,RUA DOMINGOS TEOTONIO,49,,COLEGIO IMACULADA CONCEIÇÃO,RUA DOMINGOS TEOTONIO,49,COLEGIO IMACULADA CONCEIÇÃO,BARRO,,,CHOQUE VEÍCULO PARADO,SEM VITIMAS,1,1,,,,,,,,0,,Longo da via,Bom,Não existe,,Seca,Perfeito estado,,,,Única,Não existe,,,,,,,,
2019-10-04,07:51:00,SEM VÍTIMA,FINALIZADA,ESTÂNCIA,AV RECIFE,5402,,EM FRENTE JF VEÍCULOS,AV RECIFE,5402,EM FRENTE JF VEÍCULOS,ESTÂNCIA,,SUBURBIO,ABALROAMENTO LONGITUDINAL,CARRETA E AUTO PASSEIO,1,,,,,,,,2,0,,Longo da via,Bom,Não existe,Perfeito estado,Seca,Perfeito estado,Não existe,R-6a,,Dupla,Faixa seccionada,,,,,,,,
2019-10-04,07:54:00,SEM VÍTIMA,FINALIZADA,VÁRZEA,AV PROFESSOR ARTUR DE SA,,,EM FRENTE AO CEMITERIO DA VARZEA,AV PROFESSOR ARTUR DE SA,,EM FRENTE AO CEMITERIO DA VARZEA,VÁRZEA,,SUBURBIO,ABALROAMENTO LONGITUDINAL,COLISÃO SEM VITIMAS,2,,,,,1,,,,0,,Longo da via,Bom,Não existe,Perfeito estado,Seca,Perfeito estado,Não existe,Outras,40 km/h,Dupla,Faixa seccionada,,,,,,,,
2019-10-04,08:13:00,SEM VÍTIMA,CANCELADA,VÁRZEA,AV PROFESSOR ARTUR DE SA,,,E/F AO DEPARTAMENTO DE FARMACIA DA UFPE,AV PROFESSOR ARTUR DE SA,,E/F AO DEPARTAMENTO DE FARMACIA DA UFPE,VÁRZEA,,SUBURBIO,COLISÃO,COLISÃO S/VITIMAS ENTRE DOIS AUTOS,2,,,,,,,,,0,,,,,,,,,,,,,,,,,,,,
2019-10-04,08:26:00,SEM VÍTIMA,FINALIZADA,VÁRZEA,AV PROFESSOR ARTUR DE SA,1154,,,AV PROFESSOR ARTUR DE SA,1154,,VÁRZEA,,SUBURBIO,COLISÃO TRASEIRA,DOIS AUTOS,2,,,,,,,,,0,,Longo da via,Bom,Não existe,Perfeito estado,Seca,Perfeito estado,Não existe,Não há placas,,Dupla,Faixa seccionada,,,,,,,,
2019-10-04,08:40:00,SEM VÍTIMA,FINALIZADA,JARDIM SÃO PAULO,RUA LEANDRO BARRETO,,RUA LORENA,,RUA LEANDRO BARRETO,,,JARDIM SÃO PAULO,,SUBURBIO,ABALROAMENTO TRANSVERSAL,,2,,,,,,,,,0,,Cruzamento,Bom,Não existe,Perfeito estado,Seca,Perfeito estado,,Não há placas,,Dupla,Não existe,,,,,,,,
2019-10-04,08:44:00,SEM VÍTIMA,FINALIZADA,ENCRUZILHADA,RUA CEARA,,RUA JULIAO NETO,,RUA CEARA,,,ENCRUZILHADA,,SUBURBIO,ABALROAMENTO TRANSVERSAL,SEM VITIMAS,2,,,,,,,,,0,,Cruzamento,Bom,Não existe,Incompleta,Seca,Perfeito estado,Não existe,Outras,20 km/h,Dupla,Não existe,,,,,,,,
2019-10-04,08:48:00,SEM VÍTIMA,FINALIZADA,MADALENA,EST DOS REMEDIOS,,AV JOSE GONCALVES DE MEDEIROS,SOB O SEMÁFORO Nº 353,EST DOS REMEDIOS,,SOB O SEMÁFORO Nº 353,MADALENA,,CID/SUB,ABALROAMENTO LONGITUDINAL,COLISÃO SEM VITIMAS,1,,,,,,1,,,0,,Cruzamento,Bom,Sem defeito,Perfeito estado,Seca,Perfeito estado,Faixa de pedestre,R-6a,60 km/h,Única,,,,,,,,,
2019-10-04,09:09:00,SEM VÍTIMA,FINALIZADA,MADALENA,RUA PIO NONO,166,,EM FRENTE AO Nº 166-B,RUA PIO NONO,166,EM FRENTE AO Nº 166-B,MADALENA,,SUBURBIO,CHOQUE OBJETO FIXO,VEICULO CAIU EM UMA CRATERA,1,,,,,,,,,0,,Longo da via,Bom,Não existe,Incompleta,Seca,Mal conservada,,Placas Pare,,Única,Não existe,,,,,,,,
2019-10-04,09:27:00,SEM VÍTIMA,FINALIZADA,BARRO,AV DR JOSE RUFINO,,,EM FRENTE A IGREJA DO BARRO,AV DR JOSE RUFINO,,EM FRENTE A IGREJA DO BARRO,BARRO,539,CIDADE,COLISÃO TRASEIRA,SEM VITIMAS,2,,,,,,,,,0,,Longo da via,Bom,Sem defeito,Perfeito estado,Seca,Perfeito estado,Faixa de pedestre,R-6a,,Dupla,Faixa seccionada,,,,,,,,
2019-10-04,09:33:00,SEM VÍTIMA,FINALIZADA,MADALENA,AV JOSE GONCALVES DE MEDEIROS,,EST DOS REMEDIOS,SOB O SEMÁFORO 353, EM FRENTE POLICLÍNICA LESSA DE ANDRADE,AV JOSE GONCALVES DE MEDEIROS,,SOB O SEMÁFORO 353, EM FRENTE POLICLÍNICA LESSA DE ANDRADE,MADALENA,353,CIDADE,ABALROAMENTO LONGITUDINAL,SEM VITIMAS,1,,,,,1,,,,0,,Cruzamento,Bom,Sem defeito,Perfeito estado,Seca,Perfeito estado,Faixa de pedestre,Não há placas,,Única,Blocos,,,,,,
2019-10-04,10:18:00,SEM VÍTIMA,CANCELADA,AFOGADOS,RUA DA PAZ,,,AO LADO DA COMPESA / EM FRENTE ITAU,RUA DA PAZ,,AO LADO DA COMPESA / EM FRENTE ITAU,AFOGADOS,,,COLISÃO,CAMINHAO E AUTO,1,,,,,,1,,,0,,,,,,,,,,,,,,,,,,,,
2019-10-04,10:37:00,SEM VÍTIMA,FINALIZADA,NOVA DESCOBERTA,RUA CORREGO DA AREIA,543,,EM FRENTE AO Nº 543,RUA CORREGO DA AREIA,543,EM FRENTE AO Nº 543,NOVA DESCOBERTA,,,CHOQUE VEÍCULO PARADO,CAMINHÃO DESCEU A LADEIRA E PERDEU O CONTROLE BATENDO EM TRES VEÍCULOS,3,,,,,,1,,,0,,Longo da via,Bom,Não existe,Incompleta,Seca,Perfeito estado,Não existe,Não há placas,,Dupla,Não existe,,,,,,,,
2019-10-04,10:43:00,SEM VÍTIMA,FINALIZADA,AREIAS,AV RECIFE,1040,,EM FRENTE RESIDENCIAL INES ANDREAZZA,AV RECIFE,1040,EM FRENTE RESIDENCIAL INES ANDREAZZA,AREIAS,494,,CHOQUE VEÍCULO PARADO,SEM VITIMAS,1,1,,,,,,,,0,,Longo da via,Bom,Sem defeito,Perfeito estado,Seca,Perfeito estado,Faixa de pedestre,R-6a,60 km/h,Dupla,Canteiro central,,,,,,,,
2019-10-04,12:09:00,SEM VÍTIMA,CANCELADA,SANTO AMARO,RUA ALUISIO DE AZEVEDO,109,AV JOAO DE BARROS,POR TRAS DO EMPRESARIAL CAMILO BRITO,RUA ALUISIO DE AZEVEDO,109,POR TRAS DO EMPRESARIAL CAMILO BRITO,SANTO AMARO,,,COLISÃO,,2,,,,,,,,,0,,,,,,,,,,,,,,,,,,,,
2019-10-04,12:35:00,SEM VÍTIMA,FINALIZADA,ILHA DO LEITE,RUA ESTADO DE ISRAEL,140,,EM FRENTE A GALERIA MADEIRON,RUA ESTADO DE ISRAEL,140,EM FRENTE A GALERIA MADEIRON,ILHA DO LEITE,,SUBURBIO,ABALROAMENTO LONGITUDINAL,COLISÃO SEM VÍTIMA,2,,,,,,,,,0,,Longo da via,Bom,Sem defeito,Perfeito estado,Seca,Perfeito estado,Não existe,Não há placas,,Única,Faixa seccionada,,,,,,,,
2019-10-04,13:02:00,SEM VÍTIMA,FINALIZADA,AFOGADOS,RUA DO ACRE,,RUA JOAO CARLOS GUIMARAES,,RUA DO ACRE,,,AFOGADOS,,CIDADE,ABALROAMENTO LONGITUDINAL,ENTRE DOIS AUTO S/V,2,,,,,,,,,0,,Cruzamento,Bom,Não existe,Incompleta,Seca,Perfeito estado,Não existe,R-6a,,Única,Não existe,,,,,,,,
2019-10-04,13:52:00,SEM VÍTIMA,FINALIZADA,SANTO AMARO,AV CRUZ CABUGA,555,,EM FRENTE A HONDA,AV CRUZ CABUGA,555,EM FRENTE A HONDA,SANTO AMARO,,SUBURBIO,ABALROAMENTO LONGITUDINAL,COLISÃO SEM VITIMA BATEDORES DA MOTO NO LOCAL,1,1,,,,,,,,0,,Longo da via,Bom,Não existe,Perfeito estado,Seca,Perfeito estado,Não existe,Não há placas,60 km/h,Dupla,Faixa contínua,Faixa seccionada,,,,,,,