data,hora,natureza_acidente,situacao,bairro,endereco,numero,detalhe_endereco_acidente,complemento,endereco_cruzamento,numero_cruzamento,referencia_cruzamento,bairro_cruzamento,num_semaforo,sentido_via,tipo,descricao,auto,moto,ciclom,ciclista,pedestre,onibus,caminhao,viatura,outros,vitimas,vitimasfatais,acidente_verificado,tempo_clima,situacao_semaforo,sinalizacao,condicao_via,conservacao_via,ponto_controle,situacao_placa,velocidade_max_via,mao_direcao,divisao_via1,divisao_via2,divisao_via3,,,,,,
2019-10-04,14:03:00,SEM VÍTIMA,FINALIZADA,SANCHO,RUA APRIGIO GUIMARAES,140,,,RUA APRIGIO GUIMARAES,140,,SANCHO,,CIDADE,ABALROAMENTO LONGITUDINAL,COLISAO ENTRE VT DA POLICIA E AUTO S/V,2,,,,,,,,,0,,Longo da via,Bom,Não existe,Incompleta,Seca,Perfeito estado,Não existe,Não há placas,,Dupla,Não existe,,,,,,,,
2019-10-04,14:17:00,SEM VÍTIMA,FINALIZADA,PINA,AV REPUBLICA ARABE UNIDA,,,AO LADO DO SHOPPING RIOMAR,AV REPUBLICA ARABE UNIDA,,AO LADO DO SHOPPING RIOMAR,PINA,,,ABALROAMENTO LONGITUDINAL,COLISÃO SEM VÍTIMA,2,,,,,,,,,0,,Longo da via,Bom,Não existe,Perfeito estado,Seca,Perfeito estado,Outros,Outras,,Única,Faixa seccionada,,,,,,,,
2019-10-04,14:58:00,SEM VÍTIMA,FINALIZADA,IPUTINGA,AV MAURICIO DE NASSAU,,,SUPERMERCADO RENDE MAIS,AV MAURICIO DE NASSAU,,SUPERMERCADO RENDE MAIS,IPUTINGA,109,,COLISÃO TRASEIRA,COLISÃO SEM VÍTIMA,2,,,,,,,,,0,,Longo da via,Bom,Sem defeito,Perfeito estado,Seca,Perfeito estado,Faixa de pedestre,,,Dupla,,,,,,,,,
2019-10-04,15:11:00,SEM VÍTIMA,FINALIZADA,PRADO,RUA JOAO IVO DA SILVA,233,,LADO OPOSTO AO Nº 233,RUA JOAO IVO DA SILVA,233,LADO OPOSTO AO Nº 233,PRADO,,SUBURBIO,COLISÃO TRASEIRA,COLISÃO SEM VÍTIMA,2,,,,,,,,,0,,Longo da via,Bom,Não existe,Perfeito estado,Seca,Perfeito estado,Não existe,R-6a,60 km/h,Única,Canteiro central,,,,,,,,
2019-10-04,15:38:00,SEM VÍTIMA,FINALIZADA,BOA VIAGEM,RUA CAPITAO ZUZINHA,,RUA SETUBAL,,RUA CAPITAO ZUZINHA,,,BOA VIAGEM,,CIDADE,ABALROAMENTO LONGITUDINAL,COLISAO ENVOLVENDO AUTO E ONIBUS,1,,,,,1,,,,0,,Longo da via,Bom,Sem defeito,Perfeito estado,Seca,Perfeito estado,Não existe,Não há placas,,Única,Não existe,,,,,,,,
2019-10-04,15:45:00,SEM VÍTIMA,FINALIZADA,BAIRRO DO RECIFE,AV ALFREDO LISBOA,,,E/F AO ARMAZEM 14,AV ALFREDO LISBOA,,E/F AO ARMAZEM 14,BAIRRO DO RECIFE,,CIDADE,ABALROAMENTO LONGITUDINAL,COLISAO ENTRE CAMINHAO E AUTO S/V,1,,,,,,1,,,0,,Longo da via,Bom,Não existe,Perfeito estado,Seca,Perfeito estado,Não existe,Não há placas,,Única,Faixa seccionada,,,,,,,,
2019-10-04,15:53:00,SEM VÍTIMA,FINALIZADA,IBURA,AV DOM HELDER CAMARA,,,EM FRENTE AO POSTE Nº H 022174,AV DOM HELDER CAMARA,,EM FRENTE AO POSTE Nº H 022174,IBURA,,CIDADE,COLISÃO TRASEIRA,COLISAO ENTRE DOIS AUTOS S/V,2,,,,,,,,,0,,Longo da via,Bom,Não existe,Perfeito estado,Seca,Perfeito estado,Não existe,Não há placas,,Dupla,Faixa seccionada,Canteiro central,,,,,,,
2019-10-04,16:18:00,SEM VÍTIMA,FINALIZADA,SÃO JOSÉ,C SANTA RITA,,,TERMINAL DO CAIS DE SANTA RITA,C SANTA RITA,,TERMINAL DO CAIS DE SANTA RITA,SÃO JOSÉ,76,,COLISÃO,ONIBUS X AUTO PASSEIO,1,,,,,,1,,,0,,,,,,,,,,,,,,,,,,,,
2019-10-04,16:33:00,SEM VÍTIMA,CANCELADA,CAXANGÁ,AV CAXANGA,1118,,AO LADO DA LOCALIZA S/T CID E/F A DELICÍA DA PRAZERES,AV CAXANGA,1118,AO LADO DA LOCALIZA S/T CID E/F A DELICÍA DA PRAZERES,CAXANGÁ,,,COLISÃO,COLISAO ENTRE DOIS AUTOS S/V,2,,,,,,,,,0,,,,,,,,,,,,,,,,,,,,
2019-10-04,16:38:00,SEM VÍTIMA,FINALIZADA,PINA,AV ANTONIO DE GOES,,AV CONSELHEIRO AGUIAR,,AV ANTONIO DE GOES,,,PINA,226,CIDADE,ABALROAMENTO LONGITUDINAL,COLISAO ENTRE ONIBUS E AUTO S/V,1,,,,,1,,,,0,,Longo da via,Bom,Sem defeito,Perfeito estado,Seca,Perfeito estado,Faixa de pedestre,Não há placas,,Única,Não existe,,,,,,,,
2019-10-04,16:42:00,COM VÍTIMA,FINALIZADA,MORRO DA CONCEIÇÃO,AV NORTE,5600,,ASSOCIAÇÃO DAS COSTUREIRAS DE CASA AMARELA,AV NORTE,5600,ASSOCIAÇÃO DAS COSTUREIRAS DE CASA AMARELA,MORRO DA CONCEIÇÃO,,SUBURBIO,ABALROAMENTO LONGITUDINAL,COLISÃO COM VÍTIMA/ VÍTIMA SOCORRIDA PELO SAMU/ VEÍCULO EVADIU DO LOCAL,,1,,,,,,,,1,,Longo da via,Bom,Não existe,Perfeito estado,Seca,Perfeito estado,Não existe,Outras,,Dupla,Canteiro central,,,,,,,,
2019-10-04,16:55:00,SEM VÍTIMA,FINALIZADA,BOA VISTA,RUA MANOEL PEREIRA,,,E/F A CELPE,RUA MANOEL PEREIRA,,E/F A CELPE,BOA VISTA,,,COLISÃO,ENTRE DOIS AUTO S/V,2,,,,,,,,,0,,,,,,,,,,,,,,,,,,,,
2019-10-04,17:09:00,SEM VÍTIMA,FINALIZADA,CASA AMARELA,AV MALACO,77,RUA CINCO DE JULHO,AO LADO DA MERCEARIA DO IRMÃO,AV MALACO,77,AO LADO DA MERCEARIA DO IRMÃO,CASA AMARELA,,,COLISÃO,COLISAO ENTRE ONIBUS E KOMBI,1,,,,,,1,,,0,,,,,,,,,,,,,,,,,,,,
2019-10-04,17:22:00,SEM VÍTIMA,CANCELADA,JARDIM SÃO PAULO,AV PIRACICABA,484,RUA JUNDIAI,PROXIMO AO ESPAÇO SANTIAGO,AV PIRACICABA,484,PROXIMO AO ESPAÇO SANTIAGO,JARDIM SÃO PAULO,,,COLISÃO,COLISÃO SEM VÍTIMA,1,1,,,,,,,,0,,,,,,,,,,,,,,,,,,,,
2019-10-04,17:32:00,SEM VÍTIMA,FINALIZADA,SANTO AMARO,RUA DOS PALMARES,138,RUA GOUVEIA DE BARROS,E/F AO PT - PARTIDO DOS TRABALHADORES,RUA DOS PALMARES,138,E/F AO PT - PARTIDO DOS TRABALHADORES,SANTO AMARO,,,COLISÃO,ENTRE DOIS AUTO S/V,2,,,,,,,,,0,,,,,,,,,,,,,,,,,,,,
2019-10-04,17:35:00,SEM VÍTIMA,FINALIZADA,PRADO,RUA JOAO IVO DA SILVA,,AV ENGENHEIRO ABDIAS DE CARVALHO,PROXIMO AO SEMÁFORO 132/ EM FRENTE A HONDA,RUA JOAO IVO DA SILVA,,PROXIMO AO SEMÁFORO 132/ EM FRENTE A HONDA,PRADO,,,COLISÃO,COLISÃO SEM VÍTIMA,1,,,,,,1,,,0,,,,,,,,,,,,,,,,,,,,
2019-10-04,17:41:00,SEM VÍTIMA,FINALIZADA,SÃO JOSÉ,C SANTA RITA,,,,C SANTA RITA,,,SÃO JOSÉ,76,SUBURBIO,ABALROAMENTO LONGITUDINAL,ONIBUS X AUTO PASSEIO,1,,,,,1,,,,0,,Longo da via,Bom,Sem defeito,Perfeito estado,Seca,Mal iluminada,Não existe,Não há placas,,Única,Não existe,,,,,,,,
2019-10-04,17:47:00,SEM VÍTIMA,FINALIZADA,TORRÕES,RUA CLAUDIO BROTHERHOOD,1003,,NO TERMINAL DO ONIBUS E/F A PADARIA ALVORADA,RUA CLAUDIO BROTHERHOOD,1003,NO TERMINAL DO ONIBUS E/F A PADARIA ALVORADA,TORRÕES,,,COLISÃO,COLISAO ENTRE ONIBUS E AUTO S/V,1,,,,,1,,,,0,,,,,,,,,,,,,,,,,,,,
2019-10-04,17:49:00,SEM VÍTIMA,FINALIZADA,AFOGADOS,RUA QUITERIO INACIO DE MELLO,,,,RUA QUITERIO INACIO DE MELLO,,,AFOGADOS,,SUBURBIO,COLISÃO TRASEIRA,ENTRE TRES AUTOS S/V,3,,,,,,,,,0,,Longo da via,Bom,Sem defeito,Perfeito estado,Seca,Perfeito estado,Não existe,Não há placas,,Única,Faixa seccionada,,,,,,,,
2019-10-04,18:00:00,SEM VÍTIMA,FINALIZADA,JAQUEIRA,AV RUI BARBOSA,,,PARQUE DA JAQUEIRA,AV RUI BARBOSA,,PARQUE DA JAQUEIRA,JAQUEIRA,,CIDADE,ABALROAMENTO LONGITUDINAL,COLISÃO SEM VÍTIMA ENTRE 2 AUTOS,2,,,,,,,,,0,,Longo da via,Bom,Não existe,Perfeito estado,Seca,Perfeito estado,Não existe,Outras,60 km/h,Única,Não existe,,,,,,,,
2019-10-04,18:23:00,SEM VÍTIMA,FINALIZADA,ILHA DO LEITE,AV GOVERNADOR AGAMENON MAGALHAES,4779,,,AV GOVERNADOR AGAMENON MAGALHAES,4779,,ILHA DO LEITE,,,ABALROAMENTO LONGITUDINAL,ENTRE DOIS AUTO S/V,2,,,,,,,,,0,,Longo da via,Bom,Não existe,Perfeito estado,Seca,Perfeito estado,,Não há placas,60 km/h,Dupla,Faixa contínua,,,,,,,,
2019-10-04,18:30:00,SEM VÍTIMA,FINALIZADA,ESPINHEIRO,RUA CONS PORTELA,162,RUA SANTO ELIAS,POSTO DE COMBUSTÍVEL PORTELA,RUA CONS PORTELA,162,POSTO DE COMBUSTÍVEL PORTELA,ESPINHEIRO,,SUBURBIO,ABALROAMENTO TRANSVERSAL,ENTRE DOIS AUTO S/V,2,,,,,,,,,0,,Cruzamento,Bom,Não existe,Perfeito estado,Seca,Perfeito estado,,Outras,50 km/h,Única,Faixa seccionada,,,,,,,,
2019-10-04,18:37:00,SEM VÍTIMA,FINALIZADA,BOA VIAGEM,AV GENERAL MAC ARTHUR,1595,,EM FRENTE AO Nº 1590,AV GENERAL MAC ARTHUR,1595,EM FRENTE AO Nº 1590,BOA VIAGEM,,,ABALROAMENTO LONGITUDINAL,ENTRE CAMINHÃO E VT PM,1,,,,,,1,,,0,,Longo da via,Bom,Sem defeito,Perfeito estado,Seca,Perfeito estado,,Outras,,Única,Faixa seccionada,,,,,,,,
2019-10-04,18:45:00,SEM VÍTIMA,CANCELADA,PRADO,AV ENGENHEIRO ABDIAS DE CARVALHO,1055,RUA JOAO IVO DA SILVA,ENF AO POSTO BR // LADO OPOSTO DO MUNTIRIM,AV ENGENHEIRO ABDIAS DE CARVALHO,1055,ENF AO POSTO BR // LADO OPOSTO DO MUNTIRIM,PRADO,,CIDADE,COLISÃO,ONIX X LOGAN,2,,,,,,,,,0,,,,,,,,,,,,,,,,,,,,
2019-10-04,19:17:00,SEM VÍTIMA,FINALIZADA,,RUA BENFICA,,AV BEIRA RIO,TÚNEL CHICO SCIENCE,RUA BENFICA,,TÚNEL CHICO SCIENCE,,,CIDADE,ABALROAMENTO LONGITUDINAL,VT DA POLICIA MILITA X HYUNDAI CRETA,2,,,,,,,,,0,,,Bom,Não existe,Perfeito estado,Seca,Perfeito estado,,Não há placas,40 km/h,Única,,,,,,,,,
2019-10-04,19:32:00,SEM VÍTIMA,FINALIZADA,BARRO,AV DR JOSE RUFINO,2626,,EM FRENTE AO Nº 2626,AV DR JOSE RUFINO,2626,EM FRENTE AO Nº 2626,BARRO,615,SUBURBIO,ABALROAMENTO LONGITUDINAL,ONIBUS X AUTO PASSEIO S/V,1,,,,,1,,,,0,,Longo da via,Bom,Sem defeito,Perfeito estado,Seca,Perfeito estado,Faixa de pedestre,R-6a,,Dupla,Faixa contínua,,,,,,,,
2019-10-04,20:24:00,SEM VÍTIMA,FINALIZADA,SÃO JOSÉ,C SANTA RITA,,,PONTE GIRATÓRIA,C SANTA RITA,,PONTE GIRATÓRIA,SÃO JOSÉ,473,CIDADE,ABALROAMENTO LONGITUDINAL,ENTRE DOIS AUTO S/V,2,,,,,,,,,0,,Ponte,Bom,Sem defeito,Perfeito estado,Seca,Perfeito estado,Faixa de pedestre,Não há placas,50 km/h,Dupla,Canteiro central,,,,,,,,
2019-10-04,21:15:00,SEM VÍTIMA,FINALIZADA,BOA VIAGEM,RUA CRUZEIRO DO FORTE,,RUA WALDEMAR NERY CARNEIRO MONTEIRO,,RUA CRUZEIRO DO FORTE,,,BOA VIAGEM,,SUBURBIO,ABALROAMENTO LONGITUDINAL,ENTRE DOIS AUTO S/V,2,,,,,,,,,0,,Longo da via,Bom,Não existe,Perfeito estado,Seca,Perfeito estado,,,,,,,,,,,,,
2019-10-04,22:50:00,SEM VÍTIMA,FINALIZADA,GRAÇAS,RUA DR BANDEIRA FILHO,,AV CONS ROSA E SILVA,AO LADO DO CLUBE PORTUGUES,RUA DR BANDEIRA FILHO,,AO LADO DO CLUBE PORTUGUES,GRAÇAS,,SUBURBIO,ABALROAMENTO LONGITUDINAL,ENTRE DOIS AUTO S/V,2,,,,,,,,,0,,,Bom,Não existe,,Seca,Perfeito estado,Não existe,R-6a,,Única,Faixa contínua,,,,,,,,
2019-10-04,23:47:00,SEM VÍTIMA,CANCELADA,NOVA DESCOBERTA,AV VEREADOR OTACILIO AZEVEDO,,,E/F A ESCOLA ROTARY,AV VEREADOR OTACILIO AZEVEDO,,E/F A ESCOLA ROTARY,NOVA DESCOBERTA,,,COLISÃO,ENTRE AUTO PASSEIO X MOTO COM VÍTIMA,1,1,,,,,,,,0,,,,,,,,,,,,,,,,,,,,
2019-10-05,00:50:00,SEM VÍTIMA,FINALIZADA,BONGI,AV ENGENHEIRO ABDIAS DE CARVALHO,,,,AV ENGENHEIRO ABDIAS DE CARVALHO,,,BONGI,375,SUBURBIO,COLISÃO TRASEIRA,COLISÃO ENTRE TÁXI E MOTO, S/V.,1,1,,,,,,,,0,,Longo da via,Bom,Sem defeito,Perfeito estado,Seca,Perfeito estado,Faixa de pedestre,,,Dupla,Faixa seccionada,Canteiro central,,,,,,
2019-10-05,02:39:00,SEM VÍTIMA,FINALIZADA,NOVA DESCOBERTA,RUA NAGE,,,EM FRENTE AO Nº 51,RUA NAGE,,EM FRENTE AO Nº 51,NOVA DESCOBERTA,,,CHOQUE OBJETO FIXO,VIATURA DA PM CHOCOU-SE NO TORMENTE DO MURO S/V,1,,,,,,,,,0,,Longo da via,Bom,Não existe,Não existente,Seca,Perfeito estado,,Não há placas,20 km/h,Dupla,Não existe,,,,,,,,
2019-10-05,04:04:00,SEM VÍTIMA,FINALIZADA,BOA VIAGEM,RUA RIBEIRO DE BRITO,1326,RUA AMALIA BERNARDINO DE SOUZA,,RUA RIBEIRO DE BRITO,1326,,BOA VIAGEM,,,ABALROAMENTO TRANSVERSAL,COLISÃO ENTRE DOIS AUTOS, COM VÍTIMAS,2,,,,,,,,,0,,Cruzamento,Bom,Não existe,Perfeito estado,Seca,Perfeito estado,,,,Única,,,,,,,,
2019-10-05,06:36:00,SEM VÍTIMA,CANCELADA,BOA VIAGEM,AV BOA VIAGEM,6500,,ANTES DO PARQUE DONA LINDU EM FRENTE AO EDF. EL GRECO,AV BOA VIAGEM,6500,ANTES DO PARQUE DONA LINDU EM FRENTE AO EDF. EL GRECO,BOA VIAGEM,,,COLISÃO,ONIBUS E AUTO,1,,,,,1,,,,0,,,,,,,,,,,,,,,,,,,,
2019-10-05,07:20:00,COM VÍTIMA,FINALIZADA,IMBIRIBEIRA,AV MARECHAL MASCARENHAS DE MORAES,1920,,EM FRENTE A HYUNDAI.,AV MARECHAL MASCARENHAS DE MORAES,1920,EM FRENTE A HYUNDAI.,IMBIRIBEIRA,,SUBURBIO,ABALROAMENTO LONGITUDINAL,COLISÃO C/VITIMAS ENTRE CAMINHÃO E UMA MOTO,,1,,,,,1,,,2,,Longo da via,Bom,Não existe,Perfeito estado,Seca,Perfeito estado,Outros,R-6a,,Dupla,Faixa seccionada,Canteiro central,Outros,,,,,,
2019-10-05,07:22:00,COM VÍTIMA,FINALIZADA,AFOGADOS,RUA VISCONDE DE PELOTAS,185,,EMBAIXO DO VIADUTO, AO LADO DA OFICINA NANDO MOTOS,RUA VISCONDE DE PELOTAS,185,EMBAIXO DO VIADUTO, AO LADO DA OFICINA NANDO MOTOS,AFOGADOS,,SUBURBIO,ABALROAMENTO LONGITUDINAL,CAMINHÃO E MOTONETA,,1,,,,,1,,,1,,Longo da via,Bom,Não existe,Perfeito estado,Seca,Perfeito estado,Não existe,Não há placas,,Única,,,,,,,
2019-10-05,08:09:00,SEM VÍTIMA,CANCELADA,ARRUDA,RUA DAS MOCAS,1538,,APOS A PIZZARIA APLANTICA,RUA DAS MOCAS,1538,APOS A PIZZARIA APLANTICA,ARRUDA,,,COLISÃO,AUTO E MOTO,1,1,,,,,,,,0,,,,,,,,,,,,,,,,,,,,
2019-10-05,08:14:00,SEM VÍTIMA,FINALIZADA,BOA VIAGEM,AV ENGENHEIRO DOMINGOS FERREIRA,3901,,EM FRENTE A ACADEMIA HI FITNESS,AV ENGENHEIRO DOMINGOS FERREIRA,3901,EM FRENTE A ACADEMIA HI FITNESS,BOA VIAGEM,,SUBURBIO,COLISÃO TRASEIRA,TRES AUTOS,3,,,,,,,,,0,,Longo da via,Bom,Não existe,Perfeito estado,Seca,Perfeito estado,Não existe,R-6a,,Única,Faixa seccionada,,,,,,,,
2019-10-05,08:59:00,SEM VÍTIMA,FINALIZADA,SÃO JOSÉ,C SANTA RITA,595,,E/F AO EDF. TORRES GEMEAS,C SANTA RITA,595,E/F AO EDF. TORRES GEMEAS,SÃO JOSÉ,582,CIDADE,COLISÃO TRASEIRA,COLISAO S/VITIMAS ENTRE TRES AUTOS,3,,,,,,,,,0,,Longo da via,Bom,Sem defeito,Perfeito estado,Seca,Perfeito estado,Faixa de pedestre,R-19,60 km/h,Dupla,Canteiro central,,,,,,,,
2019-10-05,09:12:00,COM VÍTIMA,FINALIZADA,AFOGADOS,EST DOS REMEDIOS,1235,EST DO BONGI,E/F AO POSTO BR,EST DOS REMEDIOS,1235,E/F AO POSTO BR,AFOGADOS,394,CIDADE,ABALROAMENTO TRANSVERSAL,COLISAO C/VITIMA ENTRE DUAS MOTOS,,2,,,,,,,,2,,Longo da via,Bom,Sem defeito,Perfeito estado,Seca,Perfeito estado,Faixa de pedestre,R-6a,,Única,Faixa contínua,,,,,,,,
2019-10-05,09:21:00,SEM VÍTIMA,FINALIZADA,IMBIRIBEIRA,AV MARECHAL MASCARENHAS DE MORAES,2309,,PRÓXIMO A FERREIRA COSTA,AV MARECHAL MASCARENHAS DE MORAES,2309,PRÓXIMO A FERREIRA COSTA,IMBIRIBEIRA,385,,ABALROAMENTO LONGITUDINAL,DOIS AUTOS,2,,,,,,,,,0,,Longo da via,Bom,Sem defeito,Perfeito estado,Seca,Perfeito estado,Outros,Outras,60 km/h,Dupla,Canteiro central,,,,,,,,
2019-10-05,09:33:00,SEM VÍTIMA,FINALIZADA,GRAÇAS,AV CONS ROSA E SILVA,,PRC DO ENTRONCAMENTO,POSTE Nº B 005270,AV CONS ROSA E SILVA,,POSTE Nº B 005270,GRAÇAS,,SUBURBIO,COLISÃO TRASEIRA,TAXI E CAMINHONETE / TAXI SEM CONDICOES DE TIRAR DA VIA,2,,,,,,,,,0,,Longo da via,Bom,Não existe,Perfeito estado,Seca,Perfeito estado,,,,Única,Faixa seccionada,,,,,,,,
2019-10-05,09:35:00,SEM VÍTIMA,FINALIZADA,SANTO AMARO,AV GOVERNADOR AGAMENON MAGALHAES,,,E/F AO CIRCULO MILITAR,AV GOVERNADOR AGAMENON MAGALHAES,,E/F AO CIRCULO MILITAR,SANTO AMARO,,SUBURBIO,COLISÃO TRASEIRA,COLISÃO S/ VITIMAS ENTRE DOIS AUTOS,2,,,,,,,,,0,,Longo da via,Bom,Não existe,Perfeito estado,Seca,Perfeito estado,Não existe,Outras,60 km/h,Dupla,Canteiro central,,,,,,,,
2019-10-05,09:36:00,SEM VÍTIMA,CANCELADA,CASA AMARELA,RUA RAIMUNDO FREIXEIRA,,,EM FRENTE AO EDF. CHANEL, AO LADO DO SUPERMERCADO BOM DEMAIS,RUA RAIMUNDO FREIXEIRA,,EM FRENTE AO EDF. CHANEL, AO LADO DO SUPERMERCADO BOM DEMAIS,CASA AMARELA,,,TOMBAMENTO,MOTO CAIU SOBRE VEICULO,1,1,,,,,,,,0,,,,,,,,,,,,,,,,,,
2019-10-05,10:33:00,SEM VÍTIMA,FINALIZADA,VÁRZEA,RUA MANOEL JOAQUIM DE ALMEIDA,,RUA EMILIANO BRAGA,EM FRENTE A PB HOSPITALAR,RUA MANOEL JOAQUIM DE ALMEIDA,,EM FRENTE A PB HOSPITALAR,VÁRZEA,,,ABALROAMENTO LONGITUDINAL,DOIS AUTOS,2,,,,,,,,,0,,Cruzamento,Bom,Não existe,Perfeito estado,Seca,Perfeito estado,Não existe,Não há placas,,Única,Não existe,,,,,,,,
2019-10-05,10:44:00,SEM VÍTIMA,FINALIZADA,CASA AMARELA,AV PROFESSOR JOSE DOS ANJOS,,,EM FRENTE AO Nº 314,AV PROFESSOR JOSE DOS ANJOS,,EM FRENTE AO Nº 314,CASA AMARELA,,SUBURBIO,COLISÃO TRASEIRA,COLISÃO S/ VITIMAS ENTRE DOIS AUTOS,2,,,,,,,,,0,,Longo da via,Bom,Não existe,,Seca,Perfeito estado,Faixa de pedestre,,,Única,Faixa contínua,,,,,,,,
2019-10-05,10:57:00,SEM VÍTIMA,FINALIZADA,SANTO AMARO,AV GOVERNADOR AGAMENON MAGALHAES,3139,,BANCO BRADESCO,AV GOVERNADOR AGAMENON MAGALHAES,3139,BANCO BRADESCO,SANTO AMARO,,SUBURBIO,COLISÃO TRASEIRA,COLISÃO SEM VITIMAS,1,,,,,,1,,,0,,Longo da via,Bom,Não existe,Perfeito estado,Seca,Perfeito estado,Não existe,R-6a,60 km/h,Única,Faixa seccionada,,,,,,,,
2019-10-05,11:08:00,SEM VÍTIMA,FINALIZADA,SÃO JOSÉ,VDO DAS CINCO PONTAS,,RUA DAS CALCADAS,LADO OPOSTO AO FORTE DAS CINCO PONTAS,VDO DAS CINCO PONTAS,,LADO OPOSTO AO FORTE DAS CINCO PONTAS,SÃO JOSÉ,,SUBURBIO,ABALROAMENTO LONGITUDINAL,COLISÃO S/ VITIMAS ENTRE DOIS AUTOS,2,,,,,,,,,0,,Longo da via,Bom,Sem defeito,Perfeito estado,Seca,Perfeito estado,Não existe,Outras,,Dupla,Canteiro central,,,,,,,,
2019-10-05,11:22:00,COM VÍTIMA,FINALIZADA,SANTO AMARO,AV CRUZ CABUGA,,RUA DOS CASADOS,NA SAIDA DO SHOPPING TACARUNA EM FRENTE A O HOSPITAL DO CANCER SEMAFORO 202,AV CRUZ CABUGA,,NA SAIDA DO SHOPPING TACARUNA EM FRENTE A O HOSPITAL DO CANCER SEMAFORO 202,SANTO AMARO,202,LESTE,ABALROAMENTO LONGITUDINAL,AUTO E MOTO.,1,1,,,,,,,,1,,Cruzamento,Bom,Sem defeito,Incompleta,Seca,Perfeito estado,Faixa de pedestre,R-6a,,Única,Não existe,,,,,,,,
2019-10-05,12:06:00,COM VÍTIMA,CANCELADA,VÁRZEA,AV AFONSO OLINDENSE,1355,,EM FRENTE A FARMACIA PAGUE MENOS,AV AFONSO OLINDENSE,1355,EM FRENTE A FARMACIA PAGUE MENOS,VÁRZEA,,,COLISÃO,COLISÃO COM VÍTIMA,1,1,,,,,,,,1,,,,,,,,,,,,,,,,,,,,
2019-10-05,12:21:00,SEM VÍTIMA,FINALIZADA,SÃO JOSÉ,C SANTA RITA,,,EM FRENTE AO DEPOSITO AGEMAR S/N,C SANTA RITA,,EM FRENTE AO DEPOSITO AGEMAR S/N,SÃO JOSÉ,76,SUBURBIO,ABALROAMENTO LONGITUDINAL,COLISÃO COM VÍTIMA,2,,,,,,,,,0,,Longo da via,Bom,Sem defeito,Perfeito estado,Seca,Perfeito estado,Não existe,Não há placas,60 km/h,Dupla,Canteiro central,,,,,,,,
2019-10-05,12:30:00,SEM VÍTIMA,FINALIZADA,ARRUDA,AV BEBERIBE,1468,,LADO OPOSTO AO CANAL DA CONSTRUÇÃO,AV BEBERIBE,1468,LADO OPOSTO AO CANAL DA CONSTRUÇÃO,ARRUDA,,,ABALROAMENTO LONGITUDINAL,COLISAO ENTRE AUTO E ONIBUS S/V,1,,,,,1,,,,0,,Longo da via,Bom,Não existe,Perfeito estado,Seca,Perfeito estado,,Não há placas,,Dupla,Faixa contínua,,,,,,,,
2019-10-05,12:32:00,SEM VÍTIMA,CANCELADA,JARDIM SÃO PAULO,AV SAO PAULO,,,EM FRENTE AO LAB. GILSON CIDRIN,AV SAO PAULO,,EM FRENTE AO LAB. GILSON CIDRIN,JARDIM SÃO PAULO,,,COLISÃO,COLISÃO SEM VITIMA,1,,,,,,1,,,0,,,,,,,,,,,,,,,,,,,,
2019-10-05,12:48:00,SEM VÍTIMA,FINALIZADA,BOA VIAGEM,RUA BALTAZAR PASSOS,,RUA SA E SOUZA,,RUA BALTAZAR PASSOS,,,BOA VIAGEM,,,ABALROAMENTO LONGITUDINAL,COLISAO ENTRE ONIBUS E AUTO S/V,1,,,,,1,,,,0,,Cruzamento,Bom,Não existe,Perfeito estado,Seca,Perfeito estado,,,,Única,,,,,,,,,
2019-10-05,13:06:00,SEM VÍTIMA,FINALIZADA,BOA VIAGEM,AV BOA VIAGEM,360,,EM FRENTE AO EDF. MAR DO PORTO,AV BOA VIAGEM,360,EM FRENTE AO EDF. MAR DO PORTO,BOA VIAGEM,,CIDADE,ABALROAMENTO LONGITUDINAL,COLISÃO SEM VÍTIMA,1,,1,,,,,,,0,,Longo da via,Bom,Não existe,Perfeito estado,Seca,Perfeito estado,Não existe,R-6a,60 km/h,Única,Faixa seccionada,,,,,,,,
2019-10-05,13:32:00,SEM VÍTIMA,FINALIZADA,MORRO DA CONCEIÇÃO,COR DO BARTOLOMEU,45A,,PRÓXIMO A GIOVANA BARROS ALIANÇA,COR DO BARTOLOMEU,45A,PRÓXIMO A GIOVANA BARROS ALIANÇA,MORRO DA CONCEIÇÃO,79,CIDADE,COLISÃO TRASEIRA,COLISÃO SEM VÍTIMA,1,,1,,,,,,,0,,Longo da via,Bom,Sem defeito,Ilegível,Seca,Perfeito estado,Faixa de pedestre,R-6a,,Dupla,Faixa seccionada,,,,,,,,
2019-10-05,14:23:00,SEM VÍTIMA,FINALIZADA,MANGUEIRA,AV RECIFE,5460,,LADO OPOSTO AO HOTEL ESTORIL,AV RECIFE,5460,LADO OPOSTO AO HOTEL ESTORIL,MANGUEIRA,,CIDADE,COLISÃO TRASEIRA,COLISAO ENTRE TRES AUTOS E UMA MOTO S/V,3,1,,,,,,,,0,,Longo da via,Bom,Não existe,Perfeito estado,Seca,Perfeito estado,Não existe,Não há placas,50 km/h,Dupla,Faixa seccionada,,,,,,,,
2019-10-05,14:35:00,COM VÍTIMA,FINALIZADA,ESPINHEIRO,RUA DO ESPINHEIRO,800,,EM FRENTE AO EDIF. PIO X12 E A ESCOLA SABER VIVER. LADO OPOSTO A GALERIA FRANCISCO ACCIOLY.,RUA DO ESPINHEIRO,800,EM FRENTE AO EDIF. PIO X12 E A ESCOLA SABER VIVER. LADO OPOSTO A GALERIA FRANCISCO ACCIOLY.,ESPINHEIRO,,,ABALROAMENTO LONGITUDINAL,AUTO E MOTO.,1,1,,,,,,,,1,,Longo da via,Bom,Não existe,Perfeito estado,Seca,Perfeito estado,Não existe,R-6a,40 km/h,Única,Faixa seccionada,,,,,,,,