data,hora,natureza_acidente,situacao,bairro,endereco,numero,detalhe_endereco_acidente,complemento,endereco_cruzamento,numero_cruzamento,referencia_cruzamento,bairro_cruzamento,num_semaforo,sentido_via,tipo,descricao,auto,moto,ciclom,ciclista,pedestre,onibus,caminhao,viatura,outros,vitimas,vitimasfatais,acidente_verificado,tempo_clima,situacao_semaforo,sinalizacao,condicao_via,conservacao_via,ponto_controle,situacao_placa,velocidade_max_via,mao_direcao,divisao_via1,divisao_via2,divisao_via3,,,,,,
2019-10-09,07:04:00,SEM VÍTIMA,FINALIZADA,AREIAS,AV RECIFE,,,PRÓXIMO À AVENIDA TAPAJÓS ( POSTO BR),AV RECIFE,,PRÓXIMO À AVENIDA TAPAJÓS ( POSTO BR),AREIAS,620,SUBURBIO,COLISÃO TRASEIRA,COLISÃO S/VITIMAS ENTRE DOIS AUTO,2,,,,,,,,,0,,Longo da via,Chuvoso,Sem defeito,Perfeito estado,Molhada,Perfeito estado,Faixa de pedestre,,,Dupla,Canteiro central,,,,,,,,
2019-10-09,07:25:00,SEM VÍTIMA,FINALIZADA,IMBIRIBEIRA,AV MARECHAL MASCARENHAS DE MORAES,6997,,,AV MARECHAL MASCARENHAS DE MORAES,6997,,IMBIRIBEIRA,,,ABALROAMENTO LONGITUDINAL,AUTO E CAMINHAO,1,,,,,,,,,0,,Longo da via,Bom,Não existe,,Seca,Perfeito estado,Não existe,Não há placas,,Dupla,Canteiro central,,,,,,,,
2019-10-09,07:27:00,COM VÍTIMA,FINALIZADA,SOLEDADE,RUA JOSE DE ALENCAR,,RUA BARAO DE SAO BORJA,EM FRENTE AO HOTEL BOA VISTA,RUA JOSE DE ALENCAR,,EM FRENTE AO HOTEL BOA VISTA,SOLEDADE,,CIDADE,ABALROAMENTO TRANSVERSAL,DOIS AUTOS.,2,,,,,,,,,1,,Cruzamento,Chuvoso,Não existe,Ilegível,Molhada,Perfeito estado,Não existe,Placas Pare,,Única,Não existe,,,,,,,,
2019-10-09,07:30:00,COM VÍTIMA,FINALIZADA,MADALENA,PTE PROFESSOR MORAES REGO,S/N,,SOBRE A PONTE DA CAPUNGA,PTE PROFESSOR MORAES REGO,S/N,SOBRE A PONTE DA CAPUNGA,MADALENA,387,CIDADE,COLISÃO TRASEIRA,TRÊS AUTOS E UMA MOTO.,3,1,,,,,,,,1,,Ponte,Chuvoso,Sem defeito,Perfeito estado,Molhada,Perfeito estado,Agente,Outras,,Dupla,Faixa contínua,,,,,,,,
2019-10-09,07:37:00,COM VÍTIMA,FINALIZADA,BOA VIAGEM,AV ENGENHEIRO DOMINGOS FERREIRA,1195,RUA ANTONIO PEDRO DE FIGUEIREDO,EM FRENTE A CONCESSIONARIA AUTO PRIME,AV ENGENHEIRO DOMINGOS FERREIRA,1195,EM FRENTE A CONCESSIONARIA AUTO PRIME,BOA VIAGEM,324,SUBURBIO,COLISÃO TRASEIRA,VAN E MOTOCICLETA.,1,1,,,,,,,,1,,Longo da via,Bom,Sem defeito,Perfeito estado,Seca,Perfeito estado,Faixa de pedestre,Não há placas,,Única,Faixa contínua,Canteiro central,,,,,,,
2019-10-09,07:37:00,SEM VÍTIMA,FINALIZADA,PINA,AV ANTONIO DE GOES,,,EM FRENTE AO POSTO BR,AV ANTONIO DE GOES,,EM FRENTE AO POSTO BR,PINA,103,CIDADE,ABALROAMENTO TRANSVERSAL,MOTO E AUTO (SUB. NATALICIO NO LOCAL),1,1,,,,,,,,0,,Longo da via,Chuvoso,Sem defeito,Perfeito estado,Molhada,Perfeito estado,Agente,Não há placas,60 km/h,Única,Faixa seccionada,Canteiro central,,,,,,,
2019-10-09,07:48:00,SEM VÍTIMA,FINALIZADA,SÃO JOSÉ,AV ENGENHEIRO JOSE ESTELITA,,,AO LADO DAS CÂMERAS DE FISCALIZAÇÃO DE VELOCIDADE,AV ENGENHEIRO JOSE ESTELITA,,AO LADO DAS CÂMERAS DE FISCALIZAÇÃO DE VELOCIDADE,SÃO JOSÉ,,CIDADE,COLISÃO TRASEIRA,COLISÃO SEM VITIMAS,3,,,,,,,,,0,,Longo da via,Bom,Não existe,Perfeito estado,Seca,Perfeito estado,,R-19,60 km/h,Dupla,Canteiro central,,,,,,,,
2019-10-09,07:50:00,SEM VÍTIMA,CANCELADA,IBURA,RUA EXP FRANCISCO VITORIANO,15,,100 METROS APÓS O SUPERMERCADO TREVO (SENT. BR 101),RUA EXP FRANCISCO VITORIANO,15,100 METROS APÓS O SUPERMERCADO TREVO (SENT. BR 101),IBURA,,,COLISÃO,COLISÃO S/VITIMAS ENTRE DOIS AUTOS,2,,,,,,,,,0,,,,,,,,,,,,,,,,,,,,
2019-10-09,08:11:00,SEM VÍTIMA,FINALIZADA,BOA VIAGEM,RUA DOS NAVEGANTES,4558,RUA CORONEL BENEDITO CHAVES,CRUZAMENTO,RUA DOS NAVEGANTES,4558,CRUZAMENTO,BOA VIAGEM,,SUBURBIO,ABALROAMENTO TRANSVERSAL,DOIS AUTOS,2,,,,,,,,,0,,Cruzamento,Bom,Não existe,Ilegível,Seca,Perfeito estado,Não existe,Não há placas,,Única,Não existe,,,,,,,,
2019-10-09,08:13:00,SEM VÍTIMA,FINALIZADA,ESPINHEIRO,RUA BARAO DE ITAMARACA,397,RUA RUI CALACA,CULTURA INGLESA ( AO LADO),RUA BARAO DE ITAMARACA,397,CULTURA INGLESA ( AO LADO),ESPINHEIRO,,CIDADE,ABALROAMENTO TRANSVERSAL,COLISÃO SEM VITIMAS,2,,,,,,,,,0,,Longo da via,Chuvoso,Não existe,Incompleta,Molhada,Mal conservada,Não existe,Não há placas,,Dupla,Faixa seccionada,,,,,,,,
2019-10-09,08:21:00,COM VÍTIMA,FINALIZADA,CASA FORTE,RUA LEONARDO BEZERRA CAVALCANTE,672,,EM FRENTE AO BOI VERDE,RUA LEONARDO BEZERRA CAVALCANTE,672,EM FRENTE AO BOI VERDE,CASA FORTE,,SUBURBIO,ABALROAMENTO LONGITUDINAL,MOTO E AUTO,1,1,,,,,,,,1,,Longo da via,Chuvoso,Não existe,Perfeito estado,Molhada,Perfeito estado,Não existe,R-6a,,Única,Faixa seccionada,,,,,,,,
2019-10-09,08:35:00,SEM VÍTIMA,CANCELADA,BOA VIAGEM,AVENIDA CELSO FURTADO (VIA MANGUE),,,SENT. PINA POR TRAS DO SUPERMERCADO EXTRA,AVENIDA CELSO FURTADO (VIA MANGUE),,SENT. PINA POR TRAS DO SUPERMERCADO EXTRA,BOA VIAGEM,,,COLISÃO,COLISÃO SEM VITIMAS,1,,,,,,1,,,0,,,,,,,,,,,,,,,,,,,,
2019-10-09,08:37:00,SEM VÍTIMA,FINALIZADA,,AV MARECHAL MASCARENHAS DE MORAES,,,EM FRENTE A LOJA FERREIRA COSTA,AV MARECHAL MASCARENHAS DE MORAES,,EM FRENTE A LOJA FERREIRA COSTA,,386,CIDADE,COLISÃO TRASEIRA,DOIS AUTOS,2,,,,,,,,,0,,Longo da via,Bom,Sem defeito,Perfeito estado,Seca,Perfeito estado,Faixa de pedestre,R-6a,,Dupla,Faixa seccionada,Canteiro central,,,,,,,
2019-10-09,08:50:00,COM VÍTIMA,CANCELADA,PRADO,RUA SANTA EDWIRGES,295,RUA PADRE TEOFILO TWORZ,100 METROS ANTES DA IGREJA PRESBITERIANA DO PRADO,RUA SANTA EDWIRGES,295,100 METROS ANTES DA IGREJA PRESBITERIANA DO PRADO,PRADO,,,COLISÃO,COLISÃO C/VITIMAS ENTRE UMA MOTO E UM AUTO,1,1,,,,,,,,1,,,,,,,,,,,,,,,,,,,,
2019-10-09,08:58:00,SEM VÍTIMA,FINALIZADA,,RUA BENFICA,,AV VISCONDE DE ALBUQUERQUE,,RUA BENFICA,,,,51,SUBURBIO,ABALROAMENTO LONGITUDINAL,COLISÃO SEM VÍTIMAS,1,1,,,,,,,,0,,Cruzamento,Bom,Com defeito,Perfeito estado,Seca,Perfeito estado,Agente,,,Dupla,Não existe,,,,,,,,
2019-10-09,,SEM VÍTIMA,FINALIZADA,BOA VIAGEM,AV DOM JOAO VI,,RUA PEDRO PAES MENDONCA,,AV DOM JOAO VI,,,BOA VIAGEM,,CIDADE,COLISÃO TRASEIRA,COLISÃO SEM VÍTIMAS,2,,,,,,,,,0,,Cruzamento,Bom,Sem defeito,Perfeito estado,Seca,Perfeito estado,Faixa de pedestre,Outras,60 km/h,Única,Não existe,,,,,,,,
2019-10-09,12:36:00,SEM VÍTIMA,FINALIZADA,NOVA DESCOBERTA,AV VEREADOR OTACILIO AZEVEDO,,,EM FRENTE A ESCOLA MUNICIPAL ROTARY,AV VEREADOR OTACILIO AZEVEDO,,EM FRENTE A ESCOLA MUNICIPAL ROTARY,NOVA DESCOBERTA,,SUBURBIO,ABALROAMENTO LONGITUDINAL,COLISÃO SEM VÍTIMA,1,1,,,,,,,,0,,Longo da via,Bom,Não existe,Perfeito estado,Seca,Perfeito estado,Não existe,R-6c,,Dupla,Faixa seccionada,,,,,,,,
2019-10-09,12:40:00,SEM VÍTIMA,FINALIZADA,BOA VISTA,RUA GENERAL JOAQUIM INACIO,,,EM FRENTE AO SEMÁFORO Nº 653,RUA GENERAL JOAQUIM INACIO,,EM FRENTE AO SEMÁFORO Nº 653,BOA VISTA,653,SUBURBIO,ABALROAMENTO LONGITUDINAL,COLISAO ENTRE ONIBUS E AUTO S/V,1,,,,,1,,,,0,,Longo da via,Bom,Sem defeito,Perfeito estado,Seca,Perfeito estado,Faixa de pedestre,R-6a,,Única,Faixa seccionada,,,,,,,,
2019-10-09,12:42:00,SEM VÍTIMA,FINALIZADA,SÃO JOSÉ,C SANTA RITA,,,EM FRENTE AS TORRES GÊMEAS,C SANTA RITA,,EM FRENTE AS TORRES GÊMEAS,SÃO JOSÉ,582,CIDADE,COLISÃO TRASEIRA,COLISÃO SEM VÍTIMA,3,,,,,,,,,0,,Longo da via,Bom,Sem defeito,Perfeito estado,Seca,Perfeito estado,Faixa de pedestre,Outras,60 km/h,Dupla,Canteiro central,,,,,,,,
2019-10-09,12:49:00,SEM VÍTIMA,FINALIZADA,SANCHO,AV LIBERDADE,700,,PIZZARIA E CHURRASCARIA MANÁ,AV LIBERDADE,700,PIZZARIA E CHURRASCARIA MANÁ,SANCHO,,CIDADE,ABALROAMENTO TRANSVERSAL,COLISAO ENTRE DOIS AUTOS S/V,2,,,,,,,,,0,,Longo da via,Bom,Não existe,Incompleta,Seca,Perfeito estado,Não existe,Não há placas,,Dupla,Faixa contínua,,,,,,,,
2019-10-09,12:51:00,SEM VÍTIMA,CANCELADA,AREIAS,AV RECIFE,,,EM FRENTE AO MAKRO, NO SENTIDO BR,AV RECIFE,,EM FRENTE AO MAKRO, NO SENTIDO BR,AREIAS,,,COLISÃO,COLISÃO SEM VITIMA,2,,,,,,,,,0,,,,,,,,,,,,,,,,,,
2019-10-09,13:01:00,SEM VÍTIMA,FINALIZADA,BOA VIAGEM,AV ENGENHEIRO DOMINGOS FERREIRA,1991,,EM FRENTE A DROGASIL,AV ENGENHEIRO DOMINGOS FERREIRA,1991,EM FRENTE A DROGASIL,BOA VIAGEM,,SUBURBIO,ABALROAMENTO LONGITUDINAL,DOIS AUTOMÓVEIS,2,,,,,,,,,0,,Longo da via,Bom,Não existe,Perfeito estado,Seca,Perfeito estado,Não existe,Não há placas,60 km/h,Única,Faixa seccionada,Canteiro central,,,,,,,
2019-10-09,13:01:00,SEM VÍTIMA,FINALIZADA,ALTO DO MANDU,RUA MANDACARU,,,MERCADINHO ECONOMICO E O DEPOSITO DA ULTRA GÁS,RUA MANDACARU,,MERCADINHO ECONOMICO E O DEPOSITO DA ULTRA GÁS,ALTO DO MANDU,,,CHOQUE OBJETO FIXO,CAMINHÃO SE CHOCOU COM O POSTE DA CELPE QUE FOI PARTIDO AO MEIO, SOLICITANTE INFORMA TER FIOS DE ALTA TENÇÃO NA VIA...A CELPE JA FOI INFORMADA,,,,,,,1,,,0,,,,,,,,,,,,,,,,,,,
2019-10-09,13:04:00,SEM VÍTIMA,FINALIZADA,BOA VIAGEM,RUA CAPITAO ZUZINHA,,,EM FRENTE A PARADA DE ÔNIBUS DE Nº 010212,RUA CAPITAO ZUZINHA,,EM FRENTE A PARADA DE ÔNIBUS DE Nº 010212,BOA VIAGEM,,,ABALROAMENTO LONGITUDINAL,ÔNIBUS X GM CRUZE,1,,,,,1,,,,0,,Longo da via,Bom,Não existe,Perfeito estado,Seca,Perfeito estado,Não existe,Não há placas,,Única,Faixa seccionada,,,,,,,,
2019-10-09,13:04:00,SEM VÍTIMA,DUPLICIDADE,SÃO JOSÉ,AV SUL,,,,AV SUL,,,SÃO JOSÉ,582,,COLISÃO,VOYAGE X ETIOS X COROLLA ,3,,,,,,,,,0,,,,,,,,,,,,,,,,,,,,
2019-10-09,13:28:00,SEM VÍTIMA,FINALIZADA,AFOGADOS,RUA ARQUITETO LUIZ NUNES,,RUA PROFESSOR AUGUSTO WANDERLEY FILHO,,RUA ARQUITETO LUIZ NUNES,,,AFOGADOS,,CIDADE,ABALROAMENTO LONGITUDINAL,GOL X KIWD,2,,,,,,,,,0,,Cruzamento,Bom,Sem defeito,Perfeito estado,Seca,Perfeito estado,Faixa de pedestre,Outras,,Única,Faixa seccionada,,,,,,,,
2019-10-09,14:04:00,SEM VÍTIMA,FINALIZADA,ALTO DO MANDU,RUA MANDACARU,485,RUA VISGUEIRO,POSTE DA CELPE Nº B 039853,RUA MANDACARU,485,POSTE DA CELPE Nº B 039853,ALTO DO MANDU,,SUBURBIO,CHOQUE OBJETO FIXO,CAMINHÃO SE CHOCOU COM O POSTE DA CELPE QUE FOI PARTIDO AO MEIO, SOLICITANTE INFORMA TER FIOS DE ALTA TENÇÃO NA VIA...A CELPE JA FOI INFORMADA,,,,,,,1,,,0,,,Bom,Não existe,Não existente,Seca,Perfeito estado,Não existe,,30 km/h,Dupla,Não existe,,,,,,,
2019-10-09,14:23:00,SEM VÍTIMA,FINALIZADA,BOA VIAGEM,AV CONSELHEIRO AGUIAR,1881,,EM FRENTE A PIZZARIA DOMINOS,AV CONSELHEIRO AGUIAR,1881,EM FRENTE A PIZZARIA DOMINOS,BOA VIAGEM,,CIDADE,ABALROAMENTO LONGITUDINAL,COLISÃO SEM VÍTIMA,2,,,,,,,,,0,,Longo da via,Bom,Não existe,Perfeito estado,Seca,Perfeito estado,Não existe,R-6a,,Única,Faixa seccionada,,,,,,,,
2019-10-09,14:41:00,COM VÍTIMA,FINALIZADA,IPSEP,AV PRESIDENTE DUTRA,,,E/F AO ARMAZEM RECIFE LTD AO LODO DO CANAL DO IPSEP NO SEMAFORO 319,AV PRESIDENTE DUTRA,,E/F AO ARMAZEM RECIFE LTD AO LODO DO CANAL DO IPSEP NO SEMAFORO 319,IPSEP,319,CIDADE,ABALROAMENTO TRANSVERSAL,COLISAO ENTRE AUTO E MOTO COM UMA VITIMA,1,1,,,,,,,,1,,Longo da via,Bom,Sem defeito,Perfeito estado,Seca,Perfeito estado,,,,,,,,,,,,,
2019-10-09,15:04:00,SEM VÍTIMA,FINALIZADA,BOA VIAGEM,RUA MARQUES DE VALENCA,1020,,ESCOLA TÉCNICA CÍCERO DIAS,RUA MARQUES DE VALENCA,1020,ESCOLA TÉCNICA CÍCERO DIAS,BOA VIAGEM,,SUBURBIO,ABALROAMENTO LONGITUDINAL,COLISÃO SEM VITIMA,2,,,,,,,,,0,,Longo da via,Bom,Não existe,Perfeito estado,Seca,Perfeito estado,Faixa de pedestre,Outras,,Dupla,Faixa seccionada,,,,,,,,
2019-10-09,15:26:00,SEM VÍTIMA,FINALIZADA,SÃO JOSÉ,C SANTA RITA,,,EM FRENTE AS TORRES GÊMEAS,C SANTA RITA,,EM FRENTE AS TORRES GÊMEAS,SÃO JOSÉ,,CIDADE,ABALROAMENTO LONGITUDINAL,COLISÃO SEM VITIMA,1,,,,,1,,,,0,,Longo da via,Bom,Sem defeito,Perfeito estado,Seca,Perfeito estado,,Não há placas,60 km/h,Dupla,Canteiro central,,,,,,,,
2019-10-09,15:34:00,SEM VÍTIMA,FINALIZADA,SANTANA,RUA DONA OLEGARINHA,,,EM FRENTE AO Nº407 ( POSTO DE SAÚDE),RUA DONA OLEGARINHA,,EM FRENTE AO Nº407 ( POSTO DE SAÚDE),SANTANA,,CIDADE,ABALROAMENTO LONGITUDINAL,COLISÃO SEM VITIMA,,,,,,1,,,1,0,,Longo da via,Bom,Não existe,Perfeito estado,Seca,Perfeito estado,Não existe,Não há placas,,Única,Não existe,,,,,,,,
2019-10-09,15:46:00,SEM VÍTIMA,FINALIZADA,BOA VISTA,RUA DO PRINCIPE,563,,HOSPITAL GERAL DO RECIFE,RUA DO PRINCIPE,563,HOSPITAL GERAL DO RECIFE,BOA VISTA,466,CIDADE,COLISÃO TRASEIRA,COLISAO ENTRE DOIS AUTOS S/V,2,,,,,,,,,0,,Longo da via,Bom,Sem defeito,Perfeito estado,Seca,Perfeito estado,Faixa de pedestre,Não há placas,,Única,Faixa contínua,,,,,,,,
2019-10-09,16:07:00,SEM VÍTIMA,FINALIZADA,BOA VIAGEM,RUA FRANCISCO DA CUNHA,370,RUA TENENTE JOAO CICERO,SOUL ESTETICA,RUA FRANCISCO DA CUNHA,370,SOUL ESTETICA,BOA VIAGEM,,SUBURBIO,ABALROAMENTO TRANSVERSAL,COLISAO ENTRE DOIS AUTOS S/V,2,,,,,,,,,0,,Cruzamento,Bom,Não existe,Perfeito estado,Seca,Perfeito estado,Não existe,Placas Pare,,,,,,,,,,,
2019-10-09,16:29:00,COM VÍTIMA,FINALIZADA,CAMPO GRANDE,EST DE BELEM,1335,,APOS A IGREJA DO BOM PARTO E/F A BEMORAR CONSULTORIA IMOBILIARIA,EST DE BELEM,1335,APOS A IGREJA DO BOM PARTO E/F A BEMORAR CONSULTORIA IMOBILIARIA,CAMPO GRANDE,,CIDADE,ABALROAMENTO TRANSVERSAL,DUAS MOTOCICLETAS.,,2,,,,,,,,1,,Longo da via,Bom,Não existe,Perfeito estado,Seca,Perfeito estado,Não existe,R-6a,60 km/h,Dupla,Faixa seccionada,,,,,,,,
2019-10-09,16:59:00,SEM VÍTIMA,CANCELADA,TEJIPIÓ,AV DR JOSE RUFINO,,,E/F AO 4 BCOM BATALHAO DE COMUNICAÇOES,AV DR JOSE RUFINO,,E/F AO 4 BCOM BATALHAO DE COMUNICAÇOES,TEJIPIÓ,,,COLISÃO,COLISAO ENTRE DOIS AONIBUS S/V,,,,,,2,,,,0,,,,,,,,,,,,,,,,,,,,
2019-10-09,17:02:00,SEM VÍTIMA,FINALIZADA,BOA VISTA,RUA GONCALVES MAIA,1000,,,RUA GONCALVES MAIA,1000,,BOA VISTA,,SUBURBIO,ABALROAMENTO LONGITUDINAL,COLISÃO SEM VITIMA,2,,,,,,,,,0,,Longo da via,Bom,Não existe,Perfeito estado,Seca,Perfeito estado,Outros,Outras,,Dupla,,,,,,,,,
2019-10-09,18:05:00,SEM VÍTIMA,FINALIZADA,IBURA,AV DOIS RIOS,106,,,AV DOIS RIOS,106,,IBURA,,SUBURBIO,ABALROAMENTO LONGITUDINAL,ENTRE CAMINHÃO E AUTO PASSEIO. S/V,1,,,,,,1,,,0,,Longo da via,Bom,Não existe,Perfeito estado,Seca,Perfeito estado,,,40 km/h,Dupla,Faixa contínua,,,,,,,,
2019-10-09,18:17:00,COM VÍTIMA,FINALIZADA,SANTO AMARO,RUA TREZE DE MAIO,254,,LADO OPOSTO A DELEGACIA DA MULHER,RUA TREZE DE MAIO,254,LADO OPOSTO A DELEGACIA DA MULHER,SANTO AMARO,,SUBURBIO,ABALROAMENTO TRANSVERSAL,AUTO E MOTO.,1,1,,,,,,,,1,,Longo da via,Bom,Sem defeito,Perfeito estado,Seca,Perfeito estado,Não existe,R-19,30 km/h,Dupla,Faixa contínua,Faixa seccionada,,,,,,,
2019-10-09,18:46:00,SEM VÍTIMA,FINALIZADA,DOIS IRMÃOS,RUA MANUEL DE MEDEIROS,,,LADO OPOSTO A UFRPE,RUA MANUEL DE MEDEIROS,,LADO OPOSTO A UFRPE,DOIS IRMÃOS,,SUBURBIO,ABALROAMENTO LONGITUDINAL,ENTRE ÕNIBUS E AUTO PASSEIO. S/V,1,,,,,1,,,,0,,Longo da via,Bom,Não existe,Ilegível,Seca,Mal iluminada,Não existe,Outras,30 km/h,Dupla,Faixa contínua,,,,,,,,
2019-10-09,19:30:00,SEM VÍTIMA,FINALIZADA,ILHA DO RETIRO,RUA SPORT CLUBE DO RECIFE,,RUA SPORT CLUBE DO RECIFE,CLUBE DO SPORT,RUA SPORT CLUBE DO RECIFE,,CLUBE DO SPORT,ILHA DO RETIRO,,CIDADE,ABALROAMENTO TRANSVERSAL,ÕNIBUS X AUTO PASSEIO. S/V,1,,,,,1,,,,0,,Longo da via,Bom,Não existe,Perfeito estado,Seca,Perfeito estado,Não existe,,30 km/h,Única,Não existe,,,,,,,,
2019-10-09,19:53:00,SEM VÍTIMA,FINALIZADA,AFOGADOS,RUA DA PAZ,,RUA DOUTOR LEONIDAS CRAVO GAMA,,RUA DA PAZ,,,AFOGADOS,,,ABALROAMENTO LONGITUDINAL,AUTO PASSEIO X ONIBUS S/V,1,,,,,1,,,,0,,Cruzamento,Bom,Não existe,Incompleta,Seca,Perfeito estado,Não existe,Outras,,Única,Faixa seccionada,,,,,,,,
2019-10-09,20:05:00,SEM VÍTIMA,FINALIZADA,BOA VIAGEM,AV CONSELHEIRO AGUIAR,,,EM FRENTE A AVIL,AV CONSELHEIRO AGUIAR,,EM FRENTE A AVIL,BOA VIAGEM,,CIDADE,ABALROAMENTO LONGITUDINAL,ENTRE AUTO E ÕNIBUS. S/V,1,,,,,1,,,,0,,Longo da via,Bom,Não existe,Perfeito estado,Seca,Perfeito estado,,,,Única,Faixa seccionada,,,,,,,,
2019-10-09,20:12:00,SEM VÍTIMA,FINALIZADA,BOA VIAGEM,RUA ALMIRANTE TAMANDARE,244,RUA PADRE CABRAL,,RUA ALMIRANTE TAMANDARE,244,,BOA VIAGEM,,SUBURBIO,ABALROAMENTO TRANSVERSAL,ENTRE 2 AUTOS. S/V,2,,,,,,,,,0,,Longo da via,Bom,Não existe,Perfeito estado,Seca,Perfeito estado,Faixa de retenção,Placas Pare,,Dupla,Faixa contínua,,,,,,,,
2019-10-09,21:31:00,SEM VÍTIMA,CANCELADA,IPSEP,AV RECIFE,,,LADO OPOSTO CONSERCIONARIA JJK AUTOS,AV RECIFE,,LADO OPOSTO CONSERCIONARIA JJK AUTOS,IPSEP,,SUBURBIO,COLISÃO,,1,,,,,,,,,0,,,,,,,,,,,,,,,,,,,,
2019-10-09,22:19:00,SEM VÍTIMA,FINALIZADA,TORRE,RUA DOM MANOEL DA COSTA,,RUA PADRE LANDIM,ESCOLA MUNICIPAL PAROQUIAL CRISTO REI,RUA DOM MANOEL DA COSTA,,ESCOLA MUNICIPAL PAROQUIAL CRISTO REI,TORRE,252,CIDADE,ABALROAMENTO TRANSVERSAL,ENTRE ÕNIBUS E AUTO PASSEIO. S/V,1,,,,,1,,,,0,,Cruzamento,Bom,Sem defeito,Perfeito estado,Seca,Perfeito estado,Faixa de pedestre,,,Única,,,,,,,,,
2019-10-10,04:21:00,SEM VÍTIMA,FINALIZADA,SANTO AMARO,AV CRUZ CABUGA,2160,,SHOPPING TACARUNA,AV CRUZ CABUGA,2160,SHOPPING TACARUNA,SANTO AMARO,,CIDADE,CHOQUE OBJETO FIXO,COLISÃO ENTRE AUTO E MICRO ÔNIBUS S/V,1,,,,,1,,,,0,,,Bom,Não existe,Perfeito estado,Seca,Perfeito estado,,,60 km/h,Dupla,,,,,,,,,
2019-10-10,06:18:00,COM VÍTIMA,FINALIZADA,CASA AMARELA,AV NORTE,5985,,EM FRENTE A IGREJA NOVO TEMPO,AV NORTE,5985,EM FRENTE A IGREJA NOVO TEMPO,CASA AMARELA,,CIDADE,COLISÃO TRASEIRA,AUTO E MOTO,1,1,,,,,,,,1,,Longo da via,Chuvoso,Não existe,Incompleta,Molhada,Perfeito estado,Não existe,Outras,,Dupla,Canteiro central,,,,,,,,
2019-10-10,06:57:00,SEM VÍTIMA,FINALIZADA,PARNAMIRIM,RUA PADRE ROMA,291,,EM FRENTE A O EDF JARDINS,RUA PADRE ROMA,291,EM FRENTE A O EDF JARDINS,PARNAMIRIM,,,COLISÃO,COLISÃO SEM VITIMAS,2,,,,,,,,,0,,,,,,,,,,,,,,,,,,,,
2019-10-10,07:08:00,SEM VÍTIMA,FINALIZADA,DERBY,AV GOVERNADOR AGAMENON MAGALHAES,,,APÓS O SEMÁFORO 068,AV GOVERNADOR AGAMENON MAGALHAES,,APÓS O SEMÁFORO 068,DERBY,68,,COLISÃO TRASEIRA,COLISÃO S/ VITIMA ENTRE AUTO E ONIBUS,1,,,,,1,,,,0,,Longo da via,Chuvoso,Sem defeito,Perfeito estado,Molhada,Perfeito estado,Agente,,60 km/h,Dupla,Faixa contínua,Faixa seccionada,Canteiro central,,,,,,
2019-10-10,07:47:00,COM VÍTIMA,FINALIZADA,SANTO AMARO,RUA DO POMBAL,891,RUA FREI CASSIMIRO,EM FRENTE AO PATIO FEIRA,RUA DO POMBAL,891,EM FRENTE AO PATIO FEIRA,SANTO AMARO,,,COLISÃO TRASEIRA,AUTO E ÔNIBUS.,1,,,,,1,,,,3,,Cruzamento,Bom,Não existe,Não existente,Seca,Perfeito estado,Não existe,Não há placas,,Dupla,Faixa seccionada,,,,,,,,
2019-10-10,08:38:00,SEM VÍTIMA,FINALIZADA,ILHA DO RETIRO,RUA SPORT CLUBE DO RECIFE,,AV JOSE GONCALVES DE MEDEIROS,MC DONALDS,RUA SPORT CLUBE DO RECIFE,,MC DONALDS,ILHA DO RETIRO,355,SUBURBIO,COLISÃO TRASEIRA,DOIS AUTOS,2,,,,,,,,,0,,Longo da via,Bom,Sem defeito,Perfeito estado,Seca,Perfeito estado,Faixa de pedestre,Outras,,Dupla,Faixa contínua,Faixa seccionada,Canteiro central,,,,,,
2019-10-10,09:01:00,COM VÍTIMA,FINALIZADA,ÁGUA FRIA,EST VELHA DE AGUA FRIA,1293,RUA BOMBA DO HEMETERIO,ENTRADA DA BOMBA DO HEMETERIO / EM FRENTE AO POSTO NORTE BRAZ / SENT AV NORTE,EST VELHA DE AGUA FRIA,1293,ENTRADA DA BOMBA DO HEMETERIO / EM FRENTE AO POSTO NORTE BRAZ / SENT AV NORTE,ÁGUA FRIA,,,ABALROAMENTO LONGITUDINAL,AUTO E MOTO,1,1,,,,,,,,1,,Esquina,Bom,Não existe,Incompleta,Seca,Perfeito estado,Não existe,Não há placas,,Dupla,Não existe,,,,,,,,
2019-10-10,09:10:00,SEM VÍTIMA,FINALIZADA,AFOGADOS,RUA SAO MIGUEL,516,,E/F AO CD DOS CORREIOS,RUA SAO MIGUEL,516,E/F AO CD DOS CORREIOS,AFOGADOS,,,COLISÃO,COLISÃO S/VITIMAS ENTRE UMA CAMINHÃO E AUTO,1,,,,,,1,,,0,,,,,,,,,,,,,,,,,,,,
2019-10-10,09:20:00,SEM VÍTIMA,CANCELADA,BOA VIAGEM,AV BOA VIAGEM,6836,,EM FRENTE AO CONJUNTO RESIDENCIAL AERONAUTICA H.C.VELOSO,AV BOA VIAGEM,6836,EM FRENTE AO CONJUNTO RESIDENCIAL AERONAUTICA H.C.VELOSO,BOA VIAGEM,,,COLISÃO,SEM VITIMAS,2,,,,,,,,,0,,,,,,,,,,,,,,,,,,,,
2019-10-10,09:33:00,SEM VÍTIMA,FINALIZADA,AFOGADOS,AV SUL,,,LADO OPOSTO A CAIXA ECONÔMICA FEDERAL,AV SUL,,LADO OPOSTO A CAIXA ECONÔMICA FEDERAL,AFOGADOS,,CIDADE,ABALROAMENTO LONGITUDINAL,CAMINHAO E AUTO,1,,,,,,1,,,0,,Longo da via,Bom,Não existe,Perfeito estado,Seca,Perfeito estado,Não existe,Não há placas,,Única,Faixa seccionada,,,,,,,,