data,hora,natureza_acidente,situacao,bairro,endereco,numero,detalhe_endereco_acidente,complemento,endereco_cruzamento,numero_cruzamento,referencia_cruzamento,bairro_cruzamento,num_semaforo,sentido_via,tipo,descricao,auto,moto,ciclom,ciclista,pedestre,onibus,caminhao,viatura,outros,vitimas,vitimasfatais,acidente_verificado,tempo_clima,situacao_semaforo,sinalizacao,condicao_via,conservacao_via,ponto_controle,situacao_placa,velocidade_max_via,mao_direcao,divisao_via1,divisao_via2,divisao_via3,,,,,,
2019-10-10,09:53:00,SEM VÍTIMA,FINALIZADA,IPSEP,RUA ADERBAL DE MELO,135,RUA HELIO BRANDAO,CHAMBARIL E FEIJOADA DO JOÃO,RUA ADERBAL DE MELO,135,CHAMBARIL E FEIJOADA DO JOÃO,IPSEP,,SUBURBIO,ABALROAMENTO TRANSVERSAL,COLISÃO S/VITIMAS ENTRE DOIS AUTOS,2,,,,,,,,,0,,Cruzamento,Bom,Não existe,,Seca,Perfeito estado,Outros,Placas Pare,,Única,Não existe,,,,,,,,
2019-10-10,10:30:00,SEM VÍTIMA,CANCELADA,BAIRRO DO RECIFE,CAIS DA ALFANDEGA,71,,E/F AO ESTACIONAMENTO DA LIVRARIA CULTURA,CAIS DA ALFANDEGA,71,E/F AO ESTACIONAMENTO DA LIVRARIA CULTURA,BAIRRO DO RECIFE,,,COLISÃO,COLISÃO S/VITIMAS ENTRE DOIS AUTOS,2,,,,,,,,,0,,,,,,,,,,,,,,,,,,,,
2019-10-10,10:45:00,SEM VÍTIMA,FINALIZADA,CORDEIRO,AV CAXANGA,,AV INACIO MONTEIRO,,AV CAXANGA,,,CORDEIRO,234,,ABALROAMENTO TRANSVERSAL,COLISÃO SEM VITIMAS ,1,1,,,,,,,,0,,Cruzamento,,Sem defeito,Perfeito estado,Seca,Perfeito estado,,,,Dupla,Canteiro central,,,,,,,,
2019-10-10,10:49:00,COM VÍTIMA,FINALIZADA,SANTO ANTÔNIO,PTE PRINCESA IZABEL,,,AO LADO DO TEATRO SANTA IZABEL. LADO OPOSTO A CAIXA ECONOMICA,PTE PRINCESA IZABEL,,AO LADO DO TEATRO SANTA IZABEL. LADO OPOSTO A CAIXA ECONOMICA,SANTO ANTÔNIO,,,ACID. DE PERCURSO,,,1,,,,,,,,1,,,,,,,,,,,,,,,,,,,,
2019-10-10,12:06:00,SEM VÍTIMA,FINALIZADA,SANTO AMARO,RUA AURORA,1633,,INSTITUTO TAVARES BURIL,RUA AURORA,1633,INSTITUTO TAVARES BURIL,SANTO AMARO,,CID/SUB,ABALROAMENTO LONGITUDINAL,COLISAO ENTRE DOIS AUTOS S/V,2,,,,,,,,,0,,Longo da via,Bom,Sem defeito,Perfeito estado,Seca,Perfeito estado,Agente,Não há placas,,Dupla,Canteiro central,,,,,,,,
2019-10-10,12:28:00,SEM VÍTIMA,FINALIZADA,BOA VIAGEM,RUA RIBEIRO DE BRITO,,,EM FRENTE AO SEMÁFORO DE Nº 298,RUA RIBEIRO DE BRITO,,EM FRENTE AO SEMÁFORO DE Nº 298,BOA VIAGEM,298,SUBURBIO,COLISÃO TRASEIRA,COLISÃO SEM VÍTIMA,1,,,,,1,,,,0,,Longo da via,Bom,Sem defeito,Perfeito estado,Seca,Perfeito estado,Não existe,Não há placas,,Única,Faixa contínua,,,,,,,,
2019-10-10,12:37:00,SEM VÍTIMA,FINALIZADA,ESPINHEIRO,RUA DR GERALDO DE ANDRADE,270,,,RUA DR GERALDO DE ANDRADE,270,,ESPINHEIRO,,SUBURBIO,ABALROAMENTO LONGITUDINAL,COLISAO ENTRE DOIS AUTOS S/V,2,,,,,,,,,0,,Longo da via,Bom,Não existe,Perfeito estado,Seca,Perfeito estado,Não existe,Placas Pare,,Dupla,Não existe,,,,,,,,
2019-10-10,12:40:00,SEM VÍTIMA,FINALIZADA,BAIRRO DO RECIFE,AV ALFREDO LISBOA,33,,EM FRENTE AO POSTE DE ILUMINAÇÃO B 017469,AV ALFREDO LISBOA,33,EM FRENTE AO POSTE DE ILUMINAÇÃO B 017469,BAIRRO DO RECIFE,,,COLISÃO TRASEIRA,ENTRE DOIS AUTO PASSEIO E MOTO S/V,2,1,,,,,,,,0,,Longo da via,Chuvoso,Não existe,Perfeito estado,Molhada,Perfeito estado,Outros,Outras,30 km/h,Única,Faixa seccionada,,,,,,,,
2019-10-10,12:58:00,SEM VÍTIMA,FINALIZADA,IPUTINGA,AV CAXANGA,,RUA BOM PASTOR,,AV CAXANGA,,,IPUTINGA,8,CIDADE,COLISÃO TRASEIRA,COLISÃO SEM VÍTIMA,2,,,,,,,,,0,,Cruzamento,Bom,Sem defeito,Perfeito estado,Seca,Perfeito estado,Faixa de pedestre,R-4b,,Dupla,Canteiro central,,,,,,,,
2019-10-10,13:03:00,SEM VÍTIMA,CANCELADA,BOA VISTA,RUA JORNALISTA EDMUNDO BITENCOURT,,RUA DO JASMIM,E/F AO COLEGIO RENASCER E JET CLUBE RECIFE,RUA JORNALISTA EDMUNDO BITENCOURT,,E/F AO COLEGIO RENASCER E JET CLUBE RECIFE,BOA VISTA,,,COLISÃO,ENTRE DOIS AUTO PASSEIO S/V,2,,,,,,,,,0,,,,,,,,,,,,,,,,,,,,
2019-10-10,13:37:00,SEM VÍTIMA,FINALIZADA,AFOGADOS,AV SUL,,RUA NICOLAU PEREIRA,,AV SUL,,,AFOGADOS,,,ABALROAMENTO LONGITUDINAL,ENTRE DOIS AUTOS S/V,2,,,,,,,,,0,,Longo da via,Bom,Sem defeito,Perfeito estado,Seca,Perfeito estado,Não existe,Não há placas,,Única,Faixa seccionada,,,,,,,,
2019-10-10,14:49:00,SEM VÍTIMA,FINALIZADA,,EST VELHA DE AGUA FRIA,1293,RUA SAO BENTO,IGREJA DE CRISTO PENTECOSTAL NO BRASIL,EST VELHA DE AGUA FRIA,1293,IGREJA DE CRISTO PENTECOSTAL NO BRASIL,,,SUBURBIO,ABALROAMENTO LONGITUDINAL,COLISÃO SEM VÍTIMA,1,,,,,1,,,,0,,Longo da via,Nublado,Não existe,Perfeito estado,Seca,Perfeito estado,Não existe,Outras,,Dupla,Canteiro central,,,,,,,,
2019-10-10,15:05:00,SEM VÍTIMA,FINALIZADA,BONGI,EST DO BONGI,225,,PROX A FACULDADE NOVA ROMA,EST DO BONGI,225,PROX A FACULDADE NOVA ROMA,BONGI,,,COLISÃO,ENTRE DOIS AUTOS S/V,2,,,,,,,,,0,,,,,,,,,,,,,,,,,,,,
2019-10-10,15:09:00,SEM VÍTIMA,FINALIZADA,JORDÃO,AV DONA CARENTINA,,,TERMINAL DO JORDÃO ALTO,AV DONA CARENTINA,,TERMINAL DO JORDÃO ALTO,JORDÃO,,,ABALROAMENTO LONGITUDINAL,ONIBUS X AUTO PASSEIO S/V,1,,,,,1,,,,0,,Longo da via,Bom,Sem defeito,Perfeito estado,Seca,Perfeito estado,Não existe,Não há placas,,Única,Não existe,,,,,,,,
2019-10-10,15:27:00,SEM VÍTIMA,FINALIZADA,CABANGA,RUA COMANDANTE ANTONIO MANHAES DE MATTOS,,,EM FRENTE AO POSTE Nº B 022963,RUA COMANDANTE ANTONIO MANHAES DE MATTOS,,EM FRENTE AO POSTE Nº B 022963,CABANGA,,,CHOQUE VEÍCULO PARADO,COLISAO ENTRE DOIS AUTOS S/V,2,,,,,,,,,0,,Longo da via,Chuvoso,Não existe,Não existente,Molhada,Mal iluminada,Não existe,Não há placas,,Dupla,Não existe,,,,,,,,
2019-10-10,15:44:00,SEM VÍTIMA,FINALIZADA,ILHA DO LEITE,RUA GENERAL JOAQUIM INACIO,830,,,RUA GENERAL JOAQUIM INACIO,830,,ILHA DO LEITE,,,ABALROAMENTO LONGITUDINAL,ENTRE DOIS AUTO S/V,2,,,,,,,,,0,,Longo da via,Bom,Não existe,Perfeito estado,Seca,Perfeito estado,Não existe,Não há placas,,Única,Não existe,,,,,,,,
2019-10-10,16:10:00,SEM VÍTIMA,FINALIZADA,CAMPO GRANDE,RUA PROFESSOR FRANCISCO DA TRINDADE,239,RUA GUAIANAZES,,RUA PROFESSOR FRANCISCO DA TRINDADE,239,,CAMPO GRANDE,,SUBURBIO,ABALROAMENTO LONGITUDINAL,COLISÃO SEM VÍTIMA,1,1,,,,,,,,0,,Longo da via,Nublado,Não existe,Perfeito estado,Molhada,Perfeito estado,Não existe,Outras,,Dupla,Faixa seccionada,,,,,,,,
2019-10-10,16:12:00,SEM VÍTIMA,CANCELADA,ESTÂNCIA,AV RECIFE,272,,E/F SOUND CAR EQUIPADORA,AV RECIFE,272,E/F SOUND CAR EQUIPADORA,ESTÂNCIA,,,COLISÃO,CAMINHÃO X AUTO PASSEIO,1,,,,,,1,,,0,,,,,,,,,,,,,,,,,,,,
2019-10-10,16:47:00,SEM VÍTIMA,FINALIZADA,COELHOS,RUA DOS COELHOS,,RUA PADRE VENANCIO,PROX AO IMIP,RUA DOS COELHOS,,PROX AO IMIP,COELHOS,,,COLISÃO,ONIBUS X AUTO PASSEIO S/V,1,,,,,1,,,,0,,,,,,,,,,,,,,,,,,,,
2019-10-10,18:07:00,SEM VÍTIMA,EQUIPE EM DESLOCAMENTO,BOA VIAGEM,AV BOA VIAGEM,6420,,,AV BOA VIAGEM,6420,,BOA VIAGEM,,CIDADE,COLISÃO TRASEIRA,ENTRE DOIS AUTOS S/V,2,,,,,,,,,0,,Longo da via,Bom,Sem defeito,Perfeito estado,Seca,Perfeito estado,Não existe,Não há placas,,Única,Faixa seccionada,,,,,,,,
2019-10-10,18:33:00,COM VÍTIMA,FINALIZADA,IMBIRIBEIRA,AV MARECHAL MASCARENHAS DE MORAES,4080,,E/F VENEZA MATERIAL DE CONSTRUÇOES E UPA DA IMBIRIBEIRA,AV MARECHAL MASCARENHAS DE MORAES,4080,E/F VENEZA MATERIAL DE CONSTRUÇOES E UPA DA IMBIRIBEIRA,IMBIRIBEIRA,310,SUBURBIO,ABALROAMENTO LONGITUDINAL,AUTO PASSEIO X MOTO COM VÍTIMA,1,1,,,,,,,,2,,Longo da via,Bom,Sem defeito,Perfeito estado,Seca,Perfeito estado,,Outras,,Dupla,Faixa seccionada,Canteiro central,,,,,,,
2019-10-10,18:37:00,VÍTIMA FATAL,FINALIZADA,VÁRZEA,RUA SAGRADA FAMILIA,2032,,ENF A SAGRADA RECEPÇOES E EVENTOS. PRÓXIMO A ARENA PERNAMBUCO.,RUA SAGRADA FAMILIA,2032,ENF A SAGRADA RECEPÇOES E EVENTOS. PRÓXIMO A ARENA PERNAMBUCO.,VÁRZEA,,CIDADE,CHOQUE OBJETO FIXO,CHOQUE ENVOLVENDO UMA MOTOCICLETA.,,1,,,,,,,,,1,Longo da via,Bom,Não existe,Perfeito estado,Seca,Perfeito estado,Não existe,Não há placas,,Única,Faixa contínua,,,,,,,,
2019-10-10,19:29:00,SEM VÍTIMA,FINALIZADA,ENCRUZILHADA,RUA FERNANDO CESAR,242,RUA INACIO GALVAO DOS SANTOS,CENTRAL DA PICANHA,RUA FERNANDO CESAR,242,CENTRAL DA PICANHA,ENCRUZILHADA,,SUBURBIO,ABALROAMENTO TRANSVERSAL,MOTO X AUTO PASSEIO S/V,1,1,,,,,,,,0,,Cruzamento,Bom,Não existe,Perfeito estado,Seca,Perfeito estado,Faixa de pedestre,Placas Pare,,Única,Faixa seccionada,,,,,,,,
2019-10-10,20:41:00,SEM VÍTIMA,FINALIZADA,BARRO,AV DR JOSE RUFINO,,,ENTRADA DA BR 101,AV DR JOSE RUFINO,,ENTRADA DA BR 101,BARRO,,SUBURBIO,COLISÃO TRASEIRA,ENTRE DOIS AUTOS S/V,2,,,,,,,,,0,,,Bom,Não existe,Perfeito estado,Seca,Perfeito estado,Não existe,Não há placas,,Dupla,Faixa contínua,,,,,,,,
2019-10-10,20:58:00,COM VÍTIMA,FINALIZADA,VÁRZEA,RUA VALE DO SIRIJI,,,E/F A FABRICA DO STUDIO DE MUSICA,RUA VALE DO SIRIJI,,E/F A FABRICA DO STUDIO DE MUSICA,VÁRZEA,,SUBURBIO,COLISÃO TRASEIRA,AUTO PASSEIO X MOTO COM VÍTIMA,1,1,,,,,,,,1,,Longo da via,Bom,Não existe,Não existente,Seca,Mal iluminada,Não existe,Não há placas,,Dupla,Faixa seccionada,,,,,,,,
2019-10-10,23:59:00,COM VÍTIMA,CANCELADA,GRAÇAS,RUA ALBERTO PAIVA,,RUA DO FUTURO,APÓS A HABBIB'S, SENTIDO TORRE,RUA ALBERTO PAIVA,,APÓS A HABBIB'S, SENTIDO TORRE,GRAÇAS,,,COLISÃO COM CICLISTA,COLISÃO ENTRE AUTO E CICLISTA, COM VÍTIMA,1,,,1,,,,,,1,,,,,,,,,,,,,,,,,
2019-10-11,05:50:00,VÍTIMA FATAL,FINALIZADA,MADALENA,EST DOS REMEDIOS,,AV JOSE GONCALVES DE MEDEIROS,EM FRENTE AO LESSA DE ANDRADE, PROX. AO BOMPREÇO DA BENFICA,EST DOS REMEDIOS,,EM FRENTE AO LESSA DE ANDRADE, PROX. AO BOMPREÇO DA BENFICA,MADALENA,353,,ABALROAMENTO TRANSVERSAL,ACIDENTE ENVOLVENDO CAMINHÃO E MOTOCICLETA - CAMINHÃO SE AVADIU DO LOCAL E NÃO SENDO POSSÍVEL IDENTIFICAR SUA PLACA.,,1,,,,,1,,,,1,Cruzamento,Bom,Sem defeito,Incompleta,Seca,Mal conservada,Não existe,Não há placas,,Dupla,Não existe,,,,,,
2019-10-11,07:42:00,SEM VÍTIMA,FINALIZADA,ESTÂNCIA,AV RECIFE,220,,EM FRENTE AO Nº 220,AV RECIFE,220,EM FRENTE AO Nº 220,ESTÂNCIA,,,ABALROAMENTO LONGITUDINAL,COLISÃO SEM VITIMAS,2,,,,,,,,,0,,Longo da via,Bom,Não existe,Perfeito estado,Seca,Perfeito estado,Não existe,Não há placas,,Dupla,Faixa seccionada,Canteiro central,,,,,,,
2019-10-11,08:03:00,COM VÍTIMA,FINALIZADA,CABANGA,VDO PAPA JOAO PAULO II,,,ACESSO A ALÇA QUE DESCE PARA O CABANGA. SORBE O VIADUTO.,VDO PAPA JOAO PAULO II,,ACESSO A ALÇA QUE DESCE PARA O CABANGA. SORBE O VIADUTO.,CABANGA,,SU,CHOQUE OBJETO FIXO,AUTO PASSEIO CHOCOU-SE COM A MURETA.,1,,,,,,,,,1,,Viaduto,Bom,Não existe,Perfeito estado,Seca,Perfeito estado,Não existe,Não há placas,60 km/h,,Faixa seccionada,,,,,,,,
2019-10-11,08:08:00,SEM VÍTIMA,FINALIZADA,AFOGADOS,AV SUL,,,LADO OPOSTO AO POSTE DE Nº B 073629,AV SUL,,LADO OPOSTO AO POSTE DE Nº B 073629,AFOGADOS,,CIDADE,ABALROAMENTO LONGITUDINAL,,1,1,,,,,,,,0,,Longo da via,Bom,Não existe,Incompleta,Seca,Perfeito estado,Não existe,,40 km/h,Única,Não existe,,,,,,,,
2019-10-11,08:54:00,SEM VÍTIMA,CANCELADA,AFOGADOS,AV SUL,,,AO LADO DA ESTAÇÃO LARGO DA PAZ, SENT. CIDADE,AV SUL,,AO LADO DA ESTAÇÃO LARGO DA PAZ, SENT. CIDADE,AFOGADOS,,,COLISÃO,CAMINHÃO E AUTO,1,,,,,,1,,,0,,,,,,,,,,,,,,,,,,
2019-10-11,09:33:00,SEM VÍTIMA,FINALIZADA,PINA,AV BOA VIAGEM,,RUA ONDINA,SEMÁFORO 119,AV BOA VIAGEM,,SEMÁFORO 119,PINA,119,CIDADE,ABALROAMENTO LONGITUDINAL,COLISÃO SEM VITIMAS,1,,,,,1,,,,0,,Longo da via,Bom,Sem defeito,Perfeito estado,Seca,Perfeito estado,Faixa de pedestre,Outras,,Única,Faixa seccionada,,,,,,,,
2019-10-11,09:38:00,SEM VÍTIMA,FINALIZADA,TAMARINEIRA,RUA AFONSO CELSO,246,,EM FRENTE AO Nº 246,RUA AFONSO CELSO,246,EM FRENTE AO Nº 246,TAMARINEIRA,,,COLISÃO TRASEIRA,DOIS AUTOS,2,,,,,,,,,0,,Longo da via,Bom,Não existe,Não existente,Seca,Perfeito estado,Não existe,Não há placas,,Única,Não existe,,,,,,,,
2019-10-11,10:30:00,SEM VÍTIMA,CANCELADA,BARRO,AV DR JOSE RUFINO,,RUA MAJOR CHAGAS DE OLIVEIRA,SOBRE O VIADUTO DO BARRO,AV DR JOSE RUFINO,,SOBRE O VIADUTO DO BARRO,BARRO,,DUPLO,COLISÃO,SEM VITIMAS,1,1,,,,,,,,0,,,,,,,,,,,,,,,,,,,,
2019-10-11,10:48:00,SEM VÍTIMA,FINALIZADA,PINA,AV ANTONIO DE GOES,275,RUA MANOEL CORIOLANO,ESQUINA COM A RUA MANOEL CORIOLANO,AV ANTONIO DE GOES,275,ESQUINA COM A RUA MANOEL CORIOLANO,PINA,,CIDADE,ABALROAMENTO LONGITUDINAL,ONIBUS E AUTO PASSEIO,1,,,,,1,,,,0,,,Bom,Não existe,Perfeito estado,Seca,Perfeito estado,Não existe,Não há placas,60 km/h,Única,Canteiro central,,,,,,,,
2019-10-11,11:00:00,SEM VÍTIMA,FINALIZADA,BOA VISTA,RUA DOM BOSCO,1104,AV GOVERNADOR CARLOS DE LIMA CAVALCANTI,EMLURB,RUA DOM BOSCO,1104,EMLURB,BOA VISTA,27,SUBURBIO,ABALROAMENTO TRANSVERSAL,DOIS AUTOS,2,,,,,,,,,0,,Longo da via,Bom,Sem defeito,Perfeito estado,Seca,Perfeito estado,Faixa de pedestre,Outras,,Única,Faixa seccionada,,,,,,,,
2019-10-11,11:05:00,SEM VÍTIMA,FINALIZADA,BOA VIAGEM,AV ENGENHEIRO DOMINGOS FERREIRA,,,,AV ENGENHEIRO DOMINGOS FERREIRA,,,BOA VIAGEM,217,SUBURBIO,COLISÃO TRASEIRA,DOIS AUTOS,2,,,,,,,,,0,,Longo da via,Bom,Sem defeito,Perfeito estado,Seca,Perfeito estado,Outros,Outras,60 km/h,Única,Canteiro central,,,,,,,,
2019-10-11,11:47:00,SEM VÍTIMA,FINALIZADA,SANTO AMARO,AV NORTE,,RUA AURORA,EM FRENTE A TV UNIVERSITARIA,AV NORTE,,EM FRENTE A TV UNIVERSITARIA,SANTO AMARO,243,SUB/CID,COLISÃO TRASEIRA,DOIS AUTOS SUB. EDVAN GOMES PONTO FIXO,2,,,,,,,,,0,,Longo da via,Bom,Sem defeito,Perfeito estado,Seca,Perfeito estado,Agente,R-6a,,Dupla,Canteiro central,,,,,,,,
2019-10-11,12:06:00,COM VÍTIMA,FINALIZADA,AFOGADOS,RUA SAO MIGUEL,,,ANTES DO BLOG SENTIDO SUBÚRBIO,RUA SAO MIGUEL,,ANTES DO BLOG SENTIDO SUBÚRBIO,AFOGADOS,391,SUBURBIO,COLISÃO COM CICLISTA,MOTO E BICICLETA,,1,,1,,,,,,1,,Longo da via,Bom,Sem defeito,Perfeito estado,Seca,Perfeito estado,Faixa de pedestre,,,Dupla,Faixa contínua,,,,,,,,
2019-10-11,12:07:00,SEM VÍTIMA,CANCELADA,MADALENA,RUA REAL DA TORRE,762,,EM FRENTE DO O GUIA,RUA REAL DA TORRE,762,EM FRENTE DO O GUIA,MADALENA,,,COLISÃO,COLISÃO SEM VITIMA,2,,,,,,,,,0,,,,,,,,,,,,,,,,,,,,
2019-10-11,12:13:00,SEM VÍTIMA,FINALIZADA,VÁRZEA,RUA AMARO GOMES POROCA,416,RUA ACADEMICO HELIO RAMOS,,RUA AMARO GOMES POROCA,416,,VÁRZEA,520,SUBURBIO,ABALROAMENTO LONGITUDINAL,COLISÃO SEM VITIMA,1,,,,,1,,,,0,,,Bom,Sem defeito,Perfeito estado,Seca,Perfeito estado,Faixa de pedestre,R-6a,,Dupla,Faixa contínua,,,,,,,,
2019-10-11,12:16:00,SEM VÍTIMA,FINALIZADA,CASA AMARELA,RUA MAJOR NEREU GUERRA,142,RUA DR CARLOS MAVIGNIER,KARLA JÓRIO ESPAÇO DE BELEZA,RUA MAJOR NEREU GUERRA,142,KARLA JÓRIO ESPAÇO DE BELEZA,CASA AMARELA,,CIDADE,ABALROAMENTO TRANSVERSAL,COLISAO ENTRE DOIS AUTOS S/V,2,,,,,,,,,0,,Cruzamento,Bom,Não existe,Não existente,Seca,Perfeito estado,Não existe,Não há placas,,Dupla,Faixa seccionada,,,,,,,,
2019-10-11,12:24:00,SEM VÍTIMA,DUPLICIDADE,VÁRZEA,RUA AMARO GOMES POROCA,386,RUA ACADEMICO HELIO RAMOS,PROXIMO AO SEMÁFORO 520 E AO LADO DA FADE,RUA AMARO GOMES POROCA,386,PROXIMO AO SEMÁFORO 520 E AO LADO DA FADE,VÁRZEA,,,COLISÃO,COLISÃO SEM VITIMA,1,,,,,1,,,,0,,,,,,,,,,,,,,,,,,,,
2019-10-11,14:45:00,SEM VÍTIMA,FINALIZADA,CORDEIRO,RUA RIO DE JANEIRO,102,RUA RUBIM,EM FRENTE A TRANSPORTADORA ENCOPEVIL,RUA RIO DE JANEIRO,102,EM FRENTE A TRANSPORTADORA ENCOPEVIL,CORDEIRO,,,COLISÃO,SEM VITIMAS,1,,,,,,1,,,0,,,,,,,,,,,,,,,,,,,,
2019-10-11,15:14:00,SEM VÍTIMA,FINALIZADA,JARDIM SÃO PAULO,RUA CARLOS ALBERTO VALENCA,395,,SENTIDO SUBURBIO,RUA CARLOS ALBERTO VALENCA,395,SENTIDO SUBURBIO,JARDIM SÃO PAULO,,SUBURBIO,CHOQUE OBJETO FIXO,CAMINHÃO PASSOU EM ALTA VELOCIDADE ARRANCANDO A FIAÇÃO DOS POSTES,,,,,,,1,,1,0,,Longo da via,Bom,Não existe,Não existente,Seca,Perfeito estado,,Não há placas,,Dupla,Não existe,,,,,,,,
2019-10-11,16:40:00,SEM VÍTIMA,FINALIZADA,SANTO ANTÔNIO,C SANTA RITA,,,EM FRENTE A CAPITANIA DOS PORTOS,C SANTA RITA,,EM FRENTE A CAPITANIA DOS PORTOS,SANTO ANTÔNIO,,CIDADE,ABALROAMENTO LONGITUDINAL,SEM VITIMAS,1,,,,,,1,,,0,,Longo da via,Bom,Não existe,Perfeito estado,Seca,Perfeito estado,Não existe,Não há placas,,Única,Canteiro central,,,,,,,,
2019-10-11,16:42:00,SEM VÍTIMA,CANCELADA,IPUTINGA,RUA SANTA LUCIA,11,,PROX A LOMBADA ELETRONICA,RUA SANTA LUCIA,11,PROX A LOMBADA ELETRONICA,IPUTINGA,,,COLISÃO,COLISAO ENTRE AUTO E M,OTO S/V,,,,,,,,,,0,,,,,,,,,,,,,,,,,,,
2019-10-11,16:44:00,SEM VÍTIMA,FINALIZADA,IMBIRIBEIRA,AV MARECHAL MASCARENHAS DE MORAES,,,EM FRENTE A PALLETS / ANTES DA PONTE MOTOCOLOMBÓ,AV MARECHAL MASCARENHAS DE MORAES,,EM FRENTE A PALLETS / ANTES DA PONTE MOTOCOLOMBÓ,IMBIRIBEIRA,,CIDADE,ABALROAMENTO LONGITUDINAL,COLISÃO SEM VÍTIMA/ CONDUTORA ORIENTADA A RETIRAR DA VIA PARA NÃO OBSTRUIR O TRANSITO,1,,,,,,1,,,0,,Longo da via,Bom,Não existe,Perfeito estado,Seca,Perfeito estado,,Não há placas,60 km/h,Dupla,Faixa contínua,,,,,,,,
2019-10-11,16:55:00,SEM VÍTIMA,FINALIZADA,ILHA DO RETIRO,EST DOS REMEDIOS,,RUA TABAIARES,AO LADO DA HYUNDAI,EST DOS REMEDIOS,,AO LADO DA HYUNDAI,ILHA DO RETIRO,390,CIDADE,ABALROAMENTO LONGITUDINAL,COLISÃO SEM VÍTIMA,1,,,,,1,,,,0,,Cruzamento,Bom,Sem defeito,Perfeito estado,Seca,Perfeito estado,Outros,R-6a,,Única,,,,,,,,,
2019-10-11,17:18:00,COM VÍTIMA,FINALIZADA,TORREÃO,RUA OTHON PARAISO,161,RUA DJALMA FARIAS,,RUA OTHON PARAISO,161,,TORREÃO,,SUBURBIO,ABALROAMENTO LONGITUDINAL,AUTO E MOTO.,1,1,,,,,,,,1,,Longo da via,Bom,Não existe,Incompleta,Seca,Perfeito estado,Não existe,Outras,,Única,Canteiro central,,,,,,,,
2019-10-11,17:22:00,COM VÍTIMA,FINALIZADA,IBURA,RUA DR BENIGNO JORDAO DE VASCONCELOS,15,,EM FRENTE AO DEPOSITO ALTAS HORAS,RUA DR BENIGNO JORDAO DE VASCONCELOS,15,EM FRENTE AO DEPOSITO ALTAS HORAS,IBURA,,SUBURBIO,COLISÃO FRONTAL,MOTO, AUTO E CAMINHÃO ENVOLVIDOS.,1,1,,,,,1,,,1,,Longo da via,Bom,Não existe,Não existente,Seca,Perfeito estado,Não existe,Não há placas,,Dupla,Não existe,,,,,,,
2019-10-11,17:24:00,SEM VÍTIMA,FINALIZADA,BOA VIAGEM,AV ENGENHEIRO DOMINGOS FERREIRA,3920,,RESTAURANTE FAMILIA JULIANO,AV ENGENHEIRO DOMINGOS FERREIRA,3920,RESTAURANTE FAMILIA JULIANO,BOA VIAGEM,,SUBURBIO,ABALROAMENTO LONGITUDINAL,COLISÃO SEM VITIMA,1,,,,,1,,,,0,,Longo da via,Bom,Não existe,Perfeito estado,Seca,Perfeito estado,Faixa de pedestre,Não há placas,60 km/h,Única,Faixa seccionada,,,,,,,,
2019-10-11,17:40:00,SEM VÍTIMA,FINALIZADA,TEJIPIÓ,RUA QUINZE DE NOVEMBRO,501,RUA PAPA JOAO VINTE E TRES,EM FRENTE AO Nº 501,RUA QUINZE DE NOVEMBRO,501,EM FRENTE AO Nº 501,TEJIPIÓ,,SUBURBIO,ABALROAMENTO LONGITUDINAL,COLISÃO SEM VITIMA,2,,,,,,,,,0,,,Bom,Não existe,Não existente,Seca,Perfeito estado,Não existe,Não há placas,,Dupla,Não existe,,,,,,,,
2019-10-11,18:04:00,SEM VÍTIMA,CANCELADA,ILHA DO LEITE,RUA ESTADO DE ISRAEL,,,E/ F AO CAFÉ SÃO BRAZ,RUA ESTADO DE ISRAEL,,E/ F AO CAFÉ SÃO BRAZ,ILHA DO LEITE,,,COLISÃO,COLISAO SEM VITIMAS,2,,,,,,,,,0,,,,,,,,,,,,,,,,,,,,
2019-10-11,18:20:00,SEM VÍTIMA,CANCELADA,SÃO JOSÉ,RUA IMPERIAL,125,RUA PIRACEMA,PROX A IGREJA MATRIZ DO BAIRRO SAO JOSE,RUA IMPERIAL,125,PROX A IGREJA MATRIZ DO BAIRRO SAO JOSE,SÃO JOSÉ,,,COLISÃO,COROLA X ONIBUS,1,,,,,1,,,,0,,,,,,,,,,,,,,,,,,,,
2019-10-11,18:33:00,SEM VÍTIMA,FINALIZADA,TORRÕES,RUA ZUMBI DOS PALMARES,,AV BICENTENARIO DA REVOLUCAO FRANCESA,,RUA ZUMBI DOS PALMARES,,,TORRÕES,,SUBURBIO,CHOQUE VEÍCULO PARADO,COLISAO SEM VITIMAS,1,,,,,1,,,,0,,Cruzamento,Bom,Não existe,Não existente,Seca,Perfeito estado,Não existe,R-6a,,Dupla,Não existe,,,,,,,,
2019-10-11,18:41:00,SEM VÍTIMA,FINALIZADA,SANTO AMARO,AV NORTE,414,RUA VINTE E QUATRO DE AGOSTO,OPOSTO DO 21º CSM,AV NORTE,414,OPOSTO DO 21º CSM,SANTO AMARO,463,SUBURBIO,ABALROAMENTO LONGITUDINAL,COLISAO SEM VITIMAS,2,,,,,,,,,0,,Longo da via,Bom,Sem defeito,Perfeito estado,Seca,Perfeito estado,Faixa de retenção,Não há placas,,Única,Faixa seccionada,,,,,,,,
2019-10-11,18:57:00,SEM VÍTIMA,FINALIZADA,SÃO JOSÉ,AV SUL,69,RUA CERRO CORA,,AV SUL,69,,SÃO JOSÉ,,CIDADE,ABALROAMENTO LONGITUDINAL,COLISAO COM VITIMAS,1,1,,,,,,,,0,,Longo da via,Bom,Não existe,Perfeito estado,Seca,Perfeito estado,Não existe,Não há placas,,Única,Faixa seccionada,,,,,,,,