data,hora,natureza_acidente,situacao,bairro,endereco,numero,detalhe_endereco_acidente,complemento,endereco_cruzamento,numero_cruzamento,referencia_cruzamento,bairro_cruzamento,num_semaforo,sentido_via,tipo,descricao,auto,moto,ciclom,ciclista,pedestre,onibus,caminhao,viatura,outros,vitimas,vitimasfatais,acidente_verificado,tempo_clima,situacao_semaforo,sinalizacao,condicao_via,conservacao_via,ponto_controle,situacao_placa,velocidade_max_via,mao_direcao,divisao_via1,divisao_via2,divisao_via3,,,,,,
2019-10-13,22:24:00,SEM VÍTIMA,FINALIZADA,ESTÂNCIA,RUA JOAO TEIXEIRA,40,,EM FRENTE AO COLEGIO VISÃO,RUA JOAO TEIXEIRA,40,EM FRENTE AO COLEGIO VISÃO,ESTÂNCIA,82,CIDADE,ABALROAMENTO LONGITUDINAL,COLISÃO ENTRE DOIS AUTOS S/V,2,,,,,,,,,0,,Longo da via,Chuvoso,Sem defeito,Perfeito estado,Molhada,Perfeito estado,Não existe,Não há placas,,Única,Não existe,,,,,,,,
2019-10-13,23:32:00,SEM VÍTIMA,FINALIZADA,BOA VIAGEM,RUA DEZ DE JULHO,,RUA CAMBOIM,,RUA DEZ DE JULHO,,,BOA VIAGEM,,CIDADE,ABALROAMENTO TRANSVERSAL,COLISÃO ENTRE DOIS AUTOS S/V,2,,,,,,,,,0,,Cruzamento,Chuvoso,Não existe,Perfeito estado,Molhada,Perfeito estado,,Outras,,Única,,,,,,,,,
2019-10-14,01:02:00,SEM VÍTIMA,FINALIZADA,PAISSANDU,AV GOVERNADOR AGAMENON MAGALHAES,,RUA PAISSANDU,,AV GOVERNADOR AGAMENON MAGALHAES,,,PAISSANDU,69,SUBURBIO,ABALROAMENTO LONGITUDINAL,COLISÃO ENTRE DOIS AUTOS S/V,2,,,,,,,,,0,,Cruzamento,Bom,Sem defeito,Perfeito estado,Seca,Perfeito estado,Faixa de pedestre,Não há placas,,Dupla,Canteiro central,,,,,,,,
2019-10-14,05:00:00,SEM VÍTIMA,CANCELADA,ALTO JOSÉ BONIFÁCIO,RUA ALTO JOSE BONIFACIO,247,,PRÓX A FEIRA DA RODINHA,RUA ALTO JOSE BONIFACIO,247,PRÓX A FEIRA DA RODINHA,ALTO JOSÉ BONIFÁCIO,,,CHOQUE,VEÍCULO CHOCOU-SE CONTRA O MURO DA RESIDÊNCIA,1,,,,,,,,,0,,,,,,,,,,,,,,,,,,,,
2019-10-14,05:48:00,SEM VÍTIMA,FINALIZADA,CORDEIRO,AV INACIO MONTEIRO,,RUA DR MIGUEL VIEIRA FERREIRA,DROGARIA CORDEIRO,AV INACIO MONTEIRO,,DROGARIA CORDEIRO,CORDEIRO,566,,ABALROAMENTO TRANSVERSAL,COLISÃO ENTRE DOIS AUTOS,2,,,,,,,,,0,,Cruzamento,Chuvoso,Sem defeito,Perfeito estado,Molhada,Perfeito estado,,Outras,,Dupla,Faixa contínua,,,,,,,,
2019-10-14,07:21:00,COM VÍTIMA,CANCELADA,BOA VIAGEM,RUA ANTONIO FALCAO,301,,EM FRENTE AO LE PARC BOA VIAGEM,RUA ANTONIO FALCAO,301,EM FRENTE AO LE PARC BOA VIAGEM,BOA VIAGEM,,,COLISÃO COM CICLISTA,VITIMA A ESPERA DO SAMU,1,,,1,,,,,,1,,,,,,,,,,,,,,,,,,,,
2019-10-14,07:40:00,SEM VÍTIMA,FINALIZADA,GRAÇAS,RUA AMELIA,,RUA ESMERALDINO BANDEIRA,,RUA AMELIA,,,GRAÇAS,,CIDADE,ABALROAMENTO LONGITUDINAL,DOIS AUTOS,2,,,,,,,,,0,,Longo da via,Bom,Não existe,Perfeito estado,Seca,Perfeito estado,Não existe,Outras,40 km/h,Única,Não existe,,,,,,,,
2019-10-14,07:57:00,SEM VÍTIMA,FINALIZADA,SANTO ANTÔNIO,RUA DO SOL,,PTE PRINCESA IZABEL,TEATRO SANTA ISABEL,RUA DO SOL,,TEATRO SANTA ISABEL,SANTO ANTÔNIO,,CIDADE,ABALROAMENTO LONGITUDINAL,ONIBUS E AUTO,1,,,,,1,,,,0,,Cruzamento,Bom,Não existe,Perfeito estado,Seca,Perfeito estado,Não existe,Não há placas,,Única,Faixa seccionada,,,,,,,,
2019-10-14,07:10:00,COM VÍTIMA,FINALIZADA,PINA,AV HERCULANO BANDEIRA,,AV BOA VIAGEM,POLO PINA. POSTO BR.,AV HERCULANO BANDEIRA,,POLO PINA. POSTO BR.,PINA,104,CIDADE,COLISÃO TRASEIRA,AUTO E MOTO.,1,1,,,,,,,,1,,Longo da via,Bom,Sem defeito,Perfeito estado,Seca,Perfeito estado,Agente,Outras,60 km/h,Única,Faixa contínua,Faixa seccionada,,,,,,,
2019-10-14,08:31:00,SEM VÍTIMA,CANCELADA,SÃO JOSÉ,PRC DAS CINCO PONTAS,,,NA ESQUINA DO FORTE / SENT AV SUL,PRC DAS CINCO PONTAS,,NA ESQUINA DO FORTE / SENT AV SUL,SÃO JOSÉ,414,,COLISÃO,VT DA PM E MOTO,,1,,,,,,1,,0,,,,,,,,,,,,,,,,,,,,
2019-10-14,08:32:00,SEM VÍTIMA,FINALIZADA,AFOGADOS,RUA AUGUSTO CALHEIROS,,RUA EMILIA TORREAO,,RUA AUGUSTO CALHEIROS,,,AFOGADOS,653,SUBURBIO,COLISÃO TRASEIRA,COLISÃO SEM VITIMAS,1,1,,,,,,,,0,,Cruzamento,Bom,Sem defeito,Perfeito estado,Seca,Perfeito estado,Faixa de pedestre,R-6a,,Única,Faixa contínua,Faixa seccionada,,,,,,,
2019-10-14,08:35:00,SEM VÍTIMA,FINALIZADA,APIPUCOS,RUA DE APIPUCOS,538,,EM FRENTE AO Nº 538,RUA DE APIPUCOS,538,EM FRENTE AO Nº 538,APIPUCOS,,SUBURBIO,COLISÃO TRASEIRA,TRES AUTOS,3,,,,,,,,,0,,Longo da via,Bom,Não existe,Incompleta,Seca,Perfeito estado,Não existe,Não há placas,,Dupla,Faixa contínua,,,,,,,,
2019-10-14,08:47:00,SEM VÍTIMA,CANCELADA,DOIS UNIDOS,RUA BELA VISTA,188,,EM FRENTE A MERCEARIA RODRIGUES,RUA BELA VISTA,188,EM FRENTE A MERCEARIA RODRIGUES,DOIS UNIDOS,,,COLISÃO,COLISÃO SEM VITIMAS,1,,,,,,1,,,0,,,,,,,,,,,,,,,,,,,,
2019-10-14,08:59:00,SEM VÍTIMA,FINALIZADA,ILHA DO RETIRO,RUA SPORT CLUBE DO RECIFE,,,LADO OPOSTO AO SPORT CLUBE DO RECIFE,RUA SPORT CLUBE DO RECIFE,,LADO OPOSTO AO SPORT CLUBE DO RECIFE,ILHA DO RETIRO,481,SUBURBIO,COLISÃO TRASEIRA,COLISÃO SEM VITIMAS,2,,,,,,,,,0,,Longo da via,Bom,Sem defeito,Perfeito estado,Seca,Perfeito estado,Faixa de pedestre,R-6a,,Dupla,Faixa seccionada,Canteiro central,,,,,,,
2019-10-14,09:04:00,COM VÍTIMA,FINALIZADA,CASA AMARELA,RUA XAVANTES,150,RUA OSCAR DE BARROS,PROX. AO INSTITUTO NOVAS IDEIAS,RUA XAVANTES,150,PROX. AO INSTITUTO NOVAS IDEIAS,CASA AMARELA,,SUBURBIO,ABALROAMENTO TRANSVERSAL,AUTO E MOTO.,1,1,,,,,,,,1,,Cruzamento,Bom,Não existe,Incompleta,Seca,Perfeito estado,Não existe,Placas Pare,,Dupla,,,,,,,,,
2019-10-14,09:38:00,SEM VÍTIMA,FINALIZADA,SANTO AMARO,RUA DOS PALMARES,,,OPOSTO A DEFESA CIVIL,RUA DOS PALMARES,,OPOSTO A DEFESA CIVIL,SANTO AMARO,,SUBURBIO,COLISÃO TRASEIRA,DOIS AUTOS,2,,,,,,,,,0,,Longo da via,Bom,Não existe,Perfeito estado,Seca,Perfeito estado,Não existe,,,Dupla,Canteiro central,,,,,,,,
2019-10-14,10:07:00,SEM VÍTIMA,FINALIZADA,BOA VIAGEM,RUA DR VICENTE GOMES,441,,OFICINA AUTO ELÉTRICA MOISÉS,RUA DR VICENTE GOMES,441,OFICINA AUTO ELÉTRICA MOISÉS,BOA VIAGEM,,CIDADE,COLISÃO TRASEIRA,SEM VITIMAS,1,,,,,1,,,,0,,,Bom,Sem defeito,Perfeito estado,Seca,Perfeito estado,Não existe,Não há placas,,Única,Não existe,,,,,,,,
2019-10-14,10:16:00,SEM VÍTIMA,FINALIZADA,CASA AMARELA,AV NORTE,4741,,ARMAZEM CORAL,AV NORTE,4741,ARMAZEM CORAL,CASA AMARELA,,CIDADE,COLISÃO TRASEIRA,DOIS AUTOS,2,,,,,,,,,0,,Longo da via,Bom,Sem defeito,Perfeito estado,Seca,Perfeito estado,Outros,Outras,,Dupla,Canteiro central,,,,,,,,
2019-10-14,10:35:00,SEM VÍTIMA,CANCELADA,NOVA DESCOBERTA,RUA CORREGO DA AREIA,897,,NO TERMINAL DAS VANS,RUA CORREGO DA AREIA,897,NO TERMINAL DAS VANS,NOVA DESCOBERTA,,,COLISÃO,VAN E AUTO PASSEIO,2,,,,,,,,,0,,,,,,,,,,,,,,,,,,,,
2019-10-14,10:55:00,SEM VÍTIMA,FINALIZADA,,PTE RAIMUNDO FARIAS,,AV GOVERNADOR AGAMENON MAGALHAES,SOB O SEMÁFORO Nº 037,PTE RAIMUNDO FARIAS,,SOB O SEMÁFORO Nº 037,,37,,ABALROAMENTO LONGITUDINAL,SEM VITIMAS,1,,,,,1,,,,0,,Cruzamento,Bom,Sem defeito,Perfeito estado,Seca,Perfeito estado,Faixa de pedestre,,60 km/h,Dupla,Faixa seccionada,Canteiro central,,,,,,,
2019-10-14,11:51:00,SEM VÍTIMA,FINALIZADA,IPUTINGA,AV CAXANGA,,,EM FRENTE AO TI SEVERINO NUNES PEREIRA,AV CAXANGA,,EM FRENTE AO TI SEVERINO NUNES PEREIRA,IPUTINGA,270,CIDADE,ABALROAMENTO LONGITUDINAL,COLISÃO SEM VITIMAS,1,,,,,1,,,,0,,Longo da via,Bom,Sem defeito,Perfeito estado,Seca,,Faixa de pedestre,R-6a,,Dupla,Canteiro central,,,,,,,,
2019-10-14,12:04:00,SEM VÍTIMA,FINALIZADA,IPSEP,AV DOM HELDER CAMARA,,,AO LADO DO ANTIGO NÚCLEO DA POLÍCIA MILITAR,AV DOM HELDER CAMARA,,AO LADO DO ANTIGO NÚCLEO DA POLÍCIA MILITAR,IPSEP,55,CIDADE,ABALROAMENTO LONGITUDINAL,COLISÃO SEM VITIMAS,1,,,,,,,,1,0,,Longo da via,Bom,Sem defeito,Ilegível,Seca,Perfeito estado,Não existe,Não há placas,,Única,Não existe,,,,,,,,
2019-10-14,12:13:00,SEM VÍTIMA,FINALIZADA,SANTO AMARO,RUA DO POMBAL,,RUA FREI CASSIMIRO,,RUA DO POMBAL,,,SANTO AMARO,,SUBURBIO,ABALROAMENTO TRANSVERSAL,MOTO X AUTO PASSEIO S/V,1,1,,,,,,,,0,,Cruzamento,Bom,Não existe,Perfeito estado,Seca,Perfeito estado,Não existe,Não há placas,,Dupla,Faixa seccionada,,,,,,,,
2019-10-14,13:33:00,SEM VÍTIMA,FINALIZADA,MADALENA,AV VISCONDE DE ALBUQUERQUE,500,,FARMACIAS INDEPENDENTE,AV VISCONDE DE ALBUQUERQUE,500,FARMACIAS INDEPENDENTE,MADALENA,50,SUBURBIO,ABALROAMENTO LONGITUDINAL,COLISAO ENTRE DOIS AUTOS S/V,2,,,,,,,,,0,,Longo da via,Bom,Sem defeito,Incompleta,Seca,Perfeito estado,Não existe,Outras,,Única,Não existe,,,,,,,,
2019-10-14,13:11:00,SEM VÍTIMA,FINALIZADA,BOA VIAGEM,RUA JOSE DA SILVA LUCENA,,,EM FRENTE AO ESTACIONAMENTO DO GGE,RUA JOSE DA SILVA LUCENA,,EM FRENTE AO ESTACIONAMENTO DO GGE,BOA VIAGEM,,,COLISÃO COM CICLISTA,COLISAO ENTRE AUTO E CILISTA,1,,,1,,,,,,0,,,Bom,Não existe,Não existente,Seca,Perfeito estado,Não existe,Não há placas,,Dupla,Não existe,,,,,,,,
2019-10-14,13:33:00,SEM VÍTIMA,FINALIZADA,ROSARINHO,AV NORTE,,,LADO OPOSTO A PADARIA ROSARINHO,AV NORTE,,LADO OPOSTO A PADARIA ROSARINHO,ROSARINHO,,SUBURBIO,ABALROAMENTO LONGITUDINAL,COLISAO ENTRE AUTO E CARRETA S/V,1,,,,,,1,,,0,,Longo da via,Bom,Não existe,Perfeito estado,Seca,Perfeito estado,Não existe,Não há placas,40 km/h,Dupla,Canteiro central,,,,,,,,
2019-10-14,13:41:00,COM VÍTIMA,FINALIZADA,IMBIRIBEIRA,AV GENERAL MAC ARTHUR,475,RUA JORGE DE LIMA,APOS O LE PARQUE, ANTES DA ESTAÇÃO ANTÔNIO FALCÃO, EM FRENTE AO GALETINHO DO MATUTO,AV GENERAL MAC ARTHUR,475,APOS O LE PARQUE, ANTES DA ESTAÇÃO ANTÔNIO FALCÃO, EM FRENTE AO GALETINHO DO MATUTO,IMBIRIBEIRA,402,SUBURBIO,COLISÃO COM CICLISTA,AUTO E BICICLETA.,1,,,1,,,,,,1,,Cruzamento,Bom,Sem defeito,Perfeito estado,Seca,Perfeito estado,Faixa de pedestre,Outras,,Única,Faixa contínua,Faixa seccionada,,,
2019-10-14,14:10:00,SEM VÍTIMA,CANCELADA,SANTO AMARO,AV NORTE,886,,E/F AO SEAD/ AO LADO DO CENTRO DA JUVENTUDE DE SANTO AMARO,AV NORTE,886,E/F AO SEAD/ AO LADO DO CENTRO DA JUVENTUDE DE SANTO AMARO,SANTO AMARO,397,,COLISÃO,ENTRE DOIS AUTOS S/V,2,,,,,,,,,0,,,,,,,,,,,,,,,,,,,,
2019-10-14,14:24:00,SEM VÍTIMA,FINALIZADA,IMBIRIBEIRA,AV MARECHAL MASCARENHAS DE MORAES,,,EM FRENTE AO Nº 1472,AV MARECHAL MASCARENHAS DE MORAES,,EM FRENTE AO Nº 1472,IMBIRIBEIRA,,,COLISÃO TRASEIRA,COLISAO ENTRE TRES AUTOS S/V,2,,,,,,,,,0,,Longo da via,Bom,Sem defeito,Perfeito estado,Seca,Perfeito estado,Não existe,Não há placas,,Única,Faixa seccionada,,,,,,,,
2019-10-14,15:04:00,SEM VÍTIMA,FINALIZADA,IMBIRIBEIRA,AV MARECHAL MASCARENHAS DE MORAES,2837,,DIVEPE,AV MARECHAL MASCARENHAS DE MORAES,2837,DIVEPE,IMBIRIBEIRA,,CIDADE,ABALROAMENTO LONGITUDINAL,COLISAO ENTRE DOIS AUTOS S/V,2,,,,,,,,,0,,Longo da via,Bom,Não existe,Perfeito estado,Seca,Perfeito estado,Não existe,Não há placas,60 km/h,Dupla,Canteiro central,,,,,,,,
2019-10-14,15:05:00,COM VÍTIMA,FINALIZADA,TAMARINEIRA,AV NORTE,3645,,LADO OPOSTO A ALARM CENTER (3652),AV NORTE,3645,LADO OPOSTO A ALARM CENTER (3652),TAMARINEIRA,,CIDADE,CHOQUE VEÍCULO PARADO,CAMINHÃO E MOTOCICLETA.,,1,,,,,1,,,1,,Longo da via,Bom,Não existe,Perfeito estado,Seca,Perfeito estado,Não existe,Não há placas,60 km/h,Dupla,Canteiro central,,,,,,,,
2019-10-14,15:07:00,SEM VÍTIMA,CANCELADA,CASA AMARELA,RUA JAPARANDUBA,149,,EM FRENTE AO BAR DO LUCIO,RUA JAPARANDUBA,149,EM FRENTE AO BAR DO LUCIO,CASA AMARELA,,,COLISÃO,COLISÃO SEM VITIMAS,2,,,,,,,,,0,,,,,,,,,,,,,,,,,,,,
2019-10-14,15:16:00,SEM VÍTIMA,DUPLICIDADE,CASA AMARELA,AV NORTE,,,EM FRENTE A IGREJA QUADRANGULAR,AV NORTE,,EM FRENTE A IGREJA QUADRANGULAR,CASA AMARELA,,CIDADE,COLISÃO,COLISÃO SEM VITIMAS,2,,,,,,,,,0,,,,,,,,,,,,,,,,,,,,
2019-10-14,15:29:00,SEM VÍTIMA,FINALIZADA,BOA VISTA,RUA DOM BOSCO,,,COLÉGIO AMERICANO BATISTA,RUA DOM BOSCO,,COLÉGIO AMERICANO BATISTA,BOA VISTA,174,,ABALROAMENTO LONGITUDINAL,ENTRE DOIS AUTOS S/V,2,,,,,,,,,0,,Longo da via,Chuvoso,Sem defeito,Perfeito estado,Seca,Perfeito estado,Faixa de retenção,Não há placas,,Única,Faixa contínua,,,,,,,,
2019-10-14,15:32:00,SEM VÍTIMA,FINALIZADA,CASA AMARELA,AV NORTE,6210,RUA DES FONSECA GALVAO,ESQUINA DAS RUAS,AV NORTE,6210,ESQUINA DAS RUAS,CASA AMARELA,,SUBURBIO,COLISÃO TRASEIRA,,2,,,,,,,,,0,,,Bom,Não existe,Incompleta,Seca,Perfeito estado,Não existe,Outras,,Dupla,Canteiro central,,,,,,,,
2019-10-14,15:34:00,COM VÍTIMA,FINALIZADA,VÁRZEA,AV CAXANGA,,RUA GASTAO VIDIGAL,,AV CAXANGA,,,VÁRZEA,281,,COLISÃO TRASEIRA,DUAS MOTOS.,,2,,,,,,,,1,,Longo da via,Bom,Sem defeito,Perfeito estado,Seca,Perfeito estado,Faixa de pedestre,Outras,,Dupla,Canteiro central,,,,,,,,
2019-10-14,15:39:00,SEM VÍTIMA,FINALIZADA,CAXANGÁ,AV CAXANGA,,EST DO BARBALHO,SOB O SEMÁFORO Nº 533,AV CAXANGA,,SOB O SEMÁFORO Nº 533,CAXANGÁ,533,SUBURBIO,ABALROAMENTO LONGITUDINAL,COLIAO ENTRE DOIS AUTOS S/V,2,,,,,,,,,0,,Cruzamento,Bom,Sem defeito,Perfeito estado,Seca,Perfeito estado,,Outras,,Dupla,Canteiro central,,,,,,,,
2019-10-14,15:43:00,SEM VÍTIMA,FINALIZADA,SANTO AMARO,RUA DA SAUDADE,,,EM FRENTE A ESCOLA GENERAL E. DANTAS BARRETO,RUA DA SAUDADE,,EM FRENTE A ESCOLA GENERAL E. DANTAS BARRETO,SANTO AMARO,,CIDADE,ABALROAMENTO LONGITUDINAL,ONIBUS X AUTO PASSEIO S/V,1,,,,,1,,,,0,,Longo da via,Chuvoso,Não existe,Perfeito estado,Molhada,Perfeito estado,,,,,,,,,,,,,
2019-10-14,15:45:00,SEM VÍTIMA,FINALIZADA,BEBERIBE,AV BEBERIBE,,,PRAÇA DA CONVENÇÃO,AV BEBERIBE,,PRAÇA DA CONVENÇÃO,BEBERIBE,,,ABALROAMENTO LONGITUDINAL,COLIAO ENTRE ONIBUS E AUTOS S/V,1,,,,,1,,,,0,,,Bom,Não existe,Perfeito estado,Seca,Perfeito estado,Outros,Outras,,Única,Outros,,,,,,,,
2019-10-14,15:50:00,COM VÍTIMA,FINALIZADA,TOTÓ,AV LIBERDADE,,RUA JUVENCIO MARQUES DA CUNHA,PROX AO SABORES E SALGADOS. DOM NINOS PIZZARIA,AV LIBERDADE,,PROX AO SABORES E SALGADOS. DOM NINOS PIZZARIA,TOTÓ,440,SUBURBIO,ATROPELAMENTO,AUTO E PEDESTRE.,1,,,,1,,,,,1,,Longo da via,Bom,Não existe,,Seca,Perfeito estado,Não existe,Não há placas,40 km/h,Dupla,Não existe,,,,,,,,
2019-10-14,16:15:00,SEM VÍTIMA,CANCELADA,BOA VIAGEM,RUA AVIADOR SEVERIANO LINS,131,,NA RUA DA NIKITA NATAÇAO E/F AO EDF CANUVA,RUA AVIADOR SEVERIANO LINS,131,NA RUA DA NIKITA NATAÇAO E/F AO EDF CANUVA,BOA VIAGEM,,,COLISÃO,COLISAO ENTRE DOIS AUTOS S/V,2,,,,,,,,,0,,,,,,,,,,,,,,,,,,,,
2019-10-14,16:16:00,SEM VÍTIMA,FINALIZADA,PARNAMIRIM,AV DEZESSETE DE AGOSTO,125,,EMPÓRIO FRUTARIA,AV DEZESSETE DE AGOSTO,125,EMPÓRIO FRUTARIA,PARNAMIRIM,,CIDADE,ABALROAMENTO LONGITUDINAL,COLISÃO SEM VITIMA,1,,,,,,1,,,0,,Longo da via,Bom,Não existe,Perfeito estado,Seca,Perfeito estado,Não existe,Outras,,Dupla,Faixa contínua,,,,,,,,
2019-10-14,17:22:00,SEM VÍTIMA,FINALIZADA,SANTO AMARO,RUA TREZE DE MAIO,914,RUA FREI CASSIMIRO,,RUA TREZE DE MAIO,914,,SANTO AMARO,,SUBURBIO,ABALROAMENTO TRANSVERSAL,COLISÃO SEM VITMA,1,1,,,,,,,,0,,Longo da via,Bom,Não existe,Perfeito estado,Seca,Perfeito estado,Não existe,Não há placas,,Dupla,Faixa contínua,,,,,,,,
2019-10-14,17:47:00,SEM VÍTIMA,FINALIZADA,BOA VIAGEM,AV ENGENHEIRO DOMINGOS FERREIRA,,,EM FRENTE AO EXTRA,AV ENGENHEIRO DOMINGOS FERREIRA,,EM FRENTE AO EXTRA,BOA VIAGEM,297,SUBURBIO,COLISÃO TRASEIRA,ENTRE DOIS AUTOS S/V,2,1,,,,,,,,0,,Longo da via,Bom,Sem defeito,Perfeito estado,Seca,Perfeito estado,Faixa de pedestre,Outras,60 km/h,Dupla,Faixa contínua,Faixa seccionada,Canteiro central,,,,,,
2019-10-14,18:01:00,SEM VÍTIMA,FINALIZADA,BOA VISTA,AV CONDE DA BOA VISTA,,,BANCO DO NORDESTE,AV CONDE DA BOA VISTA,,BANCO DO NORDESTE,BOA VISTA,,SUBURBIO,COLISÃO TRASEIRA,SUPERVISOR RAY EDUARDO DA CTTU NO LOCAL,2,,,,,,,,,0,,Longo da via,Bom,,Perfeito estado,Seca,Perfeito estado,Faixa de retenção,R-6c,,Dupla,Faixa contínua,,,,,,,,
2019-10-14,18:08:00,COM VÍTIMA,FINALIZADA,IPSEP,RUA CACHOEIRA,,RUA JAMAICA,E/F A FACULDADE BOA VIAGEM,RUA CACHOEIRA,,E/F A FACULDADE BOA VIAGEM,IPSEP,,,ABALROAMENTO TRANSVERSAL,DUAS MOTOS.,,2,,,,,,,,2,,Cruzamento,Bom,Não existe,Perfeito estado,Seca,Perfeito estado,Não existe,Não há placas,40 km/h,Dupla,Faixa contínua,,,,,,,,
2019-10-14,18:50:00,COM VÍTIMA,FINALIZADA,SANTO AMARO,AV NORTE,886,,E/F A ESTAÇÃO FUTURO / SEMÁFORO 397 / NAS PROXIMIDADES DO SENAI,AV NORTE,886,E/F A ESTAÇÃO FUTURO / SEMÁFORO 397 / NAS PROXIMIDADES DO SENAI,SANTO AMARO,397,CIDADE,COLISÃO COM CICLISTA,ENTRE AUTO E CICLISTA.,1,,,1,,,,,,1,,Longo da via,Chuvoso,Sem defeito,Perfeito estado,Molhada,Perfeito estado,Faixa de pedestre,Outras,,Dupla,Faixa seccionada,Canteiro central,,,,,,,
2019-10-14,20:09:00,COM VÍTIMA,FINALIZADA,TEJIPIÓ,RUA FALCAO DE LACERDA,233,,ENF. AO RESIDENCIAL MONTEIRO LOBATO // ESTAÇAO KIDS,RUA FALCAO DE LACERDA,233,ENF. AO RESIDENCIAL MONTEIRO LOBATO // ESTAÇAO KIDS,TEJIPIÓ,,SUBURBIO,ABALROAMENTO TRANSVERSAL,AUTO E MOTO.,1,1,,,,,,,,1,,Longo da via,Chuvoso,Não existe,Perfeito estado,Molhada,Perfeito estado,Não existe,Não há placas,,Dupla,Faixa contínua,,,,,,,,
2019-10-14,20:31:00,SEM VÍTIMA,FINALIZADA,BOA VIAGEM,AV ENGENHEIRO DOMINGOS FERREIRA,,RUA RIBEIRO DE BRITO,,AV ENGENHEIRO DOMINGOS FERREIRA,,,BOA VIAGEM,155,SUBURBIO,COLISÃO TRASEIRA,ENTRE 2 AUTOS. S.V,2,,,,,,,,,0,,Longo da via,Chuvoso,Sem defeito,Perfeito estado,Molhada,Perfeito estado,Faixa de pedestre,Outras,,Única,Canteiro central,,,,,,,,
2019-10-14,20:51:00,SEM VÍTIMA,FINALIZADA,,AV SUL,545,,EM FRENTE AO EDIFÍCIO PIER MAURÍCIO NASSAU,AV SUL,545,EM FRENTE AO EDIFÍCIO PIER MAURÍCIO NASSAU,,,CIDADE,ABALROAMENTO LONGITUDINAL,ENTRE 2 AUTOS E CAMINHÃO. S/V,2,,,,,,1,,,0,,Longo da via,Chuvoso,Sem defeito,Perfeito estado,Molhada,Perfeito estado,Outros,Outras,,Dupla,Blocos,,,,,,,,
2019-10-14,20:56:00,SEM VÍTIMA,FINALIZADA,SANTO AMARO,AV GOVERNADOR AGAMENON MAGALHAES,,,SOBRE O VIADUTO INDEPENDENTE,AV GOVERNADOR AGAMENON MAGALHAES,,SOBRE O VIADUTO INDEPENDENTE,SANTO AMARO,,CIDADE,CHOQUE VEÍCULO PARADO,LANDER 250 X CLASSIC,1,1,,,,,,,,0,,Viaduto,Chuvoso,Não existe,Perfeito estado,Molhada,Perfeito estado,,Não há placas,60 km/h,Dupla,Canal,,,,,,,,
2019-10-14,21:10:00,COM VÍTIMA,CANCELADA,TAMARINEIRA,AV NORTE,4274,,E/F A IMPÉRIO PIZZARIA , SNT MACAXEIRA E EDF FABIANA / PRÓX AO POSTO BR,AV NORTE,4274,E/F A IMPÉRIO PIZZARIA , SNT MACAXEIRA E EDF FABIANA / PRÓX AO POSTO BR,TAMARINEIRA,,,ATROPELAMENTO,,,1,,,1,,,,,2,,,,,,,,,,,,,,,,,,
2019-10-14,21:23:00,COM VÍTIMA,FINALIZADA,AREIAS,AV RECIFE,5005,,SENTIDO AEROPORTO // PRÓXIMO A BRINKS.,AV RECIFE,5005,SENTIDO AEROPORTO // PRÓXIMO A BRINKS.,AREIAS,,CIDADE,ABALROAMENTO LONGITUDINAL,AUTO E MOTO.,1,1,,,,,,,,1,,Longo da via,Chuvoso,Não existe,Perfeito estado,Molhada,Perfeito estado,,Não há placas,,Dupla,Canteiro central,,,,,,,,
2019-10-14,22:31:00,COM VÍTIMA,FINALIZADA,IBURA,AV DOIS RIOS,13B,,E/F AO MERCADINHO RENASCER E AO SESI,AV DOIS RIOS,13B,E/F AO MERCADINHO RENASCER E AO SESI,IBURA,,SUBURBIO,ABALROAMENTO LONGITUDINAL,ENTRE AUTO E MOTO.,1,1,,,,,,,,1,,Longo da via,Chuvoso,Não existe,Perfeito estado,Molhada,Perfeito estado,Não existe,Não há placas,,Dupla,Faixa contínua,,,,,,,,
2019-10-15,05:20:00,COM VÍTIMA,FINALIZADA,SANCHO,AV LIBERDADE,,,EM FRENTE AO CEMITÉRIO PARQUE DAS FLORES,AV LIBERDADE,,EM FRENTE AO CEMITÉRIO PARQUE DAS FLORES,SANCHO,,CIDADE,COLISÃO TRASEIRA,COLISÃO ENTRE MOTO E ÔNIBUS.,,1,,,,1,,,,1,,Longo da via,Bom,Não existe,Perfeito estado,Seca,Perfeito estado,Não existe,R-6c,,Dupla,Faixa,,,,,,,,
2019-10-15,07:08:00,SEM VÍTIMA,FINALIZADA,VÁRZEA,PTE MARECHAL HUMBERTO CASTELO BRANCO,,,,PTE MARECHAL HUMBERTO CASTELO BRANCO,,,VÁRZEA,,CIDADE,COLISÃO TRASEIRA,COLISÃO SEM VITIMAS,2,,,,,,,,,0,,Ponte,Bom,Não existe,Não existente,Seca,Perfeito estado,Não existe,Não há placas,,Dupla,Canteiro central,,,,,,,,
2019-10-15,07:31:00,SEM VÍTIMA,EM ABERTO,MADALENA,RUA BENFICA,98,RUA SPORT CLUBE DO RECIFE,,RUA BENFICA,98,,MADALENA,,SUBURBIO,ABALROAMENTO LONGITUDINAL,,1,,,,,1,,,,0,,,Bom,Não existe,Perfeito estado,Seca,Perfeito estado,Não existe,Não há placas,40 km/h,Única,Não existe,,,,,,,,
2019-10-15,07:38:00,SEM VÍTIMA,FINALIZADA,BARRO,AV DR JOSE RUFINO,1897,RUA ANDRE DIAS FIGUEREDO,AO LADO OPOSTO IMPÉRIO,AV DR JOSE RUFINO,1897,AO LADO OPOSTO IMPÉRIO,BARRO,,CIDADE,ABALROAMENTO TRANSVERSAL,,1,1,,,,,,,,0,,Cruzamento,Bom,Não existe,Perfeito estado,Seca,Perfeito estado,Outros,R-6a,60 km/h,Dupla,Faixa contínua,Faixa seccionada,,,,,,,