data,hora,natureza_acidente,situacao,bairro,endereco,numero,detalhe_endereco_acidente,complemento,endereco_cruzamento,numero_cruzamento,referencia_cruzamento,bairro_cruzamento,num_semaforo,sentido_via,tipo,descricao,auto,moto,ciclom,ciclista,pedestre,onibus,caminhao,viatura,outros,vitimas,vitimasfatais,acidente_verificado,tempo_clima,situacao_semaforo,sinalizacao,condicao_via,conservacao_via,ponto_controle,situacao_placa,velocidade_max_via,mao_direcao,divisao_via1,divisao_via2,divisao_via3,,,,,,
2019-10-15,08:06:00,SEM VÍTIMA,FINALIZADA,PAISSANDU,AV GOVERNADOR AGAMENON MAGALHAES,141,,EM FRENTE A CLÍNICA VETERINÁRIA VETMAIS,AV GOVERNADOR AGAMENON MAGALHAES,141,EM FRENTE A CLÍNICA VETERINÁRIA VETMAIS,PAISSANDU,,,ABALROAMENTO LONGITUDINAL,COLISÃO SEM VITIMAS,1,,,,,,1,,,0,,Longo da via,Bom,Sem defeito,Perfeito estado,Seca,Perfeito estado,,Não há placas,60 km/h,Dupla,Faixa seccionada,Canteiro central,,,,,,,
2019-10-15,08:16:00,SEM VÍTIMA,FINALIZADA,ENCRUZILHADA,RUA VISCONDE DE MAMANGUAPE,,,EM FRENTE AO CISAM,RUA VISCONDE DE MAMANGUAPE,,EM FRENTE AO CISAM,ENCRUZILHADA,,SUBURBIO,ABALROAMENTO LONGITUDINAL,SEM VITIMAS,2,,,,,,,,,0,,Longo da via,Bom,Não existe,Perfeito estado,Seca,Perfeito estado,Não existe,,,Dupla,Não existe,,,,,,,,
2019-10-15,09:03:00,COM VÍTIMA,FINALIZADA,CABANGA,AV ENGENHEIRO JOSE ESTELITA,,,PROX A LOMBADA ELETRONICA EM FRENTE AO ANTIGO ARMAZEM CAIS JOSE ESTELITA,AV ENGENHEIRO JOSE ESTELITA,,PROX A LOMBADA ELETRONICA EM FRENTE AO ANTIGO ARMAZEM CAIS JOSE ESTELITA,CABANGA,,SUBURBIO,COLISÃO TRASEIRA,AUTO E MOTO.,1,1,,,,,,,,1,,Longo da via,Bom,Não existe,Incompleta,Seca,Perfeito estado,Não existe,R-19,,Dupla,Canteiro central,,,,,,,,
2019-10-15,09:15:00,SEM VÍTIMA,FINALIZADA,DOIS UNIDOS,AV HILDEBRANDO DE VASCONCELOS,1614,,EM FRENTE AO SUPERMERCADO DOIS UNIDOS,AV HILDEBRANDO DE VASCONCELOS,1614,EM FRENTE AO SUPERMERCADO DOIS UNIDOS,DOIS UNIDOS,,SUBURBIO,CHOQUE VEÍCULO PARADO,DOIS CAMINHOES,,,,,,,2,,,0,,Longo da via,Bom,Não existe,Perfeito estado,Seca,Perfeito estado,Não existe,R-6a,30 km/h,Dupla,Não existe,,,,,,,,
2019-10-15,09:18:00,SEM VÍTIMA,FINALIZADA,DERBY,PRC DO DERBY,,,APÓS O SEMÁFORO 040,PRC DO DERBY,,APÓS O SEMÁFORO 040,DERBY,,CIDADE,ABALROAMENTO LONGITUDINAL,SEM VITIMAS /CTTU VÃO FAZER O B.O,1,,,,,,1,,,0,,Longo da via,Bom,Sem defeito,Perfeito estado,Seca,Perfeito estado,Faixa de pedestre,Outras,,Única,Outros,,,,,,,,
2019-10-15,09:19:00,SEM VÍTIMA,FINALIZADA,SANTO AMARO,RUA FREI CASSIMIRO,,RUA COELHO LEITE,AO LADO DO SENAI,RUA FREI CASSIMIRO,,AO LADO DO SENAI,SANTO AMARO,,CIDADE,ABALROAMENTO TRANSVERSAL,COLISÃO SEM VITIMAS,2,,,,,,,,,0,,Cruzamento,Bom,Não existe,Incompleta,Seca,Mal conservada,Não existe,Placas Pare,,Dupla,Faixa contínua,,,,,,,,
2019-10-15,09:25:00,SEM VÍTIMA,FINALIZADA,ENCRUZILHADA,RUA DR EDUARDO WANDERLEY,,RUA LUIZ DE CAMOES,,RUA DR EDUARDO WANDERLEY,,,ENCRUZILHADA,,SUBURBIO,ABALROAMENTO TRANSVERSAL,SEM VITIMAS,2,,,,,,,,,0,,Cruzamento,Bom,Não existe,Perfeito estado,Seca,Perfeito estado,,,,Dupla,Faixa seccionada,,,,,,,,
2019-10-15,09:25:00,SEM VÍTIMA,FINALIZADA,BOA VISTA,RUA DO PRINCIPE,333,,,RUA DO PRINCIPE,333,,BOA VISTA,176,CIDADE,ABALROAMENTO LONGITUDINAL,,1,1,,,,,,,,0,,Longo da via,Bom,Sem defeito,Perfeito estado,Seca,Perfeito estado,Faixa de pedestre,R-6a,,Única,Faixa seccionada,,,,,,,,
2019-10-15,09:58:00,SEM VÍTIMA,FINALIZADA,BOA VIAGEM,RUA BARAO DE SOUZA LEAO,,,EM FRENTE AO POSTE Nº B 012151,RUA BARAO DE SOUZA LEAO,,EM FRENTE AO POSTE Nº B 012151,BOA VIAGEM,,,ABALROAMENTO LONGITUDINAL,SEM VITIMAS/VT10 CCTU NO LOCAL,1,,,,,,1,,,0,,Longo da via,Bom,Sem defeito,Perfeito estado,Seca,Perfeito estado,Faixa de retenção,Não há placas,,Única,Faixa seccionada,,,,,,,,
2019-10-15,10:29:00,SEM VÍTIMA,FINALIZADA,MACAXEIRA,RUA FLAVIO GUERRA,505,RUA CANDIDA,,RUA FLAVIO GUERRA,505,,MACAXEIRA,,SUBURBIO,ABALROAMENTO LONGITUDINAL,COLISÃO SEM VITIMAS,1,1,,,,,,,,0,,,Bom,Não existe,Incompleta,Seca,Mal conservada,Não existe,Não há placas,,Dupla,Não existe,,,,,,,,
2019-10-15,10:48:00,SEM VÍTIMA,FINALIZADA,MONTEIRO,AV DEZESSETE DE AGOSTO,2413,,EDF BARÃO DE SUASSUNA,AV DEZESSETE DE AGOSTO,2413,EDF BARÃO DE SUASSUNA,MONTEIRO,,CIDADE,COLISÃO TRASEIRA,COLISÃO SEM VITIMAS VT02 CTTU VAI FAZER O B.O,2,,,,,,,,,0,,Longo da via,Bom,Não existe,Perfeito estado,Seca,Perfeito estado,Não existe,Outras,60 km/h,Dupla,Faixa seccionada,,,,,,,,
2019-10-15,11:48:00,SEM VÍTIMA,CANCELADA,BOA VIAGEM,RUA CAPITAO REBELINHO,440,,POR TRAS DO HOTEL TRANSAMERICA,RUA CAPITAO REBELINHO,440,POR TRAS DO HOTEL TRANSAMERICA,BOA VIAGEM,,,COLISÃO,DOIS AUTOS,2,,,,,,,,,0,,,,,,,,,,,,,,,,,,,,
2019-10-15,12:03:00,SEM VÍTIMA,FINALIZADA,PRADO,RUA GOMES TABORDA,1157,RUA CONCEICAO DE MELU,,RUA GOMES TABORDA,1157,,PRADO,,CIDADE,ABALROAMENTO LONGITUDINAL,COLISAO ENTRE CAMINHAO E AUTO S/V,1,,,,,,1,,,0,,,Bom,Não existe,Perfeito estado,Seca,Perfeito estado,,,30 km/h,Dupla,Faixa seccionada,,,,,,,,
2019-10-15,12:32:00,SEM VÍTIMA,CANCELADA,CORDEIRO,AV MAURICIO DE NASSAU,501,AV CAXANGA,PROX A LOMBADA ELETRONICA,AV MAURICIO DE NASSAU,501,PROX A LOMBADA ELETRONICA,CORDEIRO,,,COLISÃO,COLISAO ENTRE DOIS AUTOS S/V,2,,,,,,,,,0,,,,,,,,,,,,,,,,,,,,
2019-10-15,12:40:00,SEM VÍTIMA,FINALIZADA,BOA VIAGEM,AV DOM JOAO VI,,,POR TRAS DO BOMPREÇO,AV DOM JOAO VI,,POR TRAS DO BOMPREÇO,BOA VIAGEM,543,,COLISÃO,SEM VITIMAS,2,,,,,,,,,0,,,,,,,,,,,,,,,,,,,,
2019-10-15,12:58:00,SEM VÍTIMA,FINALIZADA,TEJIPIÓ,RUA FALCAO DE LACERDA,133,,OPOSTO A MERCEARIA DA FAMÍLIA,RUA FALCAO DE LACERDA,133,OPOSTO A MERCEARIA DA FAMÍLIA,TEJIPIÓ,,CIDADE,CHOQUE VEÍCULO PARADO,COLISÃO SEM VÍTIMA,1,1,,,,,,,,0,,Longo da via,Bom,Não existe,Perfeito estado,Seca,Perfeito estado,Outros,R-19,40 km/h,Dupla,Faixa contínua,,,,,,,,
2019-10-15,13:36:00,SEM VÍTIMA,FINALIZADA,CASA AMARELA,AV NORTE,4578,RUA GUIMARAES PEIXOTO,SOB O SEMÁFORO Nº 096,AV NORTE,4578,SOB O SEMÁFORO Nº 096,CASA AMARELA,96,CIDADE,ABALROAMENTO LONGITUDINAL,,1,,,,,,,,1,0,,Cruzamento,Bom,Sem defeito,Perfeito estado,Seca,Perfeito estado,Faixa de pedestre,R-6a,60 km/h,Dupla,Canteiro central,,,,,,,,
2019-10-15,13:49:00,SEM VÍTIMA,FINALIZADA,AREIAS,AV TENENTE FELIPE BANDEIRA DE MELO,97,RUA ANTONIO PINHEIRO,,AV TENENTE FELIPE BANDEIRA DE MELO,97,,AREIAS,,SUBURBIO,ABALROAMENTO TRANSVERSAL,SEM VITIMAS,2,,,,,,,,,0,,Cruzamento,Bom,Não existe,Perfeito estado,Seca,Perfeito estado,Outros,Outras,,Dupla,Não existe,,,,,,,,
2019-10-15,13:56:00,SEM VÍTIMA,FINALIZADA,BOA VIAGEM,RUA JOSE PARAISO,135,RUA ANTONIO PASSOS,,RUA JOSE PARAISO,135,,BOA VIAGEM,,CIDADE,ABALROAMENTO TRANSVERSAL,SEM VITIMAS,1,1,,,,,,,,0,,Cruzamento,Bom,Não existe,Perfeito estado,Seca,Perfeito estado,Faixa de retenção,Placas Pare,30 km/h,Única,Faixa seccionada,,,,,,,,
2019-10-15,14:20:00,COM VÍTIMA,FINALIZADA,ESPINHEIRO,AV GOVERNADOR AGAMENON MAGALHAES,2749,,PRÓXIMO A JEEP.,AV GOVERNADOR AGAMENON MAGALHAES,2749,PRÓXIMO A JEEP.,ESPINHEIRO,,CIDADE,ABALROAMENTO LONGITUDINAL,AUTO E MOTO.,1,1,,,,,,,,1,,Longo da via,Bom,Não existe,Perfeito estado,Seca,Perfeito estado,Não existe,R-6a,,Dupla,Faixa seccionada,,,,,,,,
2019-10-15,14:34:00,COM VÍTIMA,FINALIZADA,BOA VIAGEM,RUA ERNESTO DE PAULA SANTOS,174,RUA AMALIA BERNARDINO DE SOUZA,EM FRENTE AO POSTO BR E UNINASSAU,RUA ERNESTO DE PAULA SANTOS,174,EM FRENTE AO POSTO BR E UNINASSAU,BOA VIAGEM,,CIDADE,ABALROAMENTO TRANSVERSAL,AUTO E MOTO.,1,1,,,,,,,,3,,Cruzamento,Bom,Não existe,Perfeito estado,Seca,Perfeito estado,,Não há placas,50 km/h,Única,Faixa seccionada,,,,,,,,
2019-10-15,15:41:00,SEM VÍTIMA,FINALIZADA,BOA VIAGEM,AV ENGENHEIRO DOMINGOS FERREIRA,,,,AV ENGENHEIRO DOMINGOS FERREIRA,,,BOA VIAGEM,324,SUBURBIO,COLISÃO TRASEIRA,COLISÃO SEM VITIMA,2,,,,,,,,,0,,Longo da via,Bom,Sem defeito,Perfeito estado,Seca,Perfeito estado,Faixa de pedestre,,,Única,Faixa contínua,Canteiro central,,,,,,,
2019-10-15,16:09:00,SEM VÍTIMA,FINALIZADA,BOA VIAGEM,RUA JOSE ADERVAL CHAVES,162,,EM FRENTE A RADIOFACE,RUA JOSE ADERVAL CHAVES,162,EM FRENTE A RADIOFACE,BOA VIAGEM,,,COLISÃO,COLISÃO SEM VITIMA,2,,,,,,,,,0,,,,,,,,,,,,,,,,,,,,
2019-10-15,16:19:00,SEM VÍTIMA,FINALIZADA,IPSEP,AV RECIFE,3108,,SEM 212,AV RECIFE,3108,SEM 212,IPSEP,,SUBURBIO,COLISÃO TRASEIRA,COLISAO ENTRE TRES AUTOS S/V,3,,,,,,,,,0,,Longo da via,Bom,Não existe,Perfeito estado,Seca,Perfeito estado,Não existe,Não há placas,60 km/h,Dupla,Faixa seccionada,,,,,,,,
2019-10-15,16:38:00,COM VÍTIMA,CANCELADA,MADALENA,AV JOSE GONCALVES DE MEDEIROS,84,,POR TRAS DO EXTRA,AV JOSE GONCALVES DE MEDEIROS,84,POR TRAS DO EXTRA,MADALENA,,,COLISÃO,COLISÃO COM VÍTIMA,1,1,,,,,,,,1,,,,,,,,,,,,,,,,,,,,
2019-10-15,16:40:00,SEM VÍTIMA,FINALIZADA,BOA VISTA,AV LINS PETIT,195,,,AV LINS PETIT,195,,BOA VISTA,,SUBURBIO,COLISÃO TRASEIRA,COLISAO ENTRE TRES AUTOS S/V,3,,,,,,,,,0,,Longo da via,Bom,Não existe,Incompleta,Seca,Perfeito estado,Não existe,Não há placas,,Única,Faixa contínua,,,,,,,,
2019-10-15,17:55:00,SEM VÍTIMA,FINALIZADA,BAIRRO DO RECIFE,PTE GIRATORIA,,,NO CENTRO DA PONTE,PTE GIRATORIA,,NO CENTRO DA PONTE,BAIRRO DO RECIFE,,SUBURBIO,COLISÃO TRASEIRA,COLISAO ENTRE TRES AUTOS S/V,3,,,,,,,,,0,,Ponte,Bom,Não existe,Perfeito estado,Seca,Perfeito estado,Não existe,Não há placas,,Dupla,Canteiro central,,,,,,,,
2019-10-15,18:09:00,SEM VÍTIMA,FINALIZADA,AFOGADOS,RUA DA PAZ,143,,EM FRENTE A FÁBRICA ASA,RUA DA PAZ,143,EM FRENTE A FÁBRICA ASA,AFOGADOS,73,SUBURBIO,COLISÃO TRASEIRA,COLISÃO ENTRE TRÊS AUTOS S/V,3,,,,,,,,,0,,Longo da via,Bom,Sem defeito,Perfeito estado,Seca,Perfeito estado,Faixa de pedestre,Outras,,Única,Faixa seccionada,,,,,,,,
2019-10-15,18:28:00,SEM VÍTIMA,FINALIZADA,DERBY,PTE RAIMUNDO LEITAO,,,SEMÁFORO 174,PTE RAIMUNDO LEITAO,,SEMÁFORO 174,DERBY,174,SUBURBIO,ABALROAMENTO LONGITUDINAL,COLISAO ENVOLVENDO DOIS AUTOS SEM VITIMA,2,,,,,,,,,0,,Ponte,Bom,Sem defeito,Perfeito estado,Seca,Perfeito estado,Agente,,,Única,Faixa contínua,,,,,,,,
2019-10-15,18:35:00,SEM VÍTIMA,FINALIZADA,BEBERIBE,AV BEBERIBE,3530,RUA CONS BARROS BARRETO,EM FRENTE AO CONDOMÍNIO DO CONJUNTO JOÃO PAULO II,AV BEBERIBE,3530,EM FRENTE AO CONDOMÍNIO DO CONJUNTO JOÃO PAULO II,BEBERIBE,,CIDADE,ABALROAMENTO TRANSVERSAL,COLISÃO ENTRE DOIS AUTOS S/V,2,,,,,,,,,0,,Longo da via,Bom,Não existe,Incompleta,Seca,Perfeito estado,Não existe,Não há placas,,Dupla,Faixa contínua,Faixa seccionada,,,,,,,
2019-10-15,18:40:00,SEM VÍTIMA,FINALIZADA,ESPINHEIRO,PRC PARQUE AMORIM,,,AO LADO DA MC DONALD'S,PRC PARQUE AMORIM,,AO LADO DA MC DONALD'S,ESPINHEIRO,173,SUBURBIO,COLISÃO TRASEIRA,COLISÃO ENTRE DOIS AUTOS S/V,2,,,,,,,,,0,,Ponte,Bom,Sem defeito,Perfeito estado,Seca,Perfeito estado,Faixa de pedestre,Não há placas,,Única,Não existe,,,,,,,,
2019-10-15,18:40:00,SEM VÍTIMA,FINALIZADA,AFOGADOS,PTE DO MOTOCOLOMBO,,,SOBRE A PONTE,PTE DO MOTOCOLOMBO,,SOBRE A PONTE,AFOGADOS,,CIDADE,ABALROAMENTO LONGITUDINAL,ENTRE DOIS AUTOS S/V,2,,,,,,,,,0,,Ponte,Bom,Não existe,Não existente,Seca,Mal conservada,Não existe,Não há placas,,Única,Blocos,,,,,,,,
2019-10-15,18:58:00,SEM VÍTIMA,FINALIZADA,ÁGUA FRIA,RUA ZEFERINO AGRA,26,AV BEBERIBE,,RUA ZEFERINO AGRA,26,,ÁGUA FRIA,,SUBURBIO,ABALROAMENTO LONGITUDINAL,COLISÃO ENTRE AUTO E MOTO S/V,1,1,,,,,,,,0,,Longo da via,Bom,Não existe,Não existente,Seca,Perfeito estado,Não existe,Não há placas,,Dupla,Não existe,,,,,,,,
2019-10-15,19:15:00,SEM VÍTIMA,FINALIZADA,AFLITOS,AV CONS ROSA E SILVA,,AV DR MALAQUIAS,POSTO DE GASOLINA SHELL,AV CONS ROSA E SILVA,,POSTO DE GASOLINA SHELL,AFLITOS,214,,ABALROAMENTO LONGITUDINAL,ENTRE DOIS AUTOS S/V,2,,,,,,,,,0,,Cruzamento,Bom,Sem defeito,Perfeito estado,Seca,Perfeito estado,Faixa de pedestre,Não há placas,,Única,Faixa contínua,,,,,,,,
2019-10-15,19:56:00,SEM VÍTIMA,FINALIZADA,BOA VIAGEM,RUA TENENTE DOMINGOS DE BRITO,87,RUA BRUNO VELOSO,,RUA TENENTE DOMINGOS DE BRITO,87,,BOA VIAGEM,,SUBURBIO,ABALROAMENTO LONGITUDINAL,ENTRE DOIS AUTOS S/V,2,,,,,,,,,0,,,Bom,Não existe,Perfeito estado,Seca,Perfeito estado,Não existe,Não há placas,,Única,Não existe,,,,,,,,
2019-10-15,20:35:00,SEM VÍTIMA,CANCELADA,SANTO AMARO,AV GOVERNADOR AGAMENON MAGALHAES,,,EM FRENTE AO POSTO DISLUB, PROX DO SHOPPING TACARUNA,AV GOVERNADOR AGAMENON MAGALHAES,,EM FRENTE AO POSTO DISLUB, PROX DO SHOPPING TACARUNA,SANTO AMARO,,OLINDA,COLISÃO,COLISÃO AUTO E CAMINHÃO S/V,1,,,,,,1,,,0,,,,,,,,,,,,,,,,,,
2019-10-15,21:01:00,SEM VÍTIMA,FINALIZADA,BOA VIAGEM,RUA FRANCISCO DA CUNHA,870,RUA FELIX DE BRITO E MELO,,RUA FRANCISCO DA CUNHA,870,,BOA VIAGEM,,CIDADE,ABALROAMENTO LONGITUDINAL,ENTRE DOIS AUTOS S/V,2,,,,,,,,,0,,Longo da via,Bom,Não existe,Não existente,Seca,Perfeito estado,Não existe,Não há placas,,Única,Não existe,,,,,,,,
2019-10-15,21:21:00,COM VÍTIMA,FINALIZADA,TORRE,RUA JOSE BONIFACIO,,RUA VITORIANO PALHARES,AO LADO DO ATACADO DOS PRESENTES,RUA JOSE BONIFACIO,,AO LADO DO ATACADO DOS PRESENTES,TORRE,301,SUBURBIO,ABALROAMENTO TRANSVERSAL,COLISÃO ENTRE AUTO E MOTO C/V,1,1,,,,,,,,1,,Esquina,Bom,Sem defeito,Incompleta,Seca,Mal iluminada,Não existe,Não há placas,,Única,Não existe,,,,,,,,
2019-10-15,22:36:00,SEM VÍTIMA,CANCELADA,MORRO DA CONCEIÇÃO,EST MORRO DA CONCEICAO,225,,PROX DE BINA BURGUER, PROX DO LOJÃO DAS CARNES,EST MORRO DA CONCEICAO,225,PROX DE BINA BURGUER, PROX DO LOJÃO DAS CARNES,MORRO DA CONCEIÇÃO,,,COLISÃO,COLISÃO ENTRE TRÊS AUTOS S/V,3,,,,,,,,,0,,,,,,,,,,,,,,,,,,
2019-10-15,22:53:00,SEM VÍTIMA,CANCELADA,CASA AMARELA,EST DO ARRAIAL,,,E/F AO COLEGIO PERALTA,EST DO ARRAIAL,,E/F AO COLEGIO PERALTA,CASA AMARELA,,,COLISÃO,AUTO PASSEIO X MOTO S/V,1,1,,,,,,,,0,,,,,,,,,,,,,,,,,,,,
2019-10-16,07:04:00,SEM VÍTIMA,FINALIZADA,BOA VIAGEM,RUA DEZ DE JULHO,,AV MARECHAL JUAREZ TAVORA,,RUA DEZ DE JULHO,,,BOA VIAGEM,,,COLISÃO TRASEIRA,AUTO E CAMINHÃO,1,,,,,,1,,,0,,Cruzamento,Bom,Sem defeito,Perfeito estado,Seca,Perfeito estado,Faixa de pedestre,Não há placas,,Única,Não existe,,,,,,,,
2019-10-16,07:20:00,SEM VÍTIMA,FINALIZADA,ÁGUA FRIA,AV BEBERIBE,2228,RUA DR EUDES COSTA,ESQUINA DAS RUAS,AV BEBERIBE,2228,ESQUINA DAS RUAS,ÁGUA FRIA,187,CIDADE,ABALROAMENTO LONGITUDINAL,AUTO E ONIBUS,1,,,,,1,,,,0,,,Bom,Sem defeito,Perfeito estado,Seca,Perfeito estado,Não existe,,,Dupla,Faixa contínua,,,,,,,,
2019-10-16,07:57:00,SEM VÍTIMA,CANCELADA,CAMPO GRANDE,RUA PADRE CAPISTRANO,31,,E/F AO EDF SILVINO LOPES,RUA PADRE CAPISTRANO,31,E/F AO EDF SILVINO LOPES,CAMPO GRANDE,,,COLISÃO,COLISÃO S/VITIMAS E UMA MOTO E UM AUTO,1,1,,,,,,,,0,,,,,,,,,,,,,,,,,,,,
2019-10-16,08:04:00,SEM VÍTIMA,FINALIZADA,BOA VIAGEM,RUA ERNESTO DE PAULA SANTOS,,RUA JONATHAS DE VASCONCELOS,RUA JONATHAS DE VASCONCELOS ( CRUZAMENTO),RUA ERNESTO DE PAULA SANTOS,,RUA JONATHAS DE VASCONCELOS ( CRUZAMENTO),BOA VIAGEM,,SUBURBIO,ABALROAMENTO TRANSVERSAL,COLISÃO SEM VITIMAS,1,1,,,,,,,,0,,Cruzamento,Bom,Não existe,Incompleta,Seca,Perfeito estado,Não existe,Não há placas,,,Faixa seccionada,,,,,,,,
2019-10-16,08:19:00,SEM VÍTIMA,EM ABERTO,TORRE,AV BEIRA RIO,,RUA DOM JOAO DE SOUZA,,AV BEIRA RIO,,,TORRE,,CIDADE,ABALROAMENTO TRANSVERSAL,,1,,,,,,,,,0,,Longo da via,Bom,Não existe,Perfeito estado,Seca,Perfeito estado,Faixa de pedestre,Placas Pare,,Dupla,Faixa seccionada,,,,,,,,
2019-10-16,08:27:00,COM VÍTIMA,FINALIZADA,MADALENA,RUA SPORT CLUBE DO RECIFE,,,EM FRENTE A LOJA OFICIAL DO SPORT,RUA SPORT CLUBE DO RECIFE,,EM FRENTE A LOJA OFICIAL DO SPORT,MADALENA,,CIDADE,CHOQUE VEÍCULO PARADO,COLISÃO COM VÍTIMA ENTRE AUTO E MOTO.,1,1,,,,,,,,1,,Longo da via,Bom,Não existe,Perfeito estado,Seca,Perfeito estado,,Outras,,Dupla,Canteiro central,,,,,,,,
2019-10-16,08:35:00,SEM VÍTIMA,FINALIZADA,CORDEIRO,RUA DR MIGUEL VIEIRA FERREIRA,721,RUA PROFESSOR JOAQUIM XAVIER DE BRITO,,RUA DR MIGUEL VIEIRA FERREIRA,721,,CORDEIRO,541,CIDADE,ABALROAMENTO LONGITUDINAL,CAMINHAO E AUTO,1,,,,,,1,,,0,,Cruzamento,Bom,Sem defeito,Perfeito estado,Seca,Perfeito estado,Não existe,Não há placas,,Dupla,Não existe,,,,,,,,
2019-10-16,08:44:00,SEM VÍTIMA,CANCELADA,CORDEIRO,EST DO FORTE DO ARRAIAL N. DO B. JESUS,797,RUA WALFRIDO DE MEDEIROS,EM FRENTE A LOJA PLASC FORTE,EST DO FORTE DO ARRAIAL N. DO B. JESUS,797,EM FRENTE A LOJA PLASC FORTE,CORDEIRO,,,COLISÃO,COLIÃO SEM VITIMAS,1,2,,,,,,,,0,,,,,,,,,,,,,,,,,,,,
2019-10-16,09:15:00,SEM VÍTIMA,FINALIZADA,BOA VIAGEM,AV ENGENHEIRO DOMINGOS FERREIRA,1450,,BENETTI INTERIORES,AV ENGENHEIRO DOMINGOS FERREIRA,1450,BENETTI INTERIORES,BOA VIAGEM,,SUBURBIO,COLISÃO TRASEIRA,COLISÃO SEM VITIMAS,3,,,,,,,,,0,,Longo da via,Bom,Não existe,Perfeito estado,Seca,Perfeito estado,Não existe,Não há placas,,Dupla,Canteiro central,,,,,,,,
2019-10-16,09:26:00,SEM VÍTIMA,FINALIZADA,SÃO JOSÉ,RUA FLORIANO PEIXOTO,,,,RUA FLORIANO PEIXOTO,,,SÃO JOSÉ,668,SUBURBIO,COLISÃO TRASEIRA,DOIS AUTOS,2,,,,,,,,,0,,Longo da via,Bom,Sem defeito,Perfeito estado,Seca,Perfeito estado,Não existe,Não há placas,,Única,Faixa contínua,,,,,,,,
2019-10-16,09:35:00,SEM VÍTIMA,FINALIZADA,BOA VIAGEM,AV BOA VIAGEM,1230,RUA PEDRO AMERICO GALVAO,,AV BOA VIAGEM,1230,,BOA VIAGEM,,CIDADE,ABALROAMENTO TRANSVERSAL,COLISÃO SEM VITIMAS,2,,,,,,,,,0,,,Bom,Não existe,Perfeito estado,Seca,Perfeito estado,Não existe,Placas Pare,,Única,Não existe,,,,,,,,
2019-10-16,09:47:00,SEM VÍTIMA,FINALIZADA,AREIAS,AV RECIFE,4480,,TAMBAÍ,AV RECIFE,4480,TAMBAÍ,AREIAS,,SUBURBIO,COLISÃO TRASEIRA,DOIS AUTOS,2,,,,,,,,,0,,Longo da via,Bom,Sem defeito,Perfeito estado,Seca,Perfeito estado,Não existe,Outras,,Dupla,Faixa contínua,Faixa seccionada,Canteiro central,,,,,,
2019-10-16,09:51:00,SEM VÍTIMA,FINALIZADA,PINA,,290,,ENTRADA DO TÚNEL JOSUÉ DE CASTRO,,290,ENTRADA DO TÚNEL JOSUÉ DE CASTRO,PINA,,,ABALROAMENTO LONGITUDINAL,ONIBUS E AUTO,1,,,,,1,,,,0,,Longo da via,Bom,Não existe,Perfeito estado,Seca,Perfeito estado,Não existe,Não há placas,60 km/h,Única,Faixa contínua,,,,,,,,
2019-10-16,10:26:00,COM VÍTIMA,FINALIZADA,SÃO JOSÉ,AV SUL,2077,,EM FRENTE A SECRETARIA DA FAZENDA,AV SUL,2077,EM FRENTE A SECRETARIA DA FAZENDA,SÃO JOSÉ,,CIDADE,COLISÃO TRASEIRA,COLISÃO C/VITIMA ENTRE UM AUTO E MOTO,1,1,,,,,,,,1,,Longo da via,Bom,Sem defeito,Perfeito estado,Seca,Perfeito estado,Não existe,Não há placas,,Única,Faixa seccionada,,,,,,,,
2019-10-16,10:32:00,SEM VÍTIMA,FINALIZADA,DERBY,RUA MANOEL CAETANO,42,RUA ANA ANGELICA,,RUA MANOEL CAETANO,42,,DERBY,,CIDADE,ABALROAMENTO TRANSVERSAL,COLISÃO SEM VITIMAS,2,,,,,,,,,0,,Longo da via,Bom,Não existe,Perfeito estado,Seca,Perfeito estado,Não existe,Outras,,Única,Não existe,,,,,,,,
2019-10-16,10:35:00,SEM VÍTIMA,FINALIZADA,IPSEP,AV SENADOR ROBERT KENNEDY,56,RUA DR OTAVIO BANDEIRA,,AV SENADOR ROBERT KENNEDY,56,,IPSEP,,,CHOQUE VEÍCULO PARADO,COLISÃO SEM VITIMAS,1,,,,,,,,1,0,,Longo da via,Bom,Não existe,Não existente,Seca,Perfeito estado,Não existe,Não há placas,,Dupla,Não existe,,,,,,,,
2019-10-16,10:37:00,SEM VÍTIMA,FINALIZADA,COELHOS,RUA PADRE VENANCIO,77,,,RUA PADRE VENANCIO,77,,COELHOS,,CIDADE,ABALROAMENTO LONGITUDINAL,DOIS AUTOS,2,,,,,,,,,0,,Longo da via,Bom,Não existe,Incompleta,Seca,Perfeito estado,Não existe,R-6a,,Dupla,Não existe,,,,,,,,
2019-10-16,10:52:00,SEM VÍTIMA,FINALIZADA,CAJUEIRO,RUA LUIZ CLERICUZZI,340,RUA VIRGILIO DE MELO FRANCO,EM FRENTE AO Nº 340,RUA LUIZ CLERICUZZI,340,EM FRENTE AO Nº 340,CAJUEIRO,,SUBURBIO,ABALROAMENTO LONGITUDINAL,,2,,,,,,,,,0,,Cruzamento,Bom,Não existe,Não existente,Seca,Perfeito estado,Não existe,Não há placas,,Dupla,Não existe,,,,,,,,