data,hora,natureza_acidente,situacao,bairro,endereco,numero,detalhe_endereco_acidente,complemento,endereco_cruzamento,numero_cruzamento,referencia_cruzamento,bairro_cruzamento,num_semaforo,sentido_via,tipo,descricao,auto,moto,ciclom,ciclista,pedestre,onibus,caminhao,viatura,outros,vitimas,vitimasfatais,acidente_verificado,tempo_clima,situacao_semaforo,sinalizacao,condicao_via,conservacao_via,ponto_controle,situacao_placa,velocidade_max_via,mao_direcao,divisao_via1,divisao_via2,divisao_via3,,,,,,
2019-10-17,22:02:00,COM VÍTIMA,CANCELADA,AREIAS,AV DR JOSE RUFINO,,RUA IPOJUCA,E/F AO POSTO SHELL,AV DR JOSE RUFINO,,E/F AO POSTO SHELL,AREIAS,,,COLISÃO,ENTRE AUTO PASSEIO X MOTO COM VÍTIMA,1,1,,,,,,,,1,,,,,,,,,,,,,,,,,,,,
2019-10-17,22:06:00,SEM VÍTIMA,FINALIZADA,CASA AMARELA,RUA PADRE LEMOS,185,,EM FRENTE AO POSTO BR,RUA PADRE LEMOS,185,EM FRENTE AO POSTO BR,CASA AMARELA,,CIDADE,ABALROAMENTO LONGITUDINAL,MOTO X AUTO PASSEIO S/V,1,1,,,,,,,,0,,Longo da via,Chuvoso,Não existe,Perfeito estado,Molhada,Perfeito estado,Não existe,Não há placas,,Única,Faixa seccionada,,,,,,,,
2019-10-17,22:22:00,SEM VÍTIMA,FINALIZADA,IMBIRIBEIRA,AV MARECHAL MASCARENHAS DE MORAES,,,POSTO DE COMBUSTÍVEL SHELL,AV MARECHAL MASCARENHAS DE MORAES,,POSTO DE COMBUSTÍVEL SHELL,IMBIRIBEIRA,,SUBURBIO,COLISÃO TRASEIRA,ONIBUS X AUTO PASSEIO S/V,1,,,,,1,,,,0,,Longo da via,Bom,Não existe,Perfeito estado,Seca,Perfeito estado,Não existe,R-6a,,Dupla,Canteiro central,,,,,,,,
2019-10-17,23:06:00,SEM VÍTIMA,FINALIZADA,BOA VIAGEM,AV ENGENHEIRO DOMINGOS FERREIRA,,RUA ANTONIO FALCAO,SEMÁFORO 145,AV ENGENHEIRO DOMINGOS FERREIRA,,SEMÁFORO 145,BOA VIAGEM,145,SUBURBIO,ABALROAMENTO LONGITUDINAL,ONIBUS X CAMINHÃO GUICHO S/V,,,,,,1,1,,,0,,,Bom,Sem defeito,Perfeito estado,Seca,Perfeito estado,Faixa de pedestre,Outras,,Única,Canteiro central,,,,,,,,
2019-10-18,04:48:00,SEM VÍTIMA,FINALIZADA,COQUEIRAL,RUA PAULINO DE FARIAS,518,,,RUA PAULINO DE FARIAS,518,,COQUEIRAL,,SUBURBIO,COLISÃO FRONTAL,,,,,,,2,,,,0,,Longo da via,Chuvoso,Não existe,Não existente,Molhada,Perfeito estado,Não existe,Não há placas,,Dupla,Não existe,,,,,,,,
2019-10-18,06:26:00,SEM VÍTIMA,FINALIZADA,CORDEIRO,AV ENGENHEIRO ABDIAS DE CARVALHO,,AV GENERAL SAN MARTIN,COMPAZ,AV ENGENHEIRO ABDIAS DE CARVALHO,,COMPAZ,CORDEIRO,58,CIDADE,COLISÃO TRASEIRA,CAMINHÃO E AUTO,1,,,,,,1,,,0,,Cruzamento,Chuvoso,Sem defeito,Perfeito estado,Molhada,Perfeito estado,Faixa de pedestre,Não há placas,60 km/h,Dupla,Canteiro central,,,,,,,,
2019-10-18,07:33:00,SEM VÍTIMA,FINALIZADA,MADALENA,AV BEIRA RIO,,,ESQUINA COM RUA CONDE DE IRAJÁ,AV BEIRA RIO,,ESQUINA COM RUA CONDE DE IRAJÁ,MADALENA,630,SUBURBIO,CHOQUE VEÍCULO PARADO,SEM VITIMAS,2,,,,,,,,,0,,Longo da via,Chuvoso,Sem defeito,Perfeito estado,Molhada,Perfeito estado,Faixa de pedestre,Outras,,,Faixa contínua,Faixa seccionada,,,,,,,
2019-10-18,08:03:00,SEM VÍTIMA,FINALIZADA,BONGI,AV ENGENHEIRO ABDIAS DE CARVALHO,,,GALERIA JAIME CAVALCANTE,AV ENGENHEIRO ABDIAS DE CARVALHO,,GALERIA JAIME CAVALCANTE,BONGI,375,CIDADE,COLISÃO TRASEIRA,COLISÃO S/VITIMAS ENTRE DOIS AUTOS,2,,,,,,,,,0,,Longo da via,Bom,Sem defeito,Perfeito estado,Seca,Perfeito estado,,,,Dupla,Canteiro central,,,,,,,,
2019-10-18,08:30:00,SEM VÍTIMA,FINALIZADA,PINA,AVENIDA CELSO FURTADO (VIA MANGUE),,,EM MEDIAÇÃOES AO ANTIGO AEROCLUB DO PINA,AVENIDA CELSO FURTADO (VIA MANGUE),,EM MEDIAÇÃOES AO ANTIGO AEROCLUB DO PINA,PINA,,CIDADE,COLISÃO TRASEIRA,DOIS AUTOS,2,,,,,,,,,0,,Longo da via,Bom,Não existe,Perfeito estado,Seca,Perfeito estado,Não existe,Outras,60 km/h,Dupla,Canteiro central,,,,,,,,
2019-10-18,09:00:00,SEM VÍTIMA,CANCELADA,SANTANA,RUA SAMUEL FARIAS,229,,EM FRENTE A OFICINA AUTO FORTE,RUA SAMUEL FARIAS,229,EM FRENTE A OFICINA AUTO FORTE,SANTANA,,,COLISÃO,COLISÃO SEM VITIMAS,2,,,,,,,,,0,,,,,,,,,,,,,,,,,,,,
2019-10-18,08:57:00,SEM VÍTIMA,FINALIZADA,AFOGADOS,RUA QUITERIO INACIO DE MELLO,234,,E/F A AUTO CENTER AFOGADOS (SENT.IMBIRIBEIRA),RUA QUITERIO INACIO DE MELLO,234,E/F A AUTO CENTER AFOGADOS (SENT.IMBIRIBEIRA),AFOGADOS,,,COLISÃO,COLISÃO /VITIMAS ENTRE UM AUTO E CAMINHÃO,1,,,,,,1,,,0,,,,,,,,,,,,,,,,,,,,
2019-10-18,09:12:00,SEM VÍTIMA,FINALIZADA,IPUTINGA,RUA PROFESSOR JULIO OLIVEIRA,7770,AV PROFESSOR JOAQUIM CAVALCANTI,FRENTE AO Nº 7770,RUA PROFESSOR JULIO OLIVEIRA,7770,FRENTE AO Nº 7770,IPUTINGA,,CIDADE,ABALROAMENTO LONGITUDINAL,AUTO E CAMINHÃO,1,,,,,,1,,,0,,Cruzamento,Chuvoso,Não existe,Incompleta,Molhada,Perfeito estado,,Outras,,Única,Não existe,,,,,,,,
2019-10-18,10:06:00,SEM VÍTIMA,FINALIZADA,AREIAS,AV RECIFE,,,BR MUNCK E CAMINHÕES,AV RECIFE,,BR MUNCK E CAMINHÕES,AREIAS,620,,COLISÃO TRASEIRA,COLISÃO S/VITIMAS ENTRE UM AUTO E MOTO,,1,,,,1,,,,0,,Longo da via,Chuvoso,Sem defeito,Perfeito estado,Molhada,Perfeito estado,Faixa de retenção,,,Dupla,Canteiro central,,,,,,,,
2019-10-18,10:11:00,SEM VÍTIMA,FINALIZADA,AFOGADOS,RUA JOAO CARLOS GUIMARAES,,,AO LADO DO BANCO BRADESCO,RUA JOAO CARLOS GUIMARAES,,AO LADO DO BANCO BRADESCO,AFOGADOS,,CIDADE,ABALROAMENTO LONGITUDINAL,AUTO E ONIBUS,1,,,,,1,,,,0,,Longo da via,Nublado,Não existe,Incompleta,Molhada,Perfeito estado,Não existe,Não há placas,,Única,Não existe,,,,,,,,
2019-10-18,10:12:00,SEM VÍTIMA,CANCELADA,IBURA,RUA DR BENIGNO JORDAO DE VASCONCELOS,20,,AO LADO DA UPA DO IBURA,RUA DR BENIGNO JORDAO DE VASCONCELOS,20,AO LADO DA UPA DO IBURA,IBURA,,,COLISÃO,COLISÃO S/VITIMAS ENTRE DOIS AUTOS,2,,,,,,,,,0,,,,,,,,,,,,,,,,,,,,
2019-10-18,10:41:00,SEM VÍTIMA,CANCELADA,BOA VIAGEM,RUA BARAO DE SOUZA LEAO,,,EM FRENTE AO RESTAURANTE COSTA BRAVA,RUA BARAO DE SOUZA LEAO,,EM FRENTE AO RESTAURANTE COSTA BRAVA,BOA VIAGEM,,,COLISÃO,COLISÃO SEM VITIMAS,1,,,,,1,,,,0,,,,,,,,,,,,,,,,,,,,
2019-10-18,10:57:00,SEM VÍTIMA,FINALIZADA,BOA VIAGEM,AV CONSELHEIRO AGUIAR,4310,,EM FRENTE A ACADEMIA SMART FIT,AV CONSELHEIRO AGUIAR,4310,EM FRENTE A ACADEMIA SMART FIT,BOA VIAGEM,127,CIDADE,COLISÃO TRASEIRA,DOIS AUTOS,2,,,,,,,,,0,,Longo da via,Bom,Sem defeito,Perfeito estado,Seca,Perfeito estado,Faixa de pedestre,Outras,60 km/h,Única,Faixa contínua,,,,,,,,
2019-10-18,11:17:00,SEM VÍTIMA,CANCELADA,DERBY,RUA DR SEVERINO PINHEIRO,,,EM FRENTE AO QUARTEL DO DERBY,RUA DR SEVERINO PINHEIRO,,EM FRENTE AO QUARTEL DO DERBY,DERBY,,,COLISÃO,COLISÃO SEM VITIMAS,2,,,,,,,,,0,,,,,,,,,,,,,,,,,,,,
2019-10-18,11:27:00,SEM VÍTIMA,FINALIZADA,GUABIRABA,AV VEREADOR OTACILIO AZEVEDO,4674,,,AV VEREADOR OTACILIO AZEVEDO,4674,,GUABIRABA,,SUBURBIO,CHOQUE VEÍCULO PARADO,COLISÃO SEM VITIMAS,2,,,,,,,,,0,,Cruzamento,Chuvoso,Não existe,Perfeito estado,Molhada,Mal conservada,Outros,Placas Pare,,Dupla,Não existe,,,,,,,,
2019-10-18,11:42:00,SEM VÍTIMA,FINALIZADA,SÃO JOSÉ,AV SUL,1247,,APÓS O VIADUTO CAPITÃO TEMUDO,AV SUL,1247,APÓS O VIADUTO CAPITÃO TEMUDO,SÃO JOSÉ,,CIDADE,COLISÃO TRASEIRA,COLISÃO SEM VITIMAS,2,,,,,,,,,0,,Longo da via,Chuvoso,Não existe,Incompleta,Molhada,Mal conservada,Não existe,Outras,,Dupla,Canteiro central,,,,,,,,
2019-10-18,11:50:00,SEM VÍTIMA,CANCELADA,BOA VIAGEM,RUA BALTAZAR PASSOS,,RUA SA E SOUZA,PROX. A CULTURA INGLESA,RUA BALTAZAR PASSOS,,PROX. A CULTURA INGLESA,BOA VIAGEM,,,COLISÃO,DOIS AUTOS,2,,,,,,,,,0,,,,,,,,,,,,,,,,,,,,
2019-10-18,12:13:00,SEM VÍTIMA,FINALIZADA,IMBIRIBEIRA,AV SUL,78,RUA JOSE DA SILVA LUCENA,CARNEIRO ALMEIDA TRANSPORTE,AV SUL,78,CARNEIRO ALMEIDA TRANSPORTE,IMBIRIBEIRA,,CIDADE,ABALROAMENTO LONGITUDINAL,COLISÃO SEM VÍTIMA,3,,,,,,,,,0,,Longo da via,Chuvoso,Não existe,Incompleta,Molhada,Perfeito estado,Não existe,Não há placas,,Dupla,Não existe,,,,,,,,
2019-10-18,12:17:00,SEM VÍTIMA,FINALIZADA,ILHA DO LEITE,AV GOVERNADOR AGAMENON MAGALHAES,,,APÓS O SEMÁFRO 349,AV GOVERNADOR AGAMENON MAGALHAES,,APÓS O SEMÁFRO 349,ILHA DO LEITE,,,ABALROAMENTO LONGITUDINAL,COLISAO ENTRE ONIBUS E AUTOS S/V,1,,,,,1,,,,0,,Longo da via,Chuvoso,Com defeito,,Molhada,,Faixa de pedestre,,60 km/h,Dupla,Canteiro central,,,,,,,,
2019-10-18,12:34:00,SEM VÍTIMA,FINALIZADA,AFOGADOS,AV SUL,,RUA NICOLAU PEREIRA,,AV SUL,,,AFOGADOS,,,ABALROAMENTO LONGITUDINAL,COLISÃO SEM VÍTIMA,1,,,,,1,,,,0,,Longo da via,Chuvoso,,Não existente,Molhada,Perfeito estado,,Não há placas,,Única,,,,,,,,,
2019-10-18,12:37:00,SEM VÍTIMA,FINALIZADA,ILHA DO RETIRO,RUA ASTORGA,436,RUA COMENDADOR BENTO AGUIAR,,RUA ASTORGA,436,,ILHA DO RETIRO,,SUBURBIO,ABALROAMENTO TRANSVERSAL,COLISÃO SEM VÍTIMA,1,1,,,,,,,,0,,Cruzamento,Bom,Não existe,Não existente,Seca,Perfeito estado,,Não há placas,,Dupla,Não existe,,,,,,,,
2019-10-18,12:54:00,SEM VÍTIMA,DUPLICIDADE,ILHA DO RETIRO,RUA COMENDADOR BENTO AGUIAR,436,,PROX A HUMANA´S HOME CARE,RUA COMENDADOR BENTO AGUIAR,436,PROX A HUMANA´S HOME CARE,ILHA DO RETIRO,,,COLISÃO,COLISAO ENTRE OMOTO E AUTOS S/V,1,1,,,,,,,,0,,,,,,,,,,,,,,,,,,,,
2019-10-18,13:58:00,COM VÍTIMA,FINALIZADA,BOA VIAGEM,RUA JOSE DA SILVA LUCENA,241,,E/F A LOJA DE VINHOS LACOMEX,RUA JOSE DA SILVA LUCENA,241,E/F A LOJA DE VINHOS LACOMEX,BOA VIAGEM,,SUBURBIO,ABALROAMENTO TRANSVERSAL,DOIS AUTOS,2,,,,,,,,,1,,Longo da via,Chuvoso,Não existe,Perfeito estado,Molhada,Perfeito estado,Não existe,Não há placas,,Dupla,Não existe,,,,,,,,
2019-10-18,14:41:00,SEM VÍTIMA,FINALIZADA,ÁGUA FRIA,AV BEBERIBE,2041,,EM FRENTE AO Nº 2041,AV BEBERIBE,2041,EM FRENTE AO Nº 2041,ÁGUA FRIA,,CIDADE,ABALROAMENTO LONGITUDINAL,COLISÃO SEM VÍTIMA,1,,,,,1,,,,0,,Longo da via,Bom,Não existe,Perfeito estado,Seca,Perfeito estado,Não existe,,,Dupla,Faixa contínua,,,,,,,,
2019-10-18,15:07:00,SEM VÍTIMA,FINALIZADA,ESPINHEIRO,RUA MARQUES DO PARANA,,RUA ALFREDO DE CARVALHO,,RUA MARQUES DO PARANA,,,ESPINHEIRO,,CIDADE,ABALROAMENTO TRANSVERSAL,COLISAO ENTRE AUTO E ONIBUS S/V,1,,,,,1,,,,0,,Cruzamento,Nublado,Não existe,Perfeito estado,Seca,Perfeito estado,Faixa de pedestre,Outras,30 km/h,Única,Não existe,,,,,,,,
2019-10-18,15:21:00,SEM VÍTIMA,FINALIZADA,BOA VIAGEM,AV ENGENHEIRO DOMINGOS FERREIRA,2600,RUA PROFESSOR JOSE BRANDAO,FARMÁCIAS INDEPENDENTE,AV ENGENHEIRO DOMINGOS FERREIRA,2600,FARMÁCIAS INDEPENDENTE,BOA VIAGEM,550,,COLISÃO TRASEIRA,COLISAO SEM VITIMAS,2,,,,,,,,,0,,Longo da via,Chuvoso,Sem defeito,Perfeito estado,Seca,Perfeito estado,Faixa de pedestre,Não há placas,60 km/h,Única,Faixa seccionada,,,,,,,,
2019-10-18,15:30:00,COM VÍTIMA,FINALIZADA,SANTO AMARO,AV NORTE,,RUA AURORA,PONTE LIMOEIRO,AV NORTE,,PONTE LIMOEIRO,SANTO AMARO,243,,ABALROAMENTO TRANSVERSAL,AUTO E MOTO.,1,1,,,,,,,,1,,Longo da via,Bom,Sem defeito,Perfeito estado,Seca,Perfeito estado,Faixa de pedestre,R-25d,,Dupla,Canteiro central,,,,,,,,
2019-10-18,15:34:00,SEM VÍTIMA,FINALIZADA,APIPUCOS,RUA DE APIPUCOS,687,,LADO OPOSTO AO Nº 687,RUA DE APIPUCOS,687,LADO OPOSTO AO Nº 687,APIPUCOS,,SUBURBIO,COLISÃO FRONTAL,COLISÃO SEM VÍTIMA,,1,,,,,1,,,0,,Longo da via,Bom,Não existe,Perfeito estado,Seca,Perfeito estado,Não existe,,,Dupla,Faixa contínua,,,,,,,,
2019-10-18,15:43:00,SEM VÍTIMA,CANCELADA,GUABIRABA,EST DOS MACACOS,504 A,,ANTES DO TERMINAL DA VAN,EST DOS MACACOS,504 A,ANTES DO TERMINAL DA VAN,GUABIRABA,,,COLISÃO,COLISAO ENTRE CAMINHAO E AUTO S/V,1,,,,,,1,,,0,,,,,,,,,,,,,,,,,,,,
2019-10-18,16:04:00,COM VÍTIMA,FINALIZADA,MUSTARDINHA,AV MANOEL GONCALVES DA LUZ,,RUA JOSE MOREIRA REIS,E/F AO SESI DA MUSTARDINHA,AV MANOEL GONCALVES DA LUZ,,E/F AO SESI DA MUSTARDINHA,MUSTARDINHA,,MANGUEIRA,ABALROAMENTO TRANSVERSAL,CAMINHÃO E MOTO.,,1,,,,,1,,,1,,Cruzamento,Chuvoso,Não existe,Incompleta,Molhada,Perfeito estado,Não existe,R-6a,,Dupla,Faixa seccionada,,,,,,,,
2019-10-18,17:21:00,SEM VÍTIMA,FINALIZADA,IMBIRIBEIRA,AV MARECHAL MASCARENHAS DE MORAES,522,,EM FRENTE A LOJA HOT CAR PNEUS,AV MARECHAL MASCARENHAS DE MORAES,522,EM FRENTE A LOJA HOT CAR PNEUS,IMBIRIBEIRA,286,SUBURBIO,ABALROAMENTO LONGITUDINAL,,2,1,,,,,,,,0,,Longo da via,Bom,Sem defeito,Perfeito estado,Seca,Perfeito estado,Faixa de pedestre,Outras,60 km/h,Dupla,Faixa seccionada,Canteiro central,,,,,,,
2019-10-18,17:27:00,SEM VÍTIMA,FINALIZADA,BOMBA DO HEMETÉRIO,EST VELHA DE AGUA FRIA,1485,RUA RIOLANDIA,CLINICARDIO,EST VELHA DE AGUA FRIA,1485,CLINICARDIO,BOMBA DO HEMETÉRIO,,CIDADE,ABALROAMENTO LONGITUDINAL,COLISÃO SEM VÍTIMA,1,,,,,1,,,,0,,,Bom,Não existe,Perfeito estado,Seca,Perfeito estado,Não existe,Outras,,Única,Faixa seccionada,,,,,,,,
2019-10-18,17:47:00,COM VÍTIMA,FINALIZADA,AREIAS,AV RECIFE,943,,PROXIMO AO HOSPITAL PAN DE AREIAS,AV RECIFE,943,PROXIMO AO HOSPITAL PAN DE AREIAS,AREIAS,,CIDADE,COLISÃO COM CICLISTA,ACIDENTE ENVOLVENDO AUTO, MOTO E BICICLETA.,1,1,,1,,,,,,1,,Longo da via,Bom,Não existe,Perfeito estado,Seca,Perfeito estado,Faixa de pedestre,,60 km/h,Única,Canteiro central,,,,,,,
2019-10-18,18:25:00,SEM VÍTIMA,FINALIZADA,IMBIRIBEIRA,RUA ARQUITETO LUIZ NUNES,630,,PROXIMIDADES DO COLÉGIO PINHEIROS, ESQUINA COM O LAVA JATO PRIME LAVA CAR,RUA ARQUITETO LUIZ NUNES,630,PROXIMIDADES DO COLÉGIO PINHEIROS, ESQUINA COM O LAVA JATO PRIME LAVA CAR,IMBIRIBEIRA,,,COLISÃO,ENTRE 2 AUTOS. S/V,2,,,,,,,,,0,,,,,,,,,,,,,,,,,,
2019-10-18,18:42:00,COM VÍTIMA,FINALIZADA,BOA VIAGEM,RUA DEZ DE JULHO,210,RUA CAMBOIM,PROX A EMPRESA MAISON CRISTAL,RUA DEZ DE JULHO,210,PROX A EMPRESA MAISON CRISTAL,BOA VIAGEM,,SUBURBIO,ABALROAMENTO TRANSVERSAL,DOIS AUTOS E UMA MOTO.,2,1,,,,,,,,1,,Cruzamento,Bom,Não existe,Perfeito estado,Seca,Perfeito estado,Faixa de retenção,Placas Pare,,Única,Faixa seccionada,,,,,,,,
2019-10-18,18:52:00,COM VÍTIMA,FINALIZADA,TEJIPIÓ,AV DR JOSE RUFINO,2923,,PROX A ESCOLA ALBERTO TORRE E RESIDENCIAL PEDRO MACHADO.,AV DR JOSE RUFINO,2923,PROX A ESCOLA ALBERTO TORRE E RESIDENCIAL PEDRO MACHADO.,TEJIPIÓ,,SUBURBIO,ABALROAMENTO LONGITUDINAL,AUTO E MOTO,1,1,,,,,,,,2,,Longo da via,Chuvoso,Não existe,Perfeito estado,Molhada,Perfeito estado,Outros,Outras,,Dupla,Faixa contínua,,,,,,,,
2019-10-18,19:54:00,COM VÍTIMA,FINALIZADA,CASA AMARELA,RUA DA HARMONIA,301,RUA MAJOR NEREU GUERRA,PROX AGALERIA VIA APIR,RUA DA HARMONIA,301,PROX AGALERIA VIA APIR,CASA AMARELA,598,SUBURBIO,COLISÃO FRONTAL,AUTO E MOTO,1,1,,,,,,,,2,,Longo da via,Bom,Sem defeito,Perfeito estado,Seca,Perfeito estado,Faixa de pedestre,Não há placas,30 km/h,Dupla,Faixa contínua,,,,,,,,
2019-10-18,20:46:00,SEM VÍTIMA,FINALIZADA,CASA AMARELA,AV NORTE,4861,RUA ARNOLDO MAGALHAES,,AV NORTE,4861,,CASA AMARELA,,CIDADE,ABALROAMENTO TRANSVERSAL,ENTRE 2 AUTOS. S/V,2,,,,,,,,,0,,Longo da via,Bom,Não existe,Incompleta,Seca,Mal conservada,Não existe,Placas Pare,,Única,Faixa seccionada,,,,,,,,
2019-10-18,21:00:00,SEM VÍTIMA,FINALIZADA,IPSEP,RUA PAMPULHA,,RUA ITAJAI,,RUA PAMPULHA,,,IPSEP,,,ABALROAMENTO TRANSVERSAL,ENTRE 2 AUTOS. S/V,1,,,,,,,,1,0,,Cruzamento,Chuvoso,Não existe,Incompleta,Molhada,Mal iluminada,,Placas Pare,,Única,Faixa seccionada,,,,,,,,
2019-10-18,21:16:00,COM VÍTIMA,FINALIZADA,IPUTINGA,RUA N S DA SAUDE,551,AV MAURICIO DE NASSAU,PROX AO RESIDENCIAL CLUBE DO AUTOMOVEL,RUA N S DA SAUDE,551,PROX AO RESIDENCIAL CLUBE DO AUTOMOVEL,IPUTINGA,88,SUBURBIO,ABALROAMENTO TRANSVERSAL,DOIS AUTOS.,2,,,,,,,,,1,,Cruzamento,Chuvoso,Sem defeito,Perfeito estado,Molhada,Perfeito estado,Faixa de pedestre,Outras,,Dupla,Faixa contínua,,,,,,,,
2019-10-18,22:20:00,SEM VÍTIMA,FINALIZADA,IBURA,AV RECIFE,796,,JJK VEÍCULOS,AV RECIFE,796,JJK VEÍCULOS,IBURA,247,SUBURBIO,COLISÃO TRASEIRA,ENTRE 2 AUTOS. S/V,2,,,,,,,,,0,,Longo da via,Chuvoso,Sem defeito,Perfeito estado,Molhada,Perfeito estado,,,,Única,Faixa seccionada,,,,,,,,
2019-10-18,22:41:00,SEM VÍTIMA,CANCELADA,LINHA DO TIRO,RUA PROFESSOR JOSE AMARINO DOS REIS,931,,AO LADO DA BARRACA DO ESPETINHO,RUA PROFESSOR JOSE AMARINO DOS REIS,931,AO LADO DA BARRACA DO ESPETINHO,LINHA DO TIRO,,,COLISÃO,ENTRE AUTO E MOTO. S/V,1,1,,,,,,,,0,,,,,,,,,,,,,,,,,,,,
2019-10-19,03:03:00,SEM VÍTIMA,FINALIZADA,IMBIRIBEIRA,RUA ENGENHEIRO JOSE BRANDAO CAVALCANTE,884,,POINT DO ARAÇA,RUA ENGENHEIRO JOSE BRANDAO CAVALCANTE,884,POINT DO ARAÇA,IMBIRIBEIRA,,SUBURBIO,COLISÃO FRONTAL,COLISÃO ENTRE AUTO E MOTO, S/V // CONDUTOR DO AUTOMÓVEL APARENTEMENTE ENCONTRA-SE EMBRIAGADO,1,1,,,,,,,,0,,Longo da via,Chuvoso,Não existe,Perfeito estado,Molhada,Perfeito estado,Não existe,Placas Pare,,Única,Não existe,,,,,,,
2019-10-19,03:09:00,COM VÍTIMA,FINALIZADA,BOA VISTA,RUA OSVALDO CRUZ,412,,PRAÇA OSVALDO CRUZ // E/F AO TEATRO VALDEMAR DE OLIVEIRA,RUA OSVALDO CRUZ,412,PRAÇA OSVALDO CRUZ // E/F AO TEATRO VALDEMAR DE OLIVEIRA,BOA VISTA,,CIDADE,ATROPELAMENTO,AUTO E PEDESTRE.,1,,,,1,,,,,1,,Longo da via,Bom,Não existe,Perfeito estado,Seca,Perfeito estado,Outros,,,Única,Não existe,,,,,,,,
2019-10-19,07:35:00,COM VÍTIMA,FINALIZADA,BEBERIBE,RUA URIEL DE HOLANDA,,,EM FRENTE A ESCOLA PEDRO CELSO,RUA URIEL DE HOLANDA,,EM FRENTE A ESCOLA PEDRO CELSO,BEBERIBE,,PRAÇA DA CONVENÇÃO,ABALROAMENTO LONGITUDINAL,AUTO E MOTO. INFORMAÇÕES DE QUE O AUTO DE PLACA SE EVADIU DO LOCAL DO ACIDENTE.,1,1,,,,,,,,1,,Longo da via,Bom,Não existe,Perfeito estado,Seca,Mal conservada,Faixa de pedestre,R-6a,,Dupla,Faixa contínua,,,,,,,,
2019-10-19,08:15:00,COM VÍTIMA,FINALIZADA,BOMBA DO HEMETÉRIO,RUA PROFESSOR JOSE AMARINO DOS REIS,379,,PRÓXIMO A IGREJA BATISTA NO CORREGO DO TIRO.,RUA PROFESSOR JOSE AMARINO DOS REIS,379,PRÓXIMO A IGREJA BATISTA NO CORREGO DO TIRO.,BOMBA DO HEMETÉRIO,,SUBURBIO,COLISÃO FRONTAL,ÔNIBUS E MOTO.,1,1,,,,,,,,2,,Longo da via,Bom,Não existe,Perfeito estado,Seca,Perfeito estado,Outros,R-6a,30 km/h,Dupla,Faixa contínua,,,,,,,,
2019-10-19,08:29:00,SEM VÍTIMA,FINALIZADA,SAN MARTIN,RUA VISCONDE PARNAIBA,240,,,RUA VISCONDE PARNAIBA,240,,SAN MARTIN,,,COLISÃO FRONTAL,COLISÃO S/VITIMAS ENTRE DOIS AUTOS,2,,,,,,,,,0,,Longo da via,Bom,Não existe,Perfeito estado,Seca,Perfeito estado,Não existe,Não há placas,,Dupla,Não existe,,,,,,,,
2019-10-19,10:20:00,SEM VÍTIMA,FINALIZADA,PINA,AV CONSUL JOSEPH NOUJAIM,,RUA NOGUEIRA DE SOUZA,,AV CONSUL JOSEPH NOUJAIM,,,PINA,658,SUBURBIO,ABALROAMENTO TRANSVERSAL,COLISÃO S/VITIMAS ENTRE DOIS AUTOS,2,,,,,,,,,0,,Cruzamento,Bom,Sem defeito,Perfeito estado,Seca,Perfeito estado,Faixa de pedestre,,,Única,Faixa seccionada,,,,,,,,
2019-10-19,10:55:00,SEM VÍTIMA,FINALIZADA,CASA AMARELA,AV NORTE,6717,,EM FRENTE AO POSTO PETROBRAS,AV NORTE,6717,EM FRENTE AO POSTO PETROBRAS,CASA AMARELA,,CIDADE,ABALROAMENTO LONGITUDINAL,COLISÃO S/VITIMAS ENTRE UM AUTO E CAMINHÃO,1,,,,,,1,,,0,,Longo da via,Bom,Não existe,Perfeito estado,Seca,Perfeito estado,Não existe,Outras,60 km/h,Dupla,Canteiro central,,,,,,,,
2019-10-19,11:43:00,SEM VÍTIMA,FINALIZADA,PAISSANDU,RUA GENERAL JOAQUIM INACIO,,,SOB O SEMÁFORO,RUA GENERAL JOAQUIM INACIO,,SOB O SEMÁFORO,PAISSANDU,69,SUBURBIO,ABALROAMENTO LONGITUDINAL,COLISÃO S/VITIMAS ENTRE DOIS AUTOS,2,,,,,,,,,0,,Longo da via,Bom,Sem defeito,Perfeito estado,Seca,Perfeito estado,Faixa de pedestre,Outras,60 km/h,Única,Faixa contínua,,,,,,,,
2019-10-19,14:26:00,COM VÍTIMA,FINALIZADA,CASA AMARELA,RUA PADRE LEMOS,66,,EM FRENTE A FARMACIA PAGUE MENOS E PATIO DA FEIRA,RUA PADRE LEMOS,66,EM FRENTE A FARMACIA PAGUE MENOS E PATIO DA FEIRA,CASA AMARELA,,SUBURBIO,ATROPELAMENTO,AUTO E PEDESTRE.,1,,,,1,,,,,1,,Longo da via,Bom,Não existe,Perfeito estado,Seca,Perfeito estado,Não existe,R-6a,,Dupla,Faixa seccionada,,,,,,,,
2019-10-19,16:12:00,SEM VÍTIMA,FINALIZADA,JORDÃO,AV DONA CARENTINA,1,,BAR O PAU DO INDIO,AV DONA CARENTINA,1,BAR O PAU DO INDIO,JORDÃO,,SUBURBIO,ABALROAMENTO TRANSVERSAL,COLISAO ENTRE DOIS AUTOS S/V,2,,,,,,,,,0,,Longo da via,Bom,Não existe,Incompleta,Seca,Perfeito estado,Não existe,Não há placas,,Dupla,Não existe,,,,,,,,