data,hora,natureza_acidente,situacao,bairro,endereco,numero,detalhe_endereco_acidente,complemento,endereco_cruzamento,numero_cruzamento,referencia_cruzamento,bairro_cruzamento,num_semaforo,sentido_via,tipo,descricao,auto,moto,ciclom,ciclista,pedestre,onibus,caminhao,viatura,outros,vitimas,vitimasfatais,acidente_verificado,tempo_clima,situacao_semaforo,sinalizacao,condicao_via,conservacao_via,ponto_controle,situacao_placa,velocidade_max_via,mao_direcao,divisao_via1,divisao_via2,divisao_via3,,,,,,
2019-10-19,16:13:00,SEM VÍTIMA,FINALIZADA,ÁGUA FRIA,AV BEBERIBE,1995,,EM FRENTE DA FEIRA NOVA DE ÁGUA FRIA,AV BEBERIBE,1995,EM FRENTE DA FEIRA NOVA DE ÁGUA FRIA,ÁGUA FRIA,405,CIDADE,ABALROAMENTO LONGITUDINAL,DOIS AUTOS,2,,,,,,,,,0,,Longo da via,Bom,Sem defeito,Perfeito estado,Seca,Perfeito estado,Faixa de pedestre,R-6a,40 km/h,Única,Não existe,,,,,,,,
2019-10-19,16:49:00,SEM VÍTIMA,FINALIZADA,PASSARINHO,RUA ANDORINHA,55,,EN FRENTE A PADARIA DO GALEGO,RUA ANDORINHA,55,EN FRENTE A PADARIA DO GALEGO,PASSARINHO,,SUBURBIO,CHOQUE VEÍCULO PARADO,COLISAO ENTRE ONIBUS E AUTRO S/V,1,,,,,1,,,,0,,Longo da via,Bom,Não existe,Não existente,Seca,Mal conservada,Não existe,Não há placas,,Dupla,Não existe,,,,,,,,
2019-10-19,17:26:00,COM VÍTIMA,FINALIZADA,PRADO,RUA CARLOS GOMES,708,RUA DINIZ BARRETO,EM FRENTE A GALERIA SANTA EDWIGES,RUA CARLOS GOMES,708,EM FRENTE A GALERIA SANTA EDWIGES,PRADO,,SUBURBIO,ABALROAMENTO LONGITUDINAL,AUTO E MOTO.,1,1,,,,,,,,2,,Cruzamento,Bom,Não existe,Perfeito estado,Seca,Perfeito estado,Outros,R-6a,,Única,Faixa seccionada,Outros,,,,,,,
2019-10-19,17:45:00,SEM VÍTIMA,FINALIZADA,CASA FORTE,RUA IGARASSU,40,,SOBRANCELHAS DESING,RUA IGARASSU,40,SOBRANCELHAS DESING,CASA FORTE,485,CIDADE,ABALROAMENTO LONGITUDINAL,COLISAO ENTRE DOIS AUTOS S/V,2,,,,,,,,,0,,Longo da via,Bom,Sem defeito,Perfeito estado,Seca,Perfeito estado,,R-4b,,Única,,,,,,,,,
2019-10-19,18:58:00,SEM VÍTIMA,FINALIZADA,VÁRZEA,AV PROFESSOR ARTUR DE SA,1308,,LADO ESQUERDO DO BAR DA KELLY,AV PROFESSOR ARTUR DE SA,1308,LADO ESQUERDO DO BAR DA KELLY,VÁRZEA,,SUBURBIO,CHOQUE OBJETO FIXO,AUTO CHOCOU-SE CONTRA O MURO DO RESTAURANTE NO LOCAL. S/V,1,,,,,,,,,0,,Longo da via,Bom,Não existe,Não existente,Seca,Perfeito estado,Não existe,Não há placas,,Única,Faixa seccionada,,,,,,,,
2019-10-19,19:18:00,SEM VÍTIMA,FINALIZADA,ÁGUA FRIA,AV BEBERIBE,,RUA ZEFERINO AGRA,,AV BEBERIBE,,,ÁGUA FRIA,,SUBURBIO,ABALROAMENTO LONGITUDINAL,ENTRE AUTO E MOTO. S/V,1,1,,,,,,,,0,,,Bom,Não existe,Perfeito estado,Seca,Perfeito estado,Faixa de pedestre,Outras,,Dupla,Faixa contínua,,,,,,,,
2019-10-19,21:03:00,SEM VÍTIMA,FINALIZADA,SÃO JOSÉ,RUA IMPERIAL,1217,RUA ANNA BEZERRA,,RUA IMPERIAL,1217,,SÃO JOSÉ,,SUBURBIO,ABALROAMENTO LONGITUDINAL,HB 20 X LOGAN X AUTO,3,,,,,,,,1,0,,Cruzamento,Bom,Não existe,Incompleta,Seca,Perfeito estado,Não existe,R-6a,,Única,Faixa seccionada,,,,,,,,
2019-10-19,22:00:00,SEM VÍTIMA,FINALIZADA,CASA FORTE,RUA LEONARDO BEZERRA CAVALCANTE,587,,LOJA MUNDO PET PROX AO PARRAXAXA,RUA LEONARDO BEZERRA CAVALCANTE,587,LOJA MUNDO PET PROX AO PARRAXAXA,CASA FORTE,,,CHOQUE,VEICULO CHOCA-SE COM MURO DO PET SHOPPING,1,,,,,,,,,0,,,,,,,,,,,,,,,,,,,,
2019-10-19,23:04:00,SEM VÍTIMA,CANCELADA,GRAÇAS,AV RUI BARBOSA,,RUA AMALIA,PROX AO POSTO BR E POSTO SHELL OBS: AO LADO DO POSTO BR E LOJA CHEVROLET,AV RUI BARBOSA,,PROX AO POSTO BR E POSTO SHELL OBS: AO LADO DO POSTO BR E LOJA CHEVROLET,GRAÇAS,,,COLISÃO,HONDA CIT X SIENA,2,,,,,,,,,0,,,,,,,,,,,,,,,,,,,,
2019-10-19,23:10:00,SEM VÍTIMA,FINALIZADA,CASA FORTE,RUA JORGE GOMES DE SA,,RUA ASTERIO RUFINO ALVES,,RUA JORGE GOMES DE SA,,,CASA FORTE,,SUBURBIO,ABALROAMENTO TRANSVERSAL,ENTRE 2 AUTOS. S.V,2,,,,,,,,,0,,,Bom,Não existe,Incompleta,Seca,Perfeito estado,Não existe,Outras,,Dupla,Não existe,,,,,,,,
2019-10-19,23:21:00,COM VÍTIMA,CANCELADA,CAMPO GRANDE,RUA MARIA AUGUSTA DE SOUZA,272,RUA FARIAS NEVES,PROX AO MERCADO PUBLICO DE SITIO NOVO,RUA MARIA AUGUSTA DE SOUZA,272,PROX AO MERCADO PUBLICO DE SITIO NOVO,CAMPO GRANDE,,,COLISÃO,TAXI X AMAROK OBS:: SUSPEITA DE EMBRIAGUEZ,2,,,,,,,,,1,,,,,,,,,,,,,,,,,,,,
2019-10-20,03:51:00,COM VÍTIMA,FINALIZADA,TORRÕES,AV BICENTENARIO DA REVOLUCAO FRANCESA,1015,RUA ZUMBI DOS PALMARES,EM FRENTE A LOJINHA FRANCYS, PROX DE ROBERTO MÓVEIS,AV BICENTENARIO DA REVOLUCAO FRANCESA,1015,EM FRENTE A LOJINHA FRANCYS, PROX DE ROBERTO MÓVEIS,TORRÕES,,SUBURBIO,ABALROAMENTO TRANSVERSAL,COLISÃO ENTRE AUTO E MOTO,1,,1,,,,,,,1,,Cruzamento,Bom,Não existe,Perfeito estado,Seca,Perfeito estado,Não existe,Não há placas,,Dupla,Não existe,,,,,,
2019-10-20,06:28:00,SEM VÍTIMA,FINALIZADA,CASA AMARELA,AV NORTE,,,SEMÁFORO 065,AV NORTE,,SEMÁFORO 065,CASA AMARELA,65,CIDADE,COLISÃO TRASEIRA,COLISÃO SEM VÍTIMA,2,,,,,,,,,0,,Longo da via,Bom,Sem defeito,Perfeito estado,Seca,Perfeito estado,Faixa de pedestre,Não há placas,,Dupla,Canteiro central,,,,,,,,
2019-10-20,07:14:00,COM VÍTIMA,FINALIZADA,PINA,AV ANTONIO DE GOES,340,,EM FRENTE AO EMPRESARIAL NEWTON MELO,AV ANTONIO DE GOES,340,EM FRENTE AO EMPRESARIAL NEWTON MELO,PINA,277,CIDADE,ABALROAMENTO LONGITUDINAL,DOIS AUTOS,2,,,,,,,,,1,,Longo da via,Bom,Sem defeito,Perfeito estado,Seca,Perfeito estado,Faixa de pedestre,Outras,60 km/h,Única,Canteiro central,,,,,,,,
2019-10-20,07:29:00,SEM VÍTIMA,CANCELADA,SANTO AMARO,RUA ODORICO MENDES,831,,AO LADO DO PRÉDIO 13º TERCEIRO BATALHÃO,RUA ODORICO MENDES,831,AO LADO DO PRÉDIO 13º TERCEIRO BATALHÃO,SANTO AMARO,49,,COLISÃO,COLISÃO S/VITIMAS ENTRE DOIS AUTOS,2,,,,,,,,,0,,,,,,,,,,,,,,,,,,,,
2019-10-20,08:51:00,SEM VÍTIMA,CANCELADA,JORDÃO,AV MARIA IRENE,117,,AO LADO DA ASSEMBLEIA DE DEUS,AV MARIA IRENE,117,AO LADO DA ASSEMBLEIA DE DEUS,JORDÃO,,,COLISÃO,COLISÃO S/VITIMAS ENTRE DOIS AUTOS,2,,,,,,,,,0,,,,,,,,,,,,,,,,,,,,
2019-10-20,09:39:00,SEM VÍTIMA,FINALIZADA,IMBIRIBEIRA,RUA ITACARI,301,RUA ITAJAI,,RUA ITACARI,301,,IMBIRIBEIRA,,SUBURBIO,ABALROAMENTO TRANSVERSAL,DOIS AUTOS,2,,,,,,,,,0,,Cruzamento,Bom,Não existe,Perfeito estado,Seca,Perfeito estado,Não existe,Placas Pare,,Dupla,Não existe,,,,,,,,
2019-10-20,09:55:00,SEM VÍTIMA,FINALIZADA,AFOGADOS,RUA NICOLAU PEREIRA,,,MERCADO DE AFOGADOS,RUA NICOLAU PEREIRA,,MERCADO DE AFOGADOS,AFOGADOS,,SUBURBIO,COLISÃO TRASEIRA,AUTO E MOTO VT- 12 NO LOCAL,1,1,,,,,,,,0,,Longo da via,Bom,,Perfeito estado,Seca,Perfeito estado,,,,Única,,,,,,,,,
2019-10-20,10:00:00,SEM VÍTIMA,FINALIZADA,SANTO AMARO,AV CRUZ CABUGA,665,RUA FREI CASSIMIRO,SEMÁFORO,AV CRUZ CABUGA,665,SEMÁFORO,SANTO AMARO,627,CIDADE,ABALROAMENTO LONGITUDINAL,UM ONIBUS E AUTO,1,,,,,1,,,1,0,,Longo da via,Bom,Sem defeito,Perfeito estado,Seca,Perfeito estado,Faixa de pedestre,R-6a,,Dupla,Faixa contínua,,,,,,,,
2019-10-20,10:26:00,SEM VÍTIMA,FINALIZADA,MADALENA,AV ENGENHEIRO ABDIAS DE CARVALHO,,RUA JOAO IVO DA SILVA,PRÓXIMO AO POSTO DE COMBUSTÍVEL BR,AV ENGENHEIRO ABDIAS DE CARVALHO,,PRÓXIMO AO POSTO DE COMBUSTÍVEL BR,MADALENA,132,CIDADE,COLISÃO TRASEIRA,ONIBUS E AUTO PASSEIO,1,,,,,1,,,,0,,Cruzamento,Bom,Sem defeito,Perfeito estado,Seca,Perfeito estado,Faixa de pedestre,Outras,,Dupla,Canteiro central,,,,,,,,
2019-10-20,11:21:00,SEM VÍTIMA,FINALIZADA,CORDEIRO,AV CAXANGA,,,BANCO ITAU,AV CAXANGA,,BANCO ITAU,CORDEIRO,,CIDADE,COLISÃO TRASEIRA,TRES AUTOS,3,,,,,,,,,0,,Longo da via,Bom,Não existe,Perfeito estado,Seca,Perfeito estado,Não existe,Outras,60 km/h,Dupla,Canteiro central,,,,,,,,
2019-10-20,11:22:00,COM VÍTIMA,FINALIZADA,VASCO DA GAMA,RUA VASCO DA GAMA,762,,PROX A LOJA FRANGO NOVO,RUA VASCO DA GAMA,762,PROX A LOJA FRANGO NOVO,VASCO DA GAMA,,CIDADE,ABALROAMENTO LONGITUDINAL,DOIS AUTOS E UMA MOTO.,2,1,,,,,,,,1,,Longo da via,Bom,Não existe,Incompleta,Seca,Perfeito estado,Não existe,Não há placas,,Dupla,Não existe,,,,,,,,
2019-10-20,12:14:00,SEM VÍTIMA,FINALIZADA,IPSEP,RUA ADERBAL DE MELO,135,RUA HELIO BRANDAO,CHAMBARIL E FEIJOADA DO JOÃO,RUA ADERBAL DE MELO,135,CHAMBARIL E FEIJOADA DO JOÃO,IPSEP,,,ABALROAMENTO LONGITUDINAL,COLISÃO S/VITIMAS ENTRE DOIS AUTOS (VEÍCULO DA SEMAFÓRICA SERTEL),2,,,,,,,,,0,,Cruzamento,Bom,Não existe,Perfeito estado,Seca,Perfeito estado,Não existe,Placas Pare,,Dupla,Não existe,,,,,,,,
2019-10-20,16:17:00,SEM VÍTIMA,FINALIZADA,SAN MARTIN,AV ENGENHEIRO ABDIAS DE CARVALHO,,AV GENERAL SAN MARTIN,COMPAZ,AV ENGENHEIRO ABDIAS DE CARVALHO,,COMPAZ,SAN MARTIN,58,,COLISÃO TRASEIRA,ENTRE 2 AUTOS. S/V,2,,,,,,,,,0,,Longo da via,Bom,Sem defeito,Perfeito estado,Seca,Perfeito estado,Faixa de pedestre,,,Dupla,Canteiro central,,,,,,,,
2019-10-20,16:23:00,SEM VÍTIMA,FINALIZADA,BONGI,RUA ALEXANDRE PADILHA,240 A,,,RUA ALEXANDRE PADILHA,240 A,,BONGI,,SUBURBIO,ABALROAMENTO TRANSVERSAL,ENTRE AUTO E MOTO. S/V,1,1,,,,,,,,0,,Longo da via,Bom,Não existe,Não existente,Seca,Perfeito estado,Não existe,Não há placas,30 km/h,Dupla,Não existe,,,,,,,,
2019-10-20,18:45:00,SEM VÍTIMA,CANCELADA,CASA AMARELA,AV NORTE,,,E/F AO SUPERMERCADO MAIS VOCE/ RETIFICA PADRÃO,AV NORTE,,E/F AO SUPERMERCADO MAIS VOCE/ RETIFICA PADRÃO,CASA AMARELA,,,COLISÃO,ONIBUS X AUTO PASSEIO S/V,1,,,,,1,,,,0,,,,,,,,,,,,,,,,,,,,
2019-10-20,19:01:00,SEM VÍTIMA,FINALIZADA,BOA VIAGEM,AV CONSELHEIRO AGUIAR,,,,AV CONSELHEIRO AGUIAR,,,BOA VIAGEM,,CIDADE,ABALROAMENTO TRANSVERSAL,TAXI X FIAT PALIO,2,,,,,,,,,0,,Cruzamento,Bom,Sem defeito,Ilegível,Seca,Mal iluminada,Faixa de pedestre,Não há placas,60 km/h,Única,Faixa seccionada,,,,,,,,
2019-10-20,19:10:00,COM VÍTIMA,FINALIZADA,CABANGA,PTE AGAMENON MAGALHAES,,,PONTE DO PINA CONTINUAÇÃO DA AV ENGº ANTONIO DE GOIS,PTE AGAMENON MAGALHAES,,PONTE DO PINA CONTINUAÇÃO DA AV ENGº ANTONIO DE GOIS,CABANGA,,SUBURBIO,TOMBAMENTO,MOTO,,1,,,,,,,,1,,Ponte,Bom,Não existe,Perfeito estado,Seca,Perfeito estado,Não existe,Não há placas,,Única,Canteiro central,,,,,,,,
2019-10-20,20:18:00,SEM VÍTIMA,FINALIZADA,CASA AMARELA,RUA DA CAROLINA,4,RUA ALEXANDRINO,,RUA DA CAROLINA,4,,CASA AMARELA,,,CHOQUE VEÍCULO PARADO,ONIBUS X ONIX,1,,,,,1,,,,0,,,Bom,Não existe,Não existente,Seca,Perfeito estado,Não existe,Não há placas,,Dupla,Não existe,,,,,,,,
2019-10-20,21:10:00,SEM VÍTIMA,FINALIZADA,PRADO,AV ENGENHEIRO ABDIAS DE CARVALHO,,RUA JOAO IVO DA SILVA,,AV ENGENHEIRO ABDIAS DE CARVALHO,,,PRADO,132,CIDADE,ABALROAMENTO TRANSVERSAL,AMBULÂNCIA X AUTO PASSEIO S/V,2,,,,,,,,,0,,Cruzamento,Bom,Sem defeito,Perfeito estado,Seca,Perfeito estado,Faixa de pedestre,Outras,,Dupla,Canteiro central,,,,,,,,
2019-10-20,22:00:00,COM VÍTIMA,FINALIZADA,BOMBA DO HEMETÉRIO,RUA BOMBA DO HEMETERIO,306,,PROX AO GIGANTES DO SAMBA/ E/F A FARMACIA KIFARMA,RUA BOMBA DO HEMETERIO,306,PROX AO GIGANTES DO SAMBA/ E/F A FARMACIA KIFARMA,BOMBA DO HEMETÉRIO,,SUBURBIO,COLISÃO TRASEIRA,MOTO X AUTO PASSEIO COM VÍTIMA,1,1,,,,,,,,1,,Longo da via,Bom,Não existe,Não existente,Seca,Mal conservada,Não existe,Não há placas,,Dupla,Não existe,,,,,,,,
2019-10-20,23:05:00,COM VÍTIMA,FINALIZADA,MUSTARDINHA,AV MANOEL GONCALVES DA LUZ,492,RUA JOAO TRAJANO DA SILVA,E/F AO ATAREJO ESPERANÇA/ PROX AO SESI,AV MANOEL GONCALVES DA LUZ,492,E/F AO ATAREJO ESPERANÇA/ PROX AO SESI,MUSTARDINHA,,,ABALROAMENTO TRANSVERSAL,MOTO X AUTO PASSEIO COM VÍTIMA,1,1,,,,,,,,1,,Cruzamento,Bom,Não existe,Perfeito estado,Seca,Perfeito estado,Outros,Outras,,Dupla,Faixa seccionada,,,,,,,,
2019-10-21,06:26:00,SEM VÍTIMA,FINALIZADA,BOA VISTA,RUA GERVASIO PIRES,631,,COLÉGIO ADVENTISTA,RUA GERVASIO PIRES,631,COLÉGIO ADVENTISTA,BOA VISTA,41,CIDADE,ABALROAMENTO LONGITUDINAL,COLISÃO SEM VITIMAS,2,,,,,,,,,0,,Longo da via,Bom,Sem defeito,Perfeito estado,Seca,Perfeito estado,Outros,Outras,,Única,Faixa seccionada,,,,,,,,
2019-10-21,07:16:00,SEM VÍTIMA,FINALIZADA,PINA,AV HERCULANO BANDEIRA,1001,,EM FRENTE AO ATACADO DA CONSTRUÇAO,AV HERCULANO BANDEIRA,1001,EM FRENTE AO ATACADO DA CONSTRUÇAO,PINA,,SUBURBIO,ABALROAMENTO LONGITUDINAL,ONIBUS E AUTO,1,,,,,1,,,,0,,Longo da via,Bom,Sem defeito,Perfeito estado,Seca,Perfeito estado,Faixa de pedestre,R-6a,60 km/h,Única,Faixa contínua,Faixa seccionada,,,,,,,
2019-10-21,07:19:00,SEM VÍTIMA,FINALIZADA,BOA VISTA,AV GOVERNADOR AGAMENON MAGALHAES,,RUA DOM BOSCO,,AV GOVERNADOR AGAMENON MAGALHAES,,,BOA VISTA,174,,COLISÃO TRASEIRA,COLISÃO S/VITIMAS ENTRE DOIS AUTOS,2,,,,,,,,,0,,Cruzamento,Bom,Sem defeito,Perfeito estado,Seca,Perfeito estado,Faixa de pedestre,,60 km/h,Dupla,Canteiro central,,,,,,,,
2019-10-21,07:23:00,COM VÍTIMA,CANCELADA,DERBY,AV GOVERNADOR AGAMENON MAGALHAES,138,,E/F A FACE IMAGEM (SENT. BOA VIAGEM) (VIA PRINCIPAL),AV GOVERNADOR AGAMENON MAGALHAES,138,E/F A FACE IMAGEM (SENT. BOA VIAGEM) (VIA PRINCIPAL),DERBY,68,,COLISÃO,COLISÃO C/VITIMA ENTRE UMA MOTO E UM AUTO,1,1,,,,,,,,2,,,,,,,,,,,,,,,,,,,,
2019-10-21,07:32:00,SEM VÍTIMA,FINALIZADA,JORDÃO,RUA BOANERGES PEREIRA,8,,COMERCIAL MONTEIRO,RUA BOANERGES PEREIRA,8,COMERCIAL MONTEIRO,JORDÃO,,SUBURBIO,COLISÃO,COLISÃO S/VITIMAS ENTRE UMA MOTO E UM AUTO,1,1,,,,,,,,0,,Longo da via,Bom,Não existe,Perfeito estado,Seca,Perfeito estado,Não existe,Outras,,Dupla,Não existe,,,,,,,,
2019-10-21,08:08:00,SEM VÍTIMA,CANCELADA,IMBIRIBEIRA,RUA PAMPULHA,325,,NA RUA DO COLEGIO SANTA TERESA,RUA PAMPULHA,325,NA RUA DO COLEGIO SANTA TERESA,IMBIRIBEIRA,,,COLISÃO,DOIS AUTOS,2,,,,,,,,,0,,,,,,,,,,,,,,,,,,,,
2019-10-21,08:47:00,COM VÍTIMA,FINALIZADA,IPSEP,AV RECIFE,3021,,LADO OPOSTO AO POSTO FEDERAL.,AV RECIFE,3021,LADO OPOSTO AO POSTO FEDERAL.,IPSEP,,SUBURBIO,CHOQUE OBJETO FIXO,CONDUTOR DA MOTOCICLETA INFORMOU QUE O ACIDENTE SE CONSUMOU APÓS DESVIAR DE UM PEDESTRE.,,1,,,,,,,,1,,Longo da via,Bom,Não existe,Perfeito estado,Seca,Perfeito estado,,Não há placas,,Dupla,Faixa seccionada,Canteiro central,,,,,,,
2019-10-21,09:25:00,SEM VÍTIMA,FINALIZADA,ESPINHEIRO,RUA AMELIA,,AV CONS ROSA E SILVA,,RUA AMELIA,,,ESPINHEIRO,46,CIDADE,ABALROAMENTO LONGITUDINAL,COLISÃO SEM VITIMAS,2,,,,,,,,,0,,Cruzamento,Bom,Sem defeito,Perfeito estado,Seca,Perfeito estado,Faixa de pedestre,R-6a,40 km/h,Única,Faixa contínua,,,,,,,,
2019-10-21,10:00:00,SEM VÍTIMA,FINALIZADA,GRAÇAS,RUA ESMERALDINO BANDEIRA,55,RUA BRUNO MAIA,,RUA ESMERALDINO BANDEIRA,55,,GRAÇAS,,CIDADE,ABALROAMENTO TRANSVERSAL,,2,,,,,,,,,0,,Cruzamento,Bom,Não existe,Perfeito estado,Seca,Perfeito estado,Não existe,Placas Dê a preferência,,Única,Não existe,,,,,,,,
2019-10-21,10:22:00,SEM VÍTIMA,FINALIZADA,BOA VIAGEM,AV BOA VIAGEM,4268,,EM FRENTE AO HOTEL VILA LOBOS,AV BOA VIAGEM,4268,EM FRENTE AO HOTEL VILA LOBOS,BOA VIAGEM,,CIDADE,CHOQUE VEÍCULO PARADO,5 AUTOS,5,,,,,,,,,0,,Longo da via,Bom,Não existe,Perfeito estado,Seca,Perfeito estado,Não existe,Não há placas,,Única,Faixa seccionada,,,,,,,,
2019-10-21,10:50:00,SEM VÍTIMA,FINALIZADA,TOTÓ,RUA PLANURA,92,,PROX. AO TERMINAL DE ONIBUS TOTO BOA VIAGEM,RUA PLANURA,92,PROX. AO TERMINAL DE ONIBUS TOTO BOA VIAGEM,TOTÓ,,,CHOQUE,VAN CHOCOU-SE COM MURO,1,,,,,,,,,0,,,,,,,,,,,,,,,,,,,,
2019-10-21,11:18:00,SEM VÍTIMA,FINALIZADA,ESTÂNCIA,RUA ANDRE VIEIRA DE MELO,316,AV DR JOSE RUFINO,AO LADO DO Nº 316,RUA ANDRE VIEIRA DE MELO,316,AO LADO DO Nº 316,ESTÂNCIA,,SUBURBIO,ABALROAMENTO LONGITUDINAL,COLISÃO S/VITIMAS ENTRE DOIS AUTOS,2,,,,,,,,,0,,,Bom,Não existe,Não existente,Seca,Perfeito estado,Não existe,Não há placas,,Dupla,Não existe,,,,,,,,
2019-10-21,12:31:00,SEM VÍTIMA,FINALIZADA,CASA AMARELA,RUA ARNOLDO MAGALHAES,,,EM FRENTE AO Nº 80,RUA ARNOLDO MAGALHAES,,EM FRENTE AO Nº 80,CASA AMARELA,,SUBURBIO,ABALROAMENTO LONGITUDINAL,COLISÃO SEM VÍTIMA,1,1,,,,,,,,0,,Longo da via,Bom,Não existe,Perfeito estado,Seca,Perfeito estado,Não existe,Não há placas,,Dupla,Não existe,,,,,,,,
2019-10-21,13:13:00,SEM VÍTIMA,FINALIZADA,SANTO ANTÔNIO,RUA DO SOL,281,PRC DA REPUBLICA,TEATRO SANTA IZABEL,RUA DO SOL,281,TEATRO SANTA IZABEL,SANTO ANTÔNIO,,CIDADE,ABALROAMENTO LONGITUDINAL,COLISÃO SEM VÍTIMA,1,,,,,1,,,,0,,Longo da via,Bom,Não existe,Perfeito estado,Seca,Mal conservada,Não existe,Não há placas,,Única,Faixa contínua,,,,,,,,
2019-10-21,13:13:00,SEM VÍTIMA,FINALIZADA,BARRO,AV DR JOSE RUFINO,2870,,PRÓXIMO A MD LOCAÇÃO,AV DR JOSE RUFINO,2870,PRÓXIMO A MD LOCAÇÃO,BARRO,,CIDADE,COLISÃO TRASEIRA,COLISAO SEM VITIMAS,2,,,,,,,,1,0,,Longo da via,Bom,Não existe,Perfeito estado,Seca,Perfeito estado,Não existe,R-6a,,Dupla,Faixa contínua,,,,,,,,
2019-10-21,13:56:00,SEM VÍTIMA,FINALIZADA,VASCO DA GAMA,RUA DOIS DE FEVEREIRO,,RUA VASCO DA GAMA,EM FRENTE AO Nº 610,RUA DOIS DE FEVEREIRO,,EM FRENTE AO Nº 610,VASCO DA GAMA,,SUBURBIO,COLISÃO TRASEIRA,COLISÃO S/VITIMAS ENTRE UM MICROONIBUS E UM AUTO,1,,,,,1,,,,0,,,Bom,Não existe,,Seca,Perfeito estado,Não existe,R-6a,,Dupla,Não existe,,,,,,,,
2019-10-21,14:02:00,SEM VÍTIMA,FINALIZADA,SANTO AMARO,RUA ARTUR COUTINHO,143,RUA COELHO LEITE,,RUA ARTUR COUTINHO,143,,SANTO AMARO,,CIDADE,COLISÃO TRASEIRA,,2,,,,,,,,,0,,Cruzamento,Bom,Não existe,Incompleta,Seca,Mal conservada,Não existe,Placas Pare,,Dupla,Não existe,,,,,,,,
2019-10-21,14:45:00,COM VÍTIMA,FINALIZADA,IPUTINGA,AV CAXANGA,3560,,LADO OPOSTO AO RESTAURANTE BRAZETTUS. EM FRENTE A ESCOLA PADRE DEHON.,AV CAXANGA,3560,LADO OPOSTO AO RESTAURANTE BRAZETTUS. EM FRENTE A ESCOLA PADRE DEHON.,IPUTINGA,229,SUBURBIO,COLISÃO COM CICLISTA,ÔNIBUS E BICICLETA. O ÔNIBUS SE EVADIU DO LOCAL DO ACIDENTE.,,,,1,,1,,,,1,,Longo da via,Bom,Sem defeito,Perfeito estado,Seca,Perfeito estado,Faixa de pedestre,R-6a,,Dupla,Faixa,Canteiro central,,,,,,,
2019-10-21,14:54:00,SEM VÍTIMA,FINALIZADA,MACAXEIRA,SUB DA UNIAO,491,RUA MARIA AMALIA,QUADRA DO CAMPO DA UNIÃO,SUB DA UNIAO,491,QUADRA DO CAMPO DA UNIÃO,MACAXEIRA,,SUBURBIO,ABALROAMENTO LONGITUDINAL,COLISÃO S/VITIMAS ENTRE UM ONIBUS E VIATURA DA POLÍCIA,1,,,,,1,,,,0,,,Bom,Não existe,Não existente,Seca,Perfeito estado,Não existe,Não há placas,30 km/h,Dupla,Não existe,,,,,,,,
2019-10-21,15:20:00,COM VÍTIMA,FINALIZADA,AREIAS,AV DR JOSE RUFINO,1495,RUA IPOJUCA,E/F AO POSTO SHELL E IGREJA PRESBITERIANA DE AREIAS.,AV DR JOSE RUFINO,1495,E/F AO POSTO SHELL E IGREJA PRESBITERIANA DE AREIAS.,AREIAS,44,,ABALROAMENTO LONGITUDINAL,AUTO E MOTO.,1,1,,,,,,,,1,,Cruzamento,Bom,Sem defeito,Incompleta,Seca,Perfeito estado,Faixa de pedestre,R-6a,,Dupla,Faixa contínua,,,,,,,,
2019-10-21,15:46:00,SEM VÍTIMA,FINALIZADA,CASA FORTE,AV DEZESSETE DE AGOSTO,,,EM FRENTE AO CPOR,AV DEZESSETE DE AGOSTO,,EM FRENTE AO CPOR,CASA FORTE,389,SUBURBIO,COLISÃO TRASEIRA,COLISÃO SEM VÍTIMA,3,,,,,,,,,0,,Longo da via,Bom,Sem defeito,Perfeito estado,Seca,Perfeito estado,Faixa de pedestre,,,Dupla,Faixa contínua,,,,,,,,
2019-10-21,15:58:00,SEM VÍTIMA,CANCELADA,PARNAMIRIM,AV PARNAMIRIM,278,,E/F AO CEPRO CENTRO DE EDUACAÇAO PROFICIONAL,AV PARNAMIRIM,278,E/F AO CEPRO CENTRO DE EDUACAÇAO PROFICIONAL,PARNAMIRIM,,,COLISÃO,COLISAO ENTRE AUTO E CAMINHAO S/V,1,,,,,,1,,,0,,,,,,,,,,,,,,,,,,,,
2019-10-21,16:00:00,COM VÍTIMA,FINALIZADA,ZUMBI,AV CAXANGA,1214,RUA SOUZA BANDEIRA,E/F A DROGASIL E FUNERÁRIA SANTA PAULA.,AV CAXANGA,1214,E/F A DROGASIL E FUNERÁRIA SANTA PAULA.,ZUMBI,236,SUBURBIO,ABALROAMENTO TRANSVERSAL,COLISÃO C/VITIMA ENTRE AUTO E MOTO (AUTO SE EVADIU DO LOCAL),1,1,,,,,,,,1,,Cruzamento,Bom,Sem defeito,Perfeito estado,Seca,Perfeito estado,Faixa de pedestre,Outras,,Dupla,Canteiro central,,,,,,,,
2019-10-21,16:59:00,SEM VÍTIMA,FINALIZADA,PRADO,AV ENGENHEIRO ABDIAS DE CARVALHO,,,EM FRENTE A ENGEFRIO,AV ENGENHEIRO ABDIAS DE CARVALHO,,EM FRENTE A ENGEFRIO,PRADO,,CIDADE,COLISÃO TRASEIRA,COLISAO ENTRE TRES AUTOS S/V,3,,,,,,,,,0,,Longo da via,Bom,Não existe,Perfeito estado,Seca,Perfeito estado,Não existe,Não há placas,,Dupla,Canteiro central,,,,,,,,