data,hora,natureza_acidente,situacao,bairro,endereco,numero,detalhe_endereco_acidente,complemento,endereco_cruzamento,numero_cruzamento,referencia_cruzamento,bairro_cruzamento,num_semaforo,sentido_via,tipo,descricao,auto,moto,ciclom,ciclista,pedestre,onibus,caminhao,viatura,outros,vitimas,vitimasfatais,acidente_verificado,tempo_clima,situacao_semaforo,sinalizacao,condicao_via,conservacao_via,ponto_controle,situacao_placa,velocidade_max_via,mao_direcao,divisao_via1,divisao_via2,divisao_via3,,,,,,
2019-10-22,22:27:00,SEM VÍTIMA,FINALIZADA,CAXANGÁ,RUA ENGENHEIRO ANDRE DIAS DE ARRUDA FALCAO,3,RUA VEREADOR CANUTO VICTOR DE CARVALHO,HOTEL SAGITÁRIO,RUA ENGENHEIRO ANDRE DIAS DE ARRUDA FALCAO,3,HOTEL SAGITÁRIO,CAXANGÁ,,SUBURBIO,CHOQUE VEÍCULO PARADO,CAMINHAO X GOL,1,,,,,,,,2,0,,Cruzamento,Bom,Não existe,Não existente,Seca,Mal iluminada,Não existe,Não há placas,,Dupla,Não existe,,,,,,,,
2019-10-22,23:10:00,SEM VÍTIMA,FINALIZADA,ARRUDA,RUA DAS MOCAS,1090,RUA DA REGENERACAO,,RUA DAS MOCAS,1090,,ARRUDA,472,SUBURBIO,CHOQUE VEÍCULO PARADO,VOYAGE X SANDERO,2,,,,,,,,,0,,Longo da via,Bom,Sem defeito,Perfeito estado,Seca,Perfeito estado,Não existe,Não há placas,,Dupla,Faixa seccionada,,,,,,,,
2019-10-22,23:54:00,SEM VÍTIMA,FINALIZADA,SAN MARTIN,AV JOAO CABRAL DE MELO NETO,,AV RECIFE,,AV JOAO CABRAL DE MELO NETO,,,SAN MARTIN,259,,COLISÃO TRASEIRA,MOTO E DOIS AUTOS PASSEIO S/V,2,1,,,,,,,,0,,Longo da via,Bom,Sem defeito,Perfeito estado,Seca,Perfeito estado,Não existe,Outras,,Dupla,Canteiro central,,,,,,,,
2019-10-23,00:34:00,SEM VÍTIMA,FINALIZADA,BOA VIAGEM,RUA DEZ DE JULHO,210,RUA CAMBOIM,MAISON CHRISTAL,RUA DEZ DE JULHO,210,MAISON CHRISTAL,BOA VIAGEM,,SUBURBIO,ABALROAMENTO TRANSVERSAL,COLISÃO ENTRE DOIS AUTOS S/V,2,,,,,,,,,0,,Cruzamento,Bom,Não existe,Perfeito estado,Seca,Perfeito estado,,Placas Pare,,Única,Faixa seccionada,,,,,,,,
2019-10-23,07:37:00,SEM VÍTIMA,FINALIZADA,ESPINHEIRO,RUA MARQUES DO PARANA,209,RUA ALFREDO DE CARVALHO,MARTELINHO DE OURO NOBREAKAR,RUA MARQUES DO PARANA,209,MARTELINHO DE OURO NOBREAKAR,ESPINHEIRO,,CIDADE,ABALROAMENTO TRANSVERSAL,SEM VITIMAS,1,,,,,1,,,,0,,Cruzamento,Bom,Não existe,Perfeito estado,Seca,Perfeito estado,Faixa de pedestre,R-6a,40 km/h,Única,Faixa seccionada,,,,,,,,
2019-10-23,08:25:00,COM VÍTIMA,CANCELADA,SANTO AMARO,AV DR JAYME DA FONTE,,,POR TRAS DO HOSPITAL DA MARINHA,AV DR JAYME DA FONTE,,POR TRAS DO HOSPITAL DA MARINHA,SANTO AMARO,,,ACID. DE PERCURSO,MOTO / CHOCOU-SE COM MEIO FIO,,1,,,,,,,,1,,,,,,,,,,,,,,,,,,,,
2019-10-23,09:00:00,SEM VÍTIMA,CANCELADA,BOA VIAGEM,RUA BRUNO VELOSO,268,,E/F A GALERIA MASCATE,RUA BRUNO VELOSO,268,E/F A GALERIA MASCATE,BOA VIAGEM,,,COLISÃO,COLISÃO S/VITIMAS ENTRE DOIS AUTOS,2,,,,,,,,,0,,,,,,,,,,,,,,,,,,,,
2019-10-23,09:05:00,SEM VÍTIMA,FINALIZADA,IMBIRIBEIRA,AV MARECHAL MASCARENHAS DE MORAES,,,EM FRENTE AO AEROPORTO,AV MARECHAL MASCARENHAS DE MORAES,,EM FRENTE AO AEROPORTO,IMBIRIBEIRA,,SUBURBIO,COLISÃO TRASEIRA,,2,,,,,,,,,0,,Longo da via,Bom,Não existe,Perfeito estado,Seca,Perfeito estado,Não existe,Não há placas,,Dupla,Canteiro central,,,,,,,,
2019-10-23,09:11:00,SEM VÍTIMA,CANCELADA,IMBIRIBEIRA,RUA PAMPULHA,,AV MARECHAL MASCARENHAS DE MORAES,AO LADO DA RENAULT SELECT,RUA PAMPULHA,,AO LADO DA RENAULT SELECT,IMBIRIBEIRA,534,,COLISÃO,SEM VITIMAS,,,,,,,2,,,0,,,,,,,,,,,,,,,,,,,,
2019-10-23,09:46:00,COM VÍTIMA,FINALIZADA,IMBIRIBEIRA,AV GENERAL MAC ARTHUR,475,RUA JORGE DE LIMA,GIOVANNI SONDA,AV GENERAL MAC ARTHUR,475,GIOVANNI SONDA,IMBIRIBEIRA,402,CIDADE,ABALROAMENTO LONGITUDINAL,AUTO E MOTO,1,1,,,,,,,,1,,Cruzamento,Bom,Sem defeito,Perfeito estado,Seca,Perfeito estado,Outros,Outras,40 km/h,Única,Faixa contínua,,,,,,,,
2019-10-23,10:37:00,SEM VÍTIMA,FINALIZADA,ESPINHEIRO,AV GOVERNADOR AGAMENON MAGALHAES,2754,,EM FRENTE AO BANCO DO NORDESTE,AV GOVERNADOR AGAMENON MAGALHAES,2754,EM FRENTE AO BANCO DO NORDESTE,ESPINHEIRO,78,,COLISÃO TRASEIRA,COLISÃO S/VITIMAS ENTRE TRES AUTOS,3,,,,,,,,,0,,Longo da via,Bom,Sem defeito,Perfeito estado,Seca,Perfeito estado,Faixa de pedestre,R-6a,,Dupla,Faixa seccionada,,,,,,,,
2019-10-23,11:26:00,SEM VÍTIMA,FINALIZADA,TORRE,RUA JOSE BONIFACIO,,RUA DONA IZABEL DE BARROS,EM FRENTE A HONDA,RUA JOSE BONIFACIO,,EM FRENTE A HONDA,TORRE,301,SUBURBIO,ABALROAMENTO LONGITUDINAL,COLISÃO S/VITIMA ENTRE DOIS AUTOS,2,,,,,,,,,0,,,Bom,Sem defeito,Perfeito estado,Seca,Perfeito estado,Não existe,,,Única,Não existe,,,,,,,,
2019-10-23,11:33:00,SEM VÍTIMA,FINALIZADA,IBURA,RUA COLARES,128,,,RUA COLARES,128,,IBURA,,,CHOQUE OBJETO FIXO,VEICULO DESGOVERNARDO CAIU DENTRO DA CASA DA SOLICITANTE,1,,,,,,,,,0,,Longo da via,Bom,Não existe,Não existente,Seca,Mal conservada,Não existe,Não há placas,,Dupla,Não existe,,,,,,,,
2019-10-23,13:27:00,SEM VÍTIMA,FINALIZADA,MADALENA,RUA REAL DA TORRE,,,EM FRENTE AO REST. BOI NO BAFO,RUA REAL DA TORRE,,EM FRENTE AO REST. BOI NO BAFO,MADALENA,192,SUBURBIO,COLISÃO TRASEIRA,COLISAO ENTRE CAMINHAO E AUTOS S/V,1,,,,,,1,,,0,,Longo da via,Bom,Sem defeito,Perfeito estado,Seca,Perfeito estado,Faixa de pedestre,R-6a,,Única,Faixa contínua,,,,,,,,
2019-10-23,15:25:00,SEM VÍTIMA,FINALIZADA,ÁGUA FRIA,RUA ALEGRE,,AV BEBERIBE,,RUA ALEGRE,,,ÁGUA FRIA,64,SUBURBIO,ABALROAMENTO LONGITUDINAL,COLISAO ENTRE ONIBUS E AUTOS S/V,1,,,,,1,,,,0,,Cruzamento,Bom,Sem defeito,Perfeito estado,Seca,Perfeito estado,Faixa de pedestre,R-6a,60 km/h,Única,Não existe,,,,,,,,
2019-10-23,15:27:00,COM VÍTIMA,FINALIZADA,PRADO,AV ENGENHEIRO ABDIAS DE CARVALHO,,RUA JOAO IVO DA SILVA,,AV ENGENHEIRO ABDIAS DE CARVALHO,,,PRADO,132,SUBURBIO,COLISÃO TRASEIRA,COLISÃO COM VÍTIMA,,2,,,,,,,,2,,Cruzamento,Bom,Sem defeito,Perfeito estado,Seca,Perfeito estado,Faixa de pedestre,R-6a,60 km/h,Dupla,Canteiro central,,,,,,,,
2019-10-23,15:52:00,SEM VÍTIMA,CANCELADA,PAISSANDU,RUA SPORT CLUBE DO RECIFE,,,SOBRE A PONTE S/T CLUBE DO SPORT,RUA SPORT CLUBE DO RECIFE,,SOBRE A PONTE S/T CLUBE DO SPORT,PAISSANDU,,,COLISÃO,COLISAO ENTRE DOIS AUTOS S/V,2,,,,,,,,,0,,,,,,,,,,,,,,,,,,,,
2019-10-23,15:35:00,SEM VÍTIMA,FINALIZADA,ESPINHEIRO,RUA CONS PORTELA,285,RUA BARAO DE ITAMARACA,EM FRENTE A IGREJA MATRIZ DO ESPINHEIRO,RUA CONS PORTELA,285,EM FRENTE A IGREJA MATRIZ DO ESPINHEIRO,ESPINHEIRO,464,,ABALROAMENTO LONGITUDINAL,COLISÃO SEM VÍTIMA,2,,,,,,,,,0,,Cruzamento,Bom,Sem defeito,Perfeito estado,Seca,Perfeito estado,Faixa de pedestre,R-6a,,Única,Faixa contínua,,,,,,,,
2019-10-23,16:14:00,SEM VÍTIMA,FINALIZADA,ESPINHEIRO,AV GOVERNADOR AGAMENON MAGALHAES,2864,,PRÓXIMO AO BANCO SANTANDER,AV GOVERNADOR AGAMENON MAGALHAES,2864,PRÓXIMO AO BANCO SANTANDER,ESPINHEIRO,,,COLISÃO TRASEIRA,COLISAO ENTRE DOIS AUTOS S/V,2,,,,,,,,,0,,Longo da via,Bom,Não existe,Perfeito estado,Seca,Perfeito estado,Não existe,R-6a,,Única,Faixa seccionada,,,,,,,,
2019-10-23,16:36:00,SEM VÍTIMA,CANCELADA,AFOGADOS,RUA SAO MIGUEL,,,EM FRENTE AO COLEGIO AMAURY DE MEDEIROS,RUA SAO MIGUEL,,EM FRENTE AO COLEGIO AMAURY DE MEDEIROS,AFOGADOS,,,COLISÃO,COLISÃO SEM VÍTIMA,1,,,,,1,,,,0,,,,,,,,,,,,,,,,,,,,
2019-10-23,17:18:00,SEM VÍTIMA,FINALIZADA,NOVA DESCOBERTA,AV VEREADOR OTACILIO AZEVEDO,,,E/F A UPA DE NOVA DESCOBERTA,AV VEREADOR OTACILIO AZEVEDO,,E/F A UPA DE NOVA DESCOBERTA,NOVA DESCOBERTA,,,COLISÃO,COLISAO ENTRE AUTO E MOTO S/V,1,1,,,,,,,,0,,,,,,,,,,,,,,,,,,,,
2019-10-23,18:06:00,SEM VÍTIMA,FINALIZADA,BOA VIAGEM,AVENIDA CELSO FURTADO (VIA MANGUE),,,APÓS O EXTRA,AVENIDA CELSO FURTADO (VIA MANGUE),,APÓS O EXTRA,BOA VIAGEM,,SUBURBIO,COLISÃO TRASEIRA,TRÊS AUTOS S/V,3,,,,,,,,,0,,Longo da via,Bom,Não existe,Perfeito estado,Seca,Perfeito estado,Não existe,Não há placas,60 km/h,Dupla,Canteiro central,,,,,,,,
2019-10-23,18:31:00,SEM VÍTIMA,FINALIZADA,GRAÇAS,RUA ANTONIO NOVAIS,,RUA SOUZA DE ANDRADE,,RUA ANTONIO NOVAIS,,,GRAÇAS,,SUBURBIO,ABALROAMENTO TRANSVERSAL,JEEP X MOTO,1,1,,,,,,,,0,,Cruzamento,Bom,Não existe,Perfeito estado,Seca,Perfeito estado,Não existe,Não há placas,,Dupla,Não existe,,,,,,,,
2019-10-23,18:38:00,SEM VÍTIMA,FINALIZADA,TORRÕES,AV ENGENHEIRO ABDIAS DE CARVALHO,962,,,AV ENGENHEIRO ABDIAS DE CARVALHO,962,,TORRÕES,,SUBURBIO,COLISÃO TRASEIRA,ENTRE DOIS AUTOS S/V,2,,,,,,,,,0,,Longo da via,Bom,Não existe,Perfeito estado,Seca,Perfeito estado,Não existe,Não há placas,,Dupla,Faixa seccionada,Canteiro central,,,,,,,
2019-10-23,18:42:00,SEM VÍTIMA,FINALIZADA,CAMPO GRANDE,RUA BARAO DE VERA CRUZ,947,,AO LADO DO RESTAURANTE VENTURA,RUA BARAO DE VERA CRUZ,947,AO LADO DO RESTAURANTE VENTURA,CAMPO GRANDE,,SUBURBIO,ABALROAMENTO LONGITUDINAL,ENTRE DOIS AUTOS S/V,2,,,,,,,,,0,,Longo da via,Bom,Não existe,Não existente,Seca,Perfeito estado,,Não há placas,,Dupla,Não existe,,,,,,,,
2019-10-23,19:15:00,SEM VÍTIMA,FINALIZADA,MADALENA,RUA JOSE OSORIO,,,PONTE DA CAPUNGA,RUA JOSE OSORIO,,PONTE DA CAPUNGA,MADALENA,,SUBURBIO,COLISÃO TRASEIRA,ENTRE DOIS AUTOS S/V,2,,,,,,,,,0,,Ponte,Bom,Sem defeito,Perfeito estado,Seca,Perfeito estado,Faixa de pedestre,Não há placas,,Única,Faixa seccionada,,,,,,,,
2019-10-23,19:43:00,SEM VÍTIMA,FINALIZADA,DERBY,RUA AMARO BEZERRA,489,,,RUA AMARO BEZERRA,489,,DERBY,,SUBURBIO,COLISÃO TRASEIRA,ONIBUS X AUTO PASSEIO S/V,1,,,,,1,,,,0,,Longo da via,Bom,Não existe,Incompleta,Seca,Perfeito estado,Não existe,R-6a,,Única,Não existe,,,,,,,,
2019-10-23,19:48:00,SEM VÍTIMA,FINALIZADA,IMBIRIBEIRA,AV MARECHAL MASCARENHAS DE MORAES,,,LADO OPOSTO AO ATACADO DOS PRESENTES,AV MARECHAL MASCARENHAS DE MORAES,,LADO OPOSTO AO ATACADO DOS PRESENTES,IMBIRIBEIRA,,SUBURBIO,ABALROAMENTO LONGITUDINAL,ONIX X FORD KA,2,,,,,,,,,0,,Longo da via,Bom,Não existe,Perfeito estado,Seca,Perfeito estado,Não existe,Não há placas,60 km/h,Dupla,Canteiro central,,,,,,,,
2019-10-23,20:01:00,COM VÍTIMA,FINALIZADA,PAISSANDU,RUA GENERAL JOAQUIM INACIO,495,,ENF . AO EMPRESARIAL SÁ LEITAO,RUA GENERAL JOAQUIM INACIO,495,ENF . AO EMPRESARIAL SÁ LEITAO,PAISSANDU,,SUBURBIO,ATROPELAMENTO,AUTO E PEDESTRE,1,,,,1,,,,,1,,Longo da via,Bom,Não existe,Perfeito estado,Seca,Perfeito estado,Não existe,Não há placas,,Única,Faixa seccionada,,,,,,,,
2019-10-23,20:03:00,SEM VÍTIMA,FINALIZADA,DERBY,RUA JENER DE SOUZA,,RUA DR SEVERINO PINHEIRO,QUARTEL DA PM,RUA JENER DE SOUZA,,QUARTEL DA PM,DERBY,40,SUBURBIO,ABALROAMENTO TRANSVERSAL,VIATURA DA PC/ AUTO PASSEIO,2,,,,,,,,,0,,Cruzamento,Bom,Sem defeito,Perfeito estado,Seca,Perfeito estado,,Outras,,Dupla,Canteiro central,,,,,,,,
2019-10-23,21:36:00,SEM VÍTIMA,FINALIZADA,SANTO ANTÔNIO,PTE PRINCESA IZABEL,,,POR TRÁS DO TEATRO SANTA ISABEL,PTE PRINCESA IZABEL,,POR TRÁS DO TEATRO SANTA ISABEL,SANTO ANTÔNIO,,CIDADE,ABALROAMENTO LONGITUDINAL,AUTO X ONIBUS SANFONA,1,,,,,1,,,,0,,Ponte,Bom,Não existe,Perfeito estado,Seca,Perfeito estado,Não existe,Não há placas,,Dupla,Faixa contínua,,,,,,,,
2019-10-24,00:47:00,COM VÍTIMA,FINALIZADA,BOA VIAGEM,RUA RIBEIRO DE BRITO,1326,RUA AMALIA BERNARDINO DE SOUZA,PROX DA IGREJA COMUNIDADE BOM JESUS,RUA RIBEIRO DE BRITO,1326,PROX DA IGREJA COMUNIDADE BOM JESUS,BOA VIAGEM,,CIDADE,ABALROAMENTO LONGITUDINAL,COLISÃO ENTRE DOIS AUTOS C/V,2,,,,,,,,,1,,Cruzamento,Bom,Não existe,Perfeito estado,Seca,Perfeito estado,Não existe,Não há placas,,Única,Faixa seccionada,,,,,,,,
2019-10-24,06:21:00,SEM VÍTIMA,FINALIZADA,BOA VISTA,RUA GERVASIO PIRES,,LGO DA SANTA CRUZ,SOB O SEMÁFORO 221,RUA GERVASIO PIRES,,SOB O SEMÁFORO 221,BOA VISTA,221,SUBURBIO,ABALROAMENTO TRANSVERSAL,SEM VITIMAS,1,1,,,,,,,,0,,Longo da via,Bom,Sem defeito,Perfeito estado,Seca,Perfeito estado,Faixa de pedestre,,,,Faixa seccionada,,,,,,,,
2019-10-24,07:02:00,SEM VÍTIMA,FINALIZADA,IPSEP,RUA VIRGINIA HERACLIO,639,RUA PINTOR ANTONIO ALBUQUERQUE,,RUA VIRGINIA HERACLIO,639,,IPSEP,,SUBURBIO,ABALROAMENTO TRANSVERSAL,MOTO E AUTO,1,1,,,,,,,,0,,Cruzamento,Bom,Não existe,Ilegível,Seca,Mal conservada,Não existe,Não há placas,,Dupla,Não existe,,,,,,,,
2019-10-24,07:21:00,SEM VÍTIMA,FINALIZADA,ILHA DO LEITE,AV GOVERNADOR AGAMENON MAGALHAES,4775,,EM FRENTE AO EMPRESARIAL THOMAS EDSON,AV GOVERNADOR AGAMENON MAGALHAES,4775,EM FRENTE AO EMPRESARIAL THOMAS EDSON,ILHA DO LEITE,,,COLISÃO TRASEIRA,COLISAO SEM VITIMA,2,,,,,,,,,0,,Longo da via,Bom,Não existe,Perfeito estado,Seca,Perfeito estado,Não existe,Não há placas,,Única,Faixa seccionada,,,,,,,,
2019-10-24,07:27:00,SEM VÍTIMA,CANCELADA,CAMPO GRANDE,RUA JERONIMO VILELA,86,,EM FRENTE AO PET SHOP,RUA JERONIMO VILELA,86,EM FRENTE AO PET SHOP,CAMPO GRANDE,,,COLISÃO,CAMINHAO AUTO PASSEIO,1,,,,,,1,,,0,,,,,,,,,,,,,,,,,,,,
2019-10-24,07:45:00,SEM VÍTIMA,FINALIZADA,JOANA BEZERRA,PTE JOSE DE BARROS LIMA,,,LADO OPOSTO A ACADEMIA DA CIDADE,PTE JOSE DE BARROS LIMA,,LADO OPOSTO A ACADEMIA DA CIDADE,JOANA BEZERRA,,CIDADE,COLISÃO TRASEIRA,SEM VITIMAS,1,,,,,1,,,,0,,Ponte,Bom,Não existe,Perfeito estado,Seca,Perfeito estado,Não existe,Não há placas,,Dupla,Faixa contínua,Faixa seccionada,,,,,,,
2019-10-24,07:51:00,SEM VÍTIMA,FINALIZADA,DERBY,AV GOVERNADOR AGAMENON MAGALHAES,4775,,EM FRENTE AO EDIFÍCIO THOMAS EDSON,AV GOVERNADOR AGAMENON MAGALHAES,4775,EM FRENTE AO EDIFÍCIO THOMAS EDSON,DERBY,,SUBURBIO,ABALROAMENTO LONGITUDINAL,COLISÃO SEM VITIMAS,2,,,,,,,,,0,,Longo da via,Bom,Sem defeito,Perfeito estado,Seca,Perfeito estado,Não existe,Placas Pare,,Única,Faixa seccionada,,,,,,,,
2019-10-24,08:04:00,SEM VÍTIMA,FINALIZADA,CASA FORTE,RUA DR JOAO SANTOS FILHO,290,,EM FRENTE AO ESTACIONAMENTO PLACA SHOPPING CASA FORTE,RUA DR JOAO SANTOS FILHO,290,EM FRENTE AO ESTACIONAMENTO PLACA SHOPPING CASA FORTE,CASA FORTE,,CIDADE,ABALROAMENTO LONGITUDINAL,SEM VITIMAS/CTTU NO LOCAL,2,,,,,,,,,0,,Longo da via,Bom,Não existe,Perfeito estado,Seca,Perfeito estado,Agente,,30 km/h,Única,Não existe,,,,,,,,
2019-10-24,08:16:00,COM VÍTIMA,FINALIZADA,VASCO DA GAMA,RUA VASCO DA GAMA,503,,EM FRENTE A IGREJA CATOLICA SÃO SEBASTIÃO,RUA VASCO DA GAMA,503,EM FRENTE A IGREJA CATOLICA SÃO SEBASTIÃO,VASCO DA GAMA,,SUBURBIO,COLISÃO TRASEIRA,CAMINHÃO E MOTO.,,1,,,,,1,,,1,,Longo da via,Bom,Não existe,Perfeito estado,Seca,Perfeito estado,Outros,Outras,30 km/h,Dupla,Não existe,,,,,,,,
2019-10-24,08:44:00,COM VÍTIMA,FINALIZADA,COELHOS,RUA DOS COELHOS,467,,EM FRENTE AO IMIP,RUA DOS COELHOS,467,EM FRENTE AO IMIP,COELHOS,,SUBURBIO,COLISÃO FRONTAL,AUTO E MOTO.,1,1,,,,,,,,2,,Longo da via,Bom,Sem defeito,Perfeito estado,Seca,Perfeito estado,Faixa de pedestre,R-6a,30 km/h,Dupla,Faixa contínua,,,,,,,,
2019-10-24,09:17:00,SEM VÍTIMA,FINALIZADA,CASA AMARELA,RUA CONS PERETTI,,RUA OSCAR DE BARROS,,RUA CONS PERETTI,,,CASA AMARELA,,SUBURBIO,ABALROAMENTO TRANSVERSAL,SEM VITIMAS,1,,,,,1,,,,0,,Cruzamento,Bom,Não existe,Incompleta,Seca,Perfeito estado,Não existe,Placas Pare,30 km/h,Dupla,Não existe,,,,,,,,
2019-10-24,09:30:00,SEM VÍTIMA,FINALIZADA,DERBY,RUA JENER DE SOUZA,,,AO LADO DO CAMPO DO QUARTEL DA PM,RUA JENER DE SOUZA,,AO LADO DO CAMPO DO QUARTEL DA PM,DERBY,,,ABALROAMENTO LONGITUDINAL,SEM VITIMAS/CTTU NO LOCAL ,VT33,1,1,,,,,,,,0,,Longo da via,Bom,Não existe,Perfeito estado,Seca,Perfeito estado,Não existe,Outras,,Dupla,Canteiro central,,,,,,,
2019-10-24,10:13:00,SEM VÍTIMA,FINALIZADA,BOA VIAGEM,AV MARECHAL MASCARENHAS DE MORAES,,,,AV MARECHAL MASCARENHAS DE MORAES,,,BOA VIAGEM,385,SUBURBIO,COLISÃO TRASEIRA,SEM VITIMAS,1,,,,,,1,,,0,,Cruzamento,Bom,Sem defeito,Perfeito estado,Seca,Perfeito estado,Faixa de pedestre,,60 km/h,Dupla,Canteiro central,,,,,,,,
2019-10-24,10:19:00,SEM VÍTIMA,FINALIZADA,TAMARINEIRA,RUA GOMES COUTINHO,264,,EM FRENTE AO Nº 264,RUA GOMES COUTINHO,264,EM FRENTE AO Nº 264,TAMARINEIRA,,,COLISÃO TRASEIRA,,3,,,,,,,,,0,,Longo da via,Bom,Não existe,Perfeito estado,Seca,,Outros,Outras,,Única,,,,,,,,,
2019-10-24,10:35:00,SEM VÍTIMA,CANCELADA,CASA AMARELA,RUA PADRE LEMOS,500,,EM FRENTE AO CORREIOS,RUA PADRE LEMOS,500,EM FRENTE AO CORREIOS,CASA AMARELA,,,COLISÃO,AUTO E MOTO,1,1,,,,,,,,0,,,,,,,,,,,,,,,,,,,,
2019-10-24,11:06:00,SEM VÍTIMA,CANCELADA,ÁGUA FRIA,RUA DR EUDES COSTA,75,,EM FRENTE A CASA LOTERICA PARAIBA,RUA DR EUDES COSTA,75,EM FRENTE A CASA LOTERICA PARAIBA,ÁGUA FRIA,,,COLISÃO,COLISÃO SEM VITIMAS,,,,,,1,1,,,0,,,,,,,,,,,,,,,,,,,,
2019-10-24,11:23:00,SEM VÍTIMA,CANCELADA,IMBIRIBEIRA,AV MARECHAL MASCARENHAS DE MORAES,6997,,APOS A KRO PNEUS, SENT. AEROPORTO,AV MARECHAL MASCARENHAS DE MORAES,6997,APOS A KRO PNEUS, SENT. AEROPORTO,IMBIRIBEIRA,,,COLISÃO,AUTO E CAMINHÃO,1,,,,,,1,,,0,,,,,,,,,,,,,,,,,,
2019-10-24,12:07:00,SEM VÍTIMA,FINALIZADA,,AV GOVERNADOR AGAMENON MAGALHAES,1114,,AO LADO DO TRE-PE,AV GOVERNADOR AGAMENON MAGALHAES,1114,AO LADO DO TRE-PE,,,,COLISÃO TRASEIRA,COLISÃO SEM VITIMAS,2,,,,,,,,,0,,Longo da via,Bom,Não existe,Perfeito estado,Seca,Perfeito estado,Não existe,Não há placas,60 km/h,Dupla,Faixa contínua,Faixa seccionada,Canteiro central,,,,,,
2019-10-24,12:18:00,SEM VÍTIMA,FINALIZADA,BOA VIAGEM,AV CONSELHEIRO AGUIAR,2525,,,AV CONSELHEIRO AGUIAR,2525,,BOA VIAGEM,,CIDADE,ABALROAMENTO LONGITUDINAL,COLISÃO SEM VÍTIMA,2,,,,,,,,,0,,Longo da via,Bom,Não existe,Perfeito estado,Seca,Perfeito estado,Não existe,Não há placas,,Única,Faixa seccionada,,,,,,,,
2019-10-24,12:30:00,COM VÍTIMA,FINALIZADA,SANTO AMARO,RUA TREZE DE MAIO,,RUA PEDRO AFONSO,AO LADO DA SOCIEDADE BIBLICA DO BRASIL,RUA TREZE DE MAIO,,AO LADO DA SOCIEDADE BIBLICA DO BRASIL,SANTO AMARO,427,,ABALROAMENTO LONGITUDINAL,AUTO E MOTO,1,1,,,,,,,,1,,Cruzamento,Bom,Sem defeito,Perfeito estado,Seca,Perfeito estado,,,,Dupla,Faixa contínua,,,,,,,,
2019-10-24,12:36:00,SEM VÍTIMA,FINALIZADA,CASA FORTE,AV DEZESSETE DE AGOSTO,1316,PRC DE CASA FORTE,,AV DEZESSETE DE AGOSTO,1316,,CASA FORTE,372,SUBURBIO,COLISÃO TRASEIRA,COLISAO SEM VITIMAS,1,1,,,,,,,,0,,Longo da via,Bom,Sem defeito,Perfeito estado,Seca,Perfeito estado,Faixa de pedestre,R-6a,,Dupla,Faixa contínua,,,,,,,,
2019-10-24,13:11:00,SEM VÍTIMA,FINALIZADA,PARNAMIRIM,RUA ASTRONAUTA NEIL ARMSTRONG,160,,EDF. RESIDENCIAIS DO PARNAMIRIM,RUA ASTRONAUTA NEIL ARMSTRONG,160,EDF. RESIDENCIAIS DO PARNAMIRIM,PARNAMIRIM,,,ABALROAMENTO LONGITUDINAL,COLISAO ENTRE DOIS AUTOS S/V,2,,,,,,,,,0,,Longo da via,Bom,Não existe,Perfeito estado,Seca,Perfeito estado,Não existe,Outras,,Única,Não existe,,,,,,,,
2019-10-24,13:57:00,SEM VÍTIMA,FINALIZADA,PINA,RUA AMADOR BUENO,209,RUA FREIRE DE ANDRADE,AO LADO DO SHOPPING RIOMAR,RUA AMADOR BUENO,209,AO LADO DO SHOPPING RIOMAR,PINA,,CIDADE,ABALROAMENTO LONGITUDINAL,COLISAO ENTRE DOIS AUTOS S/V BATEDOR DA MOTO 04 E 22 NO LOCAL,1,1,,,,,,,,0,,,Bom,Não existe,Incompleta,Seca,,Outros,Outras,,,,,,,,,,,
2019-10-24,13:58:00,SEM VÍTIMA,CANCELADA,TAMARINEIRA,RUA PADRE ROMA,34,,E/F EDF SENADOR ANTONIO FARIAS,RUA PADRE ROMA,34,E/F EDF SENADOR ANTONIO FARIAS,TAMARINEIRA,,,COLISÃO,COLISAO SEM VITIMAS,2,,,,,,,,,0,,,,,,,,,,,,,,,,,,,,
2019-10-24,14:51:00,SEM VÍTIMA,FINALIZADA,SANTO AMARO,RUA TREZE DE MAIO,967B,RUA FREI CASSIMIRO,EM FRENTE A BORRACHARIA MODESTO,RUA TREZE DE MAIO,967B,EM FRENTE A BORRACHARIA MODESTO,SANTO AMARO,,SUBURBIO,ABALROAMENTO TRANSVERSAL,COLISÃO SEM VÍTIMA,4,,,,,,,,,0,,Cruzamento,Bom,Não existe,Perfeito estado,Seca,Perfeito estado,Não existe,Placas Pare,,Dupla,Faixa contínua,,,,,,,,
2019-10-24,14:58:00,COM VÍTIMA,FINALIZADA,TEJIPIÓ,RUA FALCAO DE LACERDA,387,,NO SEMÁFORO 285,RUA FALCAO DE LACERDA,387,NO SEMÁFORO 285,TEJIPIÓ,285,CIDADE,ABALROAMENTO TRANSVERSAL,AUTO E MOTO,1,1,,,,,,,,1,,Longo da via,Bom,Sem defeito,Perfeito estado,Seca,Perfeito estado,Faixa de pedestre,Outras,,Dupla,Faixa contínua,,,,,,,,
2019-10-24,15:11:00,SEM VÍTIMA,CANCELADA,MACAXEIRA,RUA MASSARANDUBA,50,,RUA RESIDENCIAL NÃO TEM ESTABELECIMENTOS PARA REFERENCIAS,RUA MASSARANDUBA,50,RUA RESIDENCIAL NÃO TEM ESTABELECIMENTOS PARA REFERENCIAS,MACAXEIRA,,,COLISÃO,COLISÃO SEM VÍTIMA,2,,,,,,,,,0,,,,,,,,,,,,,,,,,,,,