data,hora,natureza_acidente,situacao,bairro,endereco,numero,detalhe_endereco_acidente,complemento,endereco_cruzamento,numero_cruzamento,referencia_cruzamento,bairro_cruzamento,num_semaforo,sentido_via,tipo,descricao,auto,moto,ciclom,ciclista,pedestre,onibus,caminhao,viatura,outros,vitimas,vitimasfatais,acidente_verificado,tempo_clima,situacao_semaforo,sinalizacao,condicao_via,conservacao_via,ponto_controle,situacao_placa,velocidade_max_via,mao_direcao,divisao_via1,divisao_via2,divisao_via3,,,,,,
2019-10-24,16:37:00,SEM VÍTIMA,FINALIZADA,SANTO ANTÔNIO,RUA DO SOL,,,TEATRO SANTA ISABEL,RUA DO SOL,,TEATRO SANTA ISABEL,SANTO ANTÔNIO,,CIDADE,ABALROAMENTO LONGITUDINAL,COLISAO SEM VITIMAS,1,,,,,1,,,,0,,Longo da via,Bom,Não existe,Perfeito estado,Seca,Perfeito estado,Não existe,,,Única,Faixa seccionada,,,,,,,,
2019-10-24,17:32:00,SEM VÍTIMA,FINALIZADA,BOA VIAGEM,RUA SA E SOUZA,,RUA CAPITAO ZUZINHA,,RUA SA E SOUZA,,,BOA VIAGEM,420,,ABALROAMENTO LONGITUDINAL,COLISÃO SEM VÍTIMA,1,,,,,1,,,,0,,Cruzamento,Bom,Sem defeito,Perfeito estado,Seca,Perfeito estado,Faixa de pedestre,Não há placas,,Dupla,Não existe,,,,,,,,
2019-10-24,17:55:00,SEM VÍTIMA,FINALIZADA,BAIRRO DO RECIFE,PTE GIRATORIA,,,,PTE GIRATORIA,,,BAIRRO DO RECIFE,477,,ABALROAMENTO LONGITUDINAL,ENTRE ÕNIBUS E AUTO PASSEIO. S/V,1,,,,,1,,,,0,,Longo da via,Bom,,Não existente,Seca,Mal iluminada,Não existe,Não há placas,,Única,Não existe,,,,,,,,
2019-10-24,18:10:00,SEM VÍTIMA,FINALIZADA,IBURA,AV DOIS RIOS,,,EM FRENTE MR SUPERMERCADO,AV DOIS RIOS,,EM FRENTE MR SUPERMERCADO,IBURA,325,SUBURBIO,ABALROAMENTO LONGITUDINAL,CAMINHAO X CELTA,1,,,,,,1,,,0,,Longo da via,Bom,Sem defeito,Perfeito estado,Seca,Perfeito estado,Faixa de pedestre,Não há placas,40 km/h,,Faixa contínua,,,,,,,,
2019-10-24,18:13:00,SEM VÍTIMA,FINALIZADA,ILHA DO RETIRO,TUNEL CHICO SCIENCE,,,NO TÚNEL CHICO SCIENCE,TUNEL CHICO SCIENCE,,NO TÚNEL CHICO SCIENCE,ILHA DO RETIRO,,SUBURBIO,ABALROAMENTO LONGITUDINAL,ONIBUS BORBOREMA X AUTO,1,,,,,1,,,,0,,Longo da via,Bom,Não existe,Perfeito estado,Seca,Perfeito estado,Não existe,Não há placas,,Única,Não existe,,,,,,,,
2019-10-24,18:22:00,SEM VÍTIMA,FINALIZADA,IMBIRIBEIRA,AV MARECHAL MASCARENHAS DE MORAES,,,EM FRENTE AO DESKONTÃO ATACADO,AV MARECHAL MASCARENHAS DE MORAES,,EM FRENTE AO DESKONTÃO ATACADO,IMBIRIBEIRA,,CIDADE,ABALROAMENTO LONGITUDINAL,CAMINHAO BAU X PALIO,1,,,,,,,,1,0,,Longo da via,Bom,Não existe,Perfeito estado,Seca,Perfeito estado,Não existe,Outras,60 km/h,Dupla,Faixa seccionada,Canteiro central,,,,,,,
2019-10-24,19:06:00,COM VÍTIMA,FINALIZADA,CASA AMARELA,AV NORTE,5673,RUA OSCAR DE BARROS,ENF. A MADEREIRA POLIDA E ACADEMIA DA CIDADE.,AV NORTE,5673,ENF. A MADEREIRA POLIDA E ACADEMIA DA CIDADE.,CASA AMARELA,,CIDADE,ATROPELAMENTO,MOTO X PEDESTRE,,1,,,1,,,,,2,,Longo da via,Bom,Não existe,,Seca,Perfeito estado,Não existe,Outras,,Dupla,Faixa seccionada,Canteiro central,,,,,,,
2019-10-24,22:10:00,SEM VÍTIMA,FINALIZADA,JARDIM SÃO PAULO,RUA LORENA,93,RUA BRAGANCA,,RUA LORENA,93,,JARDIM SÃO PAULO,,SUBURBIO,ABALROAMENTO TRANSVERSAL,CELTA X GOL BRANCO,2,,,,,,,,,0,,Cruzamento,Bom,Não existe,Incompleta,Seca,Perfeito estado,Não existe,Placas Pare,,Dupla,Não existe,,,,,,,,
2019-10-25,07:32:00,SEM VÍTIMA,FINALIZADA,ARRUDA,RUA SAO BENTO,,AV BEBERIBE,,RUA SAO BENTO,,,ARRUDA,64,CIDADE,ABALROAMENTO LONGITUDINAL,CAMINHÃO E AUTO,1,,,,,,1,,,0,,Cruzamento,Bom,Sem defeito,Perfeito estado,Seca,Perfeito estado,Faixa de pedestre,,,Única,Faixa contínua,Faixa seccionada,,,,,,,
2019-10-25,08:06:00,SEM VÍTIMA,CANCELADA,JARDIM SÃO PAULO,PRC DO JARDIM SAO PAULO,3,,EM FRENTE A MARCELO REFEIÇÕES,PRC DO JARDIM SAO PAULO,3,EM FRENTE A MARCELO REFEIÇÕES,JARDIM SÃO PAULO,,,COLISÃO,SEM VITIMAS,2,,,,,,,,,0,,,,,,,,,,,,,,,,,,,,
2019-10-25,08:20:00,SEM VÍTIMA,FINALIZADA,IPSEP,RUA ALDEMAR DE OLIVEIRA,,RUA ABDIAS CABRAL DE MOURA,,RUA ALDEMAR DE OLIVEIRA,,,IPSEP,,CIDADE,ABALROAMENTO LONGITUDINAL,SEM VITIMAS,1,,,,,,1,,,0,,Cruzamento,Bom,Não existe,,Seca,Perfeito estado,Não existe,Não há placas,,Dupla,Não existe,,,,,,,,
2019-10-25,08:57:00,COM VÍTIMA,FINALIZADA,CASA AMARELA,EST DO ARRAIAL,2723,,E/F AO HOSPITAL AGAMENON MAGALHAES,EST DO ARRAIAL,2723,E/F AO HOSPITAL AGAMENON MAGALHAES,CASA AMARELA,295,SUBURBIO,COLISÃO COM CICLISTA,COLISÃO C/VTIMA ENTRE ONIBUS E CICLISTA,,,,1,,1,,,,1,,Longo da via,Bom,Sem defeito,Perfeito estado,Seca,Perfeito estado,Não existe,R-6a,,Única,Faixa seccionada,,,,,,,,
2019-10-25,09:12:00,SEM VÍTIMA,FINALIZADA,JARDIM SÃO PAULO,PRC DO JARDIM SAO PAULO,,,MARCELO E MERE REFEIÇÕES EM FRENTE,PRC DO JARDIM SAO PAULO,,MARCELO E MERE REFEIÇÕES EM FRENTE,JARDIM SÃO PAULO,,SUBURBIO,COLISÃO TRASEIRA,SEM VITIMAS,2,,,,,,,,,0,,,Bom,Não existe,Perfeito estado,Seca,Perfeito estado,,R-34,,Única,,,,,,,,,
2019-10-25,09:21:00,SEM VÍTIMA,FINALIZADA,ESTÂNCIA,AV DR JOSE RUFINO,,RUA BALIZA,AO LADO DO COLÉGIO INDEPENDÊNCIA,AV DR JOSE RUFINO,,AO LADO DO COLÉGIO INDEPENDÊNCIA,ESTÂNCIA,,SUBURBIO,ABALROAMENTO LONGITUDINAL,SEM VITIMAS,1,,,,,1,,,,0,,,Bom,Não existe,Perfeito estado,Seca,Perfeito estado,Não existe,,,Dupla,Faixa contínua,,,,,,,,
2019-10-25,09:35:00,SEM VÍTIMA,FINALIZADA,BOA VISTA,RUA DO PRINCIPE,213,,EM FRENTE AO CALDINHO DO PRÍNCIPE,RUA DO PRINCIPE,213,EM FRENTE AO CALDINHO DO PRÍNCIPE,BOA VISTA,,CIDADE,ABALROAMENTO TRANSVERSAL,ONIBUS E AUTO,1,,,,,1,,,,0,,Longo da via,Bom,Sem defeito,Perfeito estado,Seca,Perfeito estado,Outros,Outras,,Única,Faixa seccionada,,,,,,,,
2019-10-25,09:44:00,SEM VÍTIMA,FINALIZADA,BOA VIAGEM,AV DES JOSE NEVES,907,,APÓS O MARTELINHO DE OURO,AV DES JOSE NEVES,907,APÓS O MARTELINHO DE OURO,BOA VIAGEM,580,CIDADE,CHOQUE VEÍCULO PARADO,DOIS AUTOS,2,,,,,,,,,0,,Longo da via,Bom,Sem defeito,Incompleta,Seca,Mal conservada,Faixa de retenção,Não há placas,50 km/h,Dupla,Canteiro central,,,,,,,,
2019-10-25,09:59:00,SEM VÍTIMA,FINALIZADA,SANTO ANTÔNIO,RUA FLORIANO PEIXOTO,,,EM FRENTE A PRAÇA JOAQUIM NABUCO,RUA FLORIANO PEIXOTO,,EM FRENTE A PRAÇA JOAQUIM NABUCO,SANTO ANTÔNIO,,SUBURBIO,ABALROAMENTO LONGITUDINAL,COLISÃO SEM VITIMAS,1,,,,,,1,,,0,,Longo da via,Bom,Sem defeito,Perfeito estado,Seca,Perfeito estado,Não existe,,,Única,Faixa seccionada,,,,,,,,
2019-10-25,10:53:00,SEM VÍTIMA,FINALIZADA,DERBY,AV GOVERNADOR AGAMENON MAGALHAES,,,EM FRENTE A RADIO FACE,AV GOVERNADOR AGAMENON MAGALHAES,,EM FRENTE A RADIO FACE,DERBY,,SUBURBIO,ABALROAMENTO LONGITUDINAL,SEM VITIMAS,1,,,,,1,,,,0,,Longo da via,Bom,Não existe,Perfeito estado,Seca,Perfeito estado,Não existe,Não há placas,,Dupla,Canteiro central,,,,,,,,
2019-10-25,11:26:00,SEM VÍTIMA,FINALIZADA,BOA VIAGEM,RUA DOS NAVEGANTES,1030,,,RUA DOS NAVEGANTES,1030,,BOA VIAGEM,,,CHOQUE VEÍCULO PARADO,COLISÃO S/VITIMAS ENTRE DOIS AUTOS,3,,,,,,,,,0,,Longo da via,Bom,Não existe,Perfeito estado,Seca,Perfeito estado,Não existe,Não há placas,,Única,Não existe,,,,,,,,
2019-10-25,11:33:00,SEM VÍTIMA,FINALIZADA,MACAXEIRA,AV NORTE,,RUA MARIA CANDIDA,NO SEMAFORO,AV NORTE,,NO SEMAFORO,MACAXEIRA,296,CIDADE,COLISÃO TRASEIRA,SEM VITIMAS,1,1,,,,,,,,0,,,,,,,,,,,,,,,,,,,,
2019-10-25,11:55:00,SEM VÍTIMA,FINALIZADA,BONGI,AV ENGENHEIRO ABDIAS DE CARVALHO,1701,,EM FRENTE POSTO BR,AV ENGENHEIRO ABDIAS DE CARVALHO,1701,EM FRENTE POSTO BR,BONGI,,CIDADE,ABALROAMENTO LONGITUDINAL,COLISAO SEM VITIMAS,1,,,,,,1,,1,0,,Longo da via,Bom,Não existe,Perfeito estado,Seca,Perfeito estado,Não existe,R-6a,60 km/h,Dupla,Faixa seccionada,Canteiro central,,,,,,,
2019-10-25,12:38:00,SEM VÍTIMA,FINALIZADA,CAMPO GRANDE,RUA ODORICO MENDES,,RUA VISCONDE DE CAIRU,PRÓXIMO AO CLUBE DAS PAZ,RUA ODORICO MENDES,,PRÓXIMO AO CLUBE DAS PAZ,CAMPO GRANDE,,SUBURBIO,ABALROAMENTO TRANSVERSAL,COLISAO SEM VITIMAS,2,,,,,,,,,0,,Cruzamento,Bom,Não existe,Perfeito estado,Seca,Perfeito estado,Não existe,Placas Pare,,Dupla,Faixa seccionada,,,,,,,,
2019-10-25,12:40:00,SEM VÍTIMA,FINALIZADA,ILHA DO RETIRO,RUA TABAIARES,182,,EM FRENTE A ESCOLA MUNICIPAL MÉRCIA DE ALBUQUERQUE FERREIRA,RUA TABAIARES,182,EM FRENTE A ESCOLA MUNICIPAL MÉRCIA DE ALBUQUERQUE FERREIRA,ILHA DO RETIRO,,CIDADE,ABALROAMENTO LONGITUDINAL,COLISAO ENTRE DOIS AUTOS S/V,2,,,,,,,,,0,,Longo da via,Bom,Não existe,Perfeito estado,Seca,Perfeito estado,Faixa de pedestre,Não há placas,,Dupla,Faixa seccionada,,,,,,,,
2019-10-25,12:44:00,SEM VÍTIMA,FINALIZADA,BOA VIAGEM,RUA VISCONDE DE JEQUITINHONHA,650,,GALERIA JEQUITINHONHA,RUA VISCONDE DE JEQUITINHONHA,650,GALERIA JEQUITINHONHA,BOA VIAGEM,,SUBURBIO,COLISÃO TRASEIRA,COLISÃO SEM VÍTIMA,1,,,,,1,,,,0,,Longo da via,Bom,Não existe,Perfeito estado,Seca,Perfeito estado,Não existe,,30 km/h,Única,Não existe,,,,,,,,
2019-10-25,13:16:00,SEM VÍTIMA,FINALIZADA,CAXANGÁ,RUA PROFESSOR ARMANDO DE MEIRA LINS,,,POR TRAS DA MADEREIRA ESPLENDOR,RUA PROFESSOR ARMANDO DE MEIRA LINS,,POR TRAS DA MADEREIRA ESPLENDOR,CAXANGÁ,,,COLISÃO,COLISAO SEM VITIMAS/ UM AUTO E UMA CARROCERIA DE CAMINHÃO SEM PLACAS,1,,,,,,1,,,0,,,,,,,,,,,,,,,,,,,,
2019-10-25,13:21:00,SEM VÍTIMA,CANCELADA,IPSEP,AV RECIFE,,,PROX A PIZZARIA ATLANTICO S/T SUB,AV RECIFE,,PROX A PIZZARIA ATLANTICO S/T SUB,IPSEP,,,COLISÃO,COLISAO ENTRE DOIS AUTOS S/V,2,,,,,,,,,0,,,,,,,,,,,,,,,,,,,,
2019-10-25,13:22:00,COM VÍTIMA,FINALIZADA,ILHA JOANA BEZERRA,AV BEIRA RIO,,,PRÓXIMO A ACADEMIA DA CIDADE,AV BEIRA RIO,,PRÓXIMO A ACADEMIA DA CIDADE,ILHA JOANA BEZERRA,,,COLISÃO FRONTAL,,1,1,,,,,,,,1,,Longo da via,Bom,Não existe,Perfeito estado,Seca,Perfeito estado,Não existe,Não há placas,,Dupla,Faixa contínua,,,,,,,,
2019-10-25,13:54:00,SEM VÍTIMA,FINALIZADA,PINA,AV ANTONIO DE GOES,340,,LOJA ICONNECT ( EM FRENTE),AV ANTONIO DE GOES,340,LOJA ICONNECT ( EM FRENTE),PINA,277,CIDADE,COLISÃO TRASEIRA,COLISÃO SEM VÍTIMA,1,1,,,,,,,,0,,Longo da via,Bom,Sem defeito,Perfeito estado,Seca,Perfeito estado,Faixa de pedestre,Não há placas,60 km/h,Única,Canteiro central,,,,,,,,
2019-10-25,14:09:00,SEM VÍTIMA,FINALIZADA,TEJIPIÓ,RUA GENERAL MANUEL RABELO,,,E/F A IGREJA DE TEJIPIO,RUA GENERAL MANUEL RABELO,,E/F A IGREJA DE TEJIPIO,TEJIPIÓ,,,ENGAVETAMENTO,ENGAVETAMENTO DE QUATRO AUTOS S/V,4,,,,,,,,,0,,,,,,,,,,,,,,,,,,,,
2019-10-25,14:13:00,SEM VÍTIMA,FINALIZADA,ESPINHEIRO,RUA DR VICENTE MEIRA,82,,,RUA DR VICENTE MEIRA,82,,ESPINHEIRO,,SUBURBIO,ABALROAMENTO LONGITUDINAL,COLISÃO SEM VÍTIMA,2,,,,,,,,,0,,Longo da via,Bom,Não existe,Perfeito estado,Seca,Perfeito estado,Não existe,,20 km/h,Dupla,Não existe,,,,,,,,
2019-10-25,14:34:00,SEM VÍTIMA,FINALIZADA,BOA VIAGEM,AV BOA VIAGEM,,,EM FRENTE AO Nº 4632,AV BOA VIAGEM,,EM FRENTE AO Nº 4632,BOA VIAGEM,,,COLISÃO TRASEIRA,COLISÃO SEM VÍTIMA,2,,,,,,,,,0,,Longo da via,Bom,Não existe,Perfeito estado,Seca,Perfeito estado,Não existe,Não há placas,,Única,Não existe,,,,,,,,
2019-10-25,14:49:00,SEM VÍTIMA,FINALIZADA,IPSEP,RUA GONCALVES DE MAGALHAES,1090,,,RUA GONCALVES DE MAGALHAES,1090,,IPSEP,,CIDADE,COLISÃO TRASEIRA,COLISAO SEM VITIMAS,1,1,,,,,,,,0,,Longo da via,Bom,Não existe,Perfeito estado,Seca,Perfeito estado,,Não há placas,,Única,Não existe,,,,,,,,
2019-10-25,17:05:00,SEM VÍTIMA,FINALIZADA,BOA VIAGEM,AV ENGENHEIRO DOMINGOS FERREIRA,3856,,,AV ENGENHEIRO DOMINGOS FERREIRA,3856,,BOA VIAGEM,,SUBURBIO,COLISÃO TRASEIRA,,2,,,,,,,,,0,,Longo da via,Bom,,Perfeito estado,Seca,Perfeito estado,,Não há placas,60 km/h,Única,Canteiro central,,,,,,,,
2019-10-25,18:08:00,SEM VÍTIMA,FINALIZADA,IMBIRIBEIRA,AV MARECHAL MASCARENHAS DE MORAES,,,SEMÁFORO 396,AV MARECHAL MASCARENHAS DE MORAES,,SEMÁFORO 396,IMBIRIBEIRA,396,CIDADE,ABALROAMENTO LONGITUDINAL,ENTRE MOTO E AUTO PASSEIO. S/V,1,1,,,,,,,,0,,Longo da via,Bom,Sem defeito,Perfeito estado,Seca,Perfeito estado,Faixa de pedestre,Outras,60 km/h,Dupla,Faixa seccionada,Canteiro central,,,,,,,
2019-10-25,18:20:00,SEM VÍTIMA,DUPLICIDADE,IMBIRIBEIRA,AV MARECHAL MASCARENHAS DE MORAES,945,,ENF. A LOJA GRILLO // SENTIDO AEROPORTO,AV MARECHAL MASCARENHAS DE MORAES,945,ENF. A LOJA GRILLO // SENTIDO AEROPORTO,IMBIRIBEIRA,532,,COLISÃO,MOTO X TAXI,1,1,,,,,,,,0,,,,,,,,,,,,,,,,,,,,
2019-10-25,18:49:00,SEM VÍTIMA,FINALIZADA,ESPINHEIRO,AV GOVERNADOR AGAMENON MAGALHAES,,RUA ANTONIO SIMOES,,AV GOVERNADOR AGAMENON MAGALHAES,,,ESPINHEIRO,,,ABALROAMENTO LONGITUDINAL,FEIZER X BROOS,,2,,,,,,,,0,,Longo da via,Bom,Não existe,Perfeito estado,Seca,Perfeito estado,Não existe,Não há placas,,Única,Não existe,,,,,,,,
2019-10-25,18:55:00,SEM VÍTIMA,FINALIZADA,PARNAMIRIM,AV PARNAMIRIM,380,,,AV PARNAMIRIM,380,,PARNAMIRIM,,SUBURBIO,ABALROAMENTO LONGITUDINAL,ENTRE CAMINHÃO DA COCA-COLA E AUTO PASSEIO. S/V,1,,,,,,1,,,0,,Longo da via,Bom,Não existe,Perfeito estado,Seca,Perfeito estado,Não existe,R-6a,40 km/h,Única,Faixa contínua,,,,,,,,
2019-10-25,19:51:00,SEM VÍTIMA,CANCELADA,AFLITOS,AV SANTOS DUMONT,508,RUA TELES JUNIOR,PROX A EXTRA FARMA,AV SANTOS DUMONT,508,PROX A EXTRA FARMA,AFLITOS,,,COLISÃO,HB 20 X MOTO,1,1,,,,,,,,0,,,,,,,,,,,,,,,,,,,,
2019-10-25,20:10:00,COM VÍTIMA,FINALIZADA,CAMPO GRANDE,RUA SAO CAETANO,,RUA PROFESSOR FRANCISCO DA TRINDADE,PROX AO CLUBE DAS PAZ,RUA SAO CAETANO,,PROX AO CLUBE DAS PAZ,CAMPO GRANDE,,SUBURBIO,ABALROAMENTO TRANSVERSAL,MOTO X FIAT UNO,1,1,,,,,,,,1,,Cruzamento,Bom,Não existe,Perfeito estado,Seca,Perfeito estado,Não existe,Placas Pare,,Dupla,Faixa contínua,Faixa seccionada,,,,,,,
2019-10-25,22:40:00,SEM VÍTIMA,CANCELADA,IMBIRIBEIRA,RUA SARGENTO SILVINO DE MACEDO,241,RUA JOSE DA SILVA LUCENA,PROX A LACOMEX VINHOS DESTILADOS,RUA SARGENTO SILVINO DE MACEDO,241,PROX A LACOMEX VINHOS DESTILADOS,IMBIRIBEIRA,,,COLISÃO,HB 20 PRATA X FORD KA,2,,,,,,,,,0,,,,,,,,,,,,,,,,,,,,
2019-10-25,22:50:00,SEM VÍTIMA,FINALIZADA,GRAÇAS,RUA JOAQUIM NABUCO,,AV GOVERNADOR AGAMENON MAGALHAES,OPOSTO AO HR,RUA JOAQUIM NABUCO,,OPOSTO AO HR,GRAÇAS,174,SUBURBIO,ABALROAMENTO LONGITUDINAL,ENTRE 2 AUTOS. S/V,2,,,,,,,,,0,,Longo da via,Bom,Sem defeito,Perfeito estado,Seca,Perfeito estado,,Não há placas,,Única,Faixa seccionada,,,,,,,,
2019-10-25,23:01:00,SEM VÍTIMA,FINALIZADA,SANTO AMARO,RUA DOS PALMARES,,RUA TREZE DE MAIO,,RUA DOS PALMARES,,,SANTO AMARO,30,CIDADE,ABALROAMENTO TRANSVERSAL,HB 20 X SANDERO OBS: VEICULOS NAO SAI DO MEIO DA VIA EIXO QUEBRADO,2,,,,,,,,,0,,Cruzamento,Bom,Sem defeito,Perfeito estado,Seca,Perfeito estado,Faixa de pedestre,,,Dupla,Faixa contínua,Canteiro central,,,,,,,
2019-10-25,23:13:00,SEM VÍTIMA,FINALIZADA,COHAB,AV JORNALISTA COSTA PORTO,,,EM FRENTE A COMPESA,AV JORNALISTA COSTA PORTO,,EM FRENTE A COMPESA,COHAB,,CIDADE,ABALROAMENTO LONGITUDINAL,ENTRE 2 AUTOS. S/V,2,,,,,,,,,0,,Longo da via,Bom,Não existe,Perfeito estado,Seca,Perfeito estado,Não existe,Não há placas,,Dupla,Não existe,,,,,,,,
2019-10-26,01:22:00,SEM VÍTIMA,FINALIZADA,AFOGADOS,RUA VINTE E UM DE ABRIL,,RUA VISCONDE DE PELOTAS,SEMÁFORO 334,RUA VINTE E UM DE ABRIL,,SEMÁFORO 334,AFOGADOS,334,,ABALROAMENTO TRANSVERSAL,COLISÃO ENTRE DOIS AUTOS, SEM VITÍMAS,2,,,,,,,,,0,,Cruzamento,Bom,Sem defeito,Perfeito estado,Seca,Perfeito estado,Faixa de pedestre,Outras,,Única,Faixa seccionada,,,,,,,
2019-10-26,03:53:00,SEM VÍTIMA,FINALIZADA,BOA VIAGEM,AV BOA VIAGEM,3754,,ED. PEDRA DO MAR,AV BOA VIAGEM,3754,ED. PEDRA DO MAR,BOA VIAGEM,,CIDADE,CHOQUE OBJETO FIXO,VEÍCULO CHOCOU-SE CONTRA O MURO DO EDIFÍCIO,1,,,,,,,,,0,,Longo da via,Bom,Não existe,Perfeito estado,Seca,Perfeito estado,Outros,Não há placas,,Única,Faixa seccionada,,,,,,,,
2019-10-26,06:13:00,SEM VÍTIMA,CANCELADA,BOA VIAGEM,RUA FELIX DE BRITO E MELO,3256,AV CONSELHEIRO AGUIAR,E/F AO BRADESCO,RUA FELIX DE BRITO E MELO,3256,E/F AO BRADESCO,BOA VIAGEM,,,COLISÃO,COLISÃO ENTRE DOIS AUTOS, SEM VITÍMAS,2,,,,,,,,,0,,,,,,,,,,,,,,,,,,,
2019-10-26,07:07:00,SEM VÍTIMA,FINALIZADA,CAMPO GRANDE,RUA FRANKLIN TAVORA,,RUA OLIVEIRA FONSECA,EDIFÍCIO KORINTHIOS,RUA FRANKLIN TAVORA,,EDIFÍCIO KORINTHIOS,CAMPO GRANDE,,,ABALROAMENTO TRANSVERSAL,COLISÃO SEM VITIMAS,2,,,,,,,,,0,,Cruzamento,Bom,Não existe,Perfeito estado,Seca,Perfeito estado,,,,Dupla,,,,,,,,,
2019-10-26,07:53:00,SEM VÍTIMA,FINALIZADA,BOA VIAGEM,AV ENGENHEIRO DOMINGOS FERREIRA,2574,,AO LADO DA FARMACIA INDEPENDENTE,AV ENGENHEIRO DOMINGOS FERREIRA,2574,AO LADO DA FARMACIA INDEPENDENTE,BOA VIAGEM,,SUBURBIO,ABALROAMENTO LONGITUDINAL,COLISÃO SEM VITIMAS,1,1,,,,,,,,0,,Longo da via,Bom,Sem defeito,Perfeito estado,Seca,Perfeito estado,Faixa de pedestre,R-6a,60 km/h,Única,Faixa seccionada,Canteiro central,,,,,,,
2019-10-26,09:22:00,SEM VÍTIMA,FINALIZADA,MANGABEIRA,AV NORTE,,,SESC,AV NORTE,,SESC,MANGABEIRA,364,SUBURBIO,CHOQUE VEÍCULO PARADO,DOIS AUTOS,2,,,,,,,,,0,,Longo da via,Bom,Sem defeito,Perfeito estado,Seca,Perfeito estado,Faixa de pedestre,Placas Pare,,Única,Faixa contínua,,,,,,,,
2019-10-26,11:51:00,SEM VÍTIMA,FINALIZADA,IMBIRIBEIRA,AV MARECHAL MASCARENHAS DE MORAES,3963,,EM FRENTE A TUPAN,AV MARECHAL MASCARENHAS DE MORAES,3963,EM FRENTE A TUPAN,IMBIRIBEIRA,,CIDADE,ABALROAMENTO LONGITUDINAL,AUTO E ONIBUS,1,,,,,1,,,,0,,Longo da via,Bom,Não existe,Perfeito estado,Seca,Perfeito estado,Não existe,R-6a,,Dupla,Faixa contínua,,,,,,,,
2019-10-26,12:14:00,SEM VÍTIMA,FINALIZADA,,RUA BALTAZAR PASSOS,,RUA SA E SOUZA,ESQUINA COM A CULTURA INGLESA,RUA BALTAZAR PASSOS,,ESQUINA COM A CULTURA INGLESA,,,,ABALROAMENTO TRANSVERSAL,COLISAO ENTRE DOIS AUTOS S/V,2,,,,,,,,,0,,Cruzamento,Bom,Não existe,Perfeito estado,Seca,Perfeito estado,,Placas Pare,,Única,,,,,,,,,
2019-10-26,12:14:00,SEM VÍTIMA,FINALIZADA,JARDIM SÃO PAULO,AV SAO PAULO,258,,,AV SAO PAULO,258,,JARDIM SÃO PAULO,,SUBURBIO,ABALROAMENTO TRANSVERSAL,ENTRE DOIS AUTOS S/V,2,,,,,,,,,0,,Longo da via,Bom,Não existe,,,,Não existe,Não há placas,30 km/h,Dupla,Não existe,,,,,,,,
2019-10-26,12:19:00,SEM VÍTIMA,FINALIZADA,BOA VIAGEM,RUA ERNESTO DE PAULA SANTOS,803,,,RUA ERNESTO DE PAULA SANTOS,803,,BOA VIAGEM,,,ABALROAMENTO LONGITUDINAL,COLISAO ENTRE ONIBUS E AUTO S/V,1,,,,,1,,,,0,,Longo da via,Bom,Não existe,Perfeito estado,Seca,Perfeito estado,,Não há placas,,Única,Faixa seccionada,,,,,,,,
2019-10-26,12:20:00,SEM VÍTIMA,FINALIZADA,VÁRZEA,RUA GENERAL POLIDORO,,,EM FRENTE AO NÚMERO 468,RUA GENERAL POLIDORO,,EM FRENTE AO NÚMERO 468,VÁRZEA,,,COLISÃO TRASEIRA,ONIBUS X AUTO PASSEIO S/V,1,,,,,1,,,,0,,Longo da via,Bom,Não existe,Não existente,Seca,Perfeito estado,Não existe,Não há placas,,Dupla,Não existe,,,,,,,,
2019-10-26,12:52:00,SEM VÍTIMA,CANCELADA,AFLITOS,RUA MANUEL DE CARVALHO,481,,POR TRAS DO CLUBE NAUTICO,RUA MANUEL DE CARVALHO,481,POR TRAS DO CLUBE NAUTICO,AFLITOS,,,COLISÃO,COLISAO ENTRE DOIS AUTOS S/V,2,,,,,,,,,0,,,,,,,,,,,,,,,,,,,,
2019-10-26,13:10:00,SEM VÍTIMA,CANCELADA,GRAÇAS,AV RUI BARBOSA,,,E/F A PEDRAGON,AV RUI BARBOSA,,E/F A PEDRAGON,GRAÇAS,,,COLISÃO,ENTRE DOIS AUTOS S/V,2,,,,,,,,,0,,,,,,,,,,,,,,,,,,,,
2019-10-26,13:10:00,SEM VÍTIMA,CANCELADA,BOA VIAGEM,RUA CAPITAO ZUZINHA,210,,E/F A MAISON CHRISTAL RECEPÇOES,RUA CAPITAO ZUZINHA,210,E/F A MAISON CHRISTAL RECEPÇOES,BOA VIAGEM,,,COLISÃO,COLISAO ENTRE DOIS AUTOS S/V,2,,,,,,,,,0,,,,,,,,,,,,,,,,,,,,
2019-10-26,13:46:00,SEM VÍTIMA,CANCELADA,CORDEIRO,RUA GOMES TABORDA,,,E/F A PADARIA SONHO DE MEL,RUA GOMES TABORDA,,E/F A PADARIA SONHO DE MEL,CORDEIRO,,,COLISÃO,COLISAO ENTRE AUTO E MOTO S/V,1,1,,,,,,,,0,,,,,,,,,,,,,,,,,,,,
2019-10-26,13:55:00,COM VÍTIMA,FINALIZADA,CAMPO GRANDE,RUA MARQUES DE BAIPENDI,82,,PROX A PRAÇA DO HIPODROMO,RUA MARQUES DE BAIPENDI,82,PROX A PRAÇA DO HIPODROMO,CAMPO GRANDE,,SUBURBIO,ABALROAMENTO TRANSVERSAL,COLISAO ENTRE TAXI E MOTO COM UMA VITIMA,1,1,,,,,,,,1,,Cruzamento,Bom,Não existe,Não existente,Seca,Perfeito estado,Não existe,Não há placas,,Dupla,Não existe,,,,,,,,