data,hora,natureza_acidente,situacao,bairro,endereco,numero,detalhe_endereco_acidente,complemento,endereco_cruzamento,numero_cruzamento,referencia_cruzamento,bairro_cruzamento,num_semaforo,sentido_via,tipo,descricao,auto,moto,ciclom,ciclista,pedestre,onibus,caminhao,viatura,outros,vitimas,vitimasfatais,acidente_verificado,tempo_clima,situacao_semaforo,sinalizacao,condicao_via,conservacao_via,ponto_controle,situacao_placa,velocidade_max_via,mao_direcao,divisao_via1,divisao_via2,divisao_via3,,,,,,
2019-10-28,21:55:00,COM VÍTIMA,FINALIZADA,BEBERIBE,AV BEBERIBE,4330,,DEPOIS DA PIZZARIA HAGE E ACADEMIA H 5 FIT,AV BEBERIBE,4330,DEPOIS DA PIZZARIA HAGE E ACADEMIA H 5 FIT,BEBERIBE,,SUBURBIO,ACID. DE PERCURSO,ACIDENTE DE PERCURSO COM BURACO NA VIA,,1,,,,,,,1,1,,Longo da via,Bom,Não existe,Incompleta,Seca,Mal conservada,Não existe,Não há placas,,,,,,,,,,,
2019-10-29,00:22:00,SEM VÍTIMA,FINALIZADA,BOA VIAGEM,VIADUTO TANCREDO NEVES,,,ATACADÃO,VIADUTO TANCREDO NEVES,,ATACADÃO,BOA VIAGEM,,CIDADE,ABALROAMENTO LONGITUDINAL,COLISÃO ENTRE DOIS AUTOS S/V,2,,,,,,,,,0,,Viaduto,Bom,Não existe,Perfeito estado,Seca,Perfeito estado,Não existe,Não há placas,,Única,Faixa seccionada,,,,,,,,
2019-10-29,06:53:00,SEM VÍTIMA,FINALIZADA,VÁRZEA,AV PREFEITO ANTONIO PEREIRA,,,PRÓXIMO AO HOTEL BLUE LOVE,AV PREFEITO ANTONIO PEREIRA,,PRÓXIMO AO HOTEL BLUE LOVE,VÁRZEA,,CIDADE,ABALROAMENTO LONGITUDINAL,ONIBUS E AUTO,1,,,,,1,,,,0,,Longo da via,Bom,Não existe,Não existente,Seca,Perfeito estado,Não existe,Não há placas,40 km/h,Dupla,Canteiro central,,,,,,,,
2019-10-29,07:20:00,SEM VÍTIMA,FINALIZADA,ROSARINHO,AV NORTE,2981,,LADO OPOSTO A EXTRAFARMA,AV NORTE,2981,LADO OPOSTO A EXTRAFARMA,ROSARINHO,,CIDADE,COLISÃO TRASEIRA,COLISÃO SEM VITIMAS,1,,,,,1,,,,0,,Longo da via,Bom,Não existe,Perfeito estado,Seca,Perfeito estado,Não existe,R-6a,60 km/h,Dupla,Canteiro central,,,,,,,,
2019-10-29,07:30:00,SEM VÍTIMA,CANCELADA,AREIAS,AV RECIFE,1540,,EM FRENTE AO MOTEL CARTIER,AV RECIFE,1540,EM FRENTE AO MOTEL CARTIER,AREIAS,,BOA VIAGEM,COLISÃO,COLISÃO SEM VITIMAS,2,,,,,,,,,0,,,,,,,,,,,,,,,,,,,,
2019-10-29,07:37:00,SEM VÍTIMA,FINALIZADA,BOA VIAGEM,RUA DEZ DE JULHO,,AV VINTE E TRES DE OUTUBRO,ESTAÇÃO AEROPORTO,RUA DEZ DE JULHO,,ESTAÇÃO AEROPORTO,BOA VIAGEM,,CIDADE,ABALROAMENTO TRANSVERSAL,DOIS AUTOS,2,,,,,,,,,0,,Cruzamento,Bom,Não existe,Perfeito estado,Seca,Perfeito estado,Não existe,Não há placas,,Única,Faixa seccionada,,,,,,,,
2019-10-29,08:07:00,SEM VÍTIMA,FINALIZADA,BOA VISTA,RUA BARAO DE SAO BORJA,137,RUA JOSE DE ALENCAR,HOTEL BOA VISTA,RUA BARAO DE SAO BORJA,137,HOTEL BOA VISTA,BOA VISTA,,,ABALROAMENTO TRANSVERSAL,DOIS AUTOS,2,,,,,,,,,0,,Cruzamento,Bom,Não existe,Perfeito estado,Seca,Perfeito estado,Não existe,Placas Pare,,Única,Não existe,,,,,,,,
2019-10-29,08:09:00,COM VÍTIMA,FINALIZADA,BOA VIAGEM,RUA BALTAZAR PEREIRA,1205,AV CONSELHEIRO AGUIAR,E/F A CASA DESING,RUA BALTAZAR PEREIRA,1205,E/F A CASA DESING,BOA VIAGEM,,CIDADE,ABALROAMENTO LONGITUDINAL,COLISÃO C/VITIMA ENTRE UMA MOTO E AUTO,1,1,,,,,,,,1,,Esquina,Bom,Não existe,Perfeito estado,Seca,Perfeito estado,Não existe,Outras,60 km/h,Única,Faixa contínua,,,,,,,,
2019-10-29,08:21:00,SEM VÍTIMA,FINALIZADA,ENCRUZILHADA,RUA DONA JULIETA,,RUA FREDERICO,CONFRARIA DO MAR,RUA DONA JULIETA,,CONFRARIA DO MAR,ENCRUZILHADA,,SUBURBIO,ABALROAMENTO TRANSVERSAL,COLISÃO /VITIMAS ENTRE UMA MOTO E UM AUTO,1,1,,,,,,,,0,,Cruzamento,Bom,Não existe,Perfeito estado,Seca,Perfeito estado,,,,Dupla,,,,,,,,,
2019-10-29,08:22:00,SEM VÍTIMA,DUPLICIDADE,PONTO DE PARADA,RUA DONA JULIETA,,,EM FRENTE A CONFRARIA DO MAR,RUA DONA JULIETA,,EM FRENTE A CONFRARIA DO MAR,PONTO DE PARADA,,,COLISÃO,COLISÃO SEM VITIMAS,1,1,,,,,,,,0,,,,,,,,,,,,,,,,,,,,
2019-10-29,08:27:00,COM VÍTIMA,FINALIZADA,CASA AMARELA,AV NORTE,,,LADO OPOSTO AO Nº 5916 - SUPERMERCADO MAIS VOCÊ,AV NORTE,,LADO OPOSTO AO Nº 5916 - SUPERMERCADO MAIS VOCÊ,CASA AMARELA,,CIDADE,ABALROAMENTO LONGITUDINAL,DUAS MOTOS,,2,,,,,,,,1,,Longo da via,Bom,Sem defeito,Perfeito estado,Seca,Perfeito estado,Faixa de pedestre,,,Dupla,Canteiro central,,,,,,,,
2019-10-29,09:05:00,COM VÍTIMA,FINALIZADA,ENCRUZILHADA,RUA FERNANDO CESAR,255,RUA AMARO COUTINHO,E/F DORNAS COMEDORIA,RUA FERNANDO CESAR,255,E/F DORNAS COMEDORIA,ENCRUZILHADA,,SUBURBIO,ABALROAMENTO TRANSVERSAL,COLISÃO C/VITIMA ENTRE UMA MOTO E UM AUTO,1,1,,,,,,,,1,,Cruzamento,Bom,Não existe,Perfeito estado,Seca,Perfeito estado,Faixa de pedestre,Placas Pare,30 km/h,Única,Faixa seccionada,,,,,,,,
2019-10-29,09:12:00,SEM VÍTIMA,FINALIZADA,PINA,AV ANTONIO DE GOES,303,,FRENTE AO NÚMERO 303,AV ANTONIO DE GOES,303,FRENTE AO NÚMERO 303,PINA,,CIDADE,COLISÃO TRASEIRA,4 AUTOS,4,,,,,,,,,0,,Longo da via,Bom,Sem defeito,Perfeito estado,Seca,Perfeito estado,Agente,Outras,60 km/h,Única,Faixa contínua,Faixa seccionada,Canteiro central,,,,,,
2019-10-29,09:30:00,SEM VÍTIMA,FINALIZADA,,PTE ESTACIO COIMBRA,,,,PTE ESTACIO COIMBRA,,,,,CIDADE,COLISÃO TRASEIRA,COLISÃO S/VITIMAS ENTRE TRES AUTOS,3,,,,,,,,,0,,Ponte,Bom,Não existe,Perfeito estado,Seca,Perfeito estado,Não existe,Não há placas,,Dupla,Faixa contínua,,,,,,,,
2019-10-29,09:38:00,SEM VÍTIMA,FINALIZADA,MUSTARDINHA,AV MANOEL GONCALVES DA LUZ,563,,LADO OPOSTO A ULTRAGAZ,AV MANOEL GONCALVES DA LUZ,563,LADO OPOSTO A ULTRAGAZ,MUSTARDINHA,,CIDADE,ABALROAMENTO LONGITUDINAL,COLISÃO S/VITIMAS ENTRE MICROONIUS E UM AUTO,1,,,,,1,,,,0,,Longo da via,Bom,Não existe,Não existente,Seca,Perfeito estado,Não existe,Outras,40 km/h,Dupla,Não existe,,,,,,,,
2019-10-29,09:38:00,SEM VÍTIMA,FINALIZADA,BOA VISTA,AV GOVERNADOR AGAMENON MAGALHAES,,,SOB O SEMÁFORO 078,AV GOVERNADOR AGAMENON MAGALHAES,,SOB O SEMÁFORO 078,BOA VISTA,78,SUBURBIO,COLISÃO TRASEIRA,DOIS AUTOS,2,,,,,,,,,0,,Longo da via,Bom,Sem defeito,Perfeito estado,Seca,Perfeito estado,Faixa de pedestre,Outras,60 km/h,Dupla,Canteiro central,,,,,,,,
2019-10-29,09:48:00,SEM VÍTIMA,FINALIZADA,BOA VIAGEM,RUA ANTONIO FALCAO,402,,AO LADO DO SUPERMERCADO CARREFOUR,RUA ANTONIO FALCAO,402,AO LADO DO SUPERMERCADO CARREFOUR,BOA VIAGEM,,CIDADE,ABALROAMENTO TRANSVERSAL,COLISÃO S/VITIMAS ENTRE DOIS AUTOS,2,,,,,,,,,0,,Longo da via,Bom,Sem defeito,Perfeito estado,Seca,Perfeito estado,Faixa de pedestre,Não há placas,,Única,Faixa seccionada,,,,,,,,
2019-10-29,09:57:00,SEM VÍTIMA,FINALIZADA,BOA VIAGEM,AV CONSELHEIRO AGUIAR,2738,,,AV CONSELHEIRO AGUIAR,2738,,BOA VIAGEM,,,COLISÃO TRASEIRA,COLISÃO SEM VITIMAS,3,,,,,,,,,0,,Longo da via,Bom,Sem defeito,Perfeito estado,Seca,Perfeito estado,,,,Única,Faixa seccionada,,,,,,,,
2019-10-29,10:02:00,SEM VÍTIMA,FINALIZADA,BOA VISTA,RUA GERVASIO PIRES,,AV MANOEL BORBA,,RUA GERVASIO PIRES,,,BOA VISTA,169,SUBURBIO,ABALROAMENTO LONGITUDINAL,SEM VÍTIMA,2,,,,,,,,,0,,Cruzamento,Bom,Sem defeito,Perfeito estado,Seca,Perfeito estado,Faixa de pedestre,Outras,,Única,Faixa seccionada,,,,,,,,
2019-10-29,10:24:00,COM VÍTIMA,FINALIZADA,BOA VIAGEM,RUA WALDEMAR NERY CARNEIRO MONTEIRO,,RUA BISPO CARDOSO AYRES,EM FRENTE A CLINICA DE VETERINARIO VET CENTER,RUA WALDEMAR NERY CARNEIRO MONTEIRO,,EM FRENTE A CLINICA DE VETERINARIO VET CENTER,BOA VIAGEM,,SUBURBIO,ABALROAMENTO TRANSVERSAL,COLISÃO COM VITIMA A ESPERA DO SAMU,2,,,,,,,,,1,,Cruzamento,Bom,Não existe,Perfeito estado,Seca,Perfeito estado,Faixa de pedestre,Placas Pare,,Dupla,Faixa seccionada,,,,,,,,
2019-10-29,10:51:00,SEM VÍTIMA,FINALIZADA,ILHA DO LEITE,AV GOVERNADOR AGAMENON MAGALHAES,4775,,EM FRENTE AO EMPRESARIAL THOMAS EDISON,AV GOVERNADOR AGAMENON MAGALHAES,4775,EM FRENTE AO EMPRESARIAL THOMAS EDISON,ILHA DO LEITE,69,,COLISÃO TRASEIRA,DOIS AUTOS,2,,,,,,,,,0,,Longo da via,Bom,Sem defeito,Perfeito estado,Seca,Perfeito estado,Agente,Outras,60 km/h,Dupla,Faixa seccionada,Canteiro central,Canal,,,,,,
2019-10-29,11:16:00,SEM VÍTIMA,FINALIZADA,ESPINHEIRO,RUA AMELIA,,AV RUI BARBOSA,AO LADO DO POSTO BR,RUA AMELIA,,AO LADO DO POSTO BR,ESPINHEIRO,48,CIDADE,ABALROAMENTO LONGITUDINAL,DOIS AUTOS,2,,,,,,,,,0,,Longo da via,Bom,Sem defeito,Perfeito estado,Seca,Perfeito estado,Faixa de pedestre,Outras,,Única,Faixa seccionada,,,,,,,,
2019-10-29,11:31:00,SEM VÍTIMA,FINALIZADA,SAN MARTIN,RUA APULCRO DE ASSUNCAO,225,RUA DUARTE FILHO,,RUA APULCRO DE ASSUNCAO,225,,SAN MARTIN,,,ABALROAMENTO TRANSVERSAL,COLISÃO SEM VITIMAS,2,,,,,,,,,0,,Cruzamento,Bom,Não existe,Perfeito estado,Seca,Perfeito estado,Outros,Outras,,Dupla,Não existe,,,,,,,,
2019-10-29,11:40:00,SEM VÍTIMA,FINALIZADA,IMBIRIBEIRA,RUA ITAUBA,234,RUA JOAQUIM BANDEIRA,,RUA ITAUBA,234,,IMBIRIBEIRA,,SUBURBIO,ABALROAMENTO TRANSVERSAL,VT DA PM E AUTO PASSEIO,2,,,,,,,,,0,,Cruzamento,Bom,Não existe,Perfeito estado,Seca,Perfeito estado,,Placas Pare,,Dupla,Não existe,,,,,,,,
2019-10-29,11:45:00,SEM VÍTIMA,FINALIZADA,IMBIRIBEIRA,AV MARECHAL MASCARENHAS DE MORAES,,,AO LADO DO AEROPORTO,AV MARECHAL MASCARENHAS DE MORAES,,AO LADO DO AEROPORTO,IMBIRIBEIRA,625,SUBURBIO,COLISÃO TRASEIRA,COLISÃO S/ VITIMAS ENTRE CAMINHA E AUTO,1,,,,,,1,,,0,,Longo da via,Bom,Sem defeito,Perfeito estado,Seca,Perfeito estado,Faixa de retenção,Não há placas,,Dupla,Canteiro central,,,,,,,,
2019-10-29,12:05:00,SEM VÍTIMA,FINALIZADA,CORDEIRO,RUA TIJUCAS,271,,CARNE DE SOL DO JOÃO,RUA TIJUCAS,271,CARNE DE SOL DO JOÃO,CORDEIRO,,,COLISÃO,COLISAO SEM VITIMAS,2,,,,,,,,,0,,,,,,,,,,,,,,,,,,,,
2019-10-29,12:08:00,SEM VÍTIMA,CANCELADA,TEJIPIÓ,RUA PIRAMBOIA,771,,EM FRENTE AO RESTAURANTE REGIONAL COMIDA DA TERRA,RUA PIRAMBOIA,771,EM FRENTE AO RESTAURANTE REGIONAL COMIDA DA TERRA,TEJIPIÓ,,,COLISÃO,COLISÃO SEM VÍTIMA,1,1,,,,,,,,0,,,,,,,,,,,,,,,,,,,,
2019-10-29,12:29:00,SEM VÍTIMA,CANCELADA,MADALENA,RUA JOSE OSORIO,267,,PROX AO RM EXPRESS E/F A FARMACIA INDEPENDENTE,RUA JOSE OSORIO,267,PROX AO RM EXPRESS E/F A FARMACIA INDEPENDENTE,MADALENA,,,COLISÃO,COLISAO SEM VITIMAS,2,,,,,,,,,0,,,,,,,,,,,,,,,,,,,,
2019-10-29,13:02:00,SEM VÍTIMA,CANCELADA,AREIAS,AV RECIFE,,,E/F AO MAKRO,AV RECIFE,,E/F AO MAKRO,AREIAS,,,COLISÃO,COLISAO SEM VITIMAS,3,,,,,,,,,0,,,,,,,,,,,,,,,,,,,,
2019-10-29,13:14:00,SEM VÍTIMA,FINALIZADA,MADALENA,RUA REAL DA TORRE,522,,EM FRENTE AO MERCADO DA MADALENA,RUA REAL DA TORRE,522,EM FRENTE AO MERCADO DA MADALENA,MADALENA,,CIDADE,COLISÃO TRASEIRA,COLISAO SEM VITIMAS,2,,,,,,,,,0,,Longo da via,Bom,Não existe,Perfeito estado,Seca,Perfeito estado,Não existe,Outras,,Única,Faixa seccionada,,,,,,,,
2019-10-29,13:27:00,SEM VÍTIMA,FINALIZADA,MADALENA,RUA REAL DA TORRE,954,RUA PROFESSORA ANUNCIADA DA ROCHA MELO,POSTO TORRE,RUA REAL DA TORRE,954,POSTO TORRE,MADALENA,,CIDADE,COLISÃO TRASEIRA,COLISAO SEM VITIMAS,2,,,,,,,,,0,,Longo da via,Bom,Não existe,Perfeito estado,Seca,Perfeito estado,Não existe,R-6a,60 km/h,Única,Faixa seccionada,,,,,,,,
2019-10-29,14:05:00,SEM VÍTIMA,FINALIZADA,MADALENA,RUA REAL DA TORRE,,,EM FRENTE AO MERCADO DA MADALENA,RUA REAL DA TORRE,,EM FRENTE AO MERCADO DA MADALENA,MADALENA,,SUBURBIO,COLISÃO TRASEIRA,COLISÃO SEM VÍTIMA,1,1,,,,,,,,0,,Longo da via,Bom,Não existe,Perfeito estado,Seca,Perfeito estado,Outros,Outras,,Única,Faixa seccionada,,,,,,,,
2019-10-29,14:17:00,SEM VÍTIMA,FINALIZADA,IMBIRIBEIRA,AV PINHEIROS,,RUA ARQUITETO LUIZ NUNES,SOB O SEMÁFORO Nº 537,AV PINHEIROS,,SOB O SEMÁFORO Nº 537,IMBIRIBEIRA,537,,ABALROAMENTO LONGITUDINAL,COLISAO SEM VITIMAS,1,1,,,,,,,,0,,Longo da via,Bom,Sem defeito,Perfeito estado,Seca,Perfeito estado,Faixa de retenção,Não há placas,,Dupla,Faixa seccionada,,,,,,,,
2019-10-29,14:18:00,COM VÍTIMA,FINALIZADA,TORRE,AV BEIRA RIO,,RUA CONDE DE IRAJA,NO SEMÁFORO 630,AV BEIRA RIO,,NO SEMÁFORO 630,TORRE,630,SUBURBIO,COLISÃO COM CICLISTA,COLISÃO COM VÍTIMA,,1,,1,,,,,,1,,Cruzamento,Bom,Sem defeito,Perfeito estado,Seca,Perfeito estado,Faixa de pedestre,Placas Pare,,Única,Faixa contínua,Canteiro central,,,,,,,
2019-10-29,14:20:00,SEM VÍTIMA,FINALIZADA,BRASÍLIA TEIMOSA,RUA ARABAIANA,653,RUA GOLFINHO,,RUA ARABAIANA,653,,BRASÍLIA TEIMOSA,,CIDADE,ABALROAMENTO LONGITUDINAL,COLISAO ENTRE DOIS AUTOS S/V,2,,,,,,,,,0,,Cruzamento,Bom,Não existe,Perfeito estado,Seca,Perfeito estado,Não existe,Não há placas,,Única,Não existe,,,,,,,,
2019-10-29,14:42:00,SEM VÍTIMA,FINALIZADA,ILHA DO LEITE,RUA DR JOAO ASFORA,285,AV FREI MATIAS TEVES,AO LADO EDF. GRAHAM BELL,RUA DR JOAO ASFORA,285,AO LADO EDF. GRAHAM BELL,ILHA DO LEITE,122,CIDADE,ABALROAMENTO LONGITUDINAL,COLISAO ENTRE DOIS AUTOS S/V,2,,,,,,,,,0,,Cruzamento,Bom,Sem defeito,Perfeito estado,Seca,Perfeito estado,Faixa de pedestre,R-6a,,Única,Não existe,,,,,,,,
2019-10-29,14:49:00,SEM VÍTIMA,FINALIZADA,ESPINHEIRO,AV CONS ROSA E SILVA,,RUA JOSE CLEMENTINO,AO LADO DO Nº 1701,AV CONS ROSA E SILVA,,AO LADO DO Nº 1701,ESPINHEIRO,,SUBURBIO,ABALROAMENTO TRANSVERSAL,COLISAO ENTRE DOIS AUTOS S/V,2,,,,,,,,,0,,Cruzamento,Bom,Não existe,Perfeito estado,Seca,Perfeito estado,Não existe,,,Única,Faixa seccionada,,,,,,,,
2019-10-29,15:08:00,SEM VÍTIMA,FINALIZADA,ILHA DO LEITE,RUA PAISSANDU,678,,EM FRENTE AO Nº 678,RUA PAISSANDU,678,EM FRENTE AO Nº 678,ILHA DO LEITE,,SUBURBIO,COLISÃO TRASEIRA,COLISÃO SEM VÍTIMA,2,,,,,,,,,0,,Longo da via,Bom,Não existe,Perfeito estado,Seca,Perfeito estado,Não existe,,,Única,Faixa seccionada,,,,,,,,
2019-10-29,15:17:00,SEM VÍTIMA,FINALIZADA,BOA VISTA,AV JOAO DE BARROS,471,,CLUBE DOS OFICIAIS PM/CBM -PE,AV JOAO DE BARROS,471,CLUBE DOS OFICIAIS PM/CBM -PE,BOA VISTA,,CIDADE,CHOQUE OBJETO FIXO,COLISAO SEM VITIMAS,,,,,,,1,,,0,,Longo da via,Bom,Não existe,Perfeito estado,Seca,Perfeito estado,Não existe,R-6a,60 km/h,Única,Faixa seccionada,,,,,,,,
2019-10-29,15:46:00,SEM VÍTIMA,FINALIZADA,BOA VIAGEM,RUA PROFESSOR AUGUSTO LINS E SILVA,80,RUA JOAO EUGENIO DE LIMA,,RUA PROFESSOR AUGUSTO LINS E SILVA,80,,BOA VIAGEM,,SUBURBIO,ABALROAMENTO LONGITUDINAL,COLISAO ENTRE DOIS AUTOS S/V,2,,,,,,,,,0,,Cruzamento,Bom,Não existe,Incompleta,Seca,Perfeito estado,Não existe,Não há placas,,Dupla,Não existe,,,,,,,,
2019-10-29,17:16:00,SEM VÍTIMA,FINALIZADA,PINA,RUA MANOEL DE BRITO,150,,PRÓXIMO AO 19 BPM,RUA MANOEL DE BRITO,150,PRÓXIMO AO 19 BPM,PINA,,,ABALROAMENTO LONGITUDINAL,COLISAO SEM VITIMAS,,1,,,,1,,,,0,,Longo da via,Bom,Não existe,,,,,Não há placas,40 km/h,Única,Não existe,,,,,,,,
2019-10-29,17:21:00,SEM VÍTIMA,FINALIZADA,MACAXEIRA,AV NORTE,7787,,,AV NORTE,7787,,MACAXEIRA,,SUBURBIO,COLISÃO TRASEIRA,COLISAO ENTRE AUTO E MOTO S/V,1,1,,,,,,,,0,,Longo da via,Bom,Sem defeito,Perfeito estado,Seca,Perfeito estado,,,,Dupla,Canteiro central,,,,,,,,
2019-10-29,17:36:00,SEM VÍTIMA,FINALIZADA,MADALENA,AV BEIRA RIO,,RUA JOSE OSORIO,PONTE DA CAPUNGA,AV BEIRA RIO,,PONTE DA CAPUNGA,MADALENA,387,SUBURBIO,ABALROAMENTO LONGITUDINAL,COLISÃO SEM VÍTIMA/ UMAS DAS PARTE EVADIU SE DO LOCAL E JÁ TEM UM AGENTE DE PONTO FIXO NO LOCAL,1,,,,,,,,,0,,Cruzamento,Bom,Sem defeito,Perfeito estado,Seca,Perfeito estado,Faixa de pedestre,Não há placas,,Única,Faixa seccionada,,,,,,,,
2019-10-29,17:47:00,SEM VÍTIMA,FINALIZADA,CASA FORTE,AV DEZESSETE DE AGOSTO,500,RUA DR JOAO SANTOS FILHO,LADO OPOSTO AO Nº 500,AV DEZESSETE DE AGOSTO,500,LADO OPOSTO AO Nº 500,CASA FORTE,,CIDADE,ABALROAMENTO TRANSVERSAL,COLISÃO SEM VÍTIMA,1,1,,,,,,,,0,,,Bom,Não existe,Perfeito estado,Seca,Perfeito estado,Faixa de retenção,Placas Pare,,Dupla,Faixa contínua,,,,,,,,
2019-10-29,18:03:00,SEM VÍTIMA,FINALIZADA,BOA VISTA,RUA DO PRINCIPE,,RUA DO HOSPICIO,PRÓXIMO AO HOSPITAL GERAL DO EXÉRCITO,RUA DO PRINCIPE,,PRÓXIMO AO HOSPITAL GERAL DO EXÉRCITO,BOA VISTA,31,CIDADE,ABALROAMENTO LONGITUDINAL,ONIBUS X AUTO PASSEIO S/V,1,,,,,1,,,,0,,,Bom,Sem defeito,Incompleta,Seca,Perfeito estado,Faixa de pedestre,Não há placas,,Única,Canteiro central,,,,,,,,
2019-10-29,18:04:00,SEM VÍTIMA,FINALIZADA,BOA VISTA,RUA DOM BOSCO,9,,AO LADO EMLURB,RUA DOM BOSCO,9,AO LADO EMLURB,BOA VISTA,,SUBURBIO,COLISÃO TRASEIRA,,2,,,,,,,,,0,,Longo da via,Bom,Não existe,Perfeito estado,Seca,Perfeito estado,Agente,Outras,,Única,Faixa contínua,,,,,,,,
2019-10-29,18:16:00,SEM VÍTIMA,FINALIZADA,JARDIM SÃO PAULO,AV SAO PAULO,,,EM FRENTE AO GILSON CIDRIM,AV SAO PAULO,,EM FRENTE AO GILSON CIDRIM,JARDIM SÃO PAULO,,,ABALROAMENTO TRANSVERSAL,SPIN X COBALT,2,,,,,,,,,0,,Longo da via,Bom,Não existe,Incompleta,Seca,Perfeito estado,Não existe,,30 km/h,Dupla,Não existe,,,,,,,,
2019-10-29,18:21:00,SEM VÍTIMA,CANCELADA,ÁGUA FRIA,RUA ZEFERINO AGRA,430,,AO LADO DE IGREJA ADVENTISTA E A IGREJA SANTO ANTONIO,RUA ZEFERINO AGRA,430,AO LADO DE IGREJA ADVENTISTA E A IGREJA SANTO ANTONIO,ÁGUA FRIA,,,COLISÃO,ENTRE DOIS AUTOS S/V,2,,,,,,,,,0,,,,,,,,,,,,,,,,,,,,
2019-10-29,18:23:00,SEM VÍTIMA,FINALIZADA,MADALENA,AV BEIRA RIO,,RUA JOSE OSORIO,PONTE DA CAPUNGA,AV BEIRA RIO,,PONTE DA CAPUNGA,MADALENA,,SUBURBIO,ABALROAMENTO LONGITUDINAL,CAMINHAO X FIAT,1,,,,,,1,,,0,,Cruzamento,Bom,Sem defeito,Perfeito estado,Seca,Perfeito estado,Agente,Não há placas,,Única,Faixa seccionada,,,,,,,,
2019-10-29,18:30:00,SEM VÍTIMA,FINALIZADA,BOA VIAGEM,RUA JOAO CARDOSO AIRES,647,RUA ALMIRANTE BATISTA LEAO,HAPVIDA,RUA JOAO CARDOSO AIRES,647,HAPVIDA,BOA VIAGEM,,SUBURBIO,ABALROAMENTO LONGITUDINAL,ENTRE DOIS AUTOS S/V,2,,,,,,,,,0,,Cruzamento,Bom,Não existe,Perfeito estado,Seca,Perfeito estado,Faixa de retenção,Não há placas,,Dupla,Faixa seccionada,,,,,,,,
2019-10-29,18:35:00,COM VÍTIMA,FINALIZADA,CASA AMARELA,EST DO ARRAIAL,4638,,ENF AO RESTAURANTE ENCANTO NORDESTINO,EST DO ARRAIAL,4638,ENF AO RESTAURANTE ENCANTO NORDESTINO,CASA AMARELA,,SUBURBIO,ABALROAMENTO LONGITUDINAL,ONIX X XRE 300,1,1,,,,,,,,1,,Longo da via,Bom,Não existe,Perfeito estado,Seca,Perfeito estado,Não existe,Outras,,Única,Faixa seccionada,,,,,,,,
2019-10-29,18:53:00,SEM VÍTIMA,FINALIZADA,ESTÂNCIA,RUA MORAIS E SILVA,,AV ESTANCIA,,RUA MORAIS E SILVA,,,ESTÂNCIA,,SUBURBIO,ABALROAMENTO TRANSVERSAL,ENTRE DOIS AUTOS S/V,2,,,,,,,,,0,,Cruzamento,Bom,Não existe,Não existente,Seca,Perfeito estado,Não existe,Não há placas,,Única,Não existe,,,,,,,,
2019-10-29,19:33:00,SEM VÍTIMA,FINALIZADA,ESPINHEIRO,RUA DO ESPINHEIRO,,RUA SANTO ELIAS,,RUA DO ESPINHEIRO,,,ESPINHEIRO,,CIDADE,ABALROAMENTO LONGITUDINAL,CELTA X FORD KA,2,,,,,,,,,0,,Cruzamento,Bom,Não existe,Perfeito estado,Seca,Perfeito estado,Faixa de pedestre,R-6a,,Única,Faixa seccionada,,,,,,,,
2019-10-29,19:41:00,COM VÍTIMA,CANCELADA,BARRO,AV DR JOSE RUFINO,2319,,ENF A PANIFICADORA TONY ALBUQUERQUE,AV DR JOSE RUFINO,2319,ENF A PANIFICADORA TONY ALBUQUERQUE,BARRO,,,COLISÃO,MOTO X HOND FIT,,,,,,,,,,1,,,,,,,,,,,,,,,,,,,,
2019-10-29,20:11:00,SEM VÍTIMA,FINALIZADA,CORDEIRO,AV MARIO ALVARES PEREIRA DE LYRA,,RUA AMBROSIO MACHADO,,AV MARIO ALVARES PEREIRA DE LYRA,,,CORDEIRO,134,SUBURBIO,COLISÃO FRONTAL,DOIS AUTOS,2,,,,,,,,,0,,Longo da via,Bom,Sem defeito,Perfeito estado,Seca,Perfeito estado,,Não há placas,,Única,Não existe,,,,,,,,
2019-10-29,20:17:00,COM VÍTIMA,FINALIZADA,SÃO JOSÉ,AV SUL,,,AO LADO DAS CINCO PONTAS,AV SUL,,AO LADO DAS CINCO PONTAS,SÃO JOSÉ,,CIDADE,CHOQUE OBJETO FIXO,ONIBUS DA VERA CRUZ COLIDIU COM TRES POSTES,,,,,,1,,,,1,,Longo da via,Bom,Não existe,Perfeito estado,Seca,Perfeito estado,Não existe,R-6a,60 km/h,Dupla,Canteiro central,,,,,,,,
2019-10-29,21:30:00,SEM VÍTIMA,FINALIZADA,IMBIRIBEIRA,VIADUTO TANCREDO NEVES,,,AV SUL GOV. CID SAMPAIO,VIADUTO TANCREDO NEVES,,AV SUL GOV. CID SAMPAIO,IMBIRIBEIRA,,SUBURBIO,COLISÃO FRONTAL,DOIS AUTOS,2,,,,,,,,,0,,Viaduto,Bom,Não existe,Não existente,Seca,Perfeito estado,Não existe,Não há placas,,Única,Não existe,,,,,,,,
2019-10-29,21:50:00,SEM VÍTIMA,FINALIZADA,VÁRZEA,AV CAXANGA,,,,AV CAXANGA,,,VÁRZEA,,SUBURBIO,COLISÃO TRASEIRA,TRES AUTOS S/V,3,,,,,,,,,0,,Longo da via,Bom,,,,,Não existe,R-6a,,Dupla,Canteiro central,,,,,,,,