data,hora,natureza_acidente,situacao,bairro,endereco,numero,detalhe_endereco_acidente,complemento,endereco_cruzamento,numero_cruzamento,referencia_cruzamento,bairro_cruzamento,num_semaforo,sentido_via,tipo,descricao,auto,moto,ciclom,ciclista,pedestre,onibus,caminhao,viatura,outros,vitimas,vitimasfatais,acidente_verificado,tempo_clima,situacao_semaforo,sinalizacao,condicao_via,conservacao_via,ponto_controle,situacao_placa,velocidade_max_via,mao_direcao,divisao_via1,divisao_via2,divisao_via3,,,,,,
2019-10-29,23:07:00,SEM VÍTIMA,FINALIZADA,GRAÇAS,AV GOVERNADOR AGAMENON MAGALHAES,,RUA DR BANDEIRA FILHO,MAC DONALDS,AV GOVERNADOR AGAMENON MAGALHAES,,MAC DONALDS,GRAÇAS,173,SUBURBIO,ABALROAMENTO TRANSVERSAL,AMBULANCIA X AUTO PASSEIO S/V,1,,,,,,1,,,0,,Cruzamento,Bom,Sem defeito,Perfeito estado,Seca,Perfeito estado,Faixa de pedestre,Não há placas,,Dupla,Canal,,,,,,,,
2019-10-30,07:33:00,SEM VÍTIMA,CANCELADA,AREIAS,AV RECIFE,S/N,,LADO OPOSTO AO CONJ. IGNEZ ANDREAZZA,AV RECIFE,S/N,LADO OPOSTO AO CONJ. IGNEZ ANDREAZZA,AREIAS,,,COLISÃO,COLISÃO S/VITIMAS ENTRE UMA MOTO E UM CAMINHÃO,1,,,,,,1,,,0,,,,,,,,,,,,,,,,,,,,
2019-10-30,07:33:00,COM VÍTIMA,FINALIZADA,MADALENA,AV JOSE GONCALVES DE MEDEIROS,118,RUA SENADOR FABIO DE BARROS,EM FRENTE AO EXTRA SUPERMERCADOS,AV JOSE GONCALVES DE MEDEIROS,118,EM FRENTE AO EXTRA SUPERMERCADOS,MADALENA,,SUBURBIO,ABALROAMENTO LONGITUDINAL,COM UMA VITIMA ,SAMU NO LOCAL,1,1,,,,,,,,1,,Longo da via,Bom,Não existe,Ilegível,Seca,Mal conservada,Não existe,R-6a,,Dupla,Faixa contínua,,,,,,,
2019-10-30,07:38:00,SEM VÍTIMA,CANCELADA,DERBY,AV GOVERNADOR AGAMENON MAGALHAES,,,EM FRENTE AO HOSPITAL DA RESTAURAÇÃO,AV GOVERNADOR AGAMENON MAGALHAES,,EM FRENTE AO HOSPITAL DA RESTAURAÇÃO,DERBY,,BOA VIAGEM,COLISÃO,COLISÃO SEM VITIMAS,1,,,,,1,,,,0,,,,,,,,,,,,,,,,,,,,
2019-10-30,07:51:00,SEM VÍTIMA,FINALIZADA,SANCHO,AV LIBERDADE,276,,LADO OPOSTO A HBC RAÇÕES,AV LIBERDADE,276,LADO OPOSTO A HBC RAÇÕES,SANCHO,,SUBURBIO,COLISÃO TRASEIRA,COLISÃO SEM VITIMAS,2,,,,,,,,,0,,Longo da via,Bom,Não existe,Perfeito estado,Seca,Perfeito estado,Não existe,R-6a,,Dupla,Faixa contínua,,,,,,,,
2019-10-30,07:52:00,SEM VÍTIMA,FINALIZADA,SANTO AMARO,AV NORTE,710,RUA TREZE DE MAIO,SEMÁFORO 036,AV NORTE,710,SEMÁFORO 036,SANTO AMARO,36,CIDADE,COLISÃO TRASEIRA,MOTO E AUTO PONTO FIXO GM NO LOCAL,1,1,,,,,,,,0,,Cruzamento,Bom,Sem defeito,Perfeito estado,Seca,Perfeito estado,Agente,,60 km/h,Única,Faixa seccionada,Canteiro central,,,,,,,
2019-10-30,08:00:00,SEM VÍTIMA,FINALIZADA,CASA AMARELA,RUA GUEDES PEREIRA,114,,,RUA GUEDES PEREIRA,114,,CASA AMARELA,,CIDADE,ABALROAMENTO TRANSVERSAL,SEM VITIMAS,2,,,,,,,,,0,,Longo da via,Bom,Não existe,Perfeito estado,Seca,Perfeito estado,Não existe,Outras,,Única,Não existe,,,,,,,,
2019-10-30,08:08:00,SEM VÍTIMA,FINALIZADA,SAN MARTIN,AV CONSUL VILARES FRAGOSO,,AV GENERAL SAN MARTIN,,AV CONSUL VILARES FRAGOSO,,,SAN MARTIN,326,CIDADE,COLISÃO TRASEIRA,COLISÃO S/ VITIMAS ENTRE DOIS AUTOS,2,,,,,,,,,0,,Cruzamento,Bom,Sem defeito,Perfeito estado,Seca,Perfeito estado,Faixa de pedestre,R-6a,,Dupla,Faixa seccionada,,,,,,,,
2019-10-30,08:12:00,SEM VÍTIMA,FINALIZADA,PRADO,AV ENGENHEIRO ABDIAS DE CARVALHO,,RUA CARLOS GOMES,EM FRENTE A FAMARCIA PAGUE MENOS, SENT. AFOGADOS,AV ENGENHEIRO ABDIAS DE CARVALHO,,EM FRENTE A FAMARCIA PAGUE MENOS, SENT. AFOGADOS,PRADO,57,CIDADE,COLISÃO COM CICLISTA,AUTO E CICLISTA,,1,,1,,,,,,0,,Longo da via,Bom,Sem defeito,Perfeito estado,Seca,Perfeito estado,Faixa de pedestre,Outras,,Dupla,Faixa contínua,Faixa seccionada,Canteiro central,,,,
2019-10-30,08:13:00,SEM VÍTIMA,FINALIZADA,AFOGADOS,RUA VISCONDE DE PELOTAS,,RUA VINTE E UM DE ABRIL,,RUA VISCONDE DE PELOTAS,,,AFOGADOS,334,SUBURBIO,ABALROAMENTO LONGITUDINAL,SEM VITIMAS,1,,,,,,1,,,0,,Cruzamento,Bom,Sem defeito,Perfeito estado,Seca,Perfeito estado,,Outras,,Única,Faixa seccionada,,,,,,,,
2019-10-30,08:29:00,SEM VÍTIMA,CANCELADA,SÃO JOSÉ,AV SUL,1576,,LADO OPOSTO A IGREJA BATISTA DA IMPERIAL,AV SUL,1576,LADO OPOSTO A IGREJA BATISTA DA IMPERIAL,SÃO JOSÉ,,,COLISÃO,COLISÃO S/VITIMA ENTRE UMA MOTO E UM AUTO,1,1,,,,,,,,0,,,,,,,,,,,,,,,,,,,,
2019-10-30,08:32:00,SEM VÍTIMA,FINALIZADA,DERBY,RUA DA BAIXA VERDE,,RUA JENER DE SOUZA,AO LADO DA PRAÇA JENNER DE SOUZA,RUA DA BAIXA VERDE,,AO LADO DA PRAÇA JENNER DE SOUZA,DERBY,,CIDADE,COLISÃO TRASEIRA,DOIS AUTOS,2,,,,,,,,,0,,Cruzamento,Bom,Não existe,Perfeito estado,Seca,Perfeito estado,Faixa de pedestre,,,Dupla,Faixa contínua,,,,,,,,
2019-10-30,08:42:00,SEM VÍTIMA,FINALIZADA,ESPINHEIRO,AV CONS ROSA E SILVA,,,,AV CONS ROSA E SILVA,,,ESPINHEIRO,46,SUBURBIO,COLISÃO TRASEIRA,COLISÃO SEM VITIMAS,3,,,,,,,,,0,,Longo da via,Bom,Sem defeito,Perfeito estado,Seca,Perfeito estado,Faixa de pedestre,,,Única,Faixa seccionada,,,,,,,,
2019-10-30,08:43:00,COM VÍTIMA,FINALIZADA,DERBY,AV GOVERNADOR AGAMENON MAGALHAES,75,AV GOVERNADOR CARLOS DE LIMA CAVALCANTI,EM FRENTE A MAC DONALDS,AV GOVERNADOR AGAMENON MAGALHAES,75,EM FRENTE A MAC DONALDS,DERBY,,CIDADE,ATROPELAMENTO,ATROPELAMENTO COM DUAS VITIMAS ,CONDUTOR E PEDESTRE/GM NO LOCAL,,1,,,1,,,,,1,,Cruzamento,Bom,Sem defeito,Perfeito estado,Seca,Perfeito estado,Agente,Placas Dê a preferência,60 km/h,Dupla,Canteiro central,,,,,,,
2019-10-30,08:54:00,SEM VÍTIMA,FINALIZADA,IPSEP,AV RECIFE,,,EM FRENTE AO RESTAURANTE SAL E BRASA,AV RECIFE,,EM FRENTE AO RESTAURANTE SAL E BRASA,IPSEP,,SUBURBIO,ABALROAMENTO LONGITUDINAL,ONIBUS E AUTO,1,,,,,1,,,,0,,Longo da via,Bom,Não existe,Perfeito estado,Seca,Perfeito estado,Não existe,Placas Pare,,Dupla,Canteiro central,,,,,,,,
2019-10-30,09:06:00,SEM VÍTIMA,FINALIZADA,PINA,AV ANTONIO DE GOES,,,EM FRENTE A POLÍCIA RODOVIÁRIA FEDERAL - PRF,AV ANTONIO DE GOES,,EM FRENTE A POLÍCIA RODOVIÁRIA FEDERAL - PRF,PINA,,CIDADE,COLISÃO TRASEIRA,SEM VITIMAS/CTTU NO LOCAL /SUB NATALICIO/,2,,,,,,,,,0,,Longo da via,Bom,Não existe,Perfeito estado,Seca,Perfeito estado,Não existe,Não há placas,60 km/h,Única,Faixa seccionada,Canteiro central,,,,,,,
2019-10-30,09:49:00,SEM VÍTIMA,FINALIZADA,ILHA DO RETIRO,AV BEIRA RIO,360,,,AV BEIRA RIO,360,,ILHA DO RETIRO,,SUBURBIO,COLISÃO TRASEIRA,DOIS AUTOS,2,,,,,,,,,0,,Longo da via,Bom,Não existe,Perfeito estado,Seca,Perfeito estado,Não existe,R-6a,,Dupla,Faixa seccionada,,,,,,,,
2019-10-30,09:59:00,SEM VÍTIMA,FINALIZADA,IMBIRIBEIRA,AV MARECHAL MASCARENHAS DE MORAES,,,EM FRENTE A FROR ARTE,AV MARECHAL MASCARENHAS DE MORAES,,EM FRENTE A FROR ARTE,IMBIRIBEIRA,316,CIDADE,COLISÃO TRASEIRA,COLISÃO S/VITIMAS ENTRE DOIS AUTOS,2,,,,,,,,,0,,Longo da via,Bom,Sem defeito,Perfeito estado,Seca,Perfeito estado,Faixa de pedestre,Outras,,Dupla,Canteiro central,,,,,,,,
2019-10-30,10:43:00,SEM VÍTIMA,CANCELADA,MADALENA,AV JOSE GONCALVES DE MEDEIROS,,EST DOS REMEDIOS,PROX. A POLICLINICA LESSA DE ANDRADE,AV JOSE GONCALVES DE MEDEIROS,,PROX. A POLICLINICA LESSA DE ANDRADE,MADALENA,,,COLISÃO,DOIS AUTOS,2,,,,,,,,,0,,,,,,,,,,,,,,,,,,,,
2019-10-30,11:25:00,SEM VÍTIMA,FINALIZADA,BOA VISTA,RUA DO RIACHUELO,105,,EM FRENTE AO EDIFÍCIO CÍRCULO CATÓLICO,RUA DO RIACHUELO,105,EM FRENTE AO EDIFÍCIO CÍRCULO CATÓLICO,BOA VISTA,,CIDADE,ABALROAMENTO LONGITUDINAL,SEM VITMAS,1,1,,,,,,,,0,,Longo da via,Bom,Não existe,Incompleta,Seca,Perfeito estado,Não existe,Não há placas,,Dupla,Canteiro central,,,,,,,,
2019-10-30,11:30:00,SEM VÍTIMA,FINALIZADA,IMBIRIBEIRA,AV MARECHAL MASCARENHAS DE MORAES,,,EM FRENTE AO EDF. GARAGEM DO AEROPORTO INTERNACIONAL DO RECIFE,AV MARECHAL MASCARENHAS DE MORAES,,EM FRENTE AO EDF. GARAGEM DO AEROPORTO INTERNACIONAL DO RECIFE,IMBIRIBEIRA,,CIDADE,COLISÃO TRASEIRA,COLISÃO S/VITIMAS ENTRE DOIS AUTOS,2,,,,,,,,,0,,Cruzamento,Bom,Não existe,Perfeito estado,Seca,Perfeito estado,Não existe,,,Única,Não existe,,,,,,,,
2019-10-30,11:34:00,SEM VÍTIMA,FINALIZADA,CORDEIRO,AV ENGENHEIRO ABDIAS DE CARVALHO,,RUA QUINZE DE MARCO,SEMÁFORO 422,AV ENGENHEIRO ABDIAS DE CARVALHO,,SEMÁFORO 422,CORDEIRO,422,CIDADE,ABALROAMENTO LONGITUDINAL,DOIS AUTOS PONTO FIXO GM NO LOCAL,2,,,,,,,,,0,,Cruzamento,Bom,Sem defeito,Perfeito estado,Seca,Perfeito estado,Agente,Não há placas,,Única,Não existe,,,,,,,,
2019-10-30,11:35:00,SEM VÍTIMA,FINALIZADA,BOA VIAGEM,RUA ERNESTO DE PAULA SANTOS,1368,,EM FRENTE A FACULDADE MAURICIO DE NASSAU,RUA ERNESTO DE PAULA SANTOS,1368,EM FRENTE A FACULDADE MAURICIO DE NASSAU,BOA VIAGEM,,SUBURBIO,COLISÃO TRASEIRA,COLISÃO SEM VITIMAS,3,,,,,,,,,0,,Longo da via,Bom,Não existe,Perfeito estado,Seca,Perfeito estado,Não existe,Não há placas,,Única,Faixa seccionada,,,,,,,,
2019-10-30,12:27:00,SEM VÍTIMA,FINALIZADA,ROSARINHO,AV NORTE,3287,,POSTO DE COMBUSTÍVEL IPIRANGA,AV NORTE,3287,POSTO DE COMBUSTÍVEL IPIRANGA,ROSARINHO,,CIDADE,COLISÃO TRASEIRA,COLISÃO SEM VÍTIMA,3,,,,,,,,,0,,Longo da via,Bom,Não existe,Perfeito estado,Seca,Perfeito estado,Faixa de pedestre,Outras,,Dupla,Canteiro central,,,,,,,,
2019-10-30,12:46:00,SEM VÍTIMA,CANCELADA,TORRE,RUA JOSE BONIFACIO,,,NA ESQUINA DA DROGASIL E POSTO IPIRANGA,RUA JOSE BONIFACIO,,NA ESQUINA DA DROGASIL E POSTO IPIRANGA,TORRE,,,COLISÃO,COLISAO SEM VITIMAS,1,,,,,1,,,,0,,,,,,,,,,,,,,,,,,,,
2019-10-30,13:39:00,SEM VÍTIMA,FINALIZADA,CASA AMARELA,AV NORTE,4390,AV PROFESSOR JOSE DOS ANJOS,POSTO BR,AV NORTE,4390,POSTO BR,CASA AMARELA,364,SUBURBIO,COLISÃO TRASEIRA,COLISAO ENTRE DOIS AUTOS S/V,2,,,,,,,,,0,,,Bom,Sem defeito,Perfeito estado,Seca,Perfeito estado,Faixa de pedestre,Outras,,Dupla,Canteiro central,,,,,,,,
2019-10-30,13:57:00,SEM VÍTIMA,FINALIZADA,DERBY,AV GOVERNADOR AGAMENON MAGALHAES,,,EMERGÊNCIA CLÍNICA DO HR,AV GOVERNADOR AGAMENON MAGALHAES,,EMERGÊNCIA CLÍNICA DO HR,DERBY,,,ABALROAMENTO LONGITUDINAL,COLISAO ENTRE ONIBUS E AUTOS S/V,1,,,,,1,,,,0,,Longo da via,Bom,Não existe,Perfeito estado,Seca,Perfeito estado,Não existe,R-6c,,Única,Faixa seccionada,Canteiro central,,,,,,,
2019-10-30,14:14:00,SEM VÍTIMA,FINALIZADA,ILHA DO LEITE,RUA JOSE DE ALENCAR,916,RUA MINAS GERAIS,,RUA JOSE DE ALENCAR,916,,ILHA DO LEITE,,CIDADE,ABALROAMENTO LONGITUDINAL,COLISAO ENTRE DOIS AUTOS S/V,2,,,,,,,,,0,,Cruzamento,Bom,Não existe,Perfeito estado,Seca,Perfeito estado,Não existe,Placas Pare,,Única,Não existe,,,,,,,,
2019-10-30,14:45:00,SEM VÍTIMA,FINALIZADA,ILHA DO LEITE,RUA ESTADO DE ISRAEL,,,,RUA ESTADO DE ISRAEL,,,ILHA DO LEITE,,SUBURBIO,ABALROAMENTO LONGITUDINAL,COLISAO SEM VITIMAS,2,,,,,,,,,0,,Longo da via,Bom,Não existe,Perfeito estado,Seca,Perfeito estado,Não existe,Não há placas,,Única,Faixa seccionada,,,,,,,,
2019-10-30,15:26:00,SEM VÍTIMA,FINALIZADA,ENCRUZILHADA,AV NORTE,,AV JOAO DE BARROS,REFERÊNCIA SEMÁFORO 056,AV NORTE,,REFERÊNCIA SEMÁFORO 056,ENCRUZILHADA,56,SUBURBIO,ABALROAMENTO TRANSVERSAL,COLISÃO SEM VÍTIMA,,1,,,,,1,,,0,,Cruzamento,Bom,Sem defeito,Perfeito estado,Seca,Perfeito estado,Outros,Outras,,Dupla,Canteiro central,,,,,,,,
2019-10-30,15:34:00,SEM VÍTIMA,FINALIZADA,CORDEIRO,AV INACIO MONTEIRO,538,,EM FRENTE AO Nº 538,AV INACIO MONTEIRO,538,EM FRENTE AO Nº 538,CORDEIRO,,SUBURBIO,ABALROAMENTO TRANSVERSAL,COLISAO ENTRE AUTO E MOTO S/V,1,1,,,,,,,,0,,Longo da via,Bom,Não existe,Perfeito estado,Seca,Perfeito estado,,R-19,30 km/h,Dupla,Faixa contínua,,,,,,,,
2019-10-30,15:44:00,SEM VÍTIMA,DUPLICIDADE,ENCRUZILHADA,AV NORTE,,,APOS O SEMAMFORO 043 PROX A HYUNDAI S/T SUB,AV NORTE,,APOS O SEMAMFORO 043 PROX A HYUNDAI S/T SUB,ENCRUZILHADA,,,COLISÃO,COLISAO ENTRE CAMINHAO E AUTO S/V,,1,,,,,1,,,0,,,,,,,,,,,,,,,,,,,,
2019-10-30,17:00:00,SEM VÍTIMA,FINALIZADA,MADALENA,RUA PESSOA DE MELO,,RUA DOM JOAO DE SOUZA,,RUA PESSOA DE MELO,,,MADALENA,,,ABALROAMENTO TRANSVERSAL,COLISÃO SEM VÍTIMA,2,,,,,,,,,0,,Cruzamento,Bom,Não existe,Perfeito estado,Seca,Perfeito estado,Não existe,Placas Pare,,Dupla,Não existe,,,,,,,,
2019-10-30,17:35:00,COM VÍTIMA,FINALIZADA,ARRUDA,AV PROFESSOR JOSE DOS ANJOS,,AV BEBERIBE,AO LADO DO BOMPREÇO DO ARRUDA VT 29,AV PROFESSOR JOSE DOS ANJOS,,AO LADO DO BOMPREÇO DO ARRUDA VT 29,ARRUDA,131,SUBURBIO,COLISÃO TRASEIRA,COLISAO ENTRE TRES AUTOS S/V,3,,,,,,,,,1,,Longo da via,Bom,Sem defeito,Perfeito estado,Seca,Perfeito estado,,Não há placas,,Dupla,Faixa contínua,,,,,,,,
2019-10-30,18:10:00,SEM VÍTIMA,FINALIZADA,BOA VISTA,RUA PRINCESA IZABEL,,,EM FRENTE A FACULDADE DE DIREITO,RUA PRINCESA IZABEL,,EM FRENTE A FACULDADE DE DIREITO,BOA VISTA,,CIDADE,ABALROAMENTO LONGITUDINAL,ENTRE 2 AUTOS. S/V,2,,,,,,,,,0,,Longo da via,Bom,Sem defeito,Perfeito estado,Seca,Perfeito estado,Faixa de pedestre,R-6a,,Única,Faixa seccionada,,,,,,,,
2019-10-30,18:16:00,SEM VÍTIMA,FINALIZADA,BOA VIAGEM,RUA VISCONDE DE JEQUITINHONHA,371,,AO RESTAURANTE KIMSAN,RUA VISCONDE DE JEQUITINHONHA,371,AO RESTAURANTE KIMSAN,BOA VIAGEM,,SUBURBIO,ABALROAMENTO LONGITUDINAL,HB 20 X GOL,2,,,,,,,,,0,,Longo da via,Bom,Não existe,Perfeito estado,Seca,Perfeito estado,Não existe,Não há placas,60 km/h,Única,Faixa seccionada,,,,,,,,
2019-10-30,18:18:00,SEM VÍTIMA,FINALIZADA,VÁRZEA,AV AFONSO OLINDENSE,,,EM FRENTE AO Nº 188,AV AFONSO OLINDENSE,,EM FRENTE AO Nº 188,VÁRZEA,638,SUBURBIO,ABALROAMENTO LONGITUDINAL,ENTRE 2 AUTOS. S/V,2,,,,,,,,,0,,Longo da via,Bom,,,Seca,Perfeito estado,Faixa de pedestre,R-6a,,Dupla,Faixa contínua,Faixa seccionada,,,,,,,
2019-10-30,18:23:00,SEM VÍTIMA,FINALIZADA,BOA VIAGEM,RUA FAUSTINO PORTO,275,,,RUA FAUSTINO PORTO,275,,BOA VIAGEM,,,CHOQUE VEÍCULO PARADO,ENTRE AUTO E MOTO. S/V,1,1,,,,,,,,0,,Longo da via,Bom,Não existe,Perfeito estado,Seca,Perfeito estado,Não existe,Outras,,Única,Não existe,,,,,,,,
2019-10-30,18:29:00,SEM VÍTIMA,FINALIZADA,IMBIRIBEIRA,RUA BARAO DE SOUZA LEAO,1672,,COLÉGIO MARIA TEREZA,RUA BARAO DE SOUZA LEAO,1672,COLÉGIO MARIA TEREZA,IMBIRIBEIRA,,CIDADE,COLISÃO TRASEIRA,ENTRE 3 AUTOS.S/V,2,,,,,,,,,0,,Longo da via,Bom,Não existe,Perfeito estado,Seca,Perfeito estado,Não existe,Não há placas,,Única,Faixa seccionada,,,,,,,,
2019-10-30,19:34:00,COM VÍTIMA,FINALIZADA,AFOGADOS,AV SUL,S/N,RUA ANTONIO MACARIO,POR TRAS DA CAIXA ECONOMICA FEDERAL EM UM POSTO DE GASOLINA DESATIVADO,AV SUL,S/N,POR TRAS DA CAIXA ECONOMICA FEDERAL EM UM POSTO DE GASOLINA DESATIVADO,AFOGADOS,,CIDADE,ABALROAMENTO LONGITUDINAL,HB 20 PRATA X MOTO BMW,1,1,,,,,,,,1,,Longo da via,Bom,Não existe,Perfeito estado,Seca,Perfeito estado,Outros,Outras,,Única,Faixa seccionada,,,,,,,,
2019-10-30,20:24:00,SEM VÍTIMA,FINALIZADA,CASA FORTE,RUA DONA ANUNCIADA DE MORAIS,78,,,RUA DONA ANUNCIADA DE MORAIS,78,,CASA FORTE,,SUBURBIO,CHOQUE VEÍCULO PARADO,ENTRE 2 AUTOS. S/V,2,,,,,,,,,0,,Longo da via,Bom,Não existe,,Seca,Perfeito estado,Não existe,,,Única,Não existe,,,,,,,,
2019-10-30,20:33:00,SEM VÍTIMA,FINALIZADA,CAXANGÁ,AV JOAQUIM RIBEIRO,,,,AV JOAQUIM RIBEIRO,,,CAXANGÁ,281,SUBURBIO,ABALROAMENTO LONGITUDINAL,ENTRE 2 AUTOS. S/V,2,,,,,,,,,0,,Longo da via,Bom,Sem defeito,Perfeito estado,Seca,Perfeito estado,Faixa de pedestre,Outras,,Dupla,Canteiro central,,,,,,,,
2019-10-30,20:41:00,SEM VÍTIMA,FINALIZADA,SANTO AMARO,AV GOVERNADOR AGAMENON MAGALHAES,,,SEMÁFORO Nº 108,AV GOVERNADOR AGAMENON MAGALHAES,,SEMÁFORO Nº 108,SANTO AMARO,108,SUBURBIO,ABALROAMENTO LONGITUDINAL,ONIX X SANDERO,2,,,,,,,,,0,,Longo da via,Bom,Sem defeito,Perfeito estado,Seca,Perfeito estado,Faixa de pedestre,,60 km/h,Dupla,Canal,,,,,,,,
2019-10-30,20:54:00,SEM VÍTIMA,FINALIZADA,CASA AMARELA,AV NORTE,14,,EM FRENTE A FUNERÁRIA,AV NORTE,14,EM FRENTE A FUNERÁRIA,CASA AMARELA,,CIDADE,COLISÃO TRASEIRA,ENTRE 2 AUTOS. S/V,2,,,,,,,,,0,,Longo da via,Bom,Não existe,Perfeito estado,Seca,Perfeito estado,Não existe,Não há placas,,Única,Faixa seccionada,,,,,,,,
2019-10-30,21:32:00,SEM VÍTIMA,CANCELADA,CASA AMARELA,AV NORTE,,RUA VASCO DA GAMA,DE ESQUINA COM POSTO DE GASOLINA QUE ESTA DESATIVADO,AV NORTE,,DE ESQUINA COM POSTO DE GASOLINA QUE ESTA DESATIVADO,CASA AMARELA,,SUBURBIO,COLISÃO,ONIBUS PEDROSA X CAMINHAO BAU,,,,,,1,1,,,0,,,,,,,,,,,,,,,,,,,,
2019-10-30,21:46:00,SEM VÍTIMA,CANCELADA,ENCRUZILHADA,AV ENGENHEIRO JOSE ESTELITA,2548,,E/F À LOJA DE MÓVEIS JACAUNA,,2548,E/F À LOJA DE MÓVEIS JACAUNA,ENCRUZILHADA,,SUBURBIO,COLISÃO,ENTRE 2 AUTOS. S/V,2,,,,,,,,,0,,,,,,,,,,,,,,,,,,,,
2019-10-31,06:56:00,COM VÍTIMA,FINALIZADA,BOA VISTA,PRC CHORA MENINO,89,,E/F A PADARIA TRIUNFO,PRC CHORA MENINO,89,E/F A PADARIA TRIUNFO,BOA VISTA,,SUBURBIO,ABALROAMENTO LONGITUDINAL,COLISÃO C/VITIMA ENTRE UMA MOTO E DOIS CARROS,2,1,,,,,,,,1,,Longo da via,Bom,Sem defeito,Não existente,Seca,Perfeito estado,Não existe,Não há placas,,,,,,,,,,,
2019-10-31,06:57:00,COM VÍTIMA,FINALIZADA,IPUTINGA,RUA LEAL DE BARROS,404,RUA PEREIRA COUTINHO FILHO,EM FRENTE A PADARIA NOSSA MASSA,RUA LEAL DE BARROS,404,EM FRENTE A PADARIA NOSSA MASSA,IPUTINGA,,,ABALROAMENTO TRANSVERSAL,AUTO E MOTO,1,1,,,,,,,,1,,Cruzamento,Bom,Não existe,Não existente,Seca,Perfeito estado,Não existe,Não há placas,,Dupla,Não existe,,,,,,,,
2019-10-31,07:03:00,SEM VÍTIMA,FINALIZADA,ESTÂNCIA,AV RECIFE,5520,,PRÓXIMO A PONTE SANTA LUZIA,AV RECIFE,5520,PRÓXIMO A PONTE SANTA LUZIA,ESTÂNCIA,,SUBURBIO,ABALROAMENTO LONGITUDINAL,COLISÃO SEM VITIMAS,1,,,,,,1,,,0,,Longo da via,Bom,Não existe,Não existente,Seca,Perfeito estado,Não existe,,60 km/h,Dupla,Canteiro central,,,,,,,,
2019-10-31,07:23:00,COM VÍTIMA,DUPLICIDADE,ILHA DO LEITE,AV LINS PETIT,,,EM FRENTE A PADARIA TRIUNFO,AV LINS PETIT,,EM FRENTE A PADARIA TRIUNFO,ILHA DO LEITE,,,COLISÃO,COLISÃO COM VITIMA SOCORRIDO PELO SAMU,2,1,,,,,,,,1,,,,,,,,,,,,,,,,,,,,
2019-10-31,07:48:00,SEM VÍTIMA,FINALIZADA,BOA VIAGEM,AV DES JOSE NEVES,85,,,AV DES JOSE NEVES,85,,BOA VIAGEM,,CIDADE,COLISÃO TRASEIRA,TRES AUTOS,3,,,,,,,,,0,,Longo da via,Bom,Sem defeito,Perfeito estado,Seca,Perfeito estado,Não existe,Não há placas,,Única,,,,,,,,,
2019-10-31,07:51:00,SEM VÍTIMA,FINALIZADA,AREIAS,AV RECIFE,3777,,EM FRENTE AO BIG BOMPREÇO,AV RECIFE,3777,EM FRENTE AO BIG BOMPREÇO,AREIAS,599,SUBURBIO,ABALROAMENTO LONGITUDINAL,VT PM E AUTO PASSEIO,2,,,,,,,,,0,,Longo da via,Bom,Sem defeito,Perfeito estado,Seca,Perfeito estado,Faixa de pedestre,Não há placas,60 km/h,Dupla,Canteiro central,,,,,,,,
2019-10-31,07:59:00,SEM VÍTIMA,FINALIZADA,BOA VIAGEM,RUA TENENTE DOMINGOS DE BRITO,960,RUA ERNESTO DE PAULA SANTOS,EMPRESARIAL BOA VIAGEM,RUA TENENTE DOMINGOS DE BRITO,960,EMPRESARIAL BOA VIAGEM,BOA VIAGEM,330,SUBURBIO,ABALROAMENTO LONGITUDINAL,COLISÃO SEM VITIMAS,2,,,,,,,,,0,,Cruzamento,Bom,Sem defeito,Ilegível,Seca,Perfeito estado,Faixa de pedestre,Outras,,Única,Não existe,,,,,,,,
2019-10-31,08:17:00,SEM VÍTIMA,FINALIZADA,BOA VISTA,RUA DO HOSPICIO,,RUA PRINCESA IZABEL,FACULDADE DE DIREITO AO LADO,RUA DO HOSPICIO,,FACULDADE DE DIREITO AO LADO,BOA VISTA,31,SUBURBIO,COLISÃO TRASEIRA,ONIBUS E AUTO PASSEIO,1,,,,,1,,,,0,,Longo da via,Bom,Sem defeito,Perfeito estado,Seca,Perfeito estado,Não existe,Não há placas,,Dupla,Blocos,,,,,,,,
2019-10-31,08:36:00,SEM VÍTIMA,FINALIZADA,VASCO DA GAMA,LGO DOM LUIZ,215,,EM FRENTE AO Nº 215,LGO DOM LUIZ,215,EM FRENTE AO Nº 215,VASCO DA GAMA,,,ABALROAMENTO LONGITUDINAL,MOTO E AUTO,1,1,,,,,,,,0,,Longo da via,Bom,Não existe,Perfeito estado,Seca,Perfeito estado,Não existe,Não há placas,30 km/h,Dupla,,,,,,,,,
2019-10-31,08:42:00,SEM VÍTIMA,FINALIZADA,IPUTINGA,AV INACIO MONTEIRO,717,,EM FRENTE DEPÓSITO DE BEBIDA SANTA RITA,AV INACIO MONTEIRO,717,EM FRENTE DEPÓSITO DE BEBIDA SANTA RITA,IPUTINGA,,,CHOQUE OBJETO FIXO,DOIS AUTOS,1,,,,,,1,,,0,,Longo da via,Bom,Não existe,Perfeito estado,Seca,Perfeito estado,Outros,R-34,,Dupla,Faixa contínua,,,,,,,,