data,hora,natureza_acidente,situacao,bairro,endereco,numero,detalhe_endereco_acidente,complemento,endereco_cruzamento,numero_cruzamento,referencia_cruzamento,bairro_cruzamento,num_semaforo,sentido_via,tipo,descricao,auto,moto,ciclom,ciclista,pedestre,onibus,caminhao,viatura,outros,vitimas,vitimasfatais,acidente_verificado,tempo_clima,situacao_semaforo,sinalizacao,condicao_via,conservacao_via,ponto_controle,situacao_placa,velocidade_max_via,mao_direcao,divisao_via1,divisao_via2,divisao_via3,,,,,,
2019-11-01,16:10:00,SEM VÍTIMA,FINALIZADA,IMBIRIBEIRA,AV MARECHAL MASCARENHAS DE MORAES,2454,,,AV MARECHAL MASCARENHAS DE MORAES,2454,,IMBIRIBEIRA,7,SUBURBIO,ABALROAMENTO LONGITUDINAL,SEM VITIMAS,1,,,,,,1,,,0,,Longo da via,Bom,Sem defeito,Perfeito estado,Seca,Perfeito estado,Faixa de pedestre,R-4b,,Dupla,Canteiro central,,,,,,,,
2019-11-01,16:15:00,SEM VÍTIMA,FINALIZADA,CORDEIRO,RUA GOMES TABORDA,S/N,AV GENERAL SAN MARTIN,EM FRENTE AO MULTI POSTOS,RUA GOMES TABORDA,S/N,EM FRENTE AO MULTI POSTOS,CORDEIRO,,,COLISÃO,SEM VITIMAS,1,,,,,,1,,,0,,,,,,,,,,,,,,,,,,,,
2019-11-01,16:25:00,SEM VÍTIMA,FINALIZADA,IBURA,AV DOIS RIOS,999,,FARMACIA DIARIAMENTE,AV DOIS RIOS,999,FARMACIA DIARIAMENTE,IBURA,,SUBURBIO,ABALROAMENTO TRANSVERSAL,COLISAO COLISAO ENTRE DOIS AUTOS S/V,2,,,,,,,,,0,,Longo da via,Bom,Não existe,Incompleta,Seca,Perfeito estado,Não existe,Não há placas,60 km/h,Dupla,Faixa contínua,,,,,,,,
2019-11-01,16:31:00,SEM VÍTIMA,FINALIZADA,MADALENA,RUA JOSE OSORIO,116,,AO LADO DA EXPOCAR,RUA JOSE OSORIO,116,AO LADO DA EXPOCAR,MADALENA,,SUBURBIO,COLISÃO TRASEIRA,COLISAO ENTRE QUATRO AUTOS S/V,4,,,,,,,,,0,,Longo da via,Bom,Não existe,Perfeito estado,Seca,Perfeito estado,Outros,R-6a,,Dupla,Faixa contínua,,,,,,,,
2019-11-01,16:32:00,SEM VÍTIMA,FINALIZADA,SANTO ANTÔNIO,RUA DO SOL,,,LADO POSTERIOR DO TEATRO PRINCESA ISABEL,RUA DO SOL,,LADO POSTERIOR DO TEATRO PRINCESA ISABEL,SANTO ANTÔNIO,,CIDADE,ABALROAMENTO LONGITUDINAL,COLISAO ENTRE UM TAXI E UM ONIBUS.,1,,,,,1,,,,0,,Longo da via,Bom,Não existe,Perfeito estado,Seca,Perfeito estado,Não existe,Não há placas,,Única,Faixa seccionada,,,,,,,,
2019-11-01,16:43:00,COM VÍTIMA,FINALIZADA,BOA VIAGEM,AVENIDA CELSO FURTADO (VIA MANGUE),,,PROXIMO CIA DO FUTEBOL SOCYET, PROXIMO ANTONIO FALCÃO, SENTIDO BOA VIAGEM,AVENIDA CELSO FURTADO (VIA MANGUE),,PROXIMO CIA DO FUTEBOL SOCYET, PROXIMO ANTONIO FALCÃO, SENTIDO BOA VIAGEM,BOA VIAGEM,,SUBURBIO,ABALROAMENTO TRANSVERSAL,COLISAO ENTRE UM CAMINHAO BAU E UMA MOTO,,1,,,,,1,,,1,,Longo da via,Bom,Sem defeito,Perfeito estado,Seca,Perfeito estado,Não existe,Não há placas,,Única,Faixa seccionada,,,,
2019-11-01,16:45:00,SEM VÍTIMA,CANCELADA,CAMPINA DO BARRETO,RUA VEREADOR MIVALDO CAVALCANTI MAIA,24,AV POETA VINICIUS DE MORAIS,RUA DA ACADEMIA DA CIDADE DE CHÃO DE ESTRELA,RUA VEREADOR MIVALDO CAVALCANTI MAIA,24,RUA DA ACADEMIA DA CIDADE DE CHÃO DE ESTRELA,CAMPINA DO BARRETO,,,COLISÃO,SEM VITIMAS,,2,,,,,,,,0,,,,,,,,,,,,,,,,,,,,
2019-11-01,16:48:00,COM VÍTIMA,FINALIZADA,MADALENA,AV CAXANGA,,RUA JOSE OSORIO,NO SEMAFORO 489,AV CAXANGA,,NO SEMAFORO 489,MADALENA,489,,ABALROAMENTO LONGITUDINAL,COLISAO ENTRE AUTO E MOTO COM DUAS VITIMAS,1,1,,,,,,,,2,,Longo da via,Bom,Sem defeito,Perfeito estado,Seca,Perfeito estado,Faixa de pedestre,,,Dupla,Canteiro central,,,,,,,,
2019-11-01,16:54:00,SEM VÍTIMA,CANCELADA,AFOGADOS,AV SUL,21,,NA ENTRADA DO LARGO DA PAZ PROX A FABRICA DA ASA,AV SUL,21,NA ENTRADA DO LARGO DA PAZ PROX A FABRICA DA ASA,AFOGADOS,,,COLISÃO,COLISAO ENTRE TRES AUTOS S/V,3,,,,,,,,,0,,,,,,,,,,,,,,,,,,,,
2019-11-01,17:11:00,SEM VÍTIMA,CANCELADA,IMBIRIBEIRA,AV MARECHAL MASCARENHAS DE MORAES,2028,,APOS A JACAUNA, ENFRENTE A ASSOCIAÇÃO DE FORNECEDORES DE NASA.,AV MARECHAL MASCARENHAS DE MORAES,2028,APOS A JACAUNA, ENFRENTE A ASSOCIAÇÃO DE FORNECEDORES DE NASA.,IMBIRIBEIRA,,,COLISÃO,COLISÃO UM CARRO E UMA MOTO.,1,1,,,,,,,,0,,,,,,,,,,,,,,,,,,
2019-11-01,17:44:00,SEM VÍTIMA,FINALIZADA,PINA,AV HERCULANO BANDEIRA,773,,PRÓXIMO A CAIXA ECONÔMICA FEDERAL,AV HERCULANO BANDEIRA,773,PRÓXIMO A CAIXA ECONÔMICA FEDERAL,PINA,,SUBURBIO,COLISÃO TRASEIRA,COLISAO ENTRE DOIS AUTOS S/V,2,,,,,,,,,0,,Longo da via,Bom,Não existe,Perfeito estado,Seca,Perfeito estado,Não existe,Não há placas,60 km/h,Única,Faixa seccionada,,,,,,,,
2019-11-01,18:19:00,SEM VÍTIMA,FINALIZADA,BOA VIAGEM,RUA PADRE CARAPUCEIRO,,AV ENGENHEIRO DOMINGOS FERREIRA,,RUA PADRE CARAPUCEIRO,,,BOA VIAGEM,216,SUBURBIO,ABALROAMENTO LONGITUDINAL,POLO X SPIN,2,,,,,,,,,0,,Cruzamento,Bom,Sem defeito,Perfeito estado,Seca,Perfeito estado,Faixa de pedestre,R-6a,,Única,Faixa seccionada,,,,,,,,
2019-11-01,18:49:00,COM VÍTIMA,FINALIZADA,CORDEIRO,EST DO FORTE DO ARRAIAL N. DO B. JESUS,555,RUA ADELINO FRUTUOSO,ESQUINA COM O RESTAURANTE CHARQUE GOURMET,EST DO FORTE DO ARRAIAL N. DO B. JESUS,555,ESQUINA COM O RESTAURANTE CHARQUE GOURMET,CORDEIRO,,SUBURBIO,ABALROAMENTO TRANSVERSAL,ENTRE AUTO E MOTO. C/V,1,1,,,,,,,,1,,Cruzamento,Bom,Não existe,Incompleta,Seca,Perfeito estado,,Não há placas,40 km/h,Dupla,Faixa contínua,,,,,,,,
2019-11-01,18:57:00,SEM VÍTIMA,FINALIZADA,PARNAMIRIM,RUA JOAO TUDE DE MELO,,,NA PONTE FINAL DO VIADUTO,RUA JOAO TUDE DE MELO,,NA PONTE FINAL DO VIADUTO,PARNAMIRIM,,SUBURBIO,COLISÃO TRASEIRA,SANDERO X CAMINHAO MERCEDES X FORD KA,2,,,,,,1,,,0,,Longo da via,Bom,Não existe,Perfeito estado,Seca,Perfeito estado,Outros,Outras,,Única,Canteiro central,,,,,,,,
2019-11-04,10:16:00,SEM VÍTIMA,FINALIZADA,BAIRRO DO RECIFE,AV ALFREDO LISBOA,,,EM FRENTE AO MARCO ZERO,AV ALFREDO LISBOA,,EM FRENTE AO MARCO ZERO,BAIRRO DO RECIFE,,SUBURBIO,ABALROAMENTO LONGITUDINAL,CAMINHAO X ONIX,1,,,,,,1,,,0,,Longo da via,Bom,Não existe,Incompleta,Seca,Mal iluminada,Não existe,Não há placas,30 km/h,Única,Faixa seccionada,,,,,,,,
2019-11-01,19:42:00,SEM VÍTIMA,FINALIZADA,ESPINHEIRO,RUA CONS PORTELA,,,,RUA CONS PORTELA,,,ESPINHEIRO,,CIDADE,ABALROAMENTO LONGITUDINAL,ENTRE 2 AUTOS. S/V,2,,,,,,,,,0,,Longo da via,Bom,Não existe,Perfeito estado,Seca,Perfeito estado,Não existe,R-6a,,Única,Faixa seccionada,,,,,,,,
2019-11-01,20:12:00,SEM VÍTIMA,DUPLICIDADE,ESPINHEIRO,RUA CONS PORTELA,656,RUA CARNEIRO VILELA,PROX A GALERIA PORTELA,RUA CONS PORTELA,656,PROX A GALERIA PORTELA,ESPINHEIRO,,,COLISÃO,LOGAN X PALIO,2,,,,,,,,,0,,,,,,,,,,,,,,,,,,,,
2019-11-01,20:26:00,SEM VÍTIMA,FINALIZADA,TORRE,RUA REAL DA TORRE,1247,,FRENTE AO PRÉDIO DE Nº 1247,RUA REAL DA TORRE,1247,FRENTE AO PRÉDIO DE Nº 1247,TORRE,106,SUBURBIO,ABALROAMENTO LONGITUDINAL,GOL X NISSN MARCH,2,,,,,,,,,0,,Longo da via,Bom,Sem defeito,Perfeito estado,Seca,Perfeito estado,Faixa de pedestre,R-6a,,Única,Não existe,,,,,,,,
2019-11-01,20:45:00,SEM VÍTIMA,FINALIZADA,SÃO JOSÉ,RUA BOM SUCESSO,60,,POSTE DE ILUMINAÇÃO PÚBLICA B 018047,RUA BOM SUCESSO,60,POSTE DE ILUMINAÇÃO PÚBLICA B 018047,SÃO JOSÉ,,CIDADE,CHOQUE OBJETO FIXO,LIVINA X POSTO,1,,,,,,,,,0,,Longo da via,Bom,Não existe,Incompleta,Seca,Mal conservada,Não existe,Não há placas,,Única,Não existe,,,,,,,,
2019-11-01,21:18:00,SEM VÍTIMA,FINALIZADA,BOA VISTA,AV CONDE DA BOA VISTA,,,PARADA DE ÔNIBUS Nº 100320,AV CONDE DA BOA VISTA,,PARADA DE ÔNIBUS Nº 100320,BOA VISTA,,,ABALROAMENTO LONGITUDINAL,ÕNIBUS X AUTO PASSEIO. S/V,1,,,,,1,,,,0,,Longo da via,Bom,Sem defeito,Perfeito estado,Seca,Perfeito estado,Faixa de pedestre,R-6c,30 km/h,Dupla,Faixa contínua,,,,,,,,
2019-11-01,22:09:00,SEM VÍTIMA,CANCELADA,AFLITOS,RUA ANGUSTURA,195,,PROX AO ESTADIO ELADIO DE BARROS CARVALHO (AFLITOS ),RUA ANGUSTURA,195,PROX AO ESTADIO ELADIO DE BARROS CARVALHO (AFLITOS ),AFLITOS,,,COLISÃO,CAMINHAO CAÇAMBA X AUTO,1,,,,,,1,,,0,,,,,,,,,,,,,,,,,,,,
2019-11-01,22:41:00,SEM VÍTIMA,FINALIZADA,DERBY,AV GOVERNADOR AGAMENON MAGALHAES,,RUA JOAQUIM NABUCO,,AV GOVERNADOR AGAMENON MAGALHAES,,,DERBY,174,SUBURBIO,ABALROAMENTO LONGITUDINAL,ENTRE 2 AUTOS. S/V,2,,,,,,,,,0,,Cruzamento,Bom,Sem defeito,Perfeito estado,Seca,Perfeito estado,,,60 km/h,Dupla,Canal,,,,,,,,
2019-11-02,08:05:00,SEM VÍTIMA,FINALIZADA,CASA AMARELA,EST DO ARRAIAL,,RUA DA HARMONIA,IGREJA CATÓLICA,EST DO ARRAIAL,,IGREJA CATÓLICA,CASA AMARELA,74,SUBURBIO,COLISÃO TRASEIRA,CAMINHÃO E 2 AUTOS,2,,,,,,1,,,0,,Longo da via,Bom,Sem defeito,Perfeito estado,Seca,Perfeito estado,Faixa de pedestre,Outras,40 km/h,Única,Faixa seccionada,,,,,,,,
2019-11-02,08:31:00,SEM VÍTIMA,FINALIZADA,BOA VISTA,RUA DA SANTA CRUZ,1716,RUA VELHA,EM FRENTE A IGREJA SANTA CRUZ,RUA DA SANTA CRUZ,1716,EM FRENTE A IGREJA SANTA CRUZ,BOA VISTA,221,SUBURBIO,ABALROAMENTO TRANSVERSAL,,1,1,,,,,,,,0,,Longo da via,Bom,Sem defeito,Ilegível,Seca,Perfeito estado,Faixa de pedestre,Não há placas,40 km/h,Única,Não existe,,,,,,,,
2019-11-02,08:48:00,SEM VÍTIMA,FINALIZADA,PAISSANDU,AV GOVERNADOR AGAMENON MAGALHAES,4318,RUA PAISSANDU,PRÓXIMO AO EMPRESARIAL RENATO DIAS,AV GOVERNADOR AGAMENON MAGALHAES,4318,PRÓXIMO AO EMPRESARIAL RENATO DIAS,PAISSANDU,69,,COLISÃO TRASEIRA,AUTO E MOTOCICLETA,1,1,,,,,,,,0,,Longo da via,Bom,Sem defeito,Perfeito estado,Seca,Perfeito estado,Faixa de pedestre,R-4a,60 km/h,Dupla,Canal,,,,,,,,
2019-11-02,09:27:00,COM VÍTIMA,FINALIZADA,PARNAMIRIM,AV FLOR DE SANTANA,153,,PROX. A BURGUER KING / EM FRENTE AO EDF TATIANE,AV FLOR DE SANTANA,153,PROX. A BURGUER KING / EM FRENTE AO EDF TATIANE,PARNAMIRIM,,SUBURBIO,ABALROAMENTO LONGITUDINAL,DOIS AUTO E PEDESTRE,2,,,,1,,,,,1,,Longo da via,Bom,Não existe,Perfeito estado,Seca,Perfeito estado,Não existe,Não há placas,,Dupla,Não existe,,,,,,,,
2019-11-02,10:42:00,COM VÍTIMA,FINALIZADA,IBURA,AV ENGENHO MURIBARA,232,AV ENGENHO BABILONIA,EM FRENTE A PADARIA TRIGO DE OURO,AV ENGENHO MURIBARA,232,EM FRENTE A PADARIA TRIGO DE OURO,IBURA,,SUBURBIO,ABALROAMENTO LONGITUDINAL,COLISÃO COM VITIMA SOCORRIDA PELO SAMU,1,1,,,,,,,,1,,Cruzamento,Bom,Não existe,Perfeito estado,Seca,Perfeito estado,Não existe,R-6a,30 km/h,Única,Faixa seccionada,,,,,,,,
2019-11-02,11:37:00,SEM VÍTIMA,FINALIZADA,PINA,AV ANTONIO DE GOES,222,,BODEGA DO ZEZO,AV ANTONIO DE GOES,222,BODEGA DO ZEZO,PINA,,CIDADE,COLISÃO TRASEIRA,ENGAVETAMENTO DE QUATRO AUTOS S/V,4,,,,,,,,,0,,Longo da via,Bom,,Perfeito estado,Seca,Perfeito estado,Não existe,Não há placas,,Única,Canteiro central,,,,,,,,
2019-11-02,13:15:00,SEM VÍTIMA,CANCELADA,PARNAMIRIM,AV DEZESSETE DE AGOSTO,9,AV PARNAMIRIM,EM FRENTE AO EDF SLAVUS,AV DEZESSETE DE AGOSTO,9,EM FRENTE AO EDF SLAVUS,PARNAMIRIM,,,COLISÃO,SEM VITIMAS,2,,,,,,,,,0,,,,,,,,,,,,,,,,,,,,
2019-11-02,13:35:00,COM VÍTIMA,FINALIZADA,CAXANGÁ,RUA RIBEIRO PESSOA,,AV CAXANGA,,RUA RIBEIRO PESSOA,,,CAXANGÁ,281,,ABALROAMENTO TRANSVERSAL,COM VÍTIMA,1,1,,,,,,,,1,,Cruzamento,Bom,Sem defeito,Perfeito estado,Seca,Perfeito estado,Faixa de pedestre,,,Dupla,Canteiro central,,,,,,,,
2019-11-02,14:33:00,SEM VÍTIMA,FINALIZADA,BOA VIAGEM,AV BOA VIAGEM,4772,,,AV BOA VIAGEM,4772,,BOA VIAGEM,,CIDADE,ABALROAMENTO LONGITUDINAL,COLISAO ENTRE DOIS AUTO S/V,2,,,,,,,,,0,,Longo da via,Bom,Não existe,Perfeito estado,Seca,Perfeito estado,Não existe,Não há placas,60 km/h,Única,Faixa seccionada,,,,,,,,
2019-11-02,16:24:00,SEM VÍTIMA,EQUIPE NO LOCAL,BOA VISTA,RUA DA SOLEDADE,259,,POSTO DE ATENDIMENTO GRANDE RECIFE ( VEM ),RUA DA SOLEDADE,259,POSTO DE ATENDIMENTO GRANDE RECIFE ( VEM ),BOA VISTA,,CIDADE,COLISÃO TRASEIRA,ENTRE 2 AUTOS. S/V,2,,,,,,,,,0,,Longo da via,Bom,Sem defeito,Perfeito estado,Seca,Perfeito estado,Faixa de pedestre,Outras,,Única,Não existe,,,,,,,,
2019-11-02,16:42:00,SEM VÍTIMA,FINALIZADA,APIPUCOS,AV DEZESSETE DE AGOSTO,371,,SEMÁFORO 535,AV DEZESSETE DE AGOSTO,371,SEMÁFORO 535,APIPUCOS,535,,COLISÃO TRASEIRA,COLISAO ENTRE DOIS AUTOS S/V,2,,,,,,,,,0,,Longo da via,Bom,Sem defeito,Perfeito estado,Seca,Perfeito estado,Faixa de pedestre,,,Dupla,,,,,,,,,
2019-11-02,16:59:00,SEM VÍTIMA,FINALIZADA,IBURA,AV DOIS RIOS,,RUA PINTOR AGENOR DE ALBUQUERQUE CESAR,,AV DOIS RIOS,,,IBURA,561,CIDADE,CHOQUE VEÍCULO PARADO,COLISAO ENTRE DOIS AUTOS S/V,2,,,,,,,,,0,,Cruzamento,Bom,Sem defeito,Não existente,Seca,Perfeito estado,Faixa de pedestre,Não há placas,,Dupla,Faixa seccionada,,,,,,,,
2019-11-02,18:37:00,SEM VÍTIMA,FINALIZADA,CAMPO GRANDE,RUA JERONIMO VILELA,86,RUA MANUEL DE BARROS LIMA,CLÍNICA VETERINÁRIA BICHO SOLTO,RUA JERONIMO VILELA,86,CLÍNICA VETERINÁRIA BICHO SOLTO,CAMPO GRANDE,,CIDADE,COLISÃO TRASEIRA,ENTRE 2 AUTOS. S/V,2,,,,,,,,,0,,Longo da via,Bom,Não existe,Perfeito estado,Seca,Perfeito estado,Não existe,Não há placas,,Dupla,Faixa contínua,,,,,,,,
2019-11-02,19:56:00,COM VÍTIMA,FINALIZADA,MADALENA,EST DOS REMEDIOS,,AV JOSE GONCALVES DE MEDEIROS,E/F A POLICLINICA LESSA ANDRADA,EST DOS REMEDIOS,,E/F A POLICLINICA LESSA ANDRADA,MADALENA,353,,ABALROAMENTO TRANSVERSAL,ENTRE AUTO PASSEIO X MOTO COM VÍTIMA,1,1,,,,,,,,1,,Cruzamento,Bom,Sem defeito,Perfeito estado,Seca,Perfeito estado,Não existe,Não há placas,,Única,Não existe,,,,,,,,
2019-11-02,20:42:00,SEM VÍTIMA,FINALIZADA,MADALENA,RUA PESSOA DE MELO,227,,,RUA PESSOA DE MELO,227,,MADALENA,,SUBURBIO,CHOQUE VEÍCULO PARADO,ENTRE 2 AUTOS. S/V --- UM DOS CONDUTORES APRESENTA SINAIS DE EMBRIAGUEZ,2,,,,,,,,,0,,Longo da via,Bom,Não existe,Perfeito estado,Seca,Perfeito estado,Não existe,Não há placas,,Dupla,Não existe,,,,,,,,
2019-11-03,00:22:00,COM VÍTIMA,FINALIZADA,CASA FORTE,EST DO ENCANAMENTO,200,EST DAS UBAIAS,,,EST DO ENCANAMENTO,200,,CASA FORTE,593,SUBURBIO,ABALROAMENTO TRANSVERSAL,COLISÃO ENTRE DOIS AUTOS C/V,2,,,,,,,,,1,,Cruzamento,Bom,Sem defeito,Perfeito estado,Seca,Perfeito estado,Não existe,Placas Pare,,Dupla,Faixa contínua,,,,,,,
2019-11-03,00:41:00,SEM VÍTIMA,FINALIZADA,TEJIPIÓ,AV DR JOSE RUFINO,2612,,VIADUTO DA BR 101,AV DR JOSE RUFINO,2612,VIADUTO DA BR 101,TEJIPIÓ,,SUBURBIO,COLISÃO TRASEIRA,COLISÃO ENTRE DOIS AUTOS S/V,2,,,,,,,,,0,,Longo da via,Bom,Não existe,Perfeito estado,Seca,Perfeito estado,Não existe,Não há placas,,Dupla,Faixa contínua,,,,,,,,
2019-11-03,00:57:00,SEM VÍTIMA,FINALIZADA,ARRUDA,RUA DO MACHADO,557,,,RUA DO MACHADO,557,,ARRUDA,,CIDADE,CHOQUE VEÍCULO PARADO,COLISÃO ENTRE DOIS AUTOS S/V,2,,,,,,,,,0,,Longo da via,Bom,Não existe,Perfeito estado,Seca,Perfeito estado,Não existe,Não há placas,,Dupla,Faixa seccionada,,,,,,,,
2019-11-03,08:11:00,SEM VÍTIMA,FINALIZADA,,AV RUI BARBOSA,,AV GOVERNADOR AGAMENON MAGALHAES,EM FRENTE AO COLÉGIO AMERICANO BATISTA,AV RUI BARBOSA,,EM FRENTE AO COLÉGIO AMERICANO BATISTA,,37,,ABALROAMENTO LONGITUDINAL,COLISÃO SEM VITIMAS,2,,,,,,,,,0,,Cruzamento,Bom,Sem defeito,Perfeito estado,Seca,Perfeito estado,Faixa de pedestre,Outras,,Única,Faixa contínua,,,,,,,,
2019-11-03,09:45:00,SEM VÍTIMA,FINALIZADA,VASCO DA GAMA,AV NORTE,,RUA PADRE LEMOS,,AV NORTE,,,VASCO DA GAMA,66,SUBURBIO,ABALROAMENTO TRANSVERSAL,COLISÃO S/VITIMAS ENTRE DUAS MOTOS,,1,,,,,,,,0,,Cruzamento,Bom,Sem defeito,Perfeito estado,Seca,Perfeito estado,Faixa de pedestre,Não há placas,60 km/h,Dupla,Canteiro central,,,,,,,,
2019-11-03,09:46:00,SEM VÍTIMA,FINALIZADA,PORTO DA MADEIRA,AV ANIBAL BENEVOLO,285,RUA CONS BARROS BARRETO,ESQUINA DAS RUAS,AV ANIBAL BENEVOLO,285,ESQUINA DAS RUAS,PORTO DA MADEIRA,,,ABALROAMENTO LONGITUDINAL,COLISÃO SEM VITIMAS,1,,,,,1,,,,0,,,Bom,Não existe,Incompleta,Seca,Perfeito estado,Não existe,Não há placas,,Dupla,Não existe,,,,,,,,
2019-11-03,10:14:00,SEM VÍTIMA,FINALIZADA,TORRE,RUA JOSE BONIFACIO,,,,RUA JOSE BONIFACIO,,,TORRE,301,SUBURBIO,COLISÃO TRASEIRA,SEM VITIMAS,3,,,,,,,,,0,,Longo da via,Bom,Sem defeito,Perfeito estado,Seca,Perfeito estado,Faixa de pedestre,Outras,50 km/h,Única,Não existe,,,,,,,,
2019-11-03,11:03:00,COM VÍTIMA,FINALIZADA,TEJIPIÓ,AV DR JOSE RUFINO,3131,,SEMAFORO 208 EM FRENTE AO 4*DECONN,AV DR JOSE RUFINO,3131,SEMAFORO 208 EM FRENTE AO 4*DECONN,TEJIPIÓ,208,CIDADE,COLISÃO FRONTAL,COLISÃO COM VITIMAS,1,1,,,,,,,,2,,Longo da via,Bom,Sem defeito,Perfeito estado,Seca,Perfeito estado,Faixa de pedestre,Não há placas,40 km/h,Dupla,Faixa contínua,,,,,,,,
2019-11-03,11:03:00,COM VÍTIMA,FINALIZADA,MUSTARDINHA,AV MANOEL GONCALVES DA LUZ,,RUA CAPITAO ADOLFO TAQUIS,EM FRENTE A ACADEMIA DA CIDADE,AV MANOEL GONCALVES DA LUZ,,EM FRENTE A ACADEMIA DA CIDADE,MUSTARDINHA,,CIDADE,COLISÃO FRONTAL,MOTO E AUTO,1,1,,,,,,,,1,,Longo da via,Bom,Não existe,Não existente,Seca,Perfeito estado,Não existe,Não há placas,,Dupla,Não existe,,,,,,,,
2019-11-03,11:10:00,SEM VÍTIMA,FINALIZADA,TAMARINEIRA,RUA CONEGO BARATA,,,EM FRENTE A FERREIRA COSTA,RUA CONEGO BARATA,,EM FRENTE A FERREIRA COSTA,TAMARINEIRA,,SUBURBIO,COLISÃO TRASEIRA,COLISÃO SEM VITIMAS,2,,,,,,,,,0,,Longo da via,Bom,Não existe,Perfeito estado,Seca,Perfeito estado,Não existe,Não há placas,,Única,Faixa seccionada,,,,,,,,
2019-11-03,11:37:00,SEM VÍTIMA,FINALIZADA,BOA VIAGEM,RUA ANTONIO PASSOS,51,RUA JOSE PARAISO,EDIFÍCIO MONACO,RUA ANTONIO PASSOS,51,EDIFÍCIO MONACO,BOA VIAGEM,,SUBURBIO,ABALROAMENTO TRANSVERSAL,COLISÃO SEM VITIMAS,1,1,,,,,,,,0,,Longo da via,Bom,Sem defeito,Perfeito estado,Seca,Perfeito estado,Faixa de retenção,Placas Pare,,Dupla,Não existe,,,,,,,,
2019-11-03,13:39:00,SEM VÍTIMA,FINALIZADA,AFOGADOS,RUA PROFESSOR AUGUSTO WANDERLEY FILHO,,,SOB O SEMÁFORO,RUA PROFESSOR AUGUSTO WANDERLEY FILHO,,SOB O SEMÁFORO,AFOGADOS,519,CIDADE,COLISÃO TRASEIRA,ENTRE DOIS AUTOS S/V,2,,,,,,,,,0,,Longo da via,Bom,Sem defeito,Perfeito estado,Seca,Perfeito estado,Faixa de pedestre,,,Única,Faixa contínua,,,,,,,,
2019-11-03,14:49:00,SEM VÍTIMA,FINALIZADA,TORRE,RUA SOUZA BANDEIRA,,RUA MARQUES DE MARICA,,RUA SOUZA BANDEIRA,,,TORRE,317,,ABALROAMENTO LONGITUDINAL,ENTRE AUTO PASSEIO X MOTO S/V,1,1,,,,,,,,0,,Cruzamento,Bom,Sem defeito,Perfeito estado,Seca,Perfeito estado,Faixa de pedestre,R-6a,,Dupla,Faixa seccionada,,,,,,,,
2019-11-03,15:03:00,SEM VÍTIMA,FINALIZADA,BOA VIAGEM,AVENIDA CELSO FURTADO (VIA MANGUE),,,LADO OPOSTO RUA PROFESSOR EDUARDO WANDERLEY FILHO,AVENIDA CELSO FURTADO (VIA MANGUE),,LADO OPOSTO RUA PROFESSOR EDUARDO WANDERLEY FILHO,BOA VIAGEM,,SUBURBIO,COLISÃO TRASEIRA,ENTRE DOIS AUTOS S/V,2,,,,,,,,,0,,Longo da via,Bom,Não existe,Perfeito estado,Seca,Perfeito estado,Não existe,R-6a,60 km/h,Dupla,Canteiro central,,,,,,,,
2019-11-03,15:57:00,SEM VÍTIMA,CANCELADA,SAN MARTIN,AV ENGENHEIRO ABDIAS DE CARVALHO,,,E/F AO CHEFS,AV ENGENHEIRO ABDIAS DE CARVALHO,,E/F AO CHEFS,SAN MARTIN,,CIDADE,COLISÃO,ONIBUS X AUTO PASSEIO S/V,1,,,,,1,,,,0,,,,,,,,,,,,,,,,,,,,
2019-11-03,16:50:00,SEM VÍTIMA,FINALIZADA,SÃO JOSÉ,RUA IMPERIAL,987,,EM FRENTE AO FERRO E AÇO,RUA IMPERIAL,987,EM FRENTE AO FERRO E AÇO,SÃO JOSÉ,510,SUBURBIO,ABALROAMENTO TRANSVERSAL,CAMINHÃO X AUTO PASSEIO S/V,1,,,,,,1,,,0,,Cruzamento,Bom,Sem defeito,Perfeito estado,Seca,Perfeito estado,Faixa de pedestre,,,Única,Faixa seccionada,,,,,,,,
2019-11-03,18:01:00,SEM VÍTIMA,FINALIZADA,IMBIRIBEIRA,RUA JULIO VERNE,187,,RESIDENCIAL IMBIRIBEIRA I,RUA JULIO VERNE,187,RESIDENCIAL IMBIRIBEIRA I,IMBIRIBEIRA,,CIDADE,ABALROAMENTO TRANSVERSAL,ENTRE AUTO E MOTO. S/V,1,1,,,,,,,,0,,Longo da via,Bom,Não existe,Perfeito estado,Seca,Perfeito estado,Não existe,Não há placas,,Dupla,Não existe,,,,,,,,
2019-11-03,18:04:00,SEM VÍTIMA,FINALIZADA,PINA,AVENIDA CELSO FURTADO (VIA MANGUE),,,SHOPPING RIO MAR,AVENIDA CELSO FURTADO (VIA MANGUE),,SHOPPING RIO MAR,PINA,,SUBURBIO,ABALROAMENTO LONGITUDINAL,PEUGEOT X SANDERO X FIAT OBS: SUSPEITA DE EMBRIAGUEZ,2,,,,,,,,,0,,Longo da via,Bom,Não existe,Perfeito estado,Seca,Perfeito estado,Não existe,Outras,50 km/h,,Canteiro central,,,,,,,,