data,hora,natureza_acidente,situacao,bairro,endereco,numero,detalhe_endereco_acidente,complemento,endereco_cruzamento,numero_cruzamento,referencia_cruzamento,bairro_cruzamento,num_semaforo,sentido_via,tipo,descricao,auto,moto,ciclom,ciclista,pedestre,onibus,caminhao,viatura,outros,vitimas,vitimasfatais,acidente_verificado,tempo_clima,situacao_semaforo,sinalizacao,condicao_via,conservacao_via,ponto_controle,situacao_placa,velocidade_max_via,mao_direcao,divisao_via1,divisao_via2,divisao_via3,,,,,,
2019-11-06,13:17:00,SEM VÍTIMA,FINALIZADA,MADALENA,RUA VINTE E UM DE ABRIL,16,,MT MOTOS,RUA VINTE E UM DE ABRIL,16,MT MOTOS,MADALENA,,SUBURBIO,ABALROAMENTO LONGITUDINAL,colisão sem vitima,1,1,,,,,,,,0,,Longo da via,Bom,Não existe,Não existente,Seca,Perfeito estado,Não existe,Não há placas,,Dupla,Não existe,,,,,,,,
2019-11-06,13:35:00,SEM VÍTIMA,FINALIZADA,SANTO AMARO,RUA ARARIPINA,419,RUA DA FUNDICAO,,RUA ARARIPINA,419,,SANTO AMARO,,,ABALROAMENTO LONGITUDINAL,COLISAO ENTRE DOIS AUTOS S/V,2,,,,,,,,,0,,,Bom,Não existe,Incompleta,Seca,Perfeito estado,Faixa de pedestre,Não há placas,30 km/h,Dupla,Faixa seccionada,,,,,,,,
2019-11-06,14:05:00,COM VÍTIMA,FINALIZADA,HIPÓDROMO,RUA PRUDENTE DE MORAES,124,RUA CARLOS FERNANDES,EM FRENTE AO POSTO DE GASOLINA TOTAL. DEPOSITO DE GAS SUPERGAS BRAS.,RUA PRUDENTE DE MORAES,124,EM FRENTE AO POSTO DE GASOLINA TOTAL. DEPOSITO DE GAS SUPERGAS BRAS.,HIPÓDROMO,,SUBURBIO,ABALROAMENTO TRANSVERSAL,COLISÃO COM VITIMA A ESPERA DO SAMU,1,1,,,,,,,,1,,Cruzamento,Bom,Não existe,Perfeito estado,Seca,Perfeito estado,Faixa de retenção,Placas Pare,30 km/h,Dupla,Faixa seccionada,,,,,,,,
2019-11-06,14:29:00,SEM VÍTIMA,FINALIZADA,AREIAS,AV RECIFE,16,,LADO OP MACRO ATACADÃO,AV RECIFE,16,LADO OP MACRO ATACADÃO,AREIAS,461,CIDADE,COLISÃO TRASEIRA,COLISÃO SEM VITIMAS,2,,,,,,,,,0,,Longo da via,Bom,Sem defeito,Perfeito estado,Seca,Perfeito estado,Faixa de pedestre,Outras,,Única,Faixa seccionada,Canteiro central,,,,,,,
2019-11-06,14:56:00,COM VÍTIMA,FINALIZADA,PAISSANDU,AV GOVERNADOR AGAMENON MAGALHAES,,,E/F AO CERPE S/T BOA VIAGEM,AV GOVERNADOR AGAMENON MAGALHAES,,E/F AO CERPE S/T BOA VIAGEM,PAISSANDU,,BOA VIAGEM,ABALROAMENTO LONGITUDINAL,COLISAO ENTRE DOIS AUTOS E MOTO S/V,2,1,,,,,,,,1,,Longo da via,Bom,Não existe,Não existente,Seca,Perfeito estado,Outros,Não há placas,60 km/h,Dupla,Faixa seccionada,,,,,,,,
2019-11-06,15:41:00,SEM VÍTIMA,FINALIZADA,SANTO AMARO,AV CRUZ CABUGA,1200,RUA ALEXANDRE MOURA,PRÓX AO HOSPITAL NAVAL,AV CRUZ CABUGA,1200,PRÓX AO HOSPITAL NAVAL,SANTO AMARO,,SUBURBIO,ABALROAMENTO LONGITUDINAL,COLISAO ENTRE AUTO E BRT S/V,1,,,,,1,,,,0,,Longo da via,Bom,Não existe,Perfeito estado,Seca,Perfeito estado,Faixa de pedestre,Outras,,Única,Faixa seccionada,,,,,,,,
2019-11-06,15:48:00,SEM VÍTIMA,DUPLICIDADE,SANTO AMARO,AV CRUZ CABUGA,,,AO LADO DO CEMITERIO DOS INGLESES EM FRENTE AO COLEGIO ALMIRANTE SOARES DUTRA,AV CRUZ CABUGA,,AO LADO DO CEMITERIO DOS INGLESES EM FRENTE AO COLEGIO ALMIRANTE SOARES DUTRA,SANTO AMARO,,CIDADE,COLISÃO,COLISÃO SEM VITIMAS,1,,,,,1,,,,0,,,,,,,,,,,,,,,,,,,,
2019-11-06,16:21:00,SEM VÍTIMA,FINALIZADA,SÃO JOSÉ,RUA IMPERIAL,940,,PRÓXIMO AO ARMAZÉM FERRO E AÇO,RUA IMPERIAL,940,PRÓXIMO AO ARMAZÉM FERRO E AÇO,SÃO JOSÉ,510,SUBURBIO,COLISÃO TRASEIRA,COLISÃO SEM VITIMAS,2,,,,,,,,,0,,Longo da via,Bom,Sem defeito,Perfeito estado,Seca,Perfeito estado,Faixa de pedestre,Não há placas,,Única,Faixa contínua,,,,,,,,
2019-11-06,16:49:00,SEM VÍTIMA,FINALIZADA,ESPINHEIRO,AV GOVERNADOR AGAMENON MAGALHAES,2860,,,AV GOVERNADOR AGAMENON MAGALHAES,2860,,ESPINHEIRO,,SUBURBIO,ABALROAMENTO LONGITUDINAL,COLISÃO SEM VITIMAS,2,,,,,,,,,0,,Longo da via,Bom,Não existe,Perfeito estado,Seca,Perfeito estado,Outros,Outras,,Dupla,Canteiro central,,,,,,,,
2019-11-06,17:01:00,COM VÍTIMA,FINALIZADA,ILHA DO LEITE,AV GOVERNADOR AGAMENON MAGALHAES,4775,,EM FRENTE AO EMPRESARIAL THOMAZ EDSON,AV GOVERNADOR AGAMENON MAGALHAES,4775,EM FRENTE AO EMPRESARIAL THOMAZ EDSON,ILHA DO LEITE,,OLINDA,COLISÃO TRASEIRA,COLISAO COM VITIMA,,1,,,,,1,,,1,,Longo da via,Bom,Não existe,Perfeito estado,Seca,Perfeito estado,Agente,R-6a,,Única,Canteiro central,Faixa seccionada,,,,,,,
2019-11-06,17:26:00,SEM VÍTIMA,FINALIZADA,,RUA SA E SOUZA,624,RUA LUIZ PIMENTEL,AO LADO DO NÚMERO 624,RUA SA E SOUZA,624,AO LADO DO NÚMERO 624,,,CIDADE,ABALROAMENTO TRANSVERSAL,COLISAO SEM VITIMA,1,1,,,,,,,,0,,,Bom,Não existe,Perfeito estado,Seca,Perfeito estado,Faixa de pedestre,Placas Pare,30 km/h,Dupla,Faixa seccionada,,,,,,,,
2019-11-06,17:28:00,COM VÍTIMA,FINALIZADA,MADALENA,RUA JOSE OSORIO,111,,E/F A FUNDAÇAO CECOSNE AO LADO DA IMPORIO DOCES E SALGADOS,RUA JOSE OSORIO,111,E/F A FUNDAÇAO CECOSNE AO LADO DA IMPORIO DOCES E SALGADOS,MADALENA,,SUBURBIO,ABALROAMENTO TRANSVERSAL,COLISAO ENTRE AUTO E MOTO COM UMA VITIMA,1,1,,,,,,,,1,,Longo da via,Bom,Não existe,Perfeito estado,Seca,Perfeito estado,Não existe,Não há placas,50 km/h,Única,Faixa seccionada,,,,,,,,
2019-11-06,17:38:00,COM VÍTIMA,FINALIZADA,VÁRZEA,RUA BERNARDIM RIBEIRO,,,PROX AO POSTO DE SAUDE UNIDADE COSME DAMIÃO. RAMAL DA ARENA DE PERNAMBUCO. POSTE 02485,RUA BERNARDIM RIBEIRO,,PROX AO POSTO DE SAUDE UNIDADE COSME DAMIÃO. RAMAL DA ARENA DE PERNAMBUCO. POSTE 02485,VÁRZEA,,SUBURBIO,COLISÃO FRONTAL,COLISÃO COM VITIMA A ESPERA DO SAMU A ESPERA DO SAMU,1,1,,,,,,,,1,,Longo da via,Bom,Não existe,Perfeito estado,Seca,Perfeito estado,Não existe,Não há placas,,Única,Não existe,,,,,,,,
2019-11-06,17:56:00,SEM VÍTIMA,FINALIZADA,BAIRRO DO RECIFE,CAIS DA ALFANDEGA,,,INICIO DA PONTE GIRATÓRIA,CAIS DA ALFANDEGA,,INICIO DA PONTE GIRATÓRIA,BAIRRO DO RECIFE,477,SUBURBIO,ABALROAMENTO LONGITUDINAL,ENTRE AUTO E CAMINHÃO. S/V,1,,,,,,1,,,0,,Ponte,Bom,Sem defeito,Perfeito estado,Seca,Perfeito estado,Não existe,Outras,,Única,Faixa seccionada,,,,,,,,
2019-11-06,18:00:00,SEM VÍTIMA,FINALIZADA,BOA VISTA,AV MANOEL BORBA,1000,,BASE SAMU,AV MANOEL BORBA,1000,BASE SAMU,BOA VISTA,,SUBURBIO,ABALROAMENTO LONGITUDINAL,ENTRE 2 AUTOS. S/V,2,,,,,,,,,0,,Longo da via,Bom,Não existe,Perfeito estado,Seca,Perfeito estado,Não existe,R-6a,,Única,Faixa seccionada,,,,,,,,
2019-11-06,18:25:00,SEM VÍTIMA,FINALIZADA,MADALENA,RUA DEMOCRITO DE SOUZA FILHO,478,,GARDEN,RUA DEMOCRITO DE SOUZA FILHO,478,GARDEN,MADALENA,,,ABALROAMENTO TRANSVERSAL,ENTRE AUTO E MOTO ( MOTOQUEIRO NÃO QUIS ACIONAR O SAMU ) S/V,1,1,,,,,,,,0,,Cruzamento,Bom,Não existe,Perfeito estado,Seca,Perfeito estado,Faixa de retenção,Placas Pare,40 km/h,Única,Não existe,,,,,,,,
2019-11-06,18:56:00,SEM VÍTIMA,CANCELADA,MADALENA,RUA SPORT CLUBE DO RECIFE,,,E/F A JURANDIR PIRES E CAMPO DO SPORT SNT AFOGADOS/BR 232,RUA SPORT CLUBE DO RECIFE,,E/F A JURANDIR PIRES E CAMPO DO SPORT SNT AFOGADOS/BR 232,MADALENA,,,COLISÃO,AUTO X CAMINHÃO. S/V,1,,,,,,1,,,0,,,,,,,,,,,,,,,,,,,,
2019-11-06,19:11:00,SEM VÍTIMA,FINALIZADA,IPUTINGA,AV LUIZ DE LACERDA,277,,EM FRENTE O Nº 277,AV LUIZ DE LACERDA,277,EM FRENTE O Nº 277,IPUTINGA,,,CHOQUE VEÍCULO PARADO,ENTRE 3 AUTOS. S/V,3,,,,,,,,,0,,Longo da via,Bom,Não existe,Perfeito estado,Seca,Perfeito estado,Não existe,Outras,,Única,Faixa seccionada,,,,,,,,
2019-11-06,20:22:00,SEM VÍTIMA,FINALIZADA,IBURA,RUA DOIS RIOS,,AV DOIS RIOS,EM FRENTE A POLICLÍNICA PROFº ARNALDO MARQUES,RUA DOIS RIOS,,EM FRENTE A POLICLÍNICA PROFº ARNALDO MARQUES,IBURA,,SUBURBIO,COLISÃO FRONTAL,ENTRE 2 AUTOS. S/V,2,,,,,,,,,0,,Cruzamento,Bom,Não existe,Perfeito estado,Seca,Perfeito estado,Não existe,Não há placas,,Dupla,Faixa contínua,Canteiro central,,,,,,,
2019-11-06,20:25:00,COM VÍTIMA,FINALIZADA,CORDEIRO,RUA DR JOAO LACERDA,203,RUA DES FRANCISCO LUIZ,NA RUA DA DELEGACIA DHPP,RUA DR JOAO LACERDA,203,NA RUA DA DELEGACIA DHPP,CORDEIRO,,SUBURBIO,ABALROAMENTO LONGITUDINAL,MOTO X AUTO,1,1,,,,,,,,1,,Longo da via,Bom,Não existe,Não existente,Seca,Perfeito estado,Outros,Não há placas,,Dupla,Faixa seccionada,,,,,,,,
2019-11-07,07:26:00,SEM VÍTIMA,FINALIZADA,BOA VISTA,RUA PRINCESA IZABEL,,RUA DO HOSPICIO,EM FRENTE A CAMARA DOS VEREADORES,RUA PRINCESA IZABEL,,EM FRENTE A CAMARA DOS VEREADORES,BOA VISTA,31,CIDADE,COLISÃO TRASEIRA,DOIS AUTOS,2,,,,,,,,,0,,Cruzamento,Bom,Sem defeito,Perfeito estado,Seca,Perfeito estado,Agente,R-6a,,Única,Faixa contínua,,,,,,,,
2019-11-07,07:28:00,SEM VÍTIMA,FINALIZADA,AFOGADOS,RUA VINTE E UM DE ABRIL,,,CLUBE FERROVIÁRIO DO RECIFE,RUA VINTE E UM DE ABRIL,,CLUBE FERROVIÁRIO DO RECIFE,AFOGADOS,611,CIDADE,COLISÃO TRASEIRA,COLISÃO SEM VITIMAS,2,,,,,,,,,0,,Longo da via,Bom,Sem defeito,Perfeito estado,Seca,Perfeito estado,Não existe,Não há placas,,Dupla,Não existe,,,,,,,,
2019-11-07,07:37:00,COM VÍTIMA,FINALIZADA,AREIAS,AV DR JOSE RUFINO,812,RUA AIRES BELO,RESIDENCIA PROX AO SENAI,AV DR JOSE RUFINO,812,RESIDENCIA PROX AO SENAI,AREIAS,,CIDADE,COLISÃO COM CICLISTA,COLISÃO COM VITIMA SOCORRIDA PELO SAMU,,1,,1,,,,,,1,,Longo da via,Bom,Não existe,Perfeito estado,Seca,Perfeito estado,Não existe,Outras,,Dupla,Faixa contínua,,,,,,,,
2019-11-07,07:32:00,SEM VÍTIMA,FINALIZADA,ENCRUZILHADA,EST DE BELEM,808,,LADO OPOSTO AO POSTO TOTAL,EST DE BELEM,808,LADO OPOSTO AO POSTO TOTAL,ENCRUZILHADA,94,SUBURBIO,ABALROAMENTO LONGITUDINAL,COLISÃO SEM VITIMAS,1,,,,,1,,,,0,,Longo da via,Bom,Sem defeito,Perfeito estado,Seca,Perfeito estado,Faixa de retenção,Outras,,Dupla,Faixa contínua,,,,,,,,
2019-11-07,07:50:00,SEM VÍTIMA,FINALIZADA,ROSARINHO,AV SANTOS DUMONT,815,RUA ENGENHEIRO SAMPAIO,RUA DA CLINICA ELLAS,AV SANTOS DUMONT,815,RUA DA CLINICA ELLAS,ROSARINHO,,,COLISÃO,MOTO E AUTO,1,1,,,,,,,,0,,,,,,,,,,,,,,,,,,,,
2019-11-07,07:54:00,SEM VÍTIMA,FINALIZADA,,RUA ALTINHO,,RUA DEMOCRITO DE SOUZA FILHO,,RUA ALTINHO,,,,,CIDADE,ABALROAMENTO LONGITUDINAL,SEM VITIMAS /CTTU NO LOCAL,2,,,,,,,,,0,,Longo da via,Bom,Não existe,,Seca,Perfeito estado,Não existe,R-6a,,Única,Não existe,,,,,,,,
2019-11-07,07:57:00,SEM VÍTIMA,CANCELADA,ARRUDA,AV PROFESSOR JOSE DOS ANJOS,1565,,,AV PROFESSOR JOSE DOS ANJOS,1565,,ARRUDA,,,COLISÃO,COLISÃO ENTRE AUTO E MOTO SEM VÍTIMAS,1,1,,,,,,,,0,,,,,,,,,,,,,,,,,,,,
2019-11-07,08:11:00,SEM VÍTIMA,CANCELADA,TOTÓ,AV LIBERDADE,S/N,,E/F AO COMPLEXO DO CURADO (PORTÃO DO PRESÍDIO PAMPA),AV LIBERDADE,S/N,E/F AO COMPLEXO DO CURADO (PORTÃO DO PRESÍDIO PAMPA),TOTÓ,,,COLISÃO,COLISÃO S/VITIMAS ENTRE DUAS MOTOS,,2,,,,,,,,0,,,,,,,,,,,,,,,,,,,,
2019-11-07,08:22:00,SEM VÍTIMA,FINALIZADA,JOANA BEZERRA,VIADUTO CAPITAO TEMUDO,,,AO LADO DO FÓRUM JOANA BEZERRA,VIADUTO CAPITAO TEMUDO,,AO LADO DO FÓRUM JOANA BEZERRA,JOANA BEZERRA,,CIDADE,COLISÃO TRASEIRA,SEM VITIMAS,1,1,,,,,,,,0,,Longo da via,Bom,Não existe,Perfeito estado,Seca,Perfeito estado,Não existe,Não há placas,,Dupla,Faixa seccionada,,,,,,,,
2019-11-07,08:41:00,SEM VÍTIMA,FINALIZADA,BARRO,AV DR JOSE RUFINO,1650,,SERVCAR,AV DR JOSE RUFINO,1650,SERVCAR,BARRO,,CIDADE,ABALROAMENTO LONGITUDINAL,COLISÃO SEM VITIMAS,1,,,,,,1,,,0,,Longo da via,Bom,Não existe,Perfeito estado,Seca,Perfeito estado,Não existe,Outras,,Dupla,Faixa contínua,Faixa seccionada,,,,,,,
2019-11-07,09:04:00,SEM VÍTIMA,CANCELADA,BOA VIAGEM,RUA VISCONDE DE JEQUITINHONHA,1204,,POR TRAS DO EDF TAORMINA / POR TRAS DO PARQUE DONA LINDU,RUA VISCONDE DE JEQUITINHONHA,1204,POR TRAS DO EDF TAORMINA / POR TRAS DO PARQUE DONA LINDU,BOA VIAGEM,,,COLISÃO,TRES AUTOS,3,,,,,,,,,0,,,,,,,,,,,,,,,,,,,,
2019-11-07,09:10:00,SEM VÍTIMA,FINALIZADA,BOA VIAGEM,AV ENGENHEIRO DOMINGOS FERREIRA,2986,,EM FRENTE ROMARRI TECIDOS,AV ENGENHEIRO DOMINGOS FERREIRA,2986,EM FRENTE ROMARRI TECIDOS,BOA VIAGEM,,SUBURBIO,COLISÃO TRASEIRA,COLISÃO S/VITIMAS ENTRE DOIS AUTOS,2,,,,,,,,,0,,Longo da via,Bom,Não existe,Perfeito estado,Seca,Perfeito estado,Não existe,Outras,60 km/h,Dupla,Canteiro central,,,,,,,,
2019-11-07,09:57:00,COM VÍTIMA,FINALIZADA,CORDEIRO,AV CAXANGA,,RUA PAES CABRAL,AO LADO DO SUPERMERCADO SOBERANO,AV CAXANGA,,AO LADO DO SUPERMERCADO SOBERANO,CORDEIRO,,CIDADE,ATROPELAMENTO,MOTO E PEDESTRE,,1,,,1,,,,,1,,Longo da via,Bom,Não existe,Perfeito estado,Seca,Perfeito estado,Não existe,R-6a,,Dupla,Canteiro central,,,,,,,,
2019-11-07,10:21:00,SEM VÍTIMA,FINALIZADA,BOA VISTA,RUA PRINCESA IZABEL,83,,EM FRENTE A CASA LOTERICA,RUA PRINCESA IZABEL,83,EM FRENTE A CASA LOTERICA,BOA VISTA,,,COLISÃO,SEM VITIMAS,2,,,,,,,,,0,,,,,,,,,,,,,,,,,,,,
2019-11-07,11:21:00,SEM VÍTIMA,FINALIZADA,IMBIRIBEIRA,AV MARECHAL MASCARENHAS DE MORAES,,,JACAÚNA DECORAÇÕES,AV MARECHAL MASCARENHAS DE MORAES,,JACAÚNA DECORAÇÕES,IMBIRIBEIRA,,SUBURBIO,COLISÃO TRASEIRA,SEM VITIMAS,2,,,,,,,,,0,,Longo da via,Bom,Não existe,Perfeito estado,Seca,Perfeito estado,Não existe,Não há placas,60 km/h,Dupla,Faixa seccionada,Canteiro central,,,,,,,
2019-11-07,11:53:00,COM VÍTIMA,FINALIZADA,BOA VIAGEM,RUA AVIADOR SEVERIANO LINS,394,RUA DONA BENVINDA DE FARIAS,EDF JUAREZ VIEIRA DA CUNHA,RUA AVIADOR SEVERIANO LINS,394,EDF JUAREZ VIEIRA DA CUNHA,BOA VIAGEM,,SUBURBIO,COLISÃO TRASEIRA,COM UMA VITIMA /LOCAL DESCARACTERIZADO,1,1,,,,,,,,1,,Cruzamento,Bom,Não existe,Perfeito estado,Seca,Perfeito estado,Não existe,Outras,20 km/h,Dupla,Não existe,,,,,,,,
2019-11-07,12:35:00,SEM VÍTIMA,PENDENTE,BOA VIAGEM,RUA BRUNO VELOSO,,,NA SAIDA DO SHOPPING RECIFE AO LADO DO POSTO CADILLAC,RUA BRUNO VELOSO,,NA SAIDA DO SHOPPING RECIFE AO LADO DO POSTO CADILLAC,BOA VIAGEM,,,COLISÃO,COLISAO ENTRE DOIS AUTOS S/V,2,,,,,,,,,0,,,,,,,,,,,,,,,,,,,,
2019-11-07,12:48:00,SEM VÍTIMA,FINALIZADA,JOANA BEZERRA,AV ADVOGADO JOSE PAULO CAVALCANTI,,,SOB O VIADUTO CAPITÃO TEMUDO,AV ADVOGADO JOSE PAULO CAVALCANTI,,SOB O VIADUTO CAPITÃO TEMUDO,JOANA BEZERRA,,,CHOQUE VEÍCULO PARADO,ENTRE DOIS AUTOS S/V,1,,,,,1,,,,0,,Longo da via,Bom,Não existe,Não existente,,Mal conservada,Não existe,Não há placas,,Dupla,Canteiro central,,,,,,,,
2019-11-07,12:48:00,COM VÍTIMA,FINALIZADA,VÁRZEA,RUA ACADEMICO HELIO RAMOS,,RUA JOAO FRANCISCO LISBOA,PROX AO CEMITERIO DA VARZEA,RUA ACADEMICO HELIO RAMOS,,PROX AO CEMITERIO DA VARZEA,VÁRZEA,,SUBURBIO,ABALROAMENTO TRANSVERSAL,COLISAO ENTRE AUTO E MOTO COM UMA VITIMA,1,1,,,,,,,,1,,Cruzamento,Bom,Não existe,Perfeito estado,Seca,Perfeito estado,Não existe,R-6a,,Dupla,Não existe,,,,,,,,
2019-11-07,12:53:00,SEM VÍTIMA,FINALIZADA,AFOGADOS,AV SUL,,,POLICLINICA AGAMENON MAGALHÃES,AV SUL,,POLICLINICA AGAMENON MAGALHÃES,AFOGADOS,,CIDADE,ABALROAMENTO LONGITUDINAL,COLISAO ENTRE CAMINHAO E AUTO S/V,1,,,,,,1,,,0,,Longo da via,Bom,Não existe,Perfeito estado,Seca,Perfeito estado,Não existe,Não há placas,40 km/h,Única,Faixa seccionada,,,,,,,,
2019-11-07,13:04:00,COM VÍTIMA,FINALIZADA,TORRE,RUA JOSE BONIFACIO,,RUA MARCOS ANDRE,NO SEMAFORO 487,RUA JOSE BONIFACIO,,NO SEMAFORO 487,TORRE,487,SUBURBIO,ATROPELAMENTO,DOIS AUTOS E UM PEDESTRE.,2,,,,1,,,,,1,,Longo da via,Bom,Sem defeito,Não existente,Seca,Perfeito estado,Não existe,Outras,40 km/h,Dupla,Canteiro central,,,,,,,,
2019-11-07,13:39:00,SEM VÍTIMA,FINALIZADA,AFOGADOS,PTE DO MOTOCOLOMBO,265,,TROCÃO,PTE DO MOTOCOLOMBO,265,TROCÃO,AFOGADOS,265,SUBURBIO,ABALROAMENTO LONGITUDINAL,COLISAO ENTRE DOIS AUTOS,2,,,,,,,,,0,,Longo da via,Bom,Sem defeito,Perfeito estado,Seca,Perfeito estado,Faixa de pedestre,Outras,,Única,Faixa seccionada,,,,,,,,
2019-11-07,13:46:00,SEM VÍTIMA,CANCELADA,AFOGADOS,RUA SERTAOZINHO,,,POR TRAS DA IGREJA DA PAZ,RUA SERTAOZINHO,,POR TRAS DA IGREJA DA PAZ,AFOGADOS,,,COLISÃO,COLISAO ENTRE DOIS AUTOS,2,,,,,,,,,0,,,,,,,,,,,,,,,,,,,,
2019-11-07,14:05:00,SEM VÍTIMA,FINALIZADA,CASA AMARELA,RUA VISCONDE DE TAUNAY,,RUA XAVANTES,CRUZAMENTO DAS RUAS,RUA VISCONDE DE TAUNAY,,CRUZAMENTO DAS RUAS,CASA AMARELA,,,ABALROAMENTO TRANSVERSAL,COLISAO ENTRE DOIS AUTOS,2,,,,,,,,,0,,Cruzamento,Bom,Não existe,Perfeito estado,Seca,Perfeito estado,Não existe,Placas Pare,,Dupla,Não existe,,,,,,,,
2019-11-07,14:49:00,SEM VÍTIMA,FINALIZADA,PARNAMIRIM,EST DAS UBAIAS,,311,,,EST DAS UBAIAS,,311,,PARNAMIRIM,,SUBURBIO,ABALROAMENTO TRANSVERSAL,DOIS AUTOS,2,,,,,,,,,0,,Longo da via,Bom,Sem defeito,Ilegível,Seca,Perfeito estado,Não existe,Outras,30 km/h,Dupla,Não existe,,,,,,
2019-11-07,15:16:00,SEM VÍTIMA,FINALIZADA,ILHA DO LEITE,PRC MIGUEL DE CERVANTES,60,,AO LADO DA PRAÇA MIGUEL DE CERVANTES,PRC MIGUEL DE CERVANTES,60,AO LADO DA PRAÇA MIGUEL DE CERVANTES,ILHA DO LEITE,,CIDADE,ABALROAMENTO TRANSVERSAL,ENTRE DOIS AUTOS S/V,2,,,,,,,,,0,,Longo da via,Bom,Não existe,Perfeito estado,Seca,Perfeito estado,Faixa de pedestre,Placas Pare,,Única,Faixa seccionada,,,,,,,,
2019-11-07,15:17:00,SEM VÍTIMA,FINALIZADA,MADALENA,AV ENGENHEIRO ABDIAS DE CARVALHO,714,,POSTO SHEL,AV ENGENHEIRO ABDIAS DE CARVALHO,714,POSTO SHEL,MADALENA,,SUBURBIO,COLISÃO TRASEIRA,TRES AUTOS,3,,,,,,,,,0,,Longo da via,Bom,Não existe,Perfeito estado,Seca,Perfeito estado,Não existe,Outras,,Dupla,Faixa contínua,Faixa seccionada,Canteiro central,,,,,,
2019-11-07,15:23:00,SEM VÍTIMA,CANCELADA,AFOGADOS,RUA VISCONDE DE PELOTAS,28,,PROX. AO PONTILHÃO E RIVE SOM EQUIPADORA,RUA VISCONDE DE PELOTAS,28,PROX. AO PONTILHÃO E RIVE SOM EQUIPADORA,AFOGADOS,,,COLISÃO,DOIS AUTOS,2,,,,,,,,,0,,,,,,,,,,,,,,,,,,,,
2019-11-07,15:28:00,SEM VÍTIMA,FINALIZADA,CORDEIRO,AV GENERAL SAN MARTIN,,,LADO OPOSTO AOS CORREIOS,AV GENERAL SAN MARTIN,,LADO OPOSTO AOS CORREIOS,CORDEIRO,403,SUBURBIO,ABALROAMENTO LONGITUDINAL,ENTRE DOIS AUTOS S/V,2,,,,,,,,,0,,Longo da via,Bom,Sem defeito,Perfeito estado,Seca,Perfeito estado,Faixa de pedestre,Não há placas,,Dupla,Faixa contínua,,,,,,,,
2019-11-07,15:34:00,COM VÍTIMA,FINALIZADA,ESPINHEIRO,RUA QUARENTA E OITO,395,RUA DO ESPINHEIRO,,RUA QUARENTA E OITO,395,,ESPINHEIRO,166,CIDADE,ABALROAMENTO LONGITUDINAL,COLISÃO COM VÍTIMA ENTRE AUTO E MOTO.,1,1,,,,,,,,1,,Cruzamento,Bom,Sem defeito,Perfeito estado,Seca,Perfeito estado,Faixa de pedestre,Outras,,Única,Faixa contínua,,,,,,,,
2019-11-07,15:43:00,SEM VÍTIMA,FINALIZADA,ILHA DO RETIRO,RUA BENFICA,,RUA SPORT CLUBE DO RECIFE,EM FRENTE AO Nº 98,RUA BENFICA,,EM FRENTE AO Nº 98,ILHA DO RETIRO,,,ABALROAMENTO LONGITUDINAL,COLISAO ENTRE AUTO E MICRO ONIBUS,1,,,,,1,,,,0,,,Bom,Não existe,Incompleta,Seca,Perfeito estado,Não existe,Outras,,Única,Não existe,,,,,,,,
2019-11-07,16:16:00,COM VÍTIMA,CANCELADA,SÃO JOSÉ,RUA IMPERIAL,,,E/F AO FERRO E AÇO,RUA IMPERIAL,,E/F AO FERRO E AÇO,SÃO JOSÉ,,,COLISÃO,ENTRE AUTO PASSEIO X MOTO COM VÍTIMA,1,1,,,,,,,,1,,,,,,,,,,,,,,,,,,,,
2019-11-07,16:33:00,COM VÍTIMA,FINALIZADA,PRADO,RUA CARLOS GOMES,,RUA PADRE TEOFILO TWORZ,E/F A BIG CAR E LADO OPOSTO AO POSTO DE SAÚDE PROF. ROMERO MARQUES.,RUA CARLOS GOMES,,E/F A BIG CAR E LADO OPOSTO AO POSTO DE SAÚDE PROF. ROMERO MARQUES.,PRADO,,SUBURBIO,ABALROAMENTO TRANSVERSAL,CAMINHÃO X MOTO COM VÍTIMA,,1,,,,,1,,,1,,Cruzamento,Bom,Não existe,Perfeito estado,Seca,Perfeito estado,Não existe,R-6a,,Dupla,Faixa seccionada,,,,,,,,
2019-11-07,16:37:00,SEM VÍTIMA,CANCELADA,CORDEIRO,RUA GOMES TABORDA,,,EM FRENTE AO BAILE PERFUMADO,RUA GOMES TABORDA,,EM FRENTE AO BAILE PERFUMADO,CORDEIRO,,,COLISÃO,COLISAO ENTRE 2 AUTOS,1,,,,,1,,,,0,,,,,,,,,,,,,,,,,,,,
2019-11-07,16:43:00,SEM VÍTIMA,FINALIZADA,ESPINHEIRO,AV GOVERNADOR AGAMENON MAGALHAES,,,EM FRENTE A ALFA FINANCEIRA,AV GOVERNADOR AGAMENON MAGALHAES,,EM FRENTE A ALFA FINANCEIRA,ESPINHEIRO,,CIDADE,COLISÃO TRASEIRA,COLISAO ENTRE DOIS AUTOS,1,,,,,1,,,,0,,Longo da via,Bom,Não existe,Perfeito estado,,,Não existe,,,Dupla,Canal,,,,,,,,
2019-11-07,16:55:00,SEM VÍTIMA,FINALIZADA,MADALENA,AV VISCONDE DE ALBUQUERQUE,,,D´AVILA,AV VISCONDE DE ALBUQUERQUE,,D´AVILA,MADALENA,413,SUBURBIO,COLISÃO FRONTAL,TRES AUTOS,3,,,,,,,,,0,,Longo da via,Bom,Sem defeito,Perfeito estado,Seca,Perfeito estado,Faixa de pedestre,Outras,60 km/h,Única,Faixa contínua,Faixa seccionada,,,,,,,