data,hora,natureza_acidente,situacao,bairro,endereco,numero,detalhe_endereco_acidente,complemento,endereco_cruzamento,numero_cruzamento,referencia_cruzamento,bairro_cruzamento,num_semaforo,sentido_via,tipo,descricao,auto,moto,ciclom,ciclista,pedestre,onibus,caminhao,viatura,outros,vitimas,vitimasfatais,acidente_verificado,tempo_clima,situacao_semaforo,sinalizacao,condicao_via,conservacao_via,ponto_controle,situacao_placa,velocidade_max_via,mao_direcao,divisao_via1,divisao_via2,divisao_via3,,,,,,
2019-11-08,20:16:00,SEM VÍTIMA,CANCELADA,ESTÂNCIA,AV RECIFE,,,E/F A IMPERIAL EQUIPAMENTOS,AV RECIFE,,E/F A IMPERIAL EQUIPAMENTOS,ESTÂNCIA,,SUBURBIO,COLISÃO,CAMINHÃO X AUTO PASSEIO S/V,1,,,,,,1,,,0,,,,,,,,,,,,,,,,,,,,
2019-11-08,20:51:00,COM VÍTIMA,FINALIZADA,IMBIRIBEIRA,RUA ITACARI,162,RUA ITAJAI,PROX QAP SEGURANÇA,RUA ITACARI,162,PROX QAP SEGURANÇA,IMBIRIBEIRA,,SUBURBIO,ABALROAMENTO TRANSVERSAL,MOTO X AUTO PASSEIO S/V,1,1,,,,,,,,1,,Longo da via,Bom,Não existe,Perfeito estado,Seca,Perfeito estado,Não existe,Placas Pare,,Única,Faixa seccionada,,,,,,,,
2019-11-08,21:18:00,SEM VÍTIMA,FINALIZADA,MADALENA,RUA BENFICA,,,EM FRENTE AO Nº 480,RUA BENFICA,,EM FRENTE AO Nº 480,MADALENA,,SUBURBIO,CHOQUE OBJETO FIXO,COLISÃO,1,,,,,,,,,0,,Longo da via,Bom,Não existe,Perfeito estado,Seca,Perfeito estado,Não existe,Não há placas,,Única,Faixa contínua,,,,,,,,
2019-11-08,22:23:00,COM VÍTIMA,FINALIZADA,MANGUEIRA,RUA SAO MIGUEL,,,E/F AO POSTO IPIRANGA,RUA SAO MIGUEL,,E/F AO POSTO IPIRANGA,MANGUEIRA,,,ABALROAMENTO TRANSVERSAL,COLISAO COM VITIMAS,1,1,,,,,,,,2,,Longo da via,Bom,Não existe,Incompleta,Seca,Perfeito estado,Outros,Outras,,Dupla,Outros,,,,,,,,
2019-11-09,02:51:00,SEM VÍTIMA,FINALIZADA,ARRUDA,RUA MARQUES DE BAIPENDI,,RUA PROFESSOR JERONIMO GUEIROS,COCACOLA,RUA MARQUES DE BAIPENDI,,COCACOLA,ARRUDA,495,SUBURBIO,COLISÃO TRASEIRA,COLISAO SEM VITIMAS,2,,,,,,,,,0,,Longo da via,Bom,Sem defeito,Não existente,Seca,Perfeito estado,Não existe,Não há placas,,Dupla,Não existe,,,,,,,,
2019-11-09,03:03:00,COM VÍTIMA,FINALIZADA,TAMARINEIRA,AV CONS ROSA E SILVA,1997,RUA DR JOSE MARIA,,AV CONS ROSA E SILVA,1997,,TAMARINEIRA,253,SUBURBIO,ABALROAMENTO LONGITUDINAL,COLISAO COM VITIMAS,1,1,,,,,,,,1,,Cruzamento,Bom,Sem defeito,Perfeito estado,Seca,Perfeito estado,Faixa de pedestre,Não há placas,,Única,Faixa seccionada,,,,,,,,
2019-11-09,06:13:00,SEM VÍTIMA,FINALIZADA,IMBIRIBEIRA,AV MARECHAL MASCARENHAS DE MORAES,,AV PRESIDENTE DUTRA,LADO OPOSTO A TOYOLEX,AV MARECHAL MASCARENHAS DE MORAES,,LADO OPOSTO A TOYOLEX,IMBIRIBEIRA,,SUBURBIO,ABALROAMENTO LONGITUDINAL,COLISÃO S/VITIMAS ENTRE UM CAMINHÃO E UM AUTO,1,,,,,,1,,,0,,,Bom,Não existe,Perfeito estado,Seca,Perfeito estado,Não existe,Outras,,Única,Faixa contínua,Faixa seccionada,,,,,,,
2019-11-09,06:46:00,COM VÍTIMA,FINALIZADA,IMBIRIBEIRA,AV MARECHAL MASCARENHAS DE MORAES,6211,,E/F A INFRAERO,AV MARECHAL MASCARENHAS DE MORAES,6211,E/F A INFRAERO,IMBIRIBEIRA,,CIDADE,ABALROAMENTO LONGITUDINAL,COLISÃO C/VITIMA ENTRE UM ÔNIBUS E UMA MOTO,,1,,,,1,,,,1,,Longo da via,Bom,Não existe,Perfeito estado,Seca,Perfeito estado,Não existe,Outras,,Dupla,Canteiro central,,,,,,,,
2019-11-09,07:45:00,SEM VÍTIMA,FINALIZADA,BOA VIAGEM,AV ENGENHEIRO DOMINGOS FERREIRA,,RUA PROFESSOR JOSE BRANDAO,,AV ENGENHEIRO DOMINGOS FERREIRA,,,BOA VIAGEM,550,,ABALROAMENTO LONGITUDINAL,MOTO E AUTO,1,1,,,,,,,,0,,Longo da via,Bom,Sem defeito,Perfeito estado,Seca,Perfeito estado,Faixa de pedestre,Outras,,Única,Faixa seccionada,Canteiro central,,,,,,,
2019-11-09,08:33:00,SEM VÍTIMA,FINALIZADA,BOA VISTA,RUA DR BANDEIRA FILHO,,AV GOVERNADOR AGAMENON MAGALHAES,,RUA DR BANDEIRA FILHO,,,BOA VISTA,173,SUBURBIO,ABALROAMENTO LONGITUDINAL,COLISÃO S/VITIMAS ENTRE UM AUTO E UM ONIBUS,1,,,,,1,,,,0,,Cruzamento,Bom,Sem defeito,Perfeito estado,Seca,Perfeito estado,Faixa de pedestre,Outras,,Única,Não existe,,,,,,,,
2019-11-09,08:55:00,SEM VÍTIMA,FINALIZADA,JAQUEIRA,PRC PROFESSOR FLEMING,,,POR TRÁS DO PARQUE DA JAQUEIRA,PRC PROFESSOR FLEMING,,POR TRÁS DO PARQUE DA JAQUEIRA,JAQUEIRA,,CIDADE,ABALROAMENTO LONGITUDINAL,COLISAO S/ VITIMA UM AUTO E UM ONIBUS,1,,,,,1,,,,0,,Longo da via,Bom,Não existe,Perfeito estado,Seca,Perfeito estado,Não existe,Não há placas,40 km/h,Única,Faixa seccionada,,,,,,,,
2019-11-09,09:15:00,SEM VÍTIMA,FINALIZADA,DERBY,PTE ESTACIO COIMBRA,,,,PTE ESTACIO COIMBRA,,,DERBY,,CIDADE,COLISÃO TRASEIRA,COLISÃO S/VITIMAS ENTRE TRES AUTOS,3,,,,,,,,,0,,Ponte,Bom,Não existe,Perfeito estado,Seca,Perfeito estado,Não existe,Não há placas,,Dupla,Faixa contínua,,,,,,,,
2019-11-09,09:21:00,SEM VÍTIMA,FINALIZADA,SANTO AMARO,AV CRUZ CABUGA,419,,SECRETARIA DA FAZENDA,AV CRUZ CABUGA,419,SECRETARIA DA FAZENDA,SANTO AMARO,344,CIDADE,COLISÃO TRASEIRA,MOTO E AUTO,1,1,,,,,,,,0,,Longo da via,Bom,Sem defeito,Perfeito estado,Seca,Perfeito estado,,Outras,,Dupla,Faixa seccionada,,,,,,,,
2019-11-09,09:24:00,SEM VÍTIMA,FINALIZADA,SÃO JOSÉ,AV DANTAS BARRETO,877,,FRENTE A LOJA IMPERIO DOS FOGÕES,AV DANTAS BARRETO,877,FRENTE A LOJA IMPERIO DOS FOGÕES,SÃO JOSÉ,,SUBURBIO,COLISÃO TRASEIRA,COLISÃO S/VITIMAS ENTRE UMA MOTO E UM AUTO,1,1,,,,,,,,0,,Longo da via,Bom,Não existe,Incompleta,Seca,Perfeito estado,Não existe,R-6a,,Única,Não existe,,,,,,,,
2019-11-09,09:26:00,COM VÍTIMA,FINALIZADA,BOMBA DO HEMETÉRIO,RUA BOMBA DO HEMETERIO,484,,EM FRENTE A GRANJA,RUA BOMBA DO HEMETERIO,484,EM FRENTE A GRANJA,BOMBA DO HEMETÉRIO,,SUBURBIO,COLISÃO TRASEIRA,MOTO E AUTO,1,1,,,,,,,,1,,Longo da via,Bom,Não existe,Perfeito estado,Seca,Perfeito estado,Não existe,R-6a,,Dupla,Faixa seccionada,,,,,,,,
2019-11-09,09:44:00,SEM VÍTIMA,CANCELADA,JOANA BEZERRA,VDO PAPA JOAO PAULO II,,,PONTE PAPA JOÃO PAULO SEGUNDO /EM FRENTE AO POSTO DA POLICIA MILITAR,VDO PAPA JOAO PAULO II,,PONTE PAPA JOÃO PAULO SEGUNDO /EM FRENTE AO POSTO DA POLICIA MILITAR,JOANA BEZERRA,,BOA VIAGEM,COLISÃO,SEM VITIMAS,1,1,,,,,,,,0,,,,,,,,,,,,,,,,,,,,
2019-11-09,09:56:00,SEM VÍTIMA,EQUIPE NO LOCAL,TORRE,RUA PROFESSOR TRAJANO DE MENDONCA,440,,EM FRENTE AO POSTO SHELL,RUA PROFESSOR TRAJANO DE MENDONCA,440,EM FRENTE AO POSTO SHELL,TORRE,,,ABALROAMENTO TRANSVERSAL,COLISÃO S/VITIMAS ENTRE UM CAMINHÃO E UM AUTO,1,,,,,,,,1,0,,Longo da via,Bom,Não existe,Perfeito estado,Seca,Mal conservada,Não existe,Outras,40 km/h,Única,Não existe,,,,,,,,
2019-11-09,10:37:00,SEM VÍTIMA,FINALIZADA,BOA VIAGEM,RUA PROFESSOR JULIO FERREIRA DE MELO,858,,EM FRENTE AO REGEN'T PARK,RUA PROFESSOR JULIO FERREIRA DE MELO,858,EM FRENTE AO REGEN'T PARK,BOA VIAGEM,,SUBURBIO,COLISÃO TRASEIRA,DOIS AUTOS,2,,,,,,,,,0,,Longo da via,Bom,Não existe,Perfeito estado,Seca,Perfeito estado,Não existe,R-6a,,Única,Não existe,,,,,,,,
2019-11-09,10:43:00,SEM VÍTIMA,FINALIZADA,SÃO JOSÉ,AV SUL,,,POR TRÁS DO FORTE DAS CINCO PONTAS,AV SUL,,POR TRÁS DO FORTE DAS CINCO PONTAS,SÃO JOSÉ,72,CIDADE,COLISÃO TRASEIRA,COLISÃO S/VITIMAS ENTRE DOIS AUTOS,2,,,,,,,,,0,,Longo da via,Bom,Sem defeito,Perfeito estado,Seca,,Faixa de pedestre,Outras,60 km/h,Única,Faixa seccionada,,,,,,,,
2019-11-09,12:04:00,SEM VÍTIMA,FINALIZADA,BOA VIAGEM,AV FERNANDO SIMOES BARBOSA,348,,LADO OPOSTO AO SUPERMERCADO EXTRABOM,AV FERNANDO SIMOES BARBOSA,348,LADO OPOSTO AO SUPERMERCADO EXTRABOM,BOA VIAGEM,,SUBURBIO,ABALROAMENTO TRANSVERSAL,COLISÃO SEM VITIMA,2,,,,,,,,,0,,Longo da via,Bom,Não existe,Perfeito estado,Seca,Perfeito estado,Não existe,R-6a,,Única,Faixa contínua,,,,,,,,
2019-11-09,12:13:00,SEM VÍTIMA,FINALIZADA,BOA VIAGEM,AV BOA VIAGEM,4988,RUA BARAO DE SOUZA LEAO,,AV BOA VIAGEM,4988,,BOA VIAGEM,,CIDADE,ABALROAMENTO LONGITUDINAL,ONIBUS X AUTO PASSEIO S/V,1,,,,,1,,,,0,,Longo da via,Bom,Não existe,Perfeito estado,Seca,Perfeito estado,Não existe,,60 km/h,Única,Faixa contínua,,,,,,,,
2019-11-09,12:38:00,SEM VÍTIMA,FINALIZADA,CASA AMARELA,EST DO ARRAIAL,3946,RUA PADRE LEMOS,COLCHÕES ORTOBOM,EST DO ARRAIAL,3946,COLCHÕES ORTOBOM,CASA AMARELA,404,SUBURBIO,ABALROAMENTO LONGITUDINAL,GCM THIAGO PASSOS E CLEITON SANTANA NO LOCAL,1,,,,,,1,,,0,,Cruzamento,Bom,Sem defeito,Perfeito estado,Seca,Perfeito estado,Faixa de pedestre,,,Única,Faixa seccionada,,,,,,,,
2019-11-09,12:47:00,SEM VÍTIMA,CANCELADA,AFOGADOS,RUA SAO MIGUEL,46,RUA DRA ITAMAR DE MORAIS E SILVA,ANTES DO SEMAFORO 392 RUA LATERAL DO BODE DO NÔ,RUA SAO MIGUEL,46,ANTES DO SEMAFORO 392 RUA LATERAL DO BODE DO NÔ,AFOGADOS,,,COLISÃO,COLISAO ENTRE CAMINHAO E AUTOS S/V,1,,,,,,1,,,0,,,,,,,,,,,,,,,,,,,,
2019-11-09,12:50:00,SEM VÍTIMA,FINALIZADA,GUABIRABA,AV DA RECUPERACAO,,,OFICINA DE MOLAS BOM JESUS,AV DA RECUPERACAO,,OFICINA DE MOLAS BOM JESUS,GUABIRABA,,,COLISÃO,COLISÃO ENTRE ÔNIBUS DA GLOBO E CAMINHÃO,,,,,,1,1,,,0,,,,,,,,,,,,,,,,,,,,
2019-11-09,13:20:00,SEM VÍTIMA,FINALIZADA,ILHA DO LEITE,AV GOVERNADOR AGAMENON MAGALHAES,,,SOB O SEMAFORO Nº 069,AV GOVERNADOR AGAMENON MAGALHAES,,SOB O SEMAFORO Nº 069,ILHA DO LEITE,69,,COLISÃO TRASEIRA,COLISAO ENTRE ÔNIBUS X AUTO PASSEIO S/V,1,,,,,1,,,,0,,Longo da via,Bom,Sem defeito,Perfeito estado,Seca,Perfeito estado,Agente,,,Dupla,Canal,,,,,,,,
2019-11-09,13:59:00,SEM VÍTIMA,PENDENTE,IBURA,RUA DR BENIGNO JORDAO DE VASCONCELOS,1315,,PROX AO TERMINAL DE ONIBUS DA LAGOA ENCANTADA,RUA DR BENIGNO JORDAO DE VASCONCELOS,1315,PROX AO TERMINAL DE ONIBUS DA LAGOA ENCANTADA,IBURA,,,COLISÃO,ONIBUS X AUTO PASSEIO S/V,1,,,,,1,,,,0,,,,,,,,,,,,,,,,,,,,
2019-11-09,14:05:00,SEM VÍTIMA,FINALIZADA,ARRUDA,AV PROFESSOR JOSE DOS ANJOS,,,,AV PROFESSOR JOSE DOS ANJOS,,,ARRUDA,554,SUBURBIO,ABALROAMENTO LONGITUDINAL,COLISAO ENTRE AUTO E MOTO S/V,1,1,,,,,,,,0,,Longo da via,Bom,Sem defeito,Perfeito estado,Seca,Perfeito estado,Faixa de pedestre,Outras,,Única,Faixa seccionada,,,,,,,,
2019-11-09,14:25:00,SEM VÍTIMA,FINALIZADA,BOA VIAGEM,AV CONSELHEIRO AGUIAR,1865,,EM FRENTE AO SEMÁFORO 366,AV CONSELHEIRO AGUIAR,1865,EM FRENTE AO SEMÁFORO 366,BOA VIAGEM,366,CIDADE,CHOQUE,CHOQUE DE ONIBUS COM UM SEMAFORO,,,,,,1,,,,0,,Longo da via,Bom,Sem defeito,Perfeito estado,Seca,Perfeito estado,Não existe,Outras,,Única,Faixa seccionada,,,,,,,,
2019-11-09,14:31:00,SEM VÍTIMA,FINALIZADA,CASA AMARELA,AV NORTE,,,SOB O SEMÁFORO Nº 095,AV NORTE,,SOB O SEMÁFORO Nº 095,CASA AMARELA,95,SUBURBIO,ABALROAMENTO LONGITUDINAL,COLISÃO ENTRE UM CAMINHO/AUTO S/V,1,,,,,,1,,,0,,Cruzamento,Bom,Sem defeito,Perfeito estado,Seca,Perfeito estado,,,,,,,,,,,,,
2019-11-09,14:40:00,COM VÍTIMA,FINALIZADA,JARDIM SÃO PAULO,AV SAO PAULO,,RUA LEANDRO BARRETO,FARMACIA DIARIAMENTE,AV SAO PAULO,,FARMACIA DIARIAMENTE,JARDIM SÃO PAULO,507,SUBURBIO,ABALROAMENTO LONGITUDINAL,COLISAO ENTRE ONIBUS E MOTO COM UMA VITIMA,,1,,,,1,,,,1,,Longo da via,Bom,Sem defeito,,Seca,Perfeito estado,,Não há placas,,Dupla,,,,,,,,,
2019-11-09,15:47:00,SEM VÍTIMA,FINALIZADA,GRAÇAS,RUA PAULINO GOMES DE SOUZA,50,RUA DO FUTURO,EM FRENTE EMPADINHAS BARNABÉ,RUA PAULINO GOMES DE SOUZA,50,EM FRENTE EMPADINHAS BARNABÉ,GRAÇAS,188,SUBURBIO,COLISÃO TRASEIRA,ENGAVETAMENTO ENTRE 2 AUTOS E UMA MOTO,2,1,,,,,,,,0,,Cruzamento,Bom,Sem defeito,Perfeito estado,Seca,Perfeito estado,Faixa de pedestre,R-6a,,Única,Faixa seccionada,,,,,,,,
2019-11-09,16:16:00,SEM VÍTIMA,FINALIZADA,MADALENA,EST DOS REMEDIOS,2314,,ALTOFÁCIL MULTIMARCAS,EST DOS REMEDIOS,2314,ALTOFÁCIL MULTIMARCAS,MADALENA,,CIDADE,ABALROAMENTO LONGITUDINAL,COLISÃO ENTRE AUTO/ÕNIBUS,1,,,,,1,,,,0,,Longo da via,Bom,Não existe,Perfeito estado,Seca,Perfeito estado,Não existe,Outras,,Única,Faixa contínua,,,,,,,,
2019-11-09,16:23:00,SEM VÍTIMA,FINALIZADA,JORDÃO,RUA MIRAVANIA,11,,IGREJA PRESBITERIANA,RUA MIRAVANIA,11,IGREJA PRESBITERIANA,JORDÃO,,SUBURBIO,ABALROAMENTO LONGITUDINAL,COLISAO ENTRE DOIS AUTOS S/V,2,,,,,,,,,0,,Longo da via,Bom,Não existe,Não existente,Seca,Perfeito estado,Não existe,Não há placas,,Dupla,Não existe,,,,,,,,
2019-11-09,16:30:00,SEM VÍTIMA,FINALIZADA,BOA VISTA,PRC DA REPUBLICA,,,TEATRO SANTA ISABEL,PRC DA REPUBLICA,,TEATRO SANTA ISABEL,BOA VISTA,,SUBURBIO,ABALROAMENTO LONGITUDINAL,COLISAO ENTRE DOIS AUTOS,2,,,,,,,,,0,,Longo da via,Bom,Não existe,Perfeito estado,Seca,Perfeito estado,Faixa de pedestre,Outras,,Única,Faixa contínua,,,,,,,,
2019-11-09,16:58:00,SEM VÍTIMA,FINALIZADA,DERBY,PTE ESTACIO COIMBRA,,,SOBRE A PONTE,PTE ESTACIO COIMBRA,,SOBRE A PONTE,DERBY,,CIDADE,COLISÃO TRASEIRA,COLISAO ENTRE 2 AUTOS SEM VITIMA,2,,,,,,,,,0,,Ponte,Bom,Não existe,Perfeito estado,Seca,Perfeito estado,Não existe,Não há placas,,Dupla,Faixa contínua,Faixa seccionada,,,,,,,
2019-11-09,17:56:00,SEM VÍTIMA,FINALIZADA,JARDIM SÃO PAULO,RUA LEANDRO BARRETO,685,,FARMACIA DIARIAMENTE,RUA LEANDRO BARRETO,685,FARMACIA DIARIAMENTE,JARDIM SÃO PAULO,,SUBURBIO,ABALROAMENTO LONGITUDINAL,ENTRE DOIS AUTOS S/V,2,,,,,,,,,0,,Longo da via,Bom,Sem defeito,Perfeito estado,Seca,Perfeito estado,,,,Dupla,,,,,,,,,
2019-11-09,18:55:00,SEM VÍTIMA,FINALIZADA,ILHA JOANA BEZERRA,AV BEIRA RIO,,,PRÓXIMO A ACADEMIA DA CIDADE,AV BEIRA RIO,,PRÓXIMO A ACADEMIA DA CIDADE,ILHA JOANA BEZERRA,,CIDADE,COLISÃO FRONTAL,TAXI X ECOSPORT,2,,,,,,,,,0,,Longo da via,Bom,Não existe,Não existente,Seca,Mal iluminada,,Não há placas,60 km/h,Dupla,Faixa contínua,,,,,,,,
2019-11-09,19:05:00,SEM VÍTIMA,CANCELADA,TORRE,RUA SOUZA BANDEIRA,13,,E/F AO AÇOUGUE SÃO COSME E DAMIÃO,RUA SOUZA BANDEIRA,13,E/F AO AÇOUGUE SÃO COSME E DAMIÃO,TORRE,,,COLISÃO,VIATURA DA PM X CARROÇA S/V,1,,,,,,,,,0,,,,,,,,,,,,,,,,,,,,
2019-11-09,19:14:00,COM VÍTIMA,FINALIZADA,IPSEP,RUA RIO DOCE,24,RUA PINTOR ANTONIO ALBUQUERQUE,ENF A IGREJA BATISTA CENTRAL DO IPSEP,RUA RIO DOCE,24,ENF A IGREJA BATISTA CENTRAL DO IPSEP,IPSEP,,SUBURBIO,COLISÃO FRONTAL,MOTO X CELTA,1,1,,,,,,,,1,,Cruzamento,Bom,Não existe,,Seca,Perfeito estado,Não existe,,,Dupla,,,,,,,,,
2019-11-09,19:57:00,SEM VÍTIMA,CANCELADA,MADALENA,AV CAXANGA,2884,EST DO CAIARA,ENF A JBS VEICULOS E PROX AO EXTRA // SENTIDO CAMARAGIBE,AV CAXANGA,2884,ENF A JBS VEICULOS E PROX AO EXTRA // SENTIDO CAMARAGIBE,MADALENA,,,COLISÃO,CLASSIC BRANCO X MOTO,1,1,,,,,,,,0,,,,,,,,,,,,,,,,,,,,
2019-11-09,20:35:00,SEM VÍTIMA,FINALIZADA,CABANGA,,,,DESCIDA DO VIADUTO CAPITÃO TEMUDO,,,DESCIDA DO VIADUTO CAPITÃO TEMUDO,CABANGA,,SUBURBIO,ABALROAMENTO LONGITUDINAL,PEUGEOT X RENAULT DUSTER,2,,,,,,,,,0,,Longo da via,Bom,Sem defeito,Perfeito estado,Seca,Perfeito estado,,Não há placas,60 km/h,Única,,,,,,,,,
2019-11-09,20:56:00,SEM VÍTIMA,FINALIZADA,,RUA JOAO CARDOSO AIRES,501,RUA JOSE HIPOLITO CARDOSO,,RUA JOAO CARDOSO AIRES,501,,,,,ABALROAMENTO TRANSVERSAL,FORD KA X PALIO,2,,,,,,,,,0,,Cruzamento,Bom,Não existe,Perfeito estado,Seca,Perfeito estado,Não existe,Placas Pare,,Única,Faixa seccionada,,,,,,,,
2019-11-09,21:07:00,COM VÍTIMA,FINALIZADA,APIPUCOS,RUA MANDACARU,371,RUA HUMAITA,PROX AO INSTITUTO RAQUEL DE QUEIROZ,RUA MANDACARU,371,PROX AO INSTITUTO RAQUEL DE QUEIROZ,APIPUCOS,371,SUBURBIO,ABALROAMENTO LONGITUDINAL,MOTO X FOX BRANCO,1,1,,,,,,,,1,,Longo da via,Bom,Não existe,Incompleta,Seca,Mal conservada,Não existe,Não há placas,,Dupla,Não existe,,,,,,,,
2019-11-09,21:07:00,SEM VÍTIMA,FINALIZADA,CASA AMARELA,RUA MARINO DE MELO BERENGUER,5583,,EM FRENTE AO IMÓVEL Nº 5583,RUA MARINO DE MELO BERENGUER,5583,EM FRENTE AO IMÓVEL Nº 5583,CASA AMARELA,,,CHOQUE VEÍCULO PARADO,ENTRE DOIS AUTOS S/V,2,,,,,,,,,0,,Longo da via,Bom,Não existe,Não existente,Seca,Mal conservada,Não existe,Não há placas,20 km/h,Dupla,Não existe,,,,,,,,
2019-11-09,21:52:00,SEM VÍTIMA,FINALIZADA,ÁGUA FRIA,EST VELHA DE AGUA FRIA,,RUA SETE PECADOS,BARZINHO COMBOS,EST VELHA DE AGUA FRIA,,BARZINHO COMBOS,ÁGUA FRIA,,,ABALROAMENTO LONGITUDINAL,ONIBUS DA GLOBO X ETIOS,1,,,,,1,,,,0,,Longo da via,Bom,Não existe,Incompleta,Seca,Perfeito estado,Não existe,,,Dupla,Faixa seccionada,Canteiro central,,,,,,,
2019-11-09,22:55:00,SEM VÍTIMA,FINALIZADA,BOA VIAGEM,RUA JOAO CARDOSO AIRES,501,RUA JOSE HIPOLITO CARDOSO,,RUA JOAO CARDOSO AIRES,501,,BOA VIAGEM,,SUBURBIO,ABALROAMENTO TRANSVERSAL,PALIO X KA,2,,,,,,,,,0,,Cruzamento,Bom,Não existe,Perfeito estado,Seca,Perfeito estado,Faixa de retenção,Placas Pare,,Única,Não existe,,,,,,,,
2019-11-10,03:46:00,SEM VÍTIMA,CANCELADA,BOA VIAGEM,RUA VISCONDE DE JEQUITINHONHA,867,RUA ERNESTO DE PAULA SANTOS,AO LADO DO MERCADO SOBERANO, VIDICON ASSISISTÊNCIA TÉCNICA,RUA VISCONDE DE JEQUITINHONHA,867,AO LADO DO MERCADO SOBERANO, VIDICON ASSISISTÊNCIA TÉCNICA,BOA VIAGEM,304,,COLISÃO,COLISÃO ENTRE DOIS AUTOS S/V,2,,,,,,,,,0,,,,,,,,,,,,,,,,,,
2019-11-10,05:47:00,SEM VÍTIMA,FINALIZADA,BOA VIAGEM,RUA VISCONDE DE JEQUITINHONHA,S/N,,APÓS O POSTO SETTA/LADO OPOSTO AO CURSO BRITANIC,RUA VISCONDE DE JEQUITINHONHA,S/N,APÓS O POSTO SETTA/LADO OPOSTO AO CURSO BRITANIC,BOA VIAGEM,,SUBURBIO,CHOQUE,AUTO CHOCOU-SE CONTRA O POSTE DA CELPE,,,,,,,,,,0,,,,,,,,,,,,,,,,,,,,
2019-11-10,06:42:00,SEM VÍTIMA,FINALIZADA,BOA VIAGEM,RUA VISCONDE DE JEQUITINHONHA,,,POSTE DE Nº B 007397,RUA VISCONDE DE JEQUITINHONHA,,POSTE DE Nº B 007397,BOA VIAGEM,,SUBURBIO,CHOQUE OBJETO FIXO,AUTO CHOCOU-SE CONTRA O POSTE DA CELPE,1,,,,,,,,,0,,Longo da via,Bom,Não existe,Perfeito estado,Seca,Perfeito estado,Não existe,Outras,,Única,Faixa seccionada,Canteiro central,,,,,,,
2019-11-10,08:43:00,SEM VÍTIMA,FINALIZADA,BAIRRO DO RECIFE,CAIS DO APOLO,321,,POLICIA FEDERAL,CAIS DO APOLO,321,POLICIA FEDERAL,BAIRRO DO RECIFE,,CIDADE,CHOQUE OBJETO FIXO,VEICULO CHOCOU-SE COM MEIO FIO, VT- 09 NO LOCAL,1,,,,,,,,,0,,Longo da via,Bom,,Perfeito estado,Seca,Perfeito estado,Não existe,R-6a,,Dupla,Canteiro central,,,,,,,
2019-11-10,09:28:00,COM VÍTIMA,FINALIZADA,ALTO SANTA TERESINHA,AV ANIBAL BENEVOLO,1890,,,AV ANIBAL BENEVOLO,1890,,ALTO SANTA TERESINHA,,SUBURBIO,ATROPELAMENTO,,,1,,,1,,,,,1,,Longo da via,Bom,Não existe,Incompleta,Seca,Perfeito estado,Não existe,Outras,,Dupla,Não existe,,,,,,,,
2019-11-10,10:54:00,SEM VÍTIMA,FINALIZADA,IMBIRIBEIRA,RUA JOSE DA SILVA LUCENA,273,RUA SARGENTO SILVINO DE MACEDO,,RUA JOSE DA SILVA LUCENA,273,,IMBIRIBEIRA,,SUBURBIO,ABALROAMENTO TRANSVERSAL,COLISAO S/ VITIMA,2,,,,,,,,,0,,Cruzamento,Bom,Não existe,Perfeito estado,Seca,Perfeito estado,Outros,Não há placas,,Dupla,Não existe,,,,,,,,
2019-11-10,11:36:00,SEM VÍTIMA,FINALIZADA,BEBERIBE,RUA URIEL DE HOLANDA,125,,EM FRENTE AO SUPERMERCADO DO GALEGO,RUA URIEL DE HOLANDA,125,EM FRENTE AO SUPERMERCADO DO GALEGO,BEBERIBE,,CIDADE,ABALROAMENTO TRANSVERSAL,COLISÃO S/VITIMAS ENTRE UM AUTO E UM ONIBUS,1,,,,,1,,,,0,,Longo da via,Bom,Não existe,Perfeito estado,Seca,Perfeito estado,Não existe,Outras,,Única,Não existe,,,,,,,,
2019-11-10,12:21:00,SEM VÍTIMA,FINALIZADA,BOA VISTA,AV MANOEL BORBA,,PRC MACIEL PINHEIRO,HOTEL AMERICA,AV MANOEL BORBA,,HOTEL AMERICA,BOA VISTA,,SUBURBIO,ABALROAMENTO TRANSVERSAL,DOIS AUTOS,2,,,,,,,,,0,,Cruzamento,Bom,Não existe,Perfeito estado,Seca,,,Placas Pare,,Única,Faixa seccionada,,,,,,,,
2019-11-10,13:01:00,SEM VÍTIMA,CANCELADA,FUNDÃO,AV CIDADE DE MONTEIRO,26,,POR TRAS DO CONDOMINIO INOCOP,AV CIDADE DE MONTEIRO,26,POR TRAS DO CONDOMINIO INOCOP,FUNDÃO,,,COLISÃO,MOTO E AUTO,1,1,,,,,,,,0,,,,,,,,,,,,,,,,,,,,
2019-11-10,14:19:00,COM VÍTIMA,FINALIZADA,CAXANGÁ,AV CAXANGA,,,EM FRENTE A EXPOSIÇÃO DE ANIMAIS,AV CAXANGA,,EM FRENTE A EXPOSIÇÃO DE ANIMAIS,CAXANGÁ,,,ABALROAMENTO LONGITUDINAL,COLISAO COM VITIMA JA SOCORRIDA,1,1,,,,,,,,1,,Longo da via,Bom,Sem defeito,Perfeito estado,Seca,Perfeito estado,Não existe,Não há placas,60 km/h,Dupla,Faixa seccionada,Canteiro central,,,,,,,