data,hora,natureza_acidente,situacao,bairro,endereco,numero,detalhe_endereco_acidente,complemento,endereco_cruzamento,numero_cruzamento,referencia_cruzamento,bairro_cruzamento,num_semaforo,sentido_via,tipo,descricao,auto,moto,ciclom,ciclista,pedestre,onibus,caminhao,viatura,outros,vitimas,vitimasfatais,acidente_verificado,tempo_clima,situacao_semaforo,sinalizacao,condicao_via,conservacao_via,ponto_controle,situacao_placa,velocidade_max_via,mao_direcao,divisao_via1,divisao_via2,divisao_via3,,,,,,
2019-11-10,15:00:00,SEM VÍTIMA,FINALIZADA,POÇO DA PANELA,RUA GUILHERME SALAZAR,151,,EDIFÍCIO QUINTA DOS PORTOS,RUA GUILHERME SALAZAR,151,EDIFÍCIO QUINTA DOS PORTOS,POÇO DA PANELA,,,ABALROAMENTO LONGITUDINAL,COLISAO ENTRE 2 AUTOS S/V,2,,,,,,,,,0,,Longo da via,Bom,Não existe,Não existente,Seca,Perfeito estado,Não existe,Não há placas,30 km/h,Dupla,Não existe,,,,,,,,
2019-11-10,15:12:00,COM VÍTIMA,FINALIZADA,CASA AMARELA,AV NORTE,,RUA DEPUTADO MARIO MONTEIRO,EM FRENTE A FARMACIA PAQUE MENOS,AV NORTE,,EM FRENTE A FARMACIA PAQUE MENOS,CASA AMARELA,79,CIDADE,COLISÃO TRASEIRA,MOTO E AUTO,1,1,,,,,,,,1,,Longo da via,Bom,Sem defeito,Perfeito estado,Seca,Outros,Faixa de pedestre,Outras,,Única,Canteiro central,,,,,,,,
2019-11-10,17:11:00,COM VÍTIMA,FINALIZADA,ARRUDA,AV BEBERIBE,1253,RUA DAS MOCAS,EM FRENTE AO CAMPO E AO ARMAZEM CORAL,AV BEBERIBE,1253,EM FRENTE AO CAMPO E AO ARMAZEM CORAL,ARRUDA,,,ABALROAMENTO TRANSVERSAL,MOTO E AUTO,1,1,,,,,,,,2,,Cruzamento,Bom,Não existe,Perfeito estado,Seca,Perfeito estado,Não existe,Placas Pare,60 km/h,Dupla,Faixa seccionada,,,,,,,,
2019-11-10,17:25:00,COM VÍTIMA,FINALIZADA,BEBERIBE,AV ANIBAL BENEVOLO,,,EM FRENTE AO CLUB BELA VISTA,AV ANIBAL BENEVOLO,,EM FRENTE AO CLUB BELA VISTA,BEBERIBE,,,ATROPELAMENTO,ATROPELAMENTO PEDESTRE/MOTO,,1,,,1,,,,,1,,Longo da via,Bom,Não existe,Perfeito estado,Seca,Perfeito estado,Não existe,R-6a,30 km/h,,Faixa seccionada,,,,,,,,
2019-11-10,17:39:00,SEM VÍTIMA,FINALIZADA,JAQUEIRA,RUA SIMAO MENDES,,,EM FRENTE AO Nº 85,RUA SIMAO MENDES,,EM FRENTE AO Nº 85,JAQUEIRA,,CIDADE,COLISÃO TRASEIRA,DOIS AUTOS,2,,,,,,,,,0,,Longo da via,Bom,Sem defeito,Perfeito estado,Seca,Mal iluminada,Faixa de pedestre,R-4b,,Dupla,Não existe,,,,,,,,
2019-11-10,18:20:00,COM VÍTIMA,FINALIZADA,BOA VIAGEM,AV CONSELHEIRO AGUIAR,712,RUA VICENCIA,PROX AO OFTALM CENTER OBS: VT DA CTTU 02 ESTA NO LOCAL,AV CONSELHEIRO AGUIAR,712,PROX AO OFTALM CENTER OBS: VT DA CTTU 02 ESTA NO LOCAL,BOA VIAGEM,,CIDADE,ATROPELAMENTO,HB 20 X PEDESTRE,1,,,,1,,,,,1,,Longo da via,Bom,Não existe,Perfeito estado,Seca,Perfeito estado,Não existe,R-6a,,Única,Faixa seccionada,,,,,,,,
2019-11-10,19:14:00,SEM VÍTIMA,FINALIZADA,CAXANGÁ,AV CAXANGA,,,SEMÁFORO Nº 281 UPA,AV CAXANGA,,SEMÁFORO Nº 281 UPA,CAXANGÁ,281,CIDADE,ABALROAMENTO LONGITUDINAL,ENTRE DOIS AUTOS S/V,2,,,,,,,,,0,,Longo da via,Bom,Sem defeito,Perfeito estado,Seca,Perfeito estado,Faixa de pedestre,Não há placas,,Única,Faixa contínua,Faixa seccionada,Canteiro central,,,,,,
2019-11-10,19:29:00,SEM VÍTIMA,FINALIZADA,DOIS UNIDOS,SUB DA MEDALHA MILAGROSA,78,,ENTRE O Nº 74 E 78,SUB DA MEDALHA MILAGROSA,78,ENTRE O Nº 74 E 78,DOIS UNIDOS,,SUBURBIO,CHOQUE OBJETO FIXO,CHOQUE DE AUTO PASSEIO EM UMA CASA,1,,,,,,,,,0,,Longo da via,Bom,Não existe,Não existente,Seca,Mal conservada,Não existe,Não há placas,,Dupla,Não existe,,,,,,,,
2019-11-10,19:47:00,SEM VÍTIMA,CANCELADA,ALTO SANTA TERESINHA,RUA TAMBOARA,899,,E/F A LOJA DA BETINHA,RUA TAMBOARA,899,E/F A LOJA DA BETINHA,ALTO SANTA TERESINHA,,,COLISÃO,ENTRE DOIS AUTOS S/V,2,,,,,,,,,0,,,,,,,,,,,,,,,,,,,,
2019-11-10,20:13:00,COM VÍTIMA,FINALIZADA,PINA,AVENIDA CELSO FURTADO (VIA MANGUE),,,POR CIMA DO VIADUTO DA VIA MANGUE ENF. AO BATALHAO DA POLICIA // SENTIDO PINA,AVENIDA CELSO FURTADO (VIA MANGUE),,POR CIMA DO VIADUTO DA VIA MANGUE ENF. AO BATALHAO DA POLICIA // SENTIDO PINA,PINA,,CIDADE,CHOQUE,VEICULO CAPOTOU AO CHOCAR-SE COM A MURETA,1,,,,,,,,,1,,Ponte,Bom,Não existe,Perfeito estado,Seca,Perfeito estado,Não existe,Não há placas,,Dupla,,,,,,,,,
2019-11-10,20:56:00,SEM VÍTIMA,FINALIZADA,TORRE,RUA SOUZA BANDEIRA,,RUA MARQUES DE MARICA,,RUA SOUZA BANDEIRA,,,TORRE,317,SUBURBIO,ABALROAMENTO LONGITUDINAL,SIENA TAXI X FIAT,2,,,,,,,,,0,,Longo da via,Bom,Sem defeito,Perfeito estado,Seca,Perfeito estado,Faixa de pedestre,,,Dupla,Faixa seccionada,,,,,,,,
2019-11-10,21:15:00,SEM VÍTIMA,FINALIZADA,SÃO JOSÉ,RUA IMPERIAL,20,RUA BOM SUCESSO,,RUA IMPERIAL,20,,SÃO JOSÉ,,SUBURBIO,ABALROAMENTO TRANSVERSAL,ENTRE DOIS AUTOS S/V,2,,,,,,,,,0,,Longo da via,Bom,Não existe,,Seca,Perfeito estado,Não existe,Placas Pare,,Única,Faixa seccionada,,,,,,,,
2019-11-10,22:21:00,SEM VÍTIMA,FINALIZADA,TORRÕES,AV ENGENHEIRO ABDIAS DE CARVALHO,,,POSTE Nº B 053374,AV ENGENHEIRO ABDIAS DE CARVALHO,,POSTE Nº B 053374,TORRÕES,,,COLISÃO TRASEIRA,UP X ONIBUS BORBOREMA,1,,,,,1,,,,0,,Longo da via,Bom,Não existe,Perfeito estado,Seca,Perfeito estado,Não existe,Não há placas,,Dupla,Canteiro central,,,,,,,,
2019-11-11,07:26:00,SEM VÍTIMA,FINALIZADA,CASA AMARELA,AV PROFESSOR JOSE DOS ANJOS,,AV NORTE,,AV PROFESSOR JOSE DOS ANJOS,,,CASA AMARELA,364,SUBURBIO,ABALROAMENTO LONGITUDINAL,DOIS AUTOS,2,,,,,,,,,0,,Cruzamento,Bom,Sem defeito,Perfeito estado,Seca,Perfeito estado,Faixa de pedestre,Outras,,Dupla,Faixa seccionada,,,,,,,,
2019-11-11,07:55:00,SEM VÍTIMA,FINALIZADA,ILHA DO RETIRO,RUA ABDISIO VEIGA,131,RUA ASTORGA,,RUA ABDISIO VEIGA,131,,ILHA DO RETIRO,,CIDADE,COLISÃO TRASEIRA,DOIS AUTOS,2,,,,,,,,,0,,Longo da via,Bom,Não existe,Perfeito estado,Seca,Perfeito estado,Não existe,Outras,,Dupla,Não existe,,,,,,,,
2019-11-11,08:02:00,SEM VÍTIMA,FINALIZADA,,AV PROFESSOR JOSE DOS ANJOS,506,,AO LADO Nº 506,AV PROFESSOR JOSE DOS ANJOS,506,AO LADO Nº 506,,,SUBURBIO,COLISÃO FRONTAL,DOIS AUTOS,2,,,,,,,,,0,,Longo da via,Bom,Não existe,Não existente,Seca,Perfeito estado,Não existe,Não há placas,,Dupla,Não existe,,,,,,,,
2019-11-11,08:38:00,SEM VÍTIMA,FINALIZADA,BOA VIAGEM,RUA CAPITAO ZUZINHA,351,RUA JOSE DOMINGUES DA SILVA,,RUA CAPITAO ZUZINHA,351,,BOA VIAGEM,,CIDADE,ABALROAMENTO LONGITUDINAL,COLISÃO S/VITIMAS ENTRE UMA MOTO E UM AUTO,1,1,,,,,,,,0,,,Bom,Não existe,Perfeito estado,Seca,Perfeito estado,Não existe,Outras,,Única,Faixa seccionada,,,,,,,,
2019-11-11,08:43:00,SEM VÍTIMA,FINALIZADA,BOA VIAGEM,AV ENGENHEIRO DOMINGOS FERREIRA,,RUA ANTONIO FALCAO,SUPERMERCADO CARREFOUR,AV ENGENHEIRO DOMINGOS FERREIRA,,SUPERMERCADO CARREFOUR,BOA VIAGEM,145,SUBURBIO,ABALROAMENTO LONGITUDINAL,AUTO E ONIBUS,1,,,,,1,,,,0,,Cruzamento,Bom,Sem defeito,Perfeito estado,Seca,Perfeito estado,Faixa de pedestre,Não há placas,60 km/h,Única,Faixa contínua,,,,,,,,
2019-11-11,08:44:00,SEM VÍTIMA,FINALIZADA,IMBIRIBEIRA,AV MARECHAL MASCARENHAS DE MORAES,2423,,,AV MARECHAL MASCARENHAS DE MORAES,2423,,IMBIRIBEIRA,,CIDADE,COLISÃO TRASEIRA,COLISÃO S/VITIMAS ENTRE DOIS AUTOS,2,,,,,,,,,0,,Longo da via,Bom,Não existe,Perfeito estado,Seca,Perfeito estado,Não existe,Outras,60 km/h,Dupla,Canteiro central,,,,,,,,
2019-11-11,08:55:00,SEM VÍTIMA,FINALIZADA,GRAÇAS,RUA JOAQUIM NABUCO,,,EM FRENTE A UNIDADE DE ONCOLOGIA DO HOSPITAL SANTA JOANA,RUA JOAQUIM NABUCO,,EM FRENTE A UNIDADE DE ONCOLOGIA DO HOSPITAL SANTA JOANA,GRAÇAS,,SUBURBIO,ABALROAMENTO LONGITUDINAL,SEM VITIMAS,1,1,,,,,,,,0,,Longo da via,Bom,Não existe,Perfeito estado,Seca,Perfeito estado,Não existe,Outras,,Única,Faixa seccionada,,,,,,,,
2019-11-11,08:59:00,SEM VÍTIMA,FINALIZADA,ESTÂNCIA,RUA ERNESTO NAZARETH,57A,,,RUA ERNESTO NAZARETH,57A,,ESTÂNCIA,,,ABALROAMENTO LONGITUDINAL,DOIS AUTOS,2,,,,,,,,,0,,Longo da via,Bom,Não existe,Não existente,Seca,Perfeito estado,Não existe,Não há placas,,Dupla,Não existe,,,,,,,,
2019-11-11,09:31:00,SEM VÍTIMA,FINALIZADA,BOA VIAGEM,RUA CAPITAO ZUZINHA,22,RUA VISCONDE DE JEQUITINHONHA,AO LADO DO SETUBAL CENTER,RUA CAPITAO ZUZINHA,22,AO LADO DO SETUBAL CENTER,BOA VIAGEM,433,,ABALROAMENTO LONGITUDINAL,SEM VITIMAS/CTTU NO LOCAL ,GM VAI FAZER O B.O,1,,,,,1,,,,0,,Cruzamento,Bom,Sem defeito,Perfeito estado,Seca,Perfeito estado,Agente,,,Única,Não existe,,,,,,,
2019-11-11,09:46:00,SEM VÍTIMA,FINALIZADA,IBURA,RUA TUCUMA,199,RUA RIO UNA,,RUA TUCUMA,199,,IBURA,,SUBURBIO,COLISÃO TRASEIRA,VT DA PM OFICIAL E AUTO,1,,,,,,,1,,0,,Longo da via,Bom,Não existe,Não existente,Seca,Mal conservada,Não existe,Não há placas,,Dupla,Não existe,,,,,,,,
2019-11-11,10:10:00,COM VÍTIMA,FINALIZADA,ENGENHO DO MEIO,RUA ANTONIO CURADO,183,,E/F AO ARMAZÉM SÃO LUIS (E/F A PRAÇA DO ENGENHO DO MEIO),RUA ANTONIO CURADO,183,E/F AO ARMAZÉM SÃO LUIS (E/F A PRAÇA DO ENGENHO DO MEIO),ENGENHO DO MEIO,,,ABALROAMENTO LONGITUDINAL,COLISÃO C/VITIMA,1,1,,,,,,,,1,,Longo da via,Bom,Não existe,Perfeito estado,Seca,Perfeito estado,Não existe,Não há placas,,Dupla,Faixa seccionada,,,,,,,,
2019-11-08,10:30:00,SEM VÍTIMA,EM ABERTO,CASA FORTE,AV DEZESSETE DE AGOSTO,630,,SOB O SEMÁFORO Nº 346,AV DEZESSETE DE AGOSTO,630,SOB O SEMÁFORO Nº 346,CASA FORTE,346,CIDADE,ABALROAMENTO LONGITUDINAL,,1,,,,,1,,,,0,,Cruzamento,Bom,Sem defeito,Perfeito estado,Seca,Perfeito estado,Agente,Não há placas,,Dupla,Faixa contínua,,,,,,,,
2019-11-11,11:02:00,SEM VÍTIMA,FINALIZADA,BOA VIAGEM,RUA RIBEIRO DE BRITO,1326,RUA AMALIA BERNARDINO DE SOUZA,,RUA RIBEIRO DE BRITO,1326,,BOA VIAGEM,,SUBURBIO,ABALROAMENTO TRANSVERSAL,DOIS AUTOS,2,,,,,,,,,0,,Cruzamento,Bom,Não existe,Não existente,Seca,Perfeito estado,Não existe,Não há placas,,Única,Faixa seccionada,,,,,,,,
2019-11-11,11:14:00,SEM VÍTIMA,FINALIZADA,IPSEP,AV DOM HELDER CAMARA,,,AO LADO DO NÚCLEO DA POLÍCIA MILITAR,AV DOM HELDER CAMARA,,AO LADO DO NÚCLEO DA POLÍCIA MILITAR,IPSEP,55,CIDADE,ABALROAMENTO LONGITUDINAL,COLISÃO S/VITIMAS ENTRE UM ONIBUS E UM CAMINHÃO,,,,,,1,1,,,0,,Longo da via,Bom,Sem defeito,Ilegível,Seca,Perfeito estado,Não existe,Não há placas,,Única,Não existe,,,,,,,,
2019-11-11,12:05:00,SEM VÍTIMA,FINALIZADA,TORRE,AV VISCONDE DE ALBUQUERQUE,506,,FRUTIVERDE,AV VISCONDE DE ALBUQUERQUE,506,FRUTIVERDE,TORRE,,SUBURBIO,ABALROAMENTO TRANSVERSAL,COLISAO SEM VITIMAS,1,1,,,,,,,,0,,Longo da via,Bom,,Perfeito estado,Seca,Perfeito estado,,,,Única,Faixa seccionada,,,,,,,,
2019-11-11,12:16:00,COM VÍTIMA,FINALIZADA,PARNAMIRIM,RUA TITO ROSAS,,,SEMAFORO 010,RUA TITO ROSAS,,SEMAFORO 010,PARNAMIRIM,10,SUBURBIO,ATROPELAMENTO,COLISÃO COM VITIMA A ESPERA DO SAMU,1,,,,1,,,,,1,,Longo da via,Bom,Sem defeito,Perfeito estado,Seca,Perfeito estado,Agente,Outras,40 km/h,Única,Não existe,,,,,,,,
2019-11-11,12:24:00,SEM VÍTIMA,FINALIZADA,CORDEIRO,AV PROFESSOR ESTEVAO FRANCISCO DA COSTA,121,,ESQUINA COM MERCFRUTI NOSSA SENHORA DAS GRAÇAS,AV PROFESSOR ESTEVAO FRANCISCO DA COSTA,121,ESQUINA COM MERCFRUTI NOSSA SENHORA DAS GRAÇAS,CORDEIRO,280,SUBURBIO,ABALROAMENTO LONGITUDINAL,COLISÃO SEM VITIMAS,2,,,,,,,,,0,,Ponte,Bom,Sem defeito,Perfeito estado,Seca,Perfeito estado,,Não há placas,,Dupla,Canal,,,,,,,,
2019-11-11,12:35:00,SEM VÍTIMA,FINALIZADA,IBURA,AV RIO LARGO,195,,EM FRENTE AO SEMÁFORO Nº 512,AV RIO LARGO,195,EM FRENTE AO SEMÁFORO Nº 512,IBURA,512,CIDADE,ABALROAMENTO LONGITUDINAL,COLISAO ENTRE AUTO E CAMINHAO S/V,1,,,,,,1,,,0,,Longo da via,Bom,Sem defeito,Incompleta,Seca,Perfeito estado,,Não há placas,40 km/h,Dupla,Não existe,,,,,,,,
2019-11-11,13:04:00,SEM VÍTIMA,FINALIZADA,ILHA DO LEITE,RUA ESTADO DE ISRAEL,228,,LADO OPOSTO AO 228,RUA ESTADO DE ISRAEL,228,LADO OPOSTO AO 228,ILHA DO LEITE,,,ABALROAMENTO LONGITUDINAL,COLISAO ENTRE 2 AUTOS S/V,2,,,,,,,,,0,,Longo da via,Bom,Sem defeito,Perfeito estado,Seca,Perfeito estado,Não existe,Não há placas,,Dupla,Faixa seccionada,,,,,,,,
2019-11-11,13:25:00,SEM VÍTIMA,FINALIZADA,IMBIRIBEIRA,AV ENGENHEIRO ALVES DE SOUZA,356,,LADO OPOSTO AO POSTE Nº B 080272,AV ENGENHEIRO ALVES DE SOUZA,356,LADO OPOSTO AO POSTE Nº B 080272,IMBIRIBEIRA,,,COLISÃO TRASEIRA,COLISAO ENTRE 3 VEICULOS S/V,3,,,,,,,,,0,,Longo da via,Bom,Não existe,Não existente,Seca,Perfeito estado,Não existe,Não há placas,,Dupla,Não existe,,,,,,,,
2019-11-11,13:52:00,SEM VÍTIMA,FINALIZADA,,RUA COSMORAMA,,RUA JOSE HIPOLITO CARDOSO,,RUA COSMORAMA,,,,,SUBURBIO,ABALROAMENTO TRANSVERSAL,COLISÃO SEM VITIMAS,1,,,,,1,,,,0,,Cruzamento,Bom,Não existe,Perfeito estado,Seca,Perfeito estado,,Não há placas,40 km/h,Dupla,Faixa seccionada,,,,,,,,
2019-11-11,13:57:00,SEM VÍTIMA,FINALIZADA,IPSEP,AV RECIFE,2751,,PRÓXIMO A FARMÁCIA PAGUE MENOS,AV RECIFE,2751,PRÓXIMO A FARMÁCIA PAGUE MENOS,IPSEP,,CIDADE,ABALROAMENTO LONGITUDINAL,COLISAO ENTRE AUTO E ONIBUS,1,,,,,1,,,,0,,Longo da via,Bom,Não existe,Perfeito estado,Seca,Perfeito estado,Agente,Não há placas,,Dupla,Canteiro central,,,,,,,,
2019-11-11,13:59:00,SEM VÍTIMA,CANCELADA,BOA VIAGEM,AV ENGENHEIRO DOMINGOS FERREIRA,,,EM FRENTE A DELEGACIA DE BOA VIAGEM,AV ENGENHEIRO DOMINGOS FERREIRA,,EM FRENTE A DELEGACIA DE BOA VIAGEM,BOA VIAGEM,,,COLISÃO,COLISÃO SEM VITIMAS,2,,,,,,,,,0,,,,,,,,,,,,,,,,,,,,
2019-11-11,14:30:00,SEM VÍTIMA,DUPLICIDADE,ESPINHEIRO,RUA DR CARLOS ALVES,,,ENTRE O BANCO ITAU E A FARMACIA PAGUE MENOS,RUA DR CARLOS ALVES,,ENTRE O BANCO ITAU E A FARMACIA PAGUE MENOS,ESPINHEIRO,,,COLISÃO,COLISAO ENTRE ONIBUS E AUTOS S/V,1,,,,,1,,,,0,,,,,,,,,,,,,,,,,,,,
2019-11-11,14:32:00,SEM VÍTIMA,CANCELADA,ENCRUZILHADA,RUA CASTRO ALVES,,EST DE BELEM,EM FRENTE A FARMACIA PAGUE MENOS,RUA CASTRO ALVES,,EM FRENTE A FARMACIA PAGUE MENOS,ENCRUZILHADA,,,COLISÃO,COLISÃO SEM VITIMAS,1,,,,,1,,,,0,,,,,,,,,,,,,,,,,,,,
2019-11-11,14:42:00,SEM VÍTIMA,FINALIZADA,ESTÂNCIA,AV DR JOSE RUFINO,548,,,AV DR JOSE RUFINO,548,,ESTÂNCIA,,SUBURBIO,ABALROAMENTO TRANSVERSAL,COLISÃO SEM VITIMAS,2,,,,,,,,,0,,Longo da via,Bom,Não existe,Perfeito estado,Seca,Perfeito estado,Não existe,Outras,,Dupla,Faixa contínua,,,,,,,,
2019-11-11,15:06:00,SEM VÍTIMA,FINALIZADA,ILHA DO LEITE,RUA SENADOR JOSE HENRIQUE,80,,EM FRENTE A GASTROCLINICA,RUA SENADOR JOSE HENRIQUE,80,EM FRENTE A GASTROCLINICA,ILHA DO LEITE,,SUBURBIO,ABALROAMENTO TRANSVERSAL,COLISAO ENTRE DOIS AUTOS S/V,2,,,,,,,,,0,,Longo da via,Bom,Não existe,Perfeito estado,Seca,Perfeito estado,Outros,Outras,30 km/h,Dupla,Faixa seccionada,,,,,,,,
2019-11-11,15:43:00,SEM VÍTIMA,FINALIZADA,MADALENA,RUA LOPES DE CARVALHO,,AV VISCONDE DE ALBUQUERQUE,AO LADO DO MADALENA CENTER,RUA LOPES DE CARVALHO,,AO LADO DO MADALENA CENTER,MADALENA,,SUBURBIO,ABALROAMENTO LONGITUDINAL,COLISAO ENTRE DOIS AUTOS S/V,2,,,,,,,,,0,,Cruzamento,Bom,Não existe,Perfeito estado,Seca,Perfeito estado,Não existe,R-4a,,Dupla,Faixa seccionada,,,,,,,,
2019-11-11,15:53:00,SEM VÍTIMA,FINALIZADA,BOA VIAGEM,AV FERNANDO SIMOES BARBOSA,,,SOB O SEMÁFORO Nº 335,AV FERNANDO SIMOES BARBOSA,,SOB O SEMÁFORO Nº 335,BOA VIAGEM,335,SUBURBIO,ABALROAMENTO LONGITUDINAL,COLISAO ENTRE DOIS AUTOS S/V,2,,,,,,,,,0,,Longo da via,Bom,Sem defeito,Perfeito estado,Seca,Perfeito estado,Faixa de pedestre,Outras,60 km/h,Única,Faixa seccionada,,,,,,,,
2019-11-11,16:08:00,SEM VÍTIMA,FINALIZADA,IPSEP,RUA JEAN EMILE FAVRE,1612,,PROX AO SUPERMERCADO QUALIPREÇO,RUA JEAN EMILE FAVRE,1612,PROX AO SUPERMERCADO QUALIPREÇO,IPSEP,,,COLISÃO,COLISAO ENTRE MICRO ONIBUS E AUTOS S/V,1,,,,,1,,,,0,,,,,,,,,,,,,,,,,,,,
2019-11-11,16:27:00,SEM VÍTIMA,FINALIZADA,ESTÂNCIA,AV DR JOSE RUFINO,,,OPOSTO AO Nº 366,AV DR JOSE RUFINO,,OPOSTO AO Nº 366,ESTÂNCIA,,CIDADE,ABALROAMENTO LONGITUDINAL,COLISAO ENTRE ONIBUS E AUTOS S/V,1,,,,,1,,,,0,,Longo da via,Bom,Não existe,Incompleta,Seca,Mal conservada,Não existe,Não há placas,40 km/h,Dupla,Não existe,,,,,,,,
2019-11-11,16:31:00,COM VÍTIMA,FINALIZADA,ENCRUZILHADA,RUA AMARO COUTINHO,475,,EM FRENTE AO BAR DO TONHÃO,RUA AMARO COUTINHO,475,EM FRENTE AO BAR DO TONHÃO,ENCRUZILHADA,,SUBURBIO,CHOQUE VEÍCULO PARADO,COLISÃO COM VITIMA,1,1,,,,,,,,1,,Longo da via,Bom,Não existe,Perfeito estado,Seca,Perfeito estado,Agente,R-34,,Dupla,Não existe,,,,,,,,
2019-11-11,16:36:00,COM VÍTIMA,FINALIZADA,ILHA JOANA BEZERRA,AV ADVOGADO JOSE PAULO CAVALCANTI,,,EM FRENTE AO FORUM NA RUA LATERAL/AACD,AV ADVOGADO JOSE PAULO CAVALCANTI,,EM FRENTE AO FORUM NA RUA LATERAL/AACD,ILHA JOANA BEZERRA,,CIDADE,ATROPELAMENTO,VITIMA A ESPERA DO SAMU,1,,,,1,,,,,1,,Longo da via,Bom,Não existe,Perfeito estado,Seca,Perfeito estado,Não existe,Não há placas,40 km/h,Dupla,Canteiro central,,,,,,,,
2019-11-11,17:13:00,SEM VÍTIMA,CANCELADA,CAMPO GRANDE,AV CORREIA DE BRITO,20,,EM FRENTE A COPECAR E A REDE CONSTRUIR,AV CORREIA DE BRITO,20,EM FRENTE A COPECAR E A REDE CONSTRUIR,CAMPO GRANDE,,,COLISÃO,COLISAO ENTRE 2 AUTOS S/V,1,1,,,,,,,,0,,,,,,,,,,,,,,,,,,,,
2019-11-11,17:26:00,SEM VÍTIMA,FINALIZADA,BOA VISTA,AV MANOEL BORBA,1000,,BASE DO SAMU,AV MANOEL BORBA,1000,BASE DO SAMU,BOA VISTA,28,SUBURBIO,ABALROAMENTO LONGITUDINAL,COLISÃO SEM VITIMAS,1,,,,,,1,,,0,,Longo da via,Bom,Sem defeito,Perfeito estado,Seca,Perfeito estado,Faixa de pedestre,Não há placas,,Única,Faixa seccionada,,,,,,,,
2019-11-11,17:34:00,SEM VÍTIMA,FINALIZADA,BONGI,RUA ISAAC MARKMAN,432,RUA PERICLES SANTOS,CELPE,RUA ISAAC MARKMAN,432,CELPE,BONGI,,CIDADE,ABALROAMENTO TRANSVERSAL,COLISAO ENTRE DOIS AUTOS S/V,2,,,,,,,,,0,,Longo da via,Bom,Não existe,Perfeito estado,Seca,Perfeito estado,Não existe,Outras,,Dupla,Faixa contínua,Faixa seccionada,,,,,,,
2019-11-11,17:55:00,SEM VÍTIMA,CANCELADA,ALTO JOSÉ BONIFÁCIO,RUA ARLINDO CISNEIRO,175,,PRÓX A RODINHA / E/F A ÓTICA KARPUS,RUA ARLINDO CISNEIRO,175,PRÓX A RODINHA / E/F A ÓTICA KARPUS,ALTO JOSÉ BONIFÁCIO,,,COLISÃO,ENTRE 2 AUTOS. S/V,2,,,,,,,,,0,,,,,,,,,,,,,,,,,,,,
2019-11-11,18:01:00,COM VÍTIMA,FINALIZADA,IPUTINGA,RUA SAO MATEUS,182,,E/F AO DEPOSITO DOS CORREIOS E EDF IPUTINGA RESIDENCE,RUA SAO MATEUS,182,E/F AO DEPOSITO DOS CORREIOS E EDF IPUTINGA RESIDENCE,IPUTINGA,,SUBURBIO,ABALROAMENTO TRANSVERSAL,ENTRE AUTO E MOTO. C/V,1,1,,,,,,,,1,,Longo da via,Bom,Não existe,Perfeito estado,Seca,Perfeito estado,Não existe,Não há placas,,Dupla,Não existe,,,,,,,,
2019-11-11,18:10:00,SEM VÍTIMA,FINALIZADA,SAN MARTIN,AV GENERAL SAN MARTIN,1449,,FACULDADE ESTÁCIO,AV GENERAL SAN MARTIN,1449,FACULDADE ESTÁCIO,SAN MARTIN,,CIDADE,ABALROAMENTO LONGITUDINAL,ENTRE AUTO E MOTO. S/V,1,1,,,,,,,,0,,Longo da via,Bom,Não existe,Perfeito estado,Seca,Perfeito estado,Não existe,Não há placas,,Dupla,Faixa contínua,,,,,,,,
2019-11-11,18:11:00,SEM VÍTIMA,FINALIZADA,TAMARINEIRA,RUA GOMES COUTINHO,420,,,RUA GOMES COUTINHO,420,,TAMARINEIRA,,,ABALROAMENTO LONGITUDINAL,MOTO X AUDI Q3,1,1,,,,,,,,0,,Longo da via,Bom,Não existe,Perfeito estado,Seca,Perfeito estado,Não existe,R-6a,,Única,Não existe,,,,,,,,
2019-11-11,18:19:00,SEM VÍTIMA,FINALIZADA,CAJUEIRO,AV BEBERIBE,3205,,,AV BEBERIBE,3205,,CAJUEIRO,,SUBURBIO,COLISÃO TRASEIRA,SIENA X TOYOTA ETIOS,2,,,,,,,,,0,,Longo da via,Bom,Não existe,Perfeito estado,Seca,Perfeito estado,Não existe,Outras,60 km/h,Dupla,Canteiro central,,,,,,,,
2019-11-11,18:22:00,SEM VÍTIMA,FINALIZADA,IPSEP,RUA ITACARI,130,RUA CACHOEIRA,,RUA ITACARI,130,,IPSEP,,SUBURBIO,ABALROAMENTO TRANSVERSAL,ENTRE 2 AUTOS. S/V,2,,,,,,,,,0,,Cruzamento,Bom,Não existe,Não existente,Seca,Perfeito estado,Não existe,Não há placas,,Única,Faixa seccionada,,,,,,,,
2019-11-11,18:41:00,SEM VÍTIMA,CANCELADA,ZUMBI,RUA FIDELIS MOLITERNO,215,RUA GUAPE,PROX A O RH ADMINISTRA CONSULTORIA EM RECURSO HUMANO,RUA FIDELIS MOLITERNO,215,PROX A O RH ADMINISTRA CONSULTORIA EM RECURSO HUMANO,ZUMBI,,,COLISÃO,KOMBI X CLIO,2,,,,,,,,,0,,,,,,,,,,,,,,,,,,,,
2019-11-11,18:59:00,SEM VÍTIMA,FINALIZADA,BOA VIAGEM,AV ENGENHEIRO DOMINGOS FERREIRA,1967,,LADO OPOSTO AO PRÉDIO DA SUDENE,AV ENGENHEIRO DOMINGOS FERREIRA,1967,LADO OPOSTO AO PRÉDIO DA SUDENE,BOA VIAGEM,,SUBURBIO,COLISÃO TRASEIRA,ENTRE 2 AUTOS. S/V,2,,,,,,,,,0,,Longo da via,Bom,Não existe,Perfeito estado,Seca,Perfeito estado,Não existe,Outras,,Única,Faixa seccionada,Canteiro central,,,,,,,