data,hora,natureza_acidente,situacao,bairro,endereco,numero,detalhe_endereco_acidente,complemento,endereco_cruzamento,numero_cruzamento,referencia_cruzamento,bairro_cruzamento,num_semaforo,sentido_via,tipo,descricao,auto,moto,ciclom,ciclista,pedestre,onibus,caminhao,viatura,outros,vitimas,vitimasfatais,acidente_verificado,tempo_clima,situacao_semaforo,sinalizacao,condicao_via,conservacao_via,ponto_controle,situacao_placa,velocidade_max_via,mao_direcao,divisao_via1,divisao_via2,divisao_via3,,,,,,
2019-11-23,14:48:00,SEM VÍTIMA,FINALIZADA,TEJIPIÓ,AV DR JOSE RUFINO,3579,,ARMAZÉM CORAL,AV DR JOSE RUFINO,3579,ARMAZÉM CORAL,TEJIPIÓ,,CIDADE,CHOQUE OBJETO FIXO,COLISÃO ENTRE CARRO DE EMPRESA E UM MURO,1,,,,,,,,,0,,Longo da via,Bom,,,Seca,Perfeito estado,,Não há placas,,Dupla,Faixa contínua,,,,,,,,
2019-11-23,15:45:00,SEM VÍTIMA,FINALIZADA,ENCRUZILHADA,RUA PROFESSOR JERONIMO GUEIROS,,RUA MEM DE SA,SEMÁFORO 495,RUA PROFESSOR JERONIMO GUEIROS,,SEMÁFORO 495,ENCRUZILHADA,495,SUBURBIO,ABALROAMENTO TRANSVERSAL,COLISÃO SEM VITIMAS,2,,,,,,,,,0,,Cruzamento,Bom,Sem defeito,Perfeito estado,,,Não existe,Não há placas,,Dupla,Não existe,,,,,,,,
2019-11-23,16:14:00,SEM VÍTIMA,FINALIZADA,DERBY,RUA BETANIA,40,,PÓS GRADUAÇÃO UNINASSAU,RUA BETANIA,40,PÓS GRADUAÇÃO UNINASSAU,DERBY,,SUBURBIO,ABALROAMENTO LONGITUDINAL,COLISÃO SEM VITIMA,2,,,,,,,,,0,,Longo da via,Bom,Não existe,Perfeito estado,Seca,Perfeito estado,Não existe,Placas Pare,,Única,Não existe,,,,,,,,
2019-11-23,16:43:00,SEM VÍTIMA,FINALIZADA,BOA VIAGEM,AV BOA VIAGEM,,RUA BARAO DE SOUZA LEAO,PRAÇA DE BOA VIAGEM,AV BOA VIAGEM,,PRAÇA DE BOA VIAGEM,BOA VIAGEM,,CIDADE,COLISÃO TRASEIRA,COLISÃO SEM VITIMA,1,1,,,,,,,,0,,,Bom,Não existe,Perfeito estado,Seca,Perfeito estado,Não existe,Outras,,Única,Faixa seccionada,,,,,,,,
2019-11-23,17:21:00,SEM VÍTIMA,FINALIZADA,MADALENA,RUA REAL DA TORRE,889,RUA MANOEL BERNARDES,CURSO DE INGLÊS WIZARD,RUA REAL DA TORRE,889,CURSO DE INGLÊS WIZARD,MADALENA,,CIDADE,ABALROAMENTO LONGITUDINAL,COLISÃO SEM VITIMA,1,,,,,1,,,,0,,Longo da via,Bom,Sem defeito,Perfeito estado,,,Agente,Não há placas,40 km/h,Única,,,,,,,,,
2019-11-23,19:00:00,SEM VÍTIMA,FINALIZADA,DERBY,RUA DOM BOSCO,1329,,,RUA DOM BOSCO,1329,,DERBY,174,SUBURBIO,ABALROAMENTO LONGITUDINAL,ONIBUS PEDROSA X VOYAGE,1,,,,,1,,,,0,,Longo da via,Bom,Sem defeito,Perfeito estado,Seca,Perfeito estado,Outros,Outras,,Única,Faixa seccionada,,,,,,,,
2019-11-23,20:20:00,SEM VÍTIMA,FINALIZADA,TORRE,RUA CONDE DE IRAJA,,,EM FRENTE AO IMÓVEL Nº 214,RUA CONDE DE IRAJA,,EM FRENTE AO IMÓVEL Nº 214,TORRE,,,ABALROAMENTO LONGITUDINAL,COBALT X RENAULT CLIO,2,,,,,,,,,0,,Longo da via,Bom,Sem defeito,Perfeito estado,Seca,Perfeito estado,,R-6a,40 km/h,Única,,,,,,,,,
2019-11-23,20:49:00,SEM VÍTIMA,FINALIZADA,SOLEDADE,RUA JOAQUIM FELIPE,,AV JOAO DE BARROS,,RUA JOAQUIM FELIPE,,,SOLEDADE,365,CIDADE,COLISÃO TRASEIRA,COLISAO SEM VITIMAS,2,,,,,,,,,0,,Cruzamento,Bom,Sem defeito,Perfeito estado,Seca,Perfeito estado,Outros,Outras,,Única,Não existe,,,,,,,,
2019-11-23,21:56:00,SEM VÍTIMA,FINALIZADA,BOA VIAGEM,RUA FELIX DE BRITO E MELO,,RUA FRANCISCO DA CUNHA,,RUA FELIX DE BRITO E MELO,,,BOA VIAGEM,551,CIDADE,COLISÃO TRASEIRA,FOX X SANDERO X MICRO-ONIBUS,2,,,,,1,,,,0,,Cruzamento,Bom,Sem defeito,Perfeito estado,Seca,Perfeito estado,Faixa de pedestre,Outras,,Única,Faixa seccionada,,,,,,,,
2019-11-23,23:25:00,COM VÍTIMA,FINALIZADA,PRADO,RUA PANDIA CALOGERAS,,RUA RODRIGUES DE MENDONCA,NO CRUZAMENTO DAS DUAS RUAS,RUA PANDIA CALOGERAS,,NO CRUZAMENTO DAS DUAS RUAS,PRADO,,SUBURBIO,COLISÃO COM CICLISTA,UM AUTO E UMA BICICLETA,1,,,1,,,,,,1,,Cruzamento,Bom,Não existe,Perfeito estado,Seca,Perfeito estado,Não existe,Não há placas,,Dupla,Não existe,,,,,,,,
2019-11-24,00:43:00,COM VÍTIMA,FINALIZADA,IMBIRIBEIRA,AV MARECHAL MASCARENHAS DE MORAES,,AV GENERAL MAC ARTHUR,NO CRUZAMENTO MESMO,AV MARECHAL MASCARENHAS DE MORAES,,NO CRUZAMENTO MESMO,IMBIRIBEIRA,225,SUBURBIO,ABALROAMENTO TRANSVERSAL,AUTO E CAMINHÃO.,1,,,,,1,,,,1,,Cruzamento,Bom,Sem defeito,Perfeito estado,Seca,Perfeito estado,Faixa de pedestre,Não há placas,,Única,Faixa contínua,,,,,,,,
2019-11-24,07:04:00,SEM VÍTIMA,FINALIZADA,AFOGADOS,RUA VINTE E UM DE ABRIL,75,,,RUA VINTE E UM DE ABRIL,75,,AFOGADOS,,CIDADE,CHOQUE VEÍCULO PARADO,COLISÃO DOIS AUTOS,2,,,,,,,,,0,,Longo da via,Bom,Não existe,Perfeito estado,Seca,Perfeito estado,Outros,Outras,,Única,Não existe,,,,,,,,
2019-11-24,07:39:00,SEM VÍTIMA,FINALIZADA,CORDEIRO,RUA NISSIN BENSOUSSAN,50,,AO LADO DO EST. MERCADO LEÃO,RUA NISSIN BENSOUSSAN,50,AO LADO DO EST. MERCADO LEÃO,CORDEIRO,,SUBURBIO,CHOQUE OBJETO FIXO,SEM VITIMAS,1,,,,,,,,,0,,Longo da via,Bom,Não existe,Não existente,Seca,Perfeito estado,Não existe,Não há placas,,Dupla,Não existe,,,,,,,,
2019-11-24,08:27:00,COM VÍTIMA,FINALIZADA,SÃO JOSÉ,RUA SAO JOAO,504,,EM FRENTE DO EDF DA GUARDA PATRIMONIAL,RUA SAO JOAO,504,EM FRENTE DO EDF DA GUARDA PATRIMONIAL,SÃO JOSÉ,,CIDADE,TOMBAMENTO,AUTO E MOTO,1,1,,,,,,,,1,,Longo da via,Bom,Não existe,Não existente,Seca,Perfeito estado,Não existe,Não há placas,,Única,Não existe,,,,,,,,
2019-11-24,10:42:00,COM VÍTIMA,FINALIZADA,IBURA,AV DOIS RIOS,550,,IBURA DE BAIXO EM FRENTE AO POSTO DE GASOLINA PETRONAC. IGREJA EL SHADAY.,AV DOIS RIOS,550,IBURA DE BAIXO EM FRENTE AO POSTO DE GASOLINA PETRONAC. IGREJA EL SHADAY.,IBURA,,SUBURBIO,ABALROAMENTO TRANSVERSAL,AUTO E MOTO,1,1,,,,,,,,1,,Longo da via,Bom,,Perfeito estado,Seca,Perfeito estado,Não existe,Não há placas,,Dupla,Faixa contínua,,,,,,,,
2019-11-24,11:44:00,SEM VÍTIMA,CANCELADA,CAXANGÁ,AV CAXANGA,5735,,EM FRENTE A G-MAC ESTOFADOS/ TERMINAL DA INTEGRAÇÃO NA CAXANGÁ,AV CAXANGA,5735,EM FRENTE A G-MAC ESTOFADOS/ TERMINAL DA INTEGRAÇÃO NA CAXANGÁ,CAXANGÁ,,,COLISÃO,COLISÃO SEM VITIMA,2,,,,,,,,,0,,,,,,,,,,,,,,,,,,,,
2019-11-24,12:24:00,SEM VÍTIMA,FINALIZADA,,AV RECIFE,,,AUTOSPORT VEÍCULOS,AV RECIFE,,AUTOSPORT VEÍCULOS,,212,,COLISÃO TRASEIRA,COLISÃO SEM VITIMA,2,,,,,,,,,0,,Longo da via,Bom,Sem defeito,Perfeito estado,Seca,Perfeito estado,Não existe,,,Dupla,Faixa seccionada,Canteiro central,,,,,,,
2019-11-24,12:32:00,SEM VÍTIMA,FINALIZADA,BOMBA DO HEMETÉRIO,RUA CORREGO JOSE GRANDE,135,,CAPELA NOSSA SENHORA DE FÁTIMA,RUA CORREGO JOSE GRANDE,135,CAPELA NOSSA SENHORA DE FÁTIMA,BOMBA DO HEMETÉRIO,,SUBURBIO,ABALROAMENTO LONGITUDINAL,COLISÃO SEM VITIMA,2,,,,,,,,,0,,Longo da via,Bom,Não existe,Não existente,Seca,Perfeito estado,Não existe,Não há placas,,Dupla,Não existe,,,,,,,,
2019-11-24,13:37:00,COM VÍTIMA,FINALIZADA,IMBIRIBEIRA,AV MARECHAL MASCARENHAS DE MORAES,7935D,,PRÓX. DO TÚNEL FELIPE CAMARÃO/SENT. JABOATÃO,AV MARECHAL MASCARENHAS DE MORAES,7935D,PRÓX. DO TÚNEL FELIPE CAMARÃO/SENT. JABOATÃO,IMBIRIBEIRA,,SUBURBIO,COLISÃO COM CICLISTA,MOTO E BICICLETA,,1,,1,,,,,,2,,Longo da via,Bom,Não existe,Não existente,Seca,Perfeito estado,Não existe,Não há placas,60 km/h,Única,Canteiro central,,,,,,,,
2019-11-24,14:04:00,SEM VÍTIMA,FINALIZADA,IMBIRIBEIRA,AV MARECHAL MASCARENHAS DE MORAES,2931,,A NEO BLINDAGEM,AV MARECHAL MASCARENHAS DE MORAES,2931,A NEO BLINDAGEM,IMBIRIBEIRA,631,SUBURBIO,COLISÃO TRASEIRA,COLISÃO SEM VITIMA,2,,,,,,,,,0,,Longo da via,Bom,Sem defeito,Perfeito estado,Seca,Perfeito estado,Agente,Não há placas,60 km/h,Dupla,Faixa contínua,,,,,,,,
2019-11-24,14:50:00,SEM VÍTIMA,FINALIZADA,PRADO,AV ENGENHEIRO ABDIAS DE CARVALHO,1813,,LADO OPOSTO AO Nº 1813,AV ENGENHEIRO ABDIAS DE CARVALHO,1813,LADO OPOSTO AO Nº 1813,PRADO,,SUBURBIO,ABALROAMENTO LONGITUDINAL,~COLISÃO S/ VITIMA. DOIS CARRO PASSEIOS,2,,,,,,,,,0,,Longo da via,Bom,Não existe,Perfeito estado,Seca,Perfeito estado,Não existe,Não há placas,60 km/h,Dupla,Canteiro central,,,,,,,,
2019-11-24,16:00:00,COM VÍTIMA,FINALIZADA,SÃO JOSÉ,RUA IMPERIAL,1217,RUA BOM SUCESSO,PROX: AO VIADUTO DA AGAMENOM. PADARIA PÃO PÃO.,RUA IMPERIAL,1217,PROX: AO VIADUTO DA AGAMENOM. PADARIA PÃO PÃO.,SÃO JOSÉ,,SUBURBIO,ABALROAMENTO TRANSVERSAL,COLISÃO COM VITIMA ENTRE DOIS AUTOS,2,,,,,,,,,2,,Cruzamento,Bom,Sem defeito,Perfeito estado,Seca,Perfeito estado,Não existe,Outras,,Única,Faixa seccionada,,,,,,,,
2019-11-24,16:12:00,SEM VÍTIMA,FINALIZADA,IMBIRIBEIRA,RUA MOISES CORREA DA SILVA,181,RUA MENDES JUNIOR,,RUA MOISES CORREA DA SILVA,181,,IMBIRIBEIRA,,SUBURBIO,ABALROAMENTO LONGITUDINAL,COLISÃO SEM VITIMA,3,,,,,,,,,0,,Cruzamento,Bom,Não existe,Não existente,Seca,Perfeito estado,Não existe,Não há placas,,Dupla,Não existe,,,,,,,,
2019-11-24,16:33:00,COM VÍTIMA,FINALIZADA,CORDEIRO,RUA DR JOAO LACERDA,82,RUA 10 DE NOVEMBRO,EM FRENTE AO REI DA CHARQUE,RUA DR JOAO LACERDA,82,EM FRENTE AO REI DA CHARQUE,CORDEIRO,,,ABALROAMENTO LONGITUDINAL,AUTO E MOTO.,1,1,,,,,,,,1,,Longo da via,Bom,Não existe,Perfeito estado,Seca,Perfeito estado,Faixa de pedestre,Não há placas,,Dupla,Faixa seccionada,,,,,,,,
2019-11-24,19:26:00,COM VÍTIMA,FINALIZADA,ÁGUA FRIA,EST VELHA DE AGUA FRIA,739,,PROX AO DENOCS,EST VELHA DE AGUA FRIA,739,PROX AO DENOCS,ÁGUA FRIA,,SUBURBIO,ATROPELAMENTO,ATROPELAMENTO COM VITIMA ENTRE AUTO E PEDESTRE.,1,,,,1,,,,,1,,Longo da via,Bom,Não existe,Perfeito estado,Seca,Perfeito estado,Não existe,R-6a,,Dupla,Faixa contínua,,,,,,,,
2019-11-24,20:20:00,COM VÍTIMA,FINALIZADA,ÁGUA FRIA,AV BEBERIBE,2446,RUA FERNANDO DA VEIGA PESSOA,E/F AO PAGODE DA PRESSAO,AV BEBERIBE,2446,E/F AO PAGODE DA PRESSAO,ÁGUA FRIA,,SUBURBIO,ABALROAMENTO TRANSVERSAL,AUTO E MOTO.,1,1,,,,,,,,1,,Longo da via,Bom,Não existe,Perfeito estado,Seca,Perfeito estado,Não existe,Não há placas,,Dupla,Faixa contínua,,,,,,,,
2019-11-24,20:46:00,SEM VÍTIMA,CANCELADA,AREIAS,RUA AURORA CACOTE,177,RUA DO CANO,PROX A CLIMATIZAÇAO SASSA SERVIÇOS,RUA AURORA CACOTE,177,PROX A CLIMATIZAÇAO SASSA SERVIÇOS,AREIAS,,,COLISÃO,HB 20 X FIAT OBS. MOTORISTA DO FIAT ESTAVA ALCOOLIZADO DEIXOU O VEICULO E SE EVADIU DO LOCAL,2,,,,,,,,,0,,,,,,,,,,,,,,,,,,,,
2019-11-24,22:48:00,COM VÍTIMA,FINALIZADA,AFLITOS,AV SANTOS DUMONT,490,RUA TELES JUNIOR,FARMÁCIA EXTRAFARMA,AV SANTOS DUMONT,490,FARMÁCIA EXTRAFARMA,AFLITOS,,SUBURBIO,ABALROAMENTO TRANSVERSAL,AUTO E MOTO.,1,1,,,,,,,,1,,Cruzamento,Bom,Não existe,Incompleta,Seca,Mal iluminada,Não existe,Não há placas,,Única,Não existe,,,,,,,,
2019-11-25,04:51:00,SEM VÍTIMA,FINALIZADA,ESTÂNCIA,AV RECIFE,508,RUA MARQUES DE ITANHAEM,,AV RECIFE,508,,ESTÂNCIA,261,SUBURBIO,COLISÃO TRASEIRA,COLISAO ENTRE 2 AUTOS S/V,2,,,,,,,,,0,,Cruzamento,Bom,Sem defeito,Perfeito estado,Seca,Perfeito estado,Faixa de pedestre,Não há placas,,Dupla,Canteiro central,,,,,,,,
2019-11-25,06:24:00,SEM VÍTIMA,FINALIZADA,DOIS IRMÃOS,RUA MANUEL DE MEDEIROS,,,EM FRENTE AO CEGOE,RUA MANUEL DE MEDEIROS,,EM FRENTE AO CEGOE,DOIS IRMÃOS,224,CIDADE,ABALROAMENTO LONGITUDINAL,COLISÃO S/VITIMAS ENTRE UMA MOTO E UM AUTO,1,1,,,,,,,,0,,Longo da via,Bom,Sem defeito,Perfeito estado,Seca,Perfeito estado,Não existe,Outras,,Dupla,Faixa contínua,,,,,,,,
2019-11-25,06:30:00,SEM VÍTIMA,FINALIZADA,VÁRZEA,AV CAXANGA,,,LADO OPOSTO A UPA DA CAXANGÁ,AV CAXANGA,,LADO OPOSTO A UPA DA CAXANGÁ,VÁRZEA,,CIDADE,ABALROAMENTO LONGITUDINAL,CAMINHÃO E AUTO,1,,,,,,1,,,0,,Longo da via,Bom,Não existe,Perfeito estado,Seca,Perfeito estado,Não existe,R-6a,,Dupla,Faixa contínua,Faixa seccionada,,,,,,,
2019-11-25,06:50:00,SEM VÍTIMA,FINALIZADA,AFOGADOS,AV SUL,,,ESTAÇÃO LARGO DA PAZ,AV SUL,,ESTAÇÃO LARGO DA PAZ,AFOGADOS,,CIDADE,COLISÃO COM CICLISTA,COM UMA VITIMA /AGUARDANDO SAMU,,1,,1,,,,,,0,,Longo da via,Bom,Não existe,Perfeito estado,Seca,Perfeito estado,Não existe,Não há placas,60 km/h,Única,Faixa seccionada,,,,,,,,
2019-11-25,07:26:00,SEM VÍTIMA,CANCELADA,TORRÕES,AV ENGENHEIRO ABDIAS DE CARVALHO,170,,EM FRENTE A DISQUE PEDRAS, LADO OPOSTO A UPA, SENT. CIDADE,AV ENGENHEIRO ABDIAS DE CARVALHO,170,EM FRENTE A DISQUE PEDRAS, LADO OPOSTO A UPA, SENT. CIDADE,TORRÕES,,,COLISÃO,DOIS AUTOS,2,,,,,,,,,0,,,,,,,,,,,,,,,,
2019-11-25,08:38:00,SEM VÍTIMA,FINALIZADA,SANTO AMARO,AV GOVERNADOR AGAMENON MAGALHAES,,,SOB O VIADUTO DA AV NORTE MIGUEL ARRAES DE ALENCAR,AV GOVERNADOR AGAMENON MAGALHAES,,SOB O VIADUTO DA AV NORTE MIGUEL ARRAES DE ALENCAR,SANTO AMARO,,CIDADE,COLISÃO TRASEIRA,DOIS AUTOS,2,,,,,,,,,0,,Longo da via,Bom,Não existe,Perfeito estado,Seca,Perfeito estado,Não existe,Não há placas,60 km/h,Dupla,Faixa contínua,Canteiro central,,,,,,,
2019-11-25,08:40:00,COM VÍTIMA,FINALIZADA,CORDEIRO,AV CAXANGA,,,E/F A ESTAÇÃO DO BRT GETÚLIO VARGAS.,AV CAXANGA,,E/F A ESTAÇÃO DO BRT GETÚLIO VARGAS.,CORDEIRO,266,CIDADE,COLISÃO TRASEIRA,COLISÃO C/VITIMA ENTRE UMA MOTO E AUTO,1,1,,,,,,,,1,,Longo da via,Bom,Sem defeito,Perfeito estado,Seca,Perfeito estado,Faixa de pedestre,,,Dupla,Canteiro central,,,,,,,,
2019-11-25,09:17:00,COM VÍTIMA,FINALIZADA,IMBIRIBEIRA,AV MARECHAL MASCARENHAS DE MORAES,,,APÓS A JACAÚNA DECORAÇÕES.,AV MARECHAL MASCARENHAS DE MORAES,,APÓS A JACAÚNA DECORAÇÕES.,IMBIRIBEIRA,,SUBURBIO,ATROPELAMENTO,MOTO E PEDESTRE.,,1,,,1,,,,,2,,Longo da via,Bom,Não existe,Perfeito estado,Seca,Perfeito estado,Não existe,R-6a,,Dupla,Faixa seccionada,Canteiro central,,,,,,,
2019-11-25,09:24:00,SEM VÍTIMA,FINALIZADA,BOA VIAGEM,RUA SETUBAL,228,RUA DR VICENTE GOMES,PRÓX AO SEMÁFORO 060,RUA SETUBAL,228,PRÓX AO SEMÁFORO 060,BOA VIAGEM,60,CIDADE,ABALROAMENTO LONGITUDINAL,COLISÃO ENTRE ÔNIBUS E AUTO SEM VÍTIMA,1,,,,,1,,,,0,,Cruzamento,Bom,Sem defeito,Perfeito estado,Seca,Perfeito estado,Agente,Não há placas,,Única,Não existe,,,,,,,,
2019-11-25,10:06:00,SEM VÍTIMA,FINALIZADA,DERBY,RUA HENRIQUE DIAS,,,EM FRENTE AO COLEGIO DA POLICIA MILITAR,RUA HENRIQUE DIAS,,EM FRENTE AO COLEGIO DA POLICIA MILITAR,DERBY,,CIDADE,ABALROAMENTO TRANSVERSAL,MOTO E AUTO,1,1,,,,,,,,0,,Longo da via,Bom,Não existe,Perfeito estado,Seca,Perfeito estado,Outros,Outras,,Única,Faixa seccionada,,,,,,,,
2019-11-25,10:16:00,SEM VÍTIMA,FINALIZADA,BOA VIAGEM,RUA BARAO DE SOUZA LEAO,1301,RUA ELADIO RAMOS,ASSISTÊNCIA TÉCNICA LG,RUA BARAO DE SOUZA LEAO,1301,ASSISTÊNCIA TÉCNICA LG,BOA VIAGEM,,,ABALROAMENTO LONGITUDINAL,DOIS AUTOS,1,,,,,,1,,,0,,Longo da via,Bom,Não existe,Perfeito estado,Seca,Perfeito estado,Não existe,Não há placas,40 km/h,Única,Faixa seccionada,,,,,,,,
2019-11-25,10:25:00,SEM VÍTIMA,FINALIZADA,DOIS UNIDOS,AV HILDEBRANDO DE VASCONCELOS,255,,EM FRENTE AO Nº 255,AV HILDEBRANDO DE VASCONCELOS,255,EM FRENTE AO Nº 255,DOIS UNIDOS,,SUBURBIO,COLISÃO TRASEIRA,,1,,,,,1,,,,0,,Longo da via,Bom,Não existe,Incompleta,Seca,Perfeito estado,Não existe,Não há placas,,Dupla,Não existe,,,,,,,,
2019-11-25,10:30:00,SEM VÍTIMA,FINALIZADA,CORDEIRO,EST DO FORTE DO ARRAIAL N. DO B. JESUS,122,,CTI IMOBILIÁRIA,EST DO FORTE DO ARRAIAL N. DO B. JESUS,122,CTI IMOBILIÁRIA,CORDEIRO,,SUBURBIO,ABALROAMENTO LONGITUDINAL,COLISÃO S/VITIMAS ENTRE DOIS AUTOS,2,,,,,,,,,0,,Longo da via,Bom,Não existe,Perfeito estado,Seca,Perfeito estado,Não existe,Outras,,Dupla,Faixa contínua,Faixa seccionada,,,,,,,
2019-11-25,10:41:00,SEM VÍTIMA,FINALIZADA,BOA VIAGEM,RUA ANTONIO FALCAO,,RUA DOS NAVEGANTES,ILHA CAMARÕES,RUA ANTONIO FALCAO,,ILHA CAMARÕES,BOA VIAGEM,,SUBURBIO,ABALROAMENTO LONGITUDINAL,SEM VITIMAS,2,,,,,,,,,0,,Cruzamento,Bom,Não existe,Incompleta,Seca,Mal conservada,Não existe,Placas Pare,,Única,Não existe,,,,,,,,
2019-11-25,10:44:00,SEM VÍTIMA,FINALIZADA,TAMARINEIRA,AV NORTE,,RUA CONEGO BARATA,,AV NORTE,,,TAMARINEIRA,62,,COLISÃO TRASEIRA,COLISÃO S/VITIMAS ENTRE DOIS AUTOS,2,,,,,,,,,0,,Cruzamento,Bom,Sem defeito,Perfeito estado,Seca,Perfeito estado,Faixa de pedestre,Outras,60 km/h,Dupla,Blocos,,,,,,,,
2019-11-25,11:00:00,SEM VÍTIMA,FINALIZADA,BOA VIAGEM,RUA PROFESSOR JOAO MEDEIROS,,,LADO OPOSTO Nº 348,RUA PROFESSOR JOAO MEDEIROS,,LADO OPOSTO Nº 348,BOA VIAGEM,,SUBURBIO,COLISÃO TRASEIRA,DOIS AUTOS,2,,,,,,,,,0,,Longo da via,Bom,,Perfeito estado,Seca,Perfeito estado,Outros,Outras,,Dupla,Faixa seccionada,,,,,,,,
2019-11-25,11:15:00,SEM VÍTIMA,FINALIZADA,VÁRZEA,RUA EMILIANO BRAGA,,RUA PROFESSOR CHAVES BATISTA,,RUA EMILIANO BRAGA,,,VÁRZEA,,CIDADE,ABALROAMENTO LONGITUDINAL,COLISÃO SEM VITIMAS,2,,,,,,,,,0,,,Bom,Não existe,Perfeito estado,Seca,Perfeito estado,,Outras,,Única,,,,,,,,,
2019-11-25,11:24:00,SEM VÍTIMA,FINALIZADA,AREIAS,AV DR JOSE RUFINO,955,,EM FRENTE A HONDA,AV DR JOSE RUFINO,955,EM FRENTE A HONDA,AREIAS,,CIDADE,COLISÃO TRASEIRA,COLISÃO S/VITIMAS ENTRE DOIS AUTOS,2,,,,,,,,,0,,Longo da via,Bom,Não existe,,Seca,Perfeito estado,Outros,Outras,50 km/h,Dupla,Faixa contínua,,,,,,,,
2019-11-25,11:51:00,SEM VÍTIMA,FINALIZADA,AFOGADOS,EST DOS REMEDIOS,1461,,DEPÓSITO DA TUPAN,EST DOS REMEDIOS,1461,DEPÓSITO DA TUPAN,AFOGADOS,,,COLISÃO TRASEIRA,DOIS AUTOS,2,,,,,,,,,0,,Longo da via,Bom,,Perfeito estado,Seca,Perfeito estado,,,,Única,Faixa seccionada,,,,,,,,
2019-11-25,12:29:00,SEM VÍTIMA,FINALIZADA,IPUTINGA,RUA LAGOA VERMELHA,466,,,RUA LAGOA VERMELHA,466,,IPUTINGA,,CIDADE,CHOQUE VEÍCULO PARADO,COLISÃO SEM VITIMAS,2,,,,,,,,,0,,Longo da via,Bom,Não existe,Não existente,Seca,Perfeito estado,Não existe,Não há placas,,Dupla,Não existe,,,,,,,,
2019-11-25,12:37:00,SEM VÍTIMA,FINALIZADA,SANTO AMARO,AV NORTE,1048,,EM FRENTE A QUALITY IMPORT ( Nº 1048),AV NORTE,1048,EM FRENTE A QUALITY IMPORT ( Nº 1048),SANTO AMARO,,SUBURBIO,ABALROAMENTO LONGITUDINAL,SEM VITIMAS,3,1,,,,,,,,0,,Longo da via,Bom,Sem defeito,Perfeito estado,Seca,Perfeito estado,Não existe,Não há placas,40 km/h,Dupla,Canteiro central,,,,,,,,
2019-11-25,13:03:00,SEM VÍTIMA,FINALIZADA,TEJIPIÓ,AV LIBERDADE,53,,DELEGACIA DE POLÍCIA DO MEIO AMBIENTE,AV LIBERDADE,53,DELEGACIA DE POLÍCIA DO MEIO AMBIENTE,TEJIPIÓ,,SUBURBIO,ABALROAMENTO LONGITUDINAL,COLISÃO SEM VITIMAS,,,,,,1,1,,,0,,Longo da via,Bom,Não existe,Perfeito estado,Seca,Perfeito estado,Não existe,Outras,,Dupla,Faixa contínua,,,,,,,,
2019-11-25,14:15:00,SEM VÍTIMA,FINALIZADA,BOA VIAGEM,AV BOA VIAGEM,4988,,EM FRENTE A PRACINHA DE BOA VIAGEM,AV BOA VIAGEM,4988,EM FRENTE A PRACINHA DE BOA VIAGEM,BOA VIAGEM,,SUBURBIO,ABALROAMENTO LONGITUDINAL,SEM VITIMAS,1,,,,,1,,,,0,,Longo da via,Bom,Não existe,Não existente,Seca,Perfeito estado,Não existe,Não há placas,,Única,,,,,,,,,
2019-11-25,14:25:00,SEM VÍTIMA,FINALIZADA,JIQUIÁ,AV DR JOSE RUFINO,,RUA MORAIS E SILVA,AO LADO DA GALERIA MARGARIDA,AV DR JOSE RUFINO,,AO LADO DA GALERIA MARGARIDA,JIQUIÁ,,SUBURBIO,ABALROAMENTO TRANSVERSAL,SEM VITIMAS,2,,,,,,,,,0,,Cruzamento,Bom,Não existe,Ilegível,Seca,Mal conservada,Não existe,R-6a,,Dupla,Faixa contínua,,,,,,,,
2019-11-25,14:55:00,SEM VÍTIMA,FINALIZADA,IMBIRIBEIRA,RUA DR TAVARES CORREIA,105,,,RUA DR TAVARES CORREIA,105,,IMBIRIBEIRA,,,CHOQUE VEÍCULO PARADO,COLISÃO SEM VITIMAS,1,,,,,,1,,,0,,Longo da via,Bom,Não existe,Não existente,Seca,Perfeito estado,Não existe,Não há placas,,Única,Não existe,,,,,,,,
2019-11-25,15:19:00,SEM VÍTIMA,FINALIZADA,BOA VIAGEM,RUA DR RAUL LAFAYETTE,152,,EDIFÍCIO SANTIAGO DE COMPOSTELA,RUA DR RAUL LAFAYETTE,152,EDIFÍCIO SANTIAGO DE COMPOSTELA,BOA VIAGEM,,,ABALROAMENTO LONGITUDINAL,COLISÃO SEM VITIMAS,2,,,,,,,,,0,,Longo da via,Bom,Não existe,Perfeito estado,Seca,Perfeito estado,Não existe,Outras,,Única,Não existe,,,,,,,,
2019-11-25,15:30:00,SEM VÍTIMA,FINALIZADA,JARDIM SÃO PAULO,AV RECIFE,,AV JOAO CABRAL DE MELO NETO,,AV RECIFE,,,JARDIM SÃO PAULO,259,,COLISÃO TRASEIRA,ENTRE AUTO PASSEIO X CAMINHÃO S/V,1,,,,,,1,,,0,,Longo da via,Bom,Sem defeito,Perfeito estado,Seca,Perfeito estado,Faixa de pedestre,,,Dupla,Canteiro central,,,,,,,,
2019-11-25,15:50:00,SEM VÍTIMA,CANCELADA,ESPINHEIRO,RUA AFONSO BATISTA,,,E/F A FARMACIA PAGUE MENOS,RUA AFONSO BATISTA,,E/F A FARMACIA PAGUE MENOS,ESPINHEIRO,,,COLISÃO,COLISAO ENTRE AUTO E VT DA POLICIA,1,,,,,,,1,,0,,,,,,,,,,,,,,,,,,,,