data,hora,natureza_acidente,situacao,bairro,endereco,numero,detalhe_endereco_acidente,complemento,endereco_cruzamento,numero_cruzamento,referencia_cruzamento,bairro_cruzamento,num_semaforo,sentido_via,tipo,descricao,auto,moto,ciclom,ciclista,pedestre,onibus,caminhao,viatura,outros,vitimas,vitimasfatais,acidente_verificado,tempo_clima,situacao_semaforo,sinalizacao,condicao_via,conservacao_via,ponto_controle,situacao_placa,velocidade_max_via,mao_direcao,divisao_via1,divisao_via2,divisao_via3,,,,,,
2019-11-27,07:54:00,SEM VÍTIMA,FINALIZADA,DERBY,RUA JENER DE SOUZA,,PRC DO DERBY,SOB O SEMÁFORO Nº 418,RUA JENER DE SOUZA,,SOB O SEMÁFORO Nº 418,DERBY,418,CIDADE,ABALROAMENTO LONGITUDINAL,COLISÃO S/VITIMAS ENTRE UMA MOTO E UM AUTO,1,1,,,,,,,,0,,Cruzamento,Bom,Sem defeito,Perfeito estado,Seca,Perfeito estado,Outros,Outras,,Dupla,Canteiro central,,,,,,,,
2019-11-27,08:02:00,SEM VÍTIMA,FINALIZADA,SAN MARTIN,RUA VINTE E UM DE ABRIL,,RUA DR JOSE RAMOS DE VASCONCELOS,OPOSTO A ESCOLA MUNICIPAL ANTÔNIO FARIAS FILHO,RUA VINTE E UM DE ABRIL,,OPOSTO A ESCOLA MUNICIPAL ANTÔNIO FARIAS FILHO,SAN MARTIN,,SUBURBIO,ABALROAMENTO TRANSVERSAL,COLISÃO SEM VITIMAS,2,,,,,,,,,0,,,Bom,Não existe,Não existente,Seca,Perfeito estado,Não existe,Não há placas,40 km/h,Dupla,Não existe,,,,,,,,
2019-11-27,08:03:00,SEM VÍTIMA,FINALIZADA,VÁRZEA,RUA RIBEIRO PESSOA,,,EM FRENTE A UPA DA CAXANGÁ,RUA RIBEIRO PESSOA,,EM FRENTE A UPA DA CAXANGÁ,VÁRZEA,281,,ABALROAMENTO TRANSVERSAL,COLISÃO S/ VITIMAS ENTRE UM CAMINHÃO E UM AUTO,1,,,,,,1,,,0,,Longo da via,Bom,Sem defeito,Não existente,Seca,Perfeito estado,Agente,Não há placas,,Dupla,Não existe,,,,,,,,
2019-11-27,08:18:00,SEM VÍTIMA,FINALIZADA,PINA,RUA JOSE MARIANO FILHO,534,AV ANTONIO DE GOES,CASA CENTRO AUTOMOTIVO SULAMERICA,RUA JOSE MARIANO FILHO,534,CASA CENTRO AUTOMOTIVO SULAMERICA,PINA,538,CIDADE,COLISÃO TRASEIRA,COLISÃO S/VITIMAS ENTRE UMA MOTO E UM AUTO,1,1,,,,,,,,0,,Longo da via,Bom,Sem defeito,Perfeito estado,Seca,Perfeito estado,Agente,,60 km/h,Única,Não existe,,,,,,,,
2019-11-27,08:22:00,COM VÍTIMA,FINALIZADA,PINA,AV HERCULANO BANDEIRA,480,,E/F A IGREJINHA DO PINA,AV HERCULANO BANDEIRA,480,E/F A IGREJINHA DO PINA,PINA,137,SUBURBIO,COLISÃO TRASEIRA,COLISÃO C/ VITIMA ENTRE UM CAMINHÃO, UMA MOTO E UM AUTO,1,1,,,,,1,,,1,,Longo da via,Bom,Sem defeito,Perfeito estado,Seca,Perfeito estado,Não existe,Outras,,Única,Faixa contínua,,,,,,,
2019-11-27,09:24:00,SEM VÍTIMA,FINALIZADA,ILHA DO LEITE,RUA GENERAL JOAQUIM INACIO,412,,EM FRENTE AO POSTO IPIRANGA,RUA GENERAL JOAQUIM INACIO,412,EM FRENTE AO POSTO IPIRANGA,ILHA DO LEITE,,SUBURBIO,COLISÃO TRASEIRA,DOIS AUTOS,2,,,,,,,,,0,,Longo da via,Bom,Sem defeito,Perfeito estado,Seca,Perfeito estado,Não existe,Não há placas,,Dupla,Faixa seccionada,,,,,,,,
2019-11-27,09:37:00,SEM VÍTIMA,FINALIZADA,DERBY,AV GOVERNADOR AGAMENON MAGALHAES,211,,EM FRENTE AO PONTO PELE,AV GOVERNADOR AGAMENON MAGALHAES,211,EM FRENTE AO PONTO PELE,DERBY,75,,CHOQUE,DOIS AUTOS,2,,,,,,,,,0,,Longo da via,Bom,Sem defeito,Perfeito estado,Seca,Perfeito estado,Agente,,60 km/h,Dupla,Faixa seccionada,,,,,,,,
2019-11-27,09:52:00,SEM VÍTIMA,CANCELADA,TORRE,RUA MARCOS ANDRE,,,AO LADO DO CARREFOUR,RUA MARCOS ANDRE,,AO LADO DO CARREFOUR,TORRE,487,,COLISÃO,MOTO E AUTO,1,1,,,,,,,,0,,,,,,,,,,,,,,,,,,,,
2019-11-27,10:22:00,SEM VÍTIMA,FINALIZADA,GRAÇAS,AV RUI BARBOSA,715,,LADO OPOSTO AO COLÉGIO AGNES,AV RUI BARBOSA,715,LADO OPOSTO AO COLÉGIO AGNES,GRAÇAS,,CIDADE,ABALROAMENTO LONGITUDINAL,COLISÃO SEM VITIMAS,1,,,,,1,,,,0,,Longo da via,Bom,Sem defeito,Perfeito estado,Seca,Perfeito estado,Não existe,Outras,,Única,Faixa contínua,,,,,,,,
2019-11-27,10:32:00,SEM VÍTIMA,CANCELADA,ENCRUZILHADA,AV JOAO DE BARROS,1629,,APOS O COLEGIO SABER VIVER,AV JOAO DE BARROS,1629,APOS O COLEGIO SABER VIVER,ENCRUZILHADA,,,COLISÃO,CAMINHAO E AUTO,1,,,,,,1,,,0,,,,,,,,,,,,,,,,,,,,
2019-11-27,10:42:00,SEM VÍTIMA,FINALIZADA,MADALENA,AV ENGENHEIRO ABDIAS DE CARVALHO,64,,,AV ENGENHEIRO ABDIAS DE CARVALHO,64,,MADALENA,,SUBURBIO,COLISÃO TRASEIRA,COLISÃO S/VITIMAS ENTRE TRES AUTOS,3,,,,,,,,,0,,Longo da via,Bom,Não existe,Perfeito estado,Seca,Perfeito estado,Não existe,R-6a,,Dupla,Canteiro central,,,,,,,,
2019-11-27,10:51:00,SEM VÍTIMA,FINALIZADA,TEJIPIÓ,AV DR JOSE RUFINO,3048,,COLÉGIO ALBERTO TORRES,AV DR JOSE RUFINO,3048,COLÉGIO ALBERTO TORRES,TEJIPIÓ,,SUBURBIO,ABALROAMENTO TRANSVERSAL,COLISÃO SEM VITIMA,2,,,,,,,,,0,,Longo da via,Bom,Não existe,Perfeito estado,Seca,Perfeito estado,,R-6a,40 km/h,Dupla,,,,,,,,,
2019-11-27,11:10:00,SEM VÍTIMA,FINALIZADA,SÃO JOSÉ,AV SUL,,,LADO OPOSTO AO 16º BATALHÃO DA POLÍCIA MILITAR,AV SUL,,LADO OPOSTO AO 16º BATALHÃO DA POLÍCIA MILITAR,SÃO JOSÉ,,,ABALROAMENTO LONGITUDINAL,COLISÃO SEM VITIMAS,1,,,,,1,1,,,0,,Longo da via,Bom,Sem defeito,Perfeito estado,Seca,Perfeito estado,Não existe,Não há placas,60 km/h,Dupla,Faixa seccionada,Canteiro central,,,,,,,
2019-11-27,11:35:00,SEM VÍTIMA,CANCELADA,TAMARINEIRA,AV PROFESSOR JOSE DOS ANJOS,,RUA CONEGO BARATA,SENTIDO CASA AMARELA / EM FRENTE AO DENOX,AV PROFESSOR JOSE DOS ANJOS,,SENTIDO CASA AMARELA / EM FRENTE AO DENOX,TAMARINEIRA,,,COLISÃO,CAMINHAO E AUTO,1,,,,,,1,,,0,,,,,,,,,,,,,,,,,,,,
2019-11-27,12:04:00,COM VÍTIMA,FINALIZADA,ESPINHEIRO,RUA QUARENTA E OITO,,RUA DO ESPINHEIRO,EM FRENTE A DELICATESSEN ESPINHEIRO,RUA QUARENTA E OITO,,EM FRENTE A DELICATESSEN ESPINHEIRO,ESPINHEIRO,166,SUBURBIO,COLISÃO COM CICLISTA,MOTO E BICICLETA.,,1,,1,,,,,,1,,Cruzamento,Bom,Sem defeito,Perfeito estado,Seca,Perfeito estado,Agente,Placas Dê a preferência,40 km/h,Única,Faixa seccionada,,,,,,,,
2019-11-27,12:19:00,SEM VÍTIMA,FINALIZADA,,AV SUL,,,LADO OPOSTO AO 16º BPM-PE,AV SUL,,LADO OPOSTO AO 16º BPM-PE,,,CIDADE,CHOQUE VEÍCULO PARADO,COLISÃO COM DOIS VEICULOS,,,,,,,2,,,0,,Longo da via,Bom,Não existe,Perfeito estado,Seca,Perfeito estado,Não existe,Não há placas,,Única,Faixa seccionada,,,,,,,,
2019-11-27,13:21:00,SEM VÍTIMA,FINALIZADA,ROSARINHO,RUA COUTO MAGALHAES,315,AV SANTOS DUMONT,EM FRENTE AO COLÉGIO SABER VIVER, DIGO, FAZER CRESCER,RUA COUTO MAGALHAES,315,EM FRENTE AO COLÉGIO SABER VIVER, DIGO, FAZER CRESCER,ROSARINHO,,,COLISÃO TRASEIRA,ENTRE TRÊS AUTOS S/V,2,,,,,,,,,0,,Cruzamento,Bom,Não existe,Perfeito estado,Seca,Perfeito estado,Não existe,R-6a,,Única,,,,,
2019-11-27,13:24:00,SEM VÍTIMA,FINALIZADA,MADALENA,AV ENGENHEIRO ABDIAS DE CARVALHO,1055,RUA JOAO IVO DA SILVA,EM FRENTE AO POSTO BR,AV ENGENHEIRO ABDIAS DE CARVALHO,1055,EM FRENTE AO POSTO BR,MADALENA,,CIDADE,COLISÃO TRASEIRA,~COLISÃO TRES CARROS,3,,,,,,,,,0,,Longo da via,Bom,Sem defeito,Perfeito estado,Seca,Perfeito estado,Outros,Não há placas,60 km/h,Dupla,Faixa seccionada,Canteiro central,,,,,,,
2019-11-27,13:32:00,COM VÍTIMA,FINALIZADA,COELHOS,RUA DOS COELHOS,123,,APOS O IMIP PROX AO VIADUTO JOAQUIM CARDOSO. LADO OPOSTO A UNIDADE DE SAÚDE DA FAMÍLIA COELHOS I,RUA DOS COELHOS,123,APOS O IMIP PROX AO VIADUTO JOAQUIM CARDOSO. LADO OPOSTO A UNIDADE DE SAÚDE DA FAMÍLIA COELHOS I,COELHOS,,SUBURBIO,COLISÃO FRONTAL,COLISAO ENTRE AUTO E MOTO COM UMA VITIMA,1,1,,,,,,,,1,,Longo da via,Bom,Não existe,Perfeito estado,Seca,Perfeito estado,Não existe,R-6a,,Dupla,Faixa contínua,,,,,,,,
2019-11-27,14:25:00,SEM VÍTIMA,FINALIZADA,IMBIRIBEIRA,AV MARECHAL MASCARENHAS DE MORAES,,,EM FRENTE A LOCALIZA,AV MARECHAL MASCARENHAS DE MORAES,,EM FRENTE A LOCALIZA,IMBIRIBEIRA,218,CIDADE,COLISÃO TRASEIRA,COLISÃO ENTRE TRES CARROS,3,,,,,,,,,0,,Longo da via,Bom,Sem defeito,Perfeito estado,Seca,Perfeito estado,Faixa de pedestre,Outras,60 km/h,Dupla,Canteiro central,,,,,,,,
2019-11-27,14:27:00,SEM VÍTIMA,FINALIZADA,SÃO JOSÉ,RUA IMPERIAL,,AV DANTAS BARRETO,PRAÇA SERGIO LORETO,RUA IMPERIAL,,PRAÇA SERGIO LORETO,SÃO JOSÉ,35,SUBURBIO,ABALROAMENTO LONGITUDINAL,ONIBUS X MOTO S/V,,1,,,,1,,,,0,,Cruzamento,Bom,Sem defeito,Perfeito estado,Seca,Perfeito estado,Faixa de retenção,Não há placas,,Única,Faixa contínua,,,,,,,,
2019-11-27,15:20:00,SEM VÍTIMA,FINALIZADA,BOA VIAGEM,RUA PROFESSOR JOAO MEDEIROS,,RUA BRUNO VELOSO,ACADEMIA R2,RUA PROFESSOR JOAO MEDEIROS,,ACADEMIA R2,BOA VIAGEM,,,ABALROAMENTO LONGITUDINAL,COLISAO ENTRE DOIS AUTOS S/V,2,,,,,,,,,0,,Cruzamento,Bom,Sem defeito,Perfeito estado,Seca,Perfeito estado,,Não há placas,40 km/h,Única,,,,,,,,,
2019-11-27,15:25:00,SEM VÍTIMA,FINALIZADA,CASA AMARELA,EST DO ARRAIAL,4388,,EM FRENTE AO NÚMERO 4388,EST DO ARRAIAL,4388,EM FRENTE AO NÚMERO 4388,CASA AMARELA,,SUBURBIO,COLISÃO TRASEIRA,COLISÃO ENTRE TRES VEICULOS,3,,,,,,,,,0,,Longo da via,Bom,Não existe,Incompleta,Seca,Perfeito estado,Não existe,Não há placas,,Única,Não existe,,,,,,,,
2019-11-27,15:44:00,SEM VÍTIMA,FINALIZADA,PRADO,RUA CARLOS GOMES,747,,AO LADO DA PAGUE MENOS,RUA CARLOS GOMES,747,AO LADO DA PAGUE MENOS,PRADO,57,SUBURBIO,COLISÃO TRASEIRA,COLISÃO DOIS VEICULOS,2,,,,,,,,,0,,Longo da via,Bom,Sem defeito,Perfeito estado,Seca,Perfeito estado,Faixa de pedestre,Não há placas,,Única,Faixa seccionada,,,,,,,,
2019-11-27,16:26:00,SEM VÍTIMA,FINALIZADA,AFOGADOS,RUA COSME VIANA,134,,EM FRENTE A AUTORENOV,RUA COSME VIANA,134,EM FRENTE A AUTORENOV,AFOGADOS,,SUBURBIO,ABALROAMENTO LONGITUDINAL,COLISÃO S/ VITIMA. COLISÃO ENTRE DOIS AUTOS,2,,,,,,,,,0,,Longo da via,Bom,Não existe,Perfeito estado,Seca,Perfeito estado,Não existe,R-6a,,Única,Faixa contínua,,,,,,,,
2019-11-27,16:56:00,SEM VÍTIMA,FINALIZADA,ILHA DO LEITE,PRC MIGUEL DE CERVANTES,,,,PRC MIGUEL DE CERVANTES,,,ILHA DO LEITE,,SUBURBIO,ABALROAMENTO LONGITUDINAL,ONIBUS X AUTO PASSEIO S/V,1,,,,,1,,,,0,,,Bom,Não existe,Perfeito estado,Seca,Perfeito estado,Faixa de pedestre,R-6a,30 km/h,Única,Não existe,,,,,,,,
2019-11-27,17:00:00,SEM VÍTIMA,FINALIZADA,MADALENA,RUA REAL DA TORRE,955,,PRÓXIMO AO POSTO SETTA,RUA REAL DA TORRE,955,PRÓXIMO AO POSTO SETTA,MADALENA,,,COLISÃO TRASEIRA,ENTRE DOIS AUTOS X MOTO S/V,2,1,,,,,,,,0,,Longo da via,Bom,Não existe,Perfeito estado,Seca,Perfeito estado,Não existe,Outras,40 km/h,Única,Não existe,,,,,,,,
2019-11-27,17:46:00,SEM VÍTIMA,CANCELADA,BOA VISTA,RUA DOM BOSCO,,,AO LADO DO AMERICANO BATISTA,RUA DOM BOSCO,,AO LADO DO AMERICANO BATISTA,BOA VISTA,,,COLISÃO,COLISAO ENTRE DOIS AUTOS S/V,2,,,,,,,,,0,,,,,,,,,,,,,,,,,,,,
2019-11-27,18:15:00,SEM VÍTIMA,FINALIZADA,AREIAS,AV RECIFE,,,EM FRENTE A BANCA IGNÊZ ANDREAZZA,AV RECIFE,,EM FRENTE A BANCA IGNÊZ ANDREAZZA,AREIAS,494,,ABALROAMENTO LONGITUDINAL,ENTRE DOIS AUTOS S/V,2,,,,,,,,,0,,Longo da via,Bom,Sem defeito,Perfeito estado,Seca,Perfeito estado,Agente,Não há placas,60 km/h,Dupla,Faixa seccionada,,,,,,,,
2019-11-27,19:11:00,COM VÍTIMA,CANCELADA,IMBIRIBEIRA,AV MARECHAL MASCARENHAS DE MORAES,2200,RUA NAPOLIS,ENTRE HC PNEUS E ITALIANA,AV MARECHAL MASCARENHAS DE MORAES,2200,ENTRE HC PNEUS E ITALIANA,IMBIRIBEIRA,,CIDADE,COLISÃO,REANULT X MOTO,1,1,,,,,,,,1,,,,,,,,,,,,,,,,,,,,
2019-11-27,20:01:00,SEM VÍTIMA,FINALIZADA,ARRUDA,EST VELHA DE AGUA FRIA,1225,,ROTATÓRIA,EST VELHA DE AGUA FRIA,1225,ROTATÓRIA,ARRUDA,,,ABALROAMENTO LONGITUDINAL,CELTA X FIORINO,2,,,,,,,,,0,,,Bom,Não existe,,Seca,Perfeito estado,,Outras,,Dupla,Faixa contínua,,,,,,,,
2019-11-27,20:43:00,SEM VÍTIMA,CANCELADA,GRAÇAS,RUA DR BANDEIRA FILHO,,AV GOVERNADOR AGAMENON MAGALHAES,ENF AO MEC DONALD´S,RUA DR BANDEIRA FILHO,,ENF AO MEC DONALD´S,GRAÇAS,,,COLISÃO,CAMINHAO PIPA X FIAT UNO,1,,,,,,1,,,0,,,,,,,,,,,,,,,,,,,,
2019-11-27,20:51:00,COM VÍTIMA,FINALIZADA,CAMPO GRANDE,EST DE BELEM,1795,RUA HERMILIO GOMES,E/F AO POSTO PETRONAL,EST DE BELEM,1795,E/F AO POSTO PETRONAL,CAMPO GRANDE,,SUBURBIO,ABALROAMENTO TRANSVERSAL,ENTRE AUTO X MOTO COM VÍTIMA,1,1,,,,,,,,1,,Longo da via,Bom,Não existe,,Seca,Perfeito estado,Não existe,,,Dupla,Faixa contínua,Faixa seccionada,,,,,,,
2019-11-27,22:09:00,SEM VÍTIMA,FINALIZADA,PARNAMIRIM,AV DEZESSETE DE AGOSTO,,EST DO ENCANAMENTO,PRALA DR. LULA CABRAL DE MELO,AV DEZESSETE DE AGOSTO,,PRALA DR. LULA CABRAL DE MELO,PARNAMIRIM,,SUBURBIO,ABALROAMENTO LONGITUDINAL,FIESTA X JET,2,,,,,,,,,0,,Longo da via,Bom,Sem defeito,Perfeito estado,Seca,Perfeito estado,Faixa de pedestre,R-6a,50 km/h,Única,,,,,,,,,
2019-11-27,22:30:00,SEM VÍTIMA,FINALIZADA,BOA VIAGEM,RUA COSMORAMA,65A,,CENTRO DE SAÚDE PROF DJAIR BRINDEIRO,RUA COSMORAMA,65A,CENTRO DE SAÚDE PROF DJAIR BRINDEIRO,BOA VIAGEM,,SUBURBIO,COLISÃO TRASEIRA,ONIBUS BORBOREMA X HONDA CIVIC,1,,,,,1,,,,0,,Longo da via,Bom,Não existe,Incompleta,Seca,Perfeito estado,Não existe,Outras,,Dupla,Faixa seccionada,,,,,,,,
2019-11-28,00:26:00,SEM VÍTIMA,FINALIZADA,BOA VIAGEM,AV BOA VIAGEM,480,RUA PEREIRA DA COSTA,AO LADO DO DOM BLACK PREMIUM,AV BOA VIAGEM,480,AO LADO DO DOM BLACK PREMIUM,BOA VIAGEM,,CIDADE,ABALROAMENTO LONGITUDINAL,COLISÃO ENTRE DOIS AUTOS S/V,2,,,,,,,,,0,,Cruzamento,Bom,Intermitente,Ilegível,Seca,Mal iluminada,Faixa de pedestre,Não há placas,60 km/h,Única,Faixa seccionada,,,,,,,,
2019-11-28,06:44:00,SEM VÍTIMA,FINALIZADA,DERBY,RUA DR SEVERINO PINHEIRO,,,EM FRENTE AO QUARTEL DO DERBY,RUA DR SEVERINO PINHEIRO,,EM FRENTE AO QUARTEL DO DERBY,DERBY,418,CIDADE,ABALROAMENTO LONGITUDINAL,COLISÃO S/VITIMA ENTRE ONIBUS E AUTO,1,,,,,1,,,,0,,Cruzamento,Bom,Sem defeito,Perfeito estado,Seca,Perfeito estado,Agente,,50 km/h,Única,Faixa contínua,,,,,,,,
2019-11-28,07:17:00,SEM VÍTIMA,CANCELADA,IMBIRIBEIRA,AV MARECHAL MASCARENHAS DE MORAES,796,,EM FRENTE A FORD,AV MARECHAL MASCARENHAS DE MORAES,796,EM FRENTE A FORD,IMBIRIBEIRA,,CIDADE,COLISÃO,DOIS AUTOS,2,,,,,,,,,0,,,,,,,,,,,,,,,,,,,,
2019-11-28,07:47:00,SEM VÍTIMA,FINALIZADA,IPSEP,AV RECIFE,2447,,EM FRENTE A CAL MOTOS,AV RECIFE,2447,EM FRENTE A CAL MOTOS,IPSEP,,CIDADE,COLISÃO TRASEIRA,TRES AUTOS,3,,,,,,,,,0,,Longo da via,Bom,Sem defeito,Perfeito estado,Seca,Perfeito estado,,,60 km/h,Dupla,Canteiro central,,,,,,,,
2019-11-28,08:09:00,SEM VÍTIMA,CANCELADA,AFOGADOS,AV SUL,2144,,PROX AO LARGO DA PAZ,AV SUL,2144,PROX AO LARGO DA PAZ,AFOGADOS,,CIDADE,COLISÃO,DOIS AUTOS,2,,,,,,,,,0,,,,,,,,,,,,,,,,,,,,
2019-11-28,08:14:00,SEM VÍTIMA,FINALIZADA,PINA,AV ANTONIO DE GOES,,,AO LADO DO NUMERAL 195,AV ANTONIO DE GOES,,AO LADO DO NUMERAL 195,PINA,,CIDADE,ABALROAMENTO TRANSVERSAL,COLISÃO SEM VITIMAS ENTRE UM AUTO E UM ONIBUS,1,,,,,1,,,,0,,Longo da via,Bom,Sem defeito,Perfeito estado,Seca,Perfeito estado,Agente,,60 km/h,Única,Faixa seccionada,,,,,,,,
2019-11-28,08:28:00,COM VÍTIMA,FINALIZADA,CASA AMARELA,RUA BELA VISTA,,RUA DES MOTTA JUNIOR,NO CRUZAMENTO COM A RUA DESEMBARGADOR MOTA JUNIOR,RUA BELA VISTA,,NO CRUZAMENTO COM A RUA DESEMBARGADOR MOTA JUNIOR,CASA AMARELA,,SUBURBIO,ABALROAMENTO TRANSVERSAL,COLISÃO COM VITIMA SOCORRIDO PELO SAMU,1,1,,,,,,,,1,,Cruzamento,Bom,Não existe,Perfeito estado,Seca,Perfeito estado,,,,Dupla,,,,,,,,,
2019-11-28,08:42:00,COM VÍTIMA,FINALIZADA,APIPUCOS,RUA DE APIPUCOS,235,,EM FRENTE AO EDIFICIO SARDENHA,RUA DE APIPUCOS,235,EM FRENTE AO EDIFICIO SARDENHA,APIPUCOS,,CIDADE,COLISÃO TRASEIRA,COLISÃO COM VITIMA SOCORRIDA PELO SAMU,4,,,,,,,,,1,,Longo da via,Bom,Não existe,Perfeito estado,Seca,Perfeito estado,Não existe,R-6a,60 km/h,Dupla,Faixa contínua,,,,,,,,
2019-11-28,09:24:00,COM VÍTIMA,FINALIZADA,IBURA,AV DOIS RIOS,1392,RUA RIO XINGU,EM FRENTE AO CONSULTORIO MEDICO DO IBURA . IRGEJA PENTECOSTAL,AV DOIS RIOS,1392,EM FRENTE AO CONSULTORIO MEDICO DO IBURA . IRGEJA PENTECOSTAL,IBURA,,CIDADE,ATROPELAMENTO,COLISÃO COM VITIMA A ESPERA DO SAMU,,1,,,1,,,,,1,,Longo da via,Bom,Não existe,Perfeito estado,Seca,Perfeito estado,Não existe,Placas Dê a preferência,,Dupla,Faixa contínua,Faixa seccionada,,,,,,,
2019-11-28,09:28:00,SEM VÍTIMA,FINALIZADA,AREIAS,AV DR JOSE RUFINO,,RUA IPOJUCA,,AV DR JOSE RUFINO,,,AREIAS,44,CIDADE,ABALROAMENTO LONGITUDINAL,DOIS AUTOS,2,,,,,,,,,0,,Longo da via,Bom,Sem defeito,Ilegível,Seca,Perfeito estado,Faixa de pedestre,,,Dupla,Faixa contínua,,,,,,,,
2019-11-28,09:45:00,SEM VÍTIMA,FINALIZADA,ESPINHEIRO,RUA CONS PORTELA,509,,PROX DA FARMACIA PAQUE MENOS,RUA CONS PORTELA,509,PROX DA FARMACIA PAQUE MENOS,ESPINHEIRO,11,CIDADE,ABALROAMENTO LONGITUDINAL,DOIS AUTOS,2,,,,,,,,,0,,Longo da via,Bom,Sem defeito,Perfeito estado,Seca,Perfeito estado,Agente,Não há placas,40 km/h,Única,Faixa seccionada,,,,,,,,
2019-11-28,09:56:00,SEM VÍTIMA,FINALIZADA,MUSTARDINHA,RUA JOANA FRANCISCA DE AZEVEDO,142,,BAR DO LEO,RUA JOANA FRANCISCA DE AZEVEDO,142,BAR DO LEO,MUSTARDINHA,,SUBURBIO,ABALROAMENTO LONGITUDINAL,COLISÃO SEM VITIMAS,2,,,,,,,,,0,,Longo da via,Bom,Não existe,Não existente,Seca,Perfeito estado,Não existe,Não há placas,,Dupla,Não existe,,,,,,,,
2019-11-28,10:08:00,SEM VÍTIMA,CANCELADA,BOA VIAGEM,RUA VISCONDE DE JEQUITINHONHA,106,,E/F AO RESTAURANTE SÓ CALDINHO,RUA VISCONDE DE JEQUITINHONHA,106,E/F AO RESTAURANTE SÓ CALDINHO,BOA VIAGEM,,,COLISÃO,COLISÃO S/VITIMAS ENTRE DOIS AUTOS,2,,,,,,,,,0,,,,,,,,,,,,,,,,,,,,
2019-11-28,10:45:00,SEM VÍTIMA,FINALIZADA,AFLITOS,RUA CONS PORTELA,210,,POSTO PETRONA,RUA CONS PORTELA,210,POSTO PETRONA,AFLITOS,,CIDADE,ABALROAMENTO LONGITUDINAL,COLISÃO SEM VITIMAS,2,,,,,,,,,0,,Longo da via,Bom,Não existe,Perfeito estado,Seca,Perfeito estado,Não existe,R-6c,60 km/h,Única,Faixa seccionada,,,,,,,,
2019-11-28,10:52:00,SEM VÍTIMA,FINALIZADA,MADALENA,RUA JOSE OSORIO,,AV CAXANGA,,RUA JOSE OSORIO,,,MADALENA,487,SUBURBIO,COLISÃO TRASEIRA,DOIS AUTOS,2,,,,,,,,,0,,Longo da via,Bom,Sem defeito,Perfeito estado,Seca,Perfeito estado,Não existe,Não há placas,,Dupla,Faixa seccionada,,,,,,,,
2019-11-28,11:32:00,SEM VÍTIMA,CANCELADA,ESTÂNCIA,AV RECIFE,,,EM FRENTE AO CAFE ROYAL NO SENTIDO CEASA,AV RECIFE,,EM FRENTE AO CAFE ROYAL NO SENTIDO CEASA,ESTÂNCIA,,,COLISÃO,COLISÃO SEM VITIMAS,1,,,,,1,,,,0,,,,,,,,,,,,,,,,,,,,
2019-11-28,12:14:00,COM VÍTIMA,FINALIZADA,MADALENA,RUA DEMOCRITO DE SOUZA FILHO,17,RUA PROFESSOR JOSE TORRES PIRES,APOS A PONTE DA CAPUNGA GM NO LOCAL GERANDO O B.O,RUA DEMOCRITO DE SOUZA FILHO,17,APOS A PONTE DA CAPUNGA GM NO LOCAL GERANDO O B.O,MADALENA,,SUBURBIO,ABALROAMENTO TRANSVERSAL,COLISAO ENTRE AUTO E MOTO,1,1,,,,,,,,1,,Cruzamento,Bom,Não existe,Perfeito estado,Seca,Perfeito estado,Não existe,Placas Pare,40 km/h,Única,Não existe,,,,,,,,
2019-11-28,13:05:00,SEM VÍTIMA,FINALIZADA,ESPINHEIRO,RUA DO ESPINHEIRO,1527,AV JOAO DE BARROS,MERCADO EXTRA,RUA DO ESPINHEIRO,1527,MERCADO EXTRA,ESPINHEIRO,89,SUBURBIO,ABALROAMENTO LONGITUDINAL,COLISÃO SEM VITIMA. ONIBUS E CARRO PASSEIO,1,,,,,1,,,,0,,Cruzamento,Bom,Sem defeito,Perfeito estado,Seca,Perfeito estado,Faixa de pedestre,R-6a,40 km/h,Única,Faixa contínua,,,,,,,,
2019-11-28,13:07:00,SEM VÍTIMA,CANCELADA,CAMPO GRANDE,RUA PROFESSOR FRANCISCO DA TRINDADE,180,RUA ODORICO MENDES,ESQUINA DA LOJA MUNDO ALCALINO,RUA PROFESSOR FRANCISCO DA TRINDADE,180,ESQUINA DA LOJA MUNDO ALCALINO,CAMPO GRANDE,,,COLISÃO,COLISÃO SEM VITIMA,2,,,,,,,,,0,,,,,,,,,,,,,,,,,,,,
2019-11-28,13:58:00,SEM VÍTIMA,FINALIZADA,CURADO,RUA DR GEORGE WILLIAM BUTLER,,,PROX: EM FRENTE A UNILEVER,RUA DR GEORGE WILLIAM BUTLER,,PROX: EM FRENTE A UNILEVER,CURADO,,,COLISÃO,COLISÃO DOIS VEICULOS PASSEIO.,2,,,,,,,,,0,,,,,,,,,,,,,,,,,,,,
2019-11-28,14:03:00,SEM VÍTIMA,FINALIZADA,DERBY,RUA BENFICA,,,EM FRENTE AO BP CHOQUE,RUA BENFICA,,EM FRENTE AO BP CHOQUE,DERBY,,CIDADE,COLISÃO TRASEIRA,COLISÃO S/ VITIMA. DOIS CARROS PASSEIO,2,,,,,,,,,0,,Longo da via,Bom,Não existe,Perfeito estado,Seca,Perfeito estado,Faixa de pedestre,Outras,,Única,Faixa seccionada,,,,,,,,
2019-11-28,14:07:00,COM VÍTIMA,FINALIZADA,DERBY,RUA BENFICA,480,,EM FRENTE A ACADEMIA FERNANDES BELTRÃO E A PRAÇA DO INTERNACIONAL,RUA BENFICA,480,EM FRENTE A ACADEMIA FERNANDES BELTRÃO E A PRAÇA DO INTERNACIONAL,DERBY,,SUBURBIO,COLISÃO TRASEIRA,COLISÃO COM VITIMA/ CONDUTOR DO AUTO SE AVADIU,1,1,,,,,,,,1,,Longo da via,Bom,Sem defeito,Ilegível,Seca,Perfeito estado,Não existe,R-6a,,Dupla,,,,,,,,,