data,hora,natureza_acidente,situacao,bairro,endereco,numero,detalhe_endereco_acidente,complemento,endereco_cruzamento,numero_cruzamento,referencia_cruzamento,bairro_cruzamento,num_semaforo,sentido_via,tipo,descricao,auto,moto,ciclom,ciclista,pedestre,onibus,caminhao,viatura,outros,vitimas,vitimasfatais,acidente_verificado,tempo_clima,situacao_semaforo,sinalizacao,condicao_via,conservacao_via,ponto_controle,situacao_placa,velocidade_max_via,mao_direcao,divisao_via1,divisao_via2,divisao_via3,,,,,,
2019-11-29,17:19:00,SEM VÍTIMA,FINALIZADA,TAMARINEIRA,RUA DR JOSE MARIA,,AV CONS ROSA E SILVA,,RUA DR JOSE MARIA,,,TAMARINEIRA,,SUBURBIO,ABALROAMENTO LONGITUDINAL,COLISAO ENTR DOIS AUTOS S/V,2,,,,,,,,,0,,Cruzamento,Bom,Sem defeito,Perfeito estado,Seca,Perfeito estado,Faixa de pedestre,Outras,40 km/h,Dupla,Faixa contínua,,,,,,,,
2019-11-29,17:42:00,SEM VÍTIMA,FINALIZADA,SÃO JOSÉ,C SANTA RITA,,,EM FRENTE A AGEMAR DISTRIBUIDORA,C SANTA RITA,,EM FRENTE A AGEMAR DISTRIBUIDORA,SÃO JOSÉ,,,COLISÃO TRASEIRA,ENGAVETAMENTO ENTRE TRES AUTOS S/V,2,,,,,,,,,0,,Longo da via,Bom,Não existe,Perfeito estado,Seca,Perfeito estado,Outros,Outras,60 km/h,Dupla,Canteiro central,,,,,,,,
2019-11-29,17:47:00,SEM VÍTIMA,EQUIPE EM DESLOCAMENTO,VÁRZEA,AV CAXANGA,,,PROX BIG BOMPREÇO,AV CAXANGA,,PROX BIG BOMPREÇO,VÁRZEA,,,COLISÃO,COLISÃO S/ VITIMA ENTRE CARRO E ONIBUS. GMNO LOCAL ,1,,,,,1,,,,0,,,,,,,,,,,,,,,,,,,,
2019-11-29,17:51:00,SEM VÍTIMA,FINALIZADA,IBURA,AV MATO GROSSO,122,RUA SAO VICENTE FERRER,,AV MATO GROSSO,122,,IBURA,,,ABALROAMENTO TRANSVERSAL,COLISÃO SEM VITIMA,2,,,,,,,,,0,,,Bom,Não existe,Não existente,Seca,Perfeito estado,Não existe,Não há placas,,Dupla,,,,,,,,,
2019-11-29,17:54:00,SEM VÍTIMA,FINALIZADA,PINA,AV ANTONIO DE GOES,,,EM FRENTE AO PRÉDIO DA PRF,AV ANTONIO DE GOES,,EM FRENTE AO PRÉDIO DA PRF,PINA,,CIDADE,COLISÃO TRASEIRA,COLISÃO S/ VITIMA TRES VEICULOS,3,,,,,,,,,0,,Longo da via,Bom,Não existe,Não existente,Seca,Perfeito estado,Não existe,Não há placas,,Única,Faixa seccionada,,,,,,,,
2019-11-29,18:03:00,SEM VÍTIMA,FINALIZADA,CASA FORTE,AV DEZESSETE DE AGOSTO,,RUA MARECHAL RONDON,ESQUINA DAS RUAS,AV DEZESSETE DE AGOSTO,,ESQUINA DAS RUAS,CASA FORTE,,SUBURBIO,ABALROAMENTO TRANSVERSAL,COLISÃO SEM VITIMA,2,,,,,,,,,0,,,Bom,Não existe,Incompleta,Seca,Perfeito estado,Não existe,,,Dupla,Não existe,,,,,,,,
2019-11-29,18:03:00,COM VÍTIMA,CANCELADA,BOA VIAGEM,AVENIDA CELSO FURTADO (VIA MANGUE),,,PROX: AO EXTRA DE BOA VIAGEM,AVENIDA CELSO FURTADO (VIA MANGUE),,PROX: AO EXTRA DE BOA VIAGEM,BOA VIAGEM,,,COLISÃO,COLISÃO COM VITIMA. MOTO E VEICULO,1,1,,,,,,,,1,,,,,,,,,,,,,,,,,,,,
2019-11-29,18:24:00,SEM VÍTIMA,FINALIZADA,ILHA DO LEITE,AV GOVERNADOR AGAMENON MAGALHAES,,,HOSPITAL PORTUGUÊS,AV GOVERNADOR AGAMENON MAGALHAES,,HOSPITAL PORTUGUÊS,ILHA DO LEITE,,SUBURBIO,ABALROAMENTO LONGITUDINAL,COLISÃO SEM VITIMA,1,,,,,,1,,,0,,Longo da via,Bom,Não existe,Perfeito estado,Seca,Perfeito estado,Não existe,Outras,,Dupla,Canteiro central,,,,,,,,
2019-11-29,18:28:00,,,IPUTINGA,AV CAXANGA,,,AO LADO DO TERMINAL INTEGRADO BRT,AV CAXANGA,,AO LADO DO TERMINAL INTEGRADO BRT,IPUTINGA,,CIDADE,ABALROAMENTO LONGITUDINAL,APOIO AO PROTOCOLO 201938560,1,,,,,1,,,,,,Longo da via,Bom,Não existe,Não existente,Seca,Perfeito estado,Não existe,Não há placas,60 km/h,Única,Faixa seccionada,,,,,,,,
2019-11-29,18:34:00,SEM VÍTIMA,FINALIZADA,TAMARINEIRA,RUA CONEGO BARATA,275,,EM FRENTE A FERREIRA COSTA,RUA CONEGO BARATA,275,EM FRENTE A FERREIRA COSTA,TAMARINEIRA,,CIDADE,ABALROAMENTO LONGITUDINAL,COLISAO SEM VITIMAS,2,,,,,,,,,0,,Longo da via,Bom,Não existe,Perfeito estado,Seca,Perfeito estado,Não existe,Não há placas,,Dupla,Canteiro central,,,,,,,,
2019-11-29,18:35:00,COM VÍTIMA,FINALIZADA,CORDEIRO,AV GENERAL SAN MARTIN,,RUA CLOTILDE DE OLIVEIRA,PROX. DO GERTULIO VARGAS,AV GENERAL SAN MARTIN,,PROX. DO GERTULIO VARGAS,CORDEIRO,185,SUBURBIO,ABALROAMENTO TRANSVERSAL,AUTO E MOTO.,1,1,,,,,,,,1,,Cruzamento,Bom,Sem defeito,Perfeito estado,Outros,Outros,Faixa de pedestre,R-6a,,Dupla,Faixa seccionada,,,,,,,,
2019-11-29,19:02:00,SEM VÍTIMA,CANCELADA,ENGENHO DO MEIO,RUA GOVERNADOR LOPO GARRO,,,POR TRAZ DA PRAÇA,RUA GOVERNADOR LOPO GARRO,,POR TRAZ DA PRAÇA,ENGENHO DO MEIO,,,CHOQUE,CARROÇA COM CAVALOS CHOCOU-SE COM VEÍCULO,1,,,,,,,,1,0,,,,,,,,,,,,,,,,,,,,
2019-11-29,19:46:00,SEM VÍTIMA,FINALIZADA,BOA VIAGEM,RUA RIO AZUL,,RUA DEZ DE JULHO,,RUA RIO AZUL,,,BOA VIAGEM,437,,ABALROAMENTO LONGITUDINAL,COLISAO SEM VITIMAS,2,,,,,,,,,0,,Cruzamento,Bom,Sem defeito,Perfeito estado,Seca,Perfeito estado,Faixa de pedestre,Outras,,Única,Faixa contínua,,,,,,,,
2019-11-29,21:36:00,SEM VÍTIMA,CANCELADA,ENGENHO DO MEIO,RUA JOSE DOS SANTOS,,,PROX AO TERMINAL DE ONIBUS DO EGENHO DO MEIO,RUA JOSE DOS SANTOS,,PROX AO TERMINAL DE ONIBUS DO EGENHO DO MEIO,ENGENHO DO MEIO,,,COLISÃO,COLISAO SEM VITIMAS,2,,,,,,,,,0,,,,,,,,,,,,,,,,,,,,
2019-11-29,22:13:00,SEM VÍTIMA,FINALIZADA,IMBIRIBEIRA,AV MARECHAL MASCARENHAS DE MORAES,7935A,,,AV MARECHAL MASCARENHAS DE MORAES,7935A,,IMBIRIBEIRA,,CIDADE,ABALROAMENTO LONGITUDINAL,COLISAO SEM VITIMAS,2,,,,,,,,,0,,Longo da via,Bom,Não existe,Perfeito estado,Seca,Perfeito estado,Não existe,Não há placas,,Única,Faixa seccionada,,,,,,,,
2019-11-30,01:43:00,SEM VÍTIMA,FINALIZADA,BOA VIAGEM,RUA PADRE BERNADINO PESSOA,2055,,,RUA PADRE BERNADINO PESSOA,2055,,BOA VIAGEM,,,CHOQUE VEÍCULO PARADO,COLISAO ENTRE 2 AUTOS,2,,,,,,,,,0,,Longo da via,Bom,Não existe,Perfeito estado,Seca,Perfeito estado,Não existe,Não há placas,,Única,Faixa seccionada,,,,,,,,
2019-11-30,03:36:00,COM VÍTIMA,FINALIZADA,CABANGA,AV ENGENHEIRO JOSE ESTELITA,,,NO VIADUTO DAS CINCO PONTAS,AV ENGENHEIRO JOSE ESTELITA,,NO VIADUTO DAS CINCO PONTAS,CABANGA,,CIDADE,COLISÃO TRASEIRA,COLISAO COM VITIMAS ENTRE DOIS AUTOS.,2,,,,,,,,,1,,Longo da via,Bom,Não existe,Perfeito estado,Seca,Perfeito estado,Não existe,Não há placas,60 km/h,Única,Faixa seccionada,,,,,,,,
2019-11-30,04:43:00,COM VÍTIMA,FINALIZADA,SÃO JOSÉ,AV SUL,48,,POR TRAS DO FORTE DAS CINCO PONTAS,AV SUL,48,POR TRAS DO FORTE DAS CINCO PONTAS,SÃO JOSÉ,,CIDADE,ATROPELAMENTO,AUTO E PEDESTRE.,1,,,,1,,,,,1,,Longo da via,Bom,Não existe,Perfeito estado,Seca,Perfeito estado,Não existe,Não há placas,,Única,,,,,,,,,
2019-11-30,06:04:00,COM VÍTIMA,FINALIZADA,IBURA,AV DOIS RIOS,673,,PROXIMO AO SESI DO IBURA. LADO OPOSTO AO NÚMERO INFORMADO.,AV DOIS RIOS,673,PROXIMO AO SESI DO IBURA. LADO OPOSTO AO NÚMERO INFORMADO.,IBURA,,CIDADE,CHOQUE OBJETO FIXO,ONIBUS CHOCOU-SE COM UM POSTE,,,,,,1,,,,3,,Longo da via,Bom,Sem defeito,Perfeito estado,Seca,Perfeito estado,Não existe,R-6c,,Dupla,Faixa contínua,,,,,,,,
2019-11-30,06:29:00,SEM VÍTIMA,FINALIZADA,BOA VISTA,RUA DA AURORA,,,ASSEMBLEIA LESGILATIVA,RUA DA AURORA,,ASSEMBLEIA LESGILATIVA,BOA VISTA,429,SUBURBIO,CHOQUE OBJETO FIXO,VEICULO CHOCOU-SE COM O POSTE DO SEMAFORO,1,,,,,,,,,0,,Longo da via,Bom,Com defeito,Perfeito estado,Seca,Perfeito estado,Faixa de pedestre,,,Única,Faixa seccionada,,,,,,,,
2019-11-30,08:11:00,SEM VÍTIMA,CANCELADA,SANTO AMARO,AV MARIO MELO,225,,PROX. AO COLEGIO SILVIO RABELLO,AV MARIO MELO,225,PROX. AO COLEGIO SILVIO RABELLO,SANTO AMARO,,,COLISÃO,DOIS AUTOS,2,,,,,,,,,0,,,,,,,,,,,,,,,,,,,,
2019-11-30,08:32:00,SEM VÍTIMA,FINALIZADA,CORDEIRO,AV MAURICIO DE NASSAU,,,EM FRENTE AO HOSPITAL ALTINO VENTURA,AV MAURICIO DE NASSAU,,EM FRENTE AO HOSPITAL ALTINO VENTURA,CORDEIRO,645,,COLISÃO,MOTO E AUTO PASSEIO,1,1,,,,,,,,0,,,,,,,,,,,,,,,,,,,,
2019-11-30,10:04:00,SEM VÍTIMA,FINALIZADA,NOVA DESCOBERTA,AV VEREADOR OTACILIO AZEVEDO,,,EM FRENTE AO SUPERMERCADO TODO DIA,AV VEREADOR OTACILIO AZEVEDO,,EM FRENTE AO SUPERMERCADO TODO DIA,NOVA DESCOBERTA,,,COLISÃO TRASEIRA,ONIBUS E AUTO,1,,,,,1,,,,0,,Longo da via,Bom,Não existe,Perfeito estado,Seca,Perfeito estado,Não existe,Não há placas,,Dupla,Faixa seccionada,,,,,,,,
2019-11-30,11:11:00,SEM VÍTIMA,CANCELADA,IBURA,RUA RIBEIRAO VERMELHO,,,AO LADO DA FARMACIA PAQUE MENOS,RUA RIBEIRAO VERMELHO,,AO LADO DA FARMACIA PAQUE MENOS,IBURA,323,,COLISÃO,MOTO E AUTO,,,,,,,,,,0,,,,,,,,,,,,,,,,,,,,
2019-11-30,12:01:00,SEM VÍTIMA,CANCELADA,IMBIRIBEIRA,AV MARECHAL MASCARENHAS DE MORAES,2104,,EM FRENTE A FERREIRA PINTO E A CEPA CURSOS PROFISSIONALIZANTES , APOS O AEROPORTO...SENTIDO PRAZERES,AV MARECHAL MASCARENHAS DE MORAES,2104,EM FRENTE A FERREIRA PINTO E A CEPA CURSOS PROFISSIONALIZANTES , APOS O AEROPORTO...SENTIDO PRAZERES,IMBIRIBEIRA,,,COLISÃO,COLISÃO SEM VITIMA,2,,,,,,,,,0,,,,,,,,,,,,,,,,,,
2019-11-30,12:08:00,SEM VÍTIMA,FINALIZADA,BOA VISTA,RUA DA CONCEICAO,66,,,RUA DA CONCEICAO,66,,BOA VISTA,,CIDADE,CHOQUE VEÍCULO PARADO,COLISÃO SEM VITIMA,2,,,,,,,,,0,,Longo da via,Bom,Não existe,Perfeito estado,Seca,Perfeito estado,Não existe,Outras,,Única,Não existe,,,,,,,,
2019-11-30,12:11:00,SEM VÍTIMA,FINALIZADA,AREIAS,RUA AURORA CACOTE,17,,AO LADO DA GALETUS,RUA AURORA CACOTE,17,AO LADO DA GALETUS,AREIAS,,,COLISÃO TRASEIRA,COLISAO ENTRE DOIS AUTOS S/V,2,,,,,,,,,0,,Longo da via,Bom,Não existe,Incompleta,Seca,Perfeito estado,Não existe,Placas Pare,,Dupla,Não existe,,,,,,,,
2019-11-30,12:50:00,COM VÍTIMA,FINALIZADA,IBURA,AV DOM HELDER CAMARA,,,AO LADO DO NUCLEO DA POLICIA MILITAR.,AV DOM HELDER CAMARA,,AO LADO DO NUCLEO DA POLICIA MILITAR.,IBURA,,SUBURBIO,COLISÃO TRASEIRA,COLISÃO COM VITIMA ENTRE DUAS MOTOS.,,2,,,,,,,,1,,Longo da via,Bom,Não existe,Ilegível,Seca,Perfeito estado,Outros,Não há placas,,,Faixa seccionada,,,,,,,,
2019-11-30,13:43:00,SEM VÍTIMA,FINALIZADA,AFOGADOS,RUA COSME VIANA,,EST DO BONGI,IMBIRIBEIRA VEÍCULO,RUA COSME VIANA,,IMBIRIBEIRA VEÍCULO,AFOGADOS,100,CIDADE,COLISÃO TRASEIRA,COLISAO ENTRE DOIS AUTOS S/V,2,,,,,,,,,0,,Longo da via,Bom,Sem defeito,Perfeito estado,Seca,Perfeito estado,Faixa de pedestre,Não há placas,,Única,Faixa seccionada,,,,,,,,
2019-11-30,14:12:00,SEM VÍTIMA,FINALIZADA,AREIAS,AV RECIFE,,,LADO OPOSTO AO BIG BOMPREÇO,AV RECIFE,,LADO OPOSTO AO BIG BOMPREÇO,AREIAS,599,,COLISÃO TRASEIRA,COLISAO ENTRE DOIS AUTOS S/V,2,,,,,,,,,0,,Longo da via,Bom,Sem defeito,Perfeito estado,Seca,Perfeito estado,Faixa de pedestre,Não há placas,60 km/h,Dupla,Canteiro central,,,,,,,,
2019-11-30,15:36:00,SEM VÍTIMA,FINALIZADA,ESTÂNCIA,AV RECIFE,,,OPOSTO AO POSTO DE GASOLINA PETRONAC,AV RECIFE,,OPOSTO AO POSTO DE GASOLINA PETRONAC,ESTÂNCIA,617,CIDADE,COLISÃO TRASEIRA,,3,,,,,,,,,0,,Longo da via,Bom,Sem defeito,Perfeito estado,Seca,Perfeito estado,Faixa de pedestre,R-6a,60 km/h,Única,Faixa contínua,,,,,,,,
2019-11-30,15:42:00,SEM VÍTIMA,CANCELADA,TORRE,AV BEIRA RIO,701,,NA DESCIDA DO VIADUTO S/T CARREFOUR,AV BEIRA RIO,701,NA DESCIDA DO VIADUTO S/T CARREFOUR,TORRE,,,COLISÃO,COLISAO ENTRE AUTO E MOTO S/V,1,1,,,,,,,,0,,,,,,,,,,,,,,,,,,,,
2019-11-30,15:52:00,SEM VÍTIMA,FINALIZADA,BAIRRO DO RECIFE,RUA DO APOLO,,,CAPITANIA DOS PORTOS,RUA DO APOLO,,CAPITANIA DOS PORTOS,BAIRRO DO RECIFE,,,ABALROAMENTO LONGITUDINAL,COLISÃO SEM VITIMA,2,,,,,,,,,0,,Longo da via,Bom,Sem defeito,,Seca,Perfeito estado,Não existe,Outras,,Única,Não existe,,,,,,,,
2019-11-30,15:56:00,COM VÍTIMA,FINALIZADA,SÃO JOSÉ,RUA DA CONCORDIA,871,RUA DO PEIXOTO,EM FRENTE A JOSÉ DE LEMOS VASCONCELOS.,RUA DA CONCORDIA,871,EM FRENTE A JOSÉ DE LEMOS VASCONCELOS.,SÃO JOSÉ,182,CIDADE,ABALROAMENTO TRANSVERSAL,COLISÃO COM VÍTIMA ENTRE MOTO E ÔNIBUS.,,1,,,,1,,,,1,,Cruzamento,Bom,Sem defeito,Perfeito estado,Seca,Perfeito estado,Não existe,R-6a,,Única,Não existe,,,,,,,,
2019-11-30,16:05:00,SEM VÍTIMA,FINALIZADA,BOA VISTA,RUA DA AURORA,573,TRV CORREIA NETO,EDF CAETÉ,RUA DA AURORA,573,EDF CAETÉ,BOA VISTA,,,ABALROAMENTO LONGITUDINAL,COLISÃO SEM VITIMA,2,,,,,,,,1,0,,Longo da via,Bom,Não existe,Perfeito estado,Seca,Perfeito estado,Não existe,Não há placas,,Única,Faixa seccionada,,,,,,,,
2019-11-30,17:21:00,SEM VÍTIMA,FINALIZADA,SAN MARTIN,AV CONSUL VILARES FRAGOSO,470,RUA ITAPEMIRIM,AO LADO DA CAVALARIA PM,AV CONSUL VILARES FRAGOSO,470,AO LADO DA CAVALARIA PM,SAN MARTIN,,,ABALROAMENTO TRANSVERSAL,COLISÃO SEM VITIMA,2,,,,,,,,,0,,Longo da via,Bom,Não existe,Perfeito estado,Seca,,Não existe,Placas Pare,30 km/h,Dupla,Não existe,,,,,,,,
2019-11-30,17:36:00,SEM VÍTIMA,CANCELADA,BOA VIAGEM,AV DOM JOAO VI,,,POR TRAZ DO SHOPPING RECIFE , SENTIDO AEROPORTO,AV DOM JOAO VI,,POR TRAZ DO SHOPPING RECIFE , SENTIDO AEROPORTO,BOA VIAGEM,639,,COLISÃO,COLISÃO SEM VITIMA,1,,,,,1,,,,0,,,,,,,,,,,,,,,,,,
2019-11-30,18:09:00,SEM VÍTIMA,FINALIZADA,VÁRZEA,AV CAXANGA,,,SOBRE A PONTE MARECHAL HUMBERTO CASTELO BRANCO,AV CAXANGA,,SOBRE A PONTE MARECHAL HUMBERTO CASTELO BRANCO,VÁRZEA,,SUBURBIO,COLISÃO TRASEIRA,JEEP RENEGADE X PALIO,2,,,,,,,,,0,,Ponte,Bom,Não existe,Perfeito estado,Seca,Perfeito estado,Não existe,Não há placas,,Dupla,Faixa seccionada,Canteiro central,,,,,,,
2019-11-30,18:36:00,SEM VÍTIMA,FINALIZADA,VÁRZEA,RUA MARIO CAMPELO,346,,EM FRENTE AO Nº 346,RUA MARIO CAMPELO,346,EM FRENTE AO Nº 346,VÁRZEA,,SUBURBIO,ABALROAMENTO LONGITUDINAL,TAXISTA COM SUSPEITA DE EMBRIAGUEZ OBS: POPULAÇAO QUERENDO LINCHAR O TAXISTA POLICIA NO LOCAL,2,,,,,1,,,1,0,,Longo da via,Bom,Não existe,Não existente,Seca,Perfeito estado,,Não há placas,,Dupla,Não existe,,,,,,,,
2019-11-30,19:09:00,COM VÍTIMA,FINALIZADA,FUNDÃO,RUA CORONEL URBANO RIBEIRO DE SENA,,AV BEBERIBE,NO CRUZAMENTO MESMO,RUA CORONEL URBANO RIBEIRO DE SENA,,NO CRUZAMENTO MESMO,FUNDÃO,307,SUBURBIO,ABALROAMENTO LONGITUDINAL,AUTO E MOTO,1,1,,,,,,,,1,,Longo da via,Bom,Sem defeito,Perfeito estado,Seca,Perfeito estado,Faixa de pedestre,Não há placas,,Dupla,Faixa contínua,Faixa seccionada,,,,,,,
2019-11-30,19:15:00,SEM VÍTIMA,FINALIZADA,TORRE,RUA PADRE LANDIM,,RUA DOM MANOEL DA COSTA,,RUA PADRE LANDIM,,,TORRE,252,,COLISÃO FRONTAL,MOTO X AUTO,1,1,,,,,,,,0,,Cruzamento,Bom,Sem defeito,Perfeito estado,Seca,Perfeito estado,,,,Dupla,Faixa seccionada,,,,,,,,
2019-11-30,22:48:00,SEM VÍTIMA,FINALIZADA,BOA VIAGEM,RUA RIBEIRO DE BRITO,1326,RUA AMALIA BERNARDINO DE SOUZA,ANTES DA SUBIDA DO VIADUTO TANCREDO NEVES,RUA RIBEIRO DE BRITO,1326,ANTES DA SUBIDA DO VIADUTO TANCREDO NEVES,BOA VIAGEM,,SUBURBIO,ABALROAMENTO LONGITUDINAL,COLISAO SEM VITIMAS,3,,,,,,,,,0,,Longo da via,Bom,Não existe,Perfeito estado,Seca,Perfeito estado,Não existe,Não há placas,,Única,Faixa seccionada,,,,,,,,
2019-11-30,23:10:00,SEM VÍTIMA,FINALIZADA,CASA AMARELA,AV NORTE,,,EM FRENTE AO CAPS,AV NORTE,,EM FRENTE AO CAPS,CASA AMARELA,,SUBURBIO,ABALROAMENTO LONGITUDINAL,COLISAO SEM VITIMAS,2,,,,,,,,,0,,Longo da via,Bom,Não existe,Perfeito estado,Seca,Perfeito estado,Não existe,Não há placas,60 km/h,Dupla,Blocos,,,,,,,,
2019-11-30,23:42:00,SEM VÍTIMA,FINALIZADA,BOA VIAGEM,AV ENGENHEIRO DOMINGOS FERREIRA,4367,RUA CORONEL BENEDITO CHAVES,LADO OPOSTO A DELEGACIA DE BOA VIAGEM,AV ENGENHEIRO DOMINGOS FERREIRA,4367,LADO OPOSTO A DELEGACIA DE BOA VIAGEM,BOA VIAGEM,128,SUBURBIO,COLISÃO FRONTAL,CLASSIC X AUTO,2,,,,,,,,,0,,Longo da via,Bom,Sem defeito,Perfeito estado,Seca,Perfeito estado,,Não há placas,,Única,Faixa seccionada,,,,,,,,
2019-12-01,00:17:00,COM VÍTIMA,FINALIZADA,SÃO JOSÉ,RUA IMPERIAL,,TRV PADRE AZEVEDO,NO PRIMEIRO SEMAFORO DA IMPERIAL DEPOIS DO POSTO BR // PROX AO HOTEL CRISTAL,RUA IMPERIAL,,NO PRIMEIRO SEMAFORO DA IMPERIAL DEPOIS DO POSTO BR // PROX AO HOTEL CRISTAL,SÃO JOSÉ,511,SUBURBIO,ABALROAMENTO TRANSVERSAL,SIENA X MOTO,1,1,,,,,,,,1,,Cruzamento,Bom,Intermitente,Perfeito estado,Seca,Perfeito estado,Faixa de pedestre,Não há placas,,Única,Faixa contínua,,,,,,,,
2019-12-01,01:00:00,SEM VÍTIMA,FINALIZADA,TEJIPIÓ,RUA SOLDADO JOAQUIM XAVIER,240,RUA ALCANTARA,,RUA SOLDADO JOAQUIM XAVIER,240,,TEJIPIÓ,,SUBURBIO,ABALROAMENTO LONGITUDINAL,DOIS AUTO OBS: MOTORISTA DO GOL COM SUSPEITA DE EMBRIAGUEZ,2,,,,,,,,,0,,Longo da via,Bom,Não existe,Não existente,Seca,Perfeito estado,Não existe,Não há placas,,Dupla,Não existe,,,,,,,,
2019-12-01,03:56:00,SEM VÍTIMA,FINALIZADA,,RUA BENFICA,,RUA PROFESSOR BENEDITO MONTEIRO,EM FRENTE AO CLUB INTERNACIONAL,RUA BENFICA,,EM FRENTE AO CLUB INTERNACIONAL,,,,ABALROAMENTO LONGITUDINAL,ECOSPORT X TAXI,2,,,,,,,,,0,,,Bom,Não existe,Perfeito estado,Seca,Perfeito estado,Outros,Não há placas,,Dupla,Faixa contínua,,,,,,,,
2019-12-01,06:53:00,SEM VÍTIMA,CANCELADA,BOA VIAGEM,RUA SETUBAL,,,EM FRENTE AO PARQUE DONA LINDU,RUA SETUBAL,,EM FRENTE AO PARQUE DONA LINDU,BOA VIAGEM,,,COLISÃO,DOIS AUTOS,2,,,,,,,,,0,,,,,,,,,,,,,,,,,,,,
2019-12-01,11:58:00,COM VÍTIMA,CANCELADA,BOA VIAGEM,RUA DR VICENTE GOMES,,RUA SETUBAL,PROX. A PRACINHA DE BOA VIAGEM,RUA DR VICENTE GOMES,,PROX. A PRACINHA DE BOA VIAGEM,BOA VIAGEM,,,COLISÃO,COLISÃO COM VITIMA/ AGUARDANDO SAMU,1,1,,,,,,,,1,,,,,,,,,,,,,,,,,,,,
2019-12-01,12:27:00,SEM VÍTIMA,FINALIZADA,BOA VISTA,AV MANOEL BORBA,401,,POSTO BR,AV MANOEL BORBA,401,POSTO BR,BOA VISTA,,,COLISÃO,COLISÃO SEM VITIMAS,3,,,,,,,,,0,,,,,,,,,,,,,,,,,,,,
2019-12-01,12:33:00,SEM VÍTIMA,FINALIZADA,ROSARINHO,RUA GENERAL ABREU E LIMA,238,,BAR CAPRINOS,RUA GENERAL ABREU E LIMA,238,BAR CAPRINOS,ROSARINHO,,,COLISÃO,COLISÃO SEM VITIMAS,2,,,,,,,,,0,,,,,,,,,,,,,,,,,,,,
2019-12-01,12:44:00,COM VÍTIMA,FINALIZADA,VÁRZEA,AV PROFESSOR MORAES REGO,,RUA EMILIANO BRAGA,AO LADO DO TERMINAL DE CDU/ PROX AO VDT DA CAXANGA,AV PROFESSOR MORAES REGO,,AO LADO DO TERMINAL DE CDU/ PROX AO VDT DA CAXANGA,VÁRZEA,,SUBURBIO,COLISÃO,AUTO PASSEIO X MOTO COM VÍTIMA,1,1,,,,,,,,2,,,,,,,,,,,,,,,,,,,,
2019-12-01,13:08:00,SEM VÍTIMA,CANCELADA,TORRE,RUA VITORIANO PALHARES,194,,PROX. AO ATACADÃO DOS PRESENTES/ EDIF. ITAMARACÁ COLONIAL,RUA VITORIANO PALHARES,194,PROX. AO ATACADÃO DOS PRESENTES/ EDIF. ITAMARACÁ COLONIAL,TORRE,,,COLISÃO,COLISÃO SEM VITIMAS,2,,,,,,,,,0,,,,,,,,,,,,,,,,,,,,
2019-12-01,13:24:00,COM VÍTIMA,FINALIZADA,CORDEIRO,RUA CLOTILDE DE OLIVEIRA,,AV GENERAL SAN MARTIN,EM FRENTE DO HOSP. GERTULIO VARGAS,RUA CLOTILDE DE OLIVEIRA,,EM FRENTE DO HOSP. GERTULIO VARGAS,CORDEIRO,185,,COLISÃO FRONTAL,COLISÃO COM VÍTIMA ENTRE MOTO E AUTO.,1,1,,,,,,,,1,,Cruzamento,Bom,Sem defeito,Ilegível,Seca,Mal conservada,Outros,R-6a,,Dupla,Faixa contínua,,,,,,,,
2019-12-01,13:37:00,SEM VÍTIMA,FINALIZADA,JAQUEIRA,RUA SIMAO MENDES,,,EM FRENTE A FARMÁCIA PAGUE MENOS,RUA SIMAO MENDES,,EM FRENTE A FARMÁCIA PAGUE MENOS,JAQUEIRA,,,ABALROAMENTO LONGITUDINAL,COLISÃO SEM VITIMAS,1,1,,,,,,,,0,,Longo da via,Bom,Não existe,Perfeito estado,Seca,Perfeito estado,Não existe,R-6a,,Dupla,Não existe,,,,,,,,
2019-12-01,13:46:00,COM VÍTIMA,FINALIZADA,BOA VIAGEM,RUA PROFESSOR JOAO MEDEIROS,,,E/F AO EXTRABOM/ PROX AO PAPACAPIM,RUA PROFESSOR JOAO MEDEIROS,,E/F AO EXTRABOM/ PROX AO PAPACAPIM,BOA VIAGEM,,,ABALROAMENTO LONGITUDINAL,ENTRE AUTO PASSEIO E MOTO COM VÍTIMA,1,1,,,,,,,,1,,Longo da via,Bom,Não existe,Perfeito estado,Seca,Perfeito estado,Não existe,Não há placas,,Única,Faixa seccionada,,,,,,,,
2019-12-01,14:11:00,SEM VÍTIMA,FINALIZADA,PARNAMIRIM,EST DO ENCANAMENTO,310,,,EST DO ENCANAMENTO,310,,PARNAMIRIM,462,CIDADE,COLISÃO TRASEIRA,COLISAO ENVOLVENDO TRES AUTOS COM A VT DA CTTU,3,,,,,,,,,0,,Longo da via,Bom,Sem defeito,Perfeito estado,Seca,Perfeito estado,,,,Única,,,,,,,,,
2019-12-01,16:05:00,SEM VÍTIMA,FINALIZADA,ILHA DO LEITE,AV GOVERNADOR AGAMENON MAGALHAES,4581,PTE PAISSANDU,EM FRENTE AO BANCO SAFRA,AV GOVERNADOR AGAMENON MAGALHAES,4581,EM FRENTE AO BANCO SAFRA,ILHA DO LEITE,69,,ABALROAMENTO LONGITUDINAL,COLISÃO SEM VITIMAS,1,,,,,,1,,,0,,Longo da via,Bom,Sem defeito,Perfeito estado,Seca,Perfeito estado,Faixa de pedestre,R-4a,60 km/h,Única,Faixa seccionada,,,,,,,,