data,hora,natureza_acidente,situacao,bairro,endereco,numero,detalhe_endereco_acidente,complemento,endereco_cruzamento,numero_cruzamento,referencia_cruzamento,bairro_cruzamento,num_semaforo,sentido_via,tipo,descricao,auto,moto,ciclom,ciclista,pedestre,onibus,caminhao,viatura,outros,vitimas,vitimasfatais,acidente_verificado,tempo_clima,situacao_semaforo,sinalizacao,condicao_via,conservacao_via,ponto_controle,situacao_placa,velocidade_max_via,mao_direcao,divisao_via1,divisao_via2,divisao_via3,,,,,,
2019-12-01,16:26:00,SEM VÍTIMA,CANCELADA,FUNDÃO,RUA GRAVATA,,,PRAÇA MARIA JOSE DOS ANJOS( DONA LIA ),RUA GRAVATA,,PRAÇA MARIA JOSE DOS ANJOS( DONA LIA ),FUNDÃO,,,ATROPELAMENTO,PEDESTRE ESTA BEM. SEGUNDO O CONDUTOR DO VEÍCULO, SEM NECESSIDADE DE SOCORRO...SAMU,1,,,,1,,,,,0,,,,,,,,,,,,,,,,,,,
2019-12-01,16:30:00,SEM VÍTIMA,CANCELADA,BARRO,RUA ANDRE DE ALBUQUERQUE,205,,AO LADO DA IGREJA MATRIZ DO BARRO,RUA ANDRE DE ALBUQUERQUE,205,AO LADO DA IGREJA MATRIZ DO BARRO,BARRO,,,COLISÃO,ENTRE DOIS AUTO PASSEIO S/V,2,,,,,,,,,0,,,,,,,,,,,,,,,,,,,,
2019-12-01,17:24:00,SEM VÍTIMA,FINALIZADA,MADALENA,RUA BENFICA,1059,RUA HERMOGENES DE MORAIS,LADO OPOSTO AO Nº 1059,RUA BENFICA,1059,LADO OPOSTO AO Nº 1059,MADALENA,,SUBURBIO,COLISÃO FRONTAL,COLISÃO SEM VITIMAS,1,,,,,1,,,,0,,Longo da via,Bom,Não existe,Perfeito estado,Seca,Perfeito estado,Não existe,Não há placas,40 km/h,Dupla,Faixa contínua,,,,,,,,
2019-12-01,17:49:00,SEM VÍTIMA,FINALIZADA,BOA VIAGEM,AV CONSELHEIRO AGUIAR,576,RUA PEREIRA DA COSTA,EM FRENTE A LOJA URBAN ARTS,AV CONSELHEIRO AGUIAR,576,EM FRENTE A LOJA URBAN ARTS,BOA VIAGEM,,CIDADE,ABALROAMENTO LONGITUDINAL,COLISÃO SEM VITIMA,1,,,,,1,,,,0,,Cruzamento,Bom,Sem defeito,Perfeito estado,Seca,Perfeito estado,Faixa de pedestre,,,Única,Faixa contínua,Faixa seccionada,,,,,,,
2019-12-01,18:00:00,SEM VÍTIMA,FINALIZADA,BOA VIAGEM,RUA ERNESTO DE PAULA SANTOS,927,,EM FRENTE AO Nº 927,RUA ERNESTO DE PAULA SANTOS,927,EM FRENTE AO Nº 927,BOA VIAGEM,,,COLISÃO TRASEIRA,COLISÃO SEM VITIMA,2,,,,,,,,,0,,Longo da via,Bom,Não existe,Perfeito estado,Seca,Perfeito estado,Não existe,Outras,,Única,Faixa seccionada,,,,,,,,
2019-12-01,18:49:00,COM VÍTIMA,FINALIZADA,SANTO AMARO,AV GOVERNADOR AGAMENON MAGALHAES,,AV DR JAYME DA FONTE,SENTIDO OLINDA,AV GOVERNADOR AGAMENON MAGALHAES,,SENTIDO OLINDA,SANTO AMARO,49,SUBURBIO,ATROPELAMENTO,MOTO X PEDESTRE,,1,,,1,,,,,1,,Cruzamento,Bom,Sem defeito,Perfeito estado,Seca,Perfeito estado,Faixa de pedestre,Outras,,Dupla,Faixa seccionada,Canteiro central,,,,,,,
2019-12-01,19:03:00,SEM VÍTIMA,FINALIZADA,TORRÕES,AV ENGENHEIRO ABDIAS DE CARVALHO,3010,,,AV ENGENHEIRO ABDIAS DE CARVALHO,3010,,TORRÕES,,CIDADE,ABALROAMENTO LONGITUDINAL,PEUGEOT X TORO,2,,,,,,,,,0,,Longo da via,Bom,Não existe,Perfeito estado,Seca,Perfeito estado,Não existe,,,Dupla,Canteiro central,,,,,,,,
2019-12-01,19:09:00,SEM VÍTIMA,FINALIZADA,SANCHO,AV LIBERDADE,110,,,AV LIBERDADE,110,,SANCHO,,SUBURBIO,CHOQUE VEÍCULO PARADO,COLISAO SEM VITIMAS,4,,,,,,,,,0,,Longo da via,Bom,Não existe,Ilegível,Seca,Perfeito estado,Não existe,Não há placas,,Dupla,Não existe,,,,,,,,
2019-12-01,19:15:00,SEM VÍTIMA,FINALIZADA,BOA VIAGEM,RUA ERNESTO DE PAULA SANTOS,357,AV ENGENHEIRO DOMINGOS FERREIRA,EXTRAFARMA,RUA ERNESTO DE PAULA SANTOS,357,EXTRAFARMA,BOA VIAGEM,217,CIDADE,COLISÃO TRASEIRA,COLISAO SEM VITIMAS,2,,,,,,,,,0,,Longo da via,Bom,Sem defeito,Perfeito estado,Seca,Perfeito estado,Faixa de pedestre,,,Única,Faixa contínua,,,,,,,,
2019-12-01,19:35:00,SEM VÍTIMA,FINALIZADA,IPSEP,AV RECIFE,3273,,,AV RECIFE,3273,,IPSEP,,CIDADE,COLISÃO TRASEIRA,CLASSIC X PEUGEOT OBS: SUSPEITA DE EMBRIAGUEZ,2,,,,,,,,,0,,Longo da via,Bom,Sem defeito,Perfeito estado,Seca,Perfeito estado,Faixa de pedestre,R-6a,60 km/h,Única,Canteiro central,,,,,,,,
2019-12-01,19:35:00,SEM VÍTIMA,FINALIZADA,CASA FORTE,AV DEZESSETE DE AGOSTO,447,,,AV DEZESSETE DE AGOSTO,447,,CASA FORTE,,SUBURBIO,ABALROAMENTO LONGITUDINAL,COLISAO SEM VITIMAS,1,1,,,,,,,,0,,Longo da via,Bom,Não existe,Perfeito estado,Seca,Perfeito estado,Não existe,Não há placas,,Dupla,Faixa contínua,,,,,,,,
2019-12-01,20:45:00,SEM VÍTIMA,FINALIZADA,SÃO JOSÉ,RUA IMPERIAL,247,RUA LOURENCO DA SILVA,,RUA IMPERIAL,247,,SÃO JOSÉ,,CIDADE,ABALROAMENTO TRANSVERSAL,COLISAO SEM VITIMAS,2,,,,,,,,,0,,Cruzamento,Bom,Não existe,Incompleta,Seca,Mal iluminada,Não existe,R-6a,,Única,Faixa seccionada,,,,,,,,
2019-12-02,00:41:00,SEM VÍTIMA,FINALIZADA,DOIS IRMÃOS,RUA DOIS IRMAOS,416,,VIADUTO BR 101,RUA DOIS IRMAOS,416,VIADUTO BR 101,DOIS IRMÃOS,416,,ABALROAMENTO TRANSVERSAL,COLISAO ENTRE 2 AUTOS,2,,,,,,,,,0,,Cruzamento,Bom,Intermitente,Não existente,Seca,Perfeito estado,Não existe,Não há placas,,Dupla,Não existe,,,,,,,,
2019-12-02,01:39:00,SEM VÍTIMA,FINALIZADA,BOA VIAGEM,AV ENGENHEIRO DOMINGOS FERREIRA,,RUA PADRE CARAPUCEIRO,,AV ENGENHEIRO DOMINGOS FERREIRA,,,BOA VIAGEM,216,SUBURBIO,ABALROAMENTO TRANSVERSAL,COLISÃO ENTRE DOIS AUTOS S/V,2,,,,,,,,,0,,Cruzamento,Bom,Sem defeito,Perfeito estado,Seca,Perfeito estado,Faixa de pedestre,R-6a,60 km/h,Única,Canteiro central,,,,,,,,
2019-12-02,07:02:00,SEM VÍTIMA,FINALIZADA,BOA VIAGEM,RUA JOAO CARDOSO AIRES,971,RUA CAMBOIM,RESTAURANTE BAMBAM,RUA JOAO CARDOSO AIRES,971,RESTAURANTE BAMBAM,BOA VIAGEM,,,ABALROAMENTO TRANSVERSAL,AUTO E CAMINHAO,1,,,,,,1,,,0,,Cruzamento,Bom,Não existe,Perfeito estado,Seca,Perfeito estado,Faixa de retenção,Placas Pare,30 km/h,Dupla,Faixa seccionada,,,,,,,,
2019-12-02,07:03:00,SEM VÍTIMA,FINALIZADA,ALTO DO MANDU,RUA QUATRO DE MARCO,365,,TERMINAL DO ÔNIBUS DO ALTO DO MANDU,RUA QUATRO DE MARCO,365,TERMINAL DO ÔNIBUS DO ALTO DO MANDU,ALTO DO MANDU,,,ABALROAMENTO LONGITUDINAL,,1,,,,,1,,,,0,,Longo da via,Bom,Não existe,Não existente,Seca,Perfeito estado,Não existe,Não há placas,30 km/h,Dupla,Não existe,,,,,,,,
2019-12-02,07:15:00,SEM VÍTIMA,FINALIZADA,FUNDÃO,AV BEBERIBE,2960,,EM FRENTE A ASSEMBLEIA DE DEUS,AV BEBERIBE,2960,EM FRENTE A ASSEMBLEIA DE DEUS,FUNDÃO,,CIDADE,COLISÃO,ONIBUS E AUTO,1,,,,,1,,,,0,,,,,,,,,,,,,,,,,,,,
2019-12-02,07:17:00,SEM VÍTIMA,FINALIZADA,ESPINHEIRO,RUA CONS PORTELA,525,RUA QUARENTA E OITO,VÍDEO TÉCNICA - ASSISTÊNCIA TÉCNICA AUTORIZADA,RUA CONS PORTELA,525,VÍDEO TÉCNICA - ASSISTÊNCIA TÉCNICA AUTORIZADA,ESPINHEIRO,11,CIDADE,ABALROAMENTO LONGITUDINAL,COLISÃO SEM VITIMAS,1,,,,,1,,,,0,,Cruzamento,Bom,Sem defeito,Perfeito estado,Seca,Perfeito estado,Faixa de pedestre,R-6a,40 km/h,Única,Faixa seccionada,,,,,,,,
2019-12-02,07:30:00,SEM VÍTIMA,FINALIZADA,SANTO AMARO,AV DR JAYME DA FONTE,,,EM FRENTE AO CAMPO DO ONZE,AV DR JAYME DA FONTE,,EM FRENTE AO CAMPO DO ONZE,SANTO AMARO,,CIDADE,COLISÃO TRASEIRA,SEM VITIMAS,2,,,,,,,,,0,,Longo da via,Bom,Não existe,Incompleta,Seca,Perfeito estado,Não existe,Não há placas,,Dupla,Canteiro central,,,,,,,,
2019-12-02,07:31:00,SEM VÍTIMA,DUPLICIDADE,ALTO DO MANDU,RUA QUATRO DE MARCO,365,,TERMINAL DO ALTO DO MANDU,RUA QUATRO DE MARCO,365,TERMINAL DO ALTO DO MANDU,ALTO DO MANDU,,,COLISÃO,ONIBUS E AURO PASSEIO,1,,,,,1,,,,0,,,,,,,,,,,,,,,,,,,,
2019-12-02,07:37:00,COM VÍTIMA,FINALIZADA,ESTÂNCIA,RUA MORAIS E SILVA,540,AV DR JOSE RUFINO,PROX AO CENTRO COMERCIAL EM FRENTE A GALERIA MARGARIDA,RUA MORAIS E SILVA,540,PROX AO CENTRO COMERCIAL EM FRENTE A GALERIA MARGARIDA,ESTÂNCIA,,SUBURBIO,ABALROAMENTO TRANSVERSAL,AUTO E MOTO.,1,1,,,,,,,,1,,Cruzamento,Bom,Não existe,Incompleta,Seca,Mal conservada,Não existe,R-6a,,Dupla,Faixa contínua,,,,,,,,
2019-12-02,07:44:00,COM VÍTIMA,FINALIZADA,CORDEIRO,AV PROFESSOR ESTEVAO FRANCISCO DA COSTA,121,RUA 10 DE NOVEMBRO,EM FRENTE A ANTIGA PADARIA RAINHA DA TORRE. MERC FRUTI.,AV PROFESSOR ESTEVAO FRANCISCO DA COSTA,121,EM FRENTE A ANTIGA PADARIA RAINHA DA TORRE. MERC FRUTI.,CORDEIRO,280,AV. CAXANGÁ,COLISÃO TRASEIRA,AUTO E MOTO,1,1,,,,,,,,1,,Cruzamento,Bom,Sem defeito,Perfeito estado,Seca,Perfeito estado,Outros,R-4b,40 km/h,Dupla,Canteiro central,Canal,,,,,,,
2019-12-02,08:03:00,COM VÍTIMA,FINALIZADA,MADALENA,EST DOS REMEDIOS,,RUA BENFICA,SEMAFORO 051 PROX AO POSTO DE SAUDE LESSA DE ANDRADE,EST DOS REMEDIOS,,SEMAFORO 051 PROX AO POSTO DE SAUDE LESSA DE ANDRADE,MADALENA,51,CIDADE,COLISÃO COM CICLISTA,ÔNIBUS E BICICLETA.,,,,1,,1,,,,1,,Cruzamento,Bom,Sem defeito,Perfeito estado,Seca,Perfeito estado,Agente,R-4a,60 km/h,Dupla,Faixa,,,,,,,,
2019-12-02,08:31:00,SEM VÍTIMA,CANCELADA,BOA VIAGEM,RUA VIRIATO CORREIA,39,,EM FRENTE AO LAVA JATO,RUA VIRIATO CORREIA,39,EM FRENTE AO LAVA JATO,BOA VIAGEM,,,COLISÃO,DOS AUTOS,2,,,,,,,,,0,,,,,,,,,,,,,,,,,,,,
2019-12-02,09:04:00,SEM VÍTIMA,FINALIZADA,PRADO,AV ENGENHEIRO ABDIAS DE CARVALHO,,,AUTOLINE HONDA,AV ENGENHEIRO ABDIAS DE CARVALHO,,AUTOLINE HONDA,PRADO,,CIDADE,ABALROAMENTO LONGITUDINAL,COLISÃO SEM VITIMAS,2,,,,,,,,,0,,Longo da via,Bom,Não existe,Não existente,Seca,Perfeito estado,Não existe,Placas Pare,60 km/h,Dupla,Canteiro central,,,,,,,,
2019-12-02,09:17:00,SEM VÍTIMA,FINALIZADA,TAMARINEIRA,AV NORTE,,RUA CONEGO BARATA,,AV NORTE,,,TAMARINEIRA,62,,COLISÃO,-,,2,,,,,,,,0,,,,,,,,,,,,,,,,,,,,
2019-12-02,09:25:00,SEM VÍTIMA,CANCELADA,BOA VIAGEM,AV CONSELHEIRO AGUIAR,1472,,TRADE CENTER JULIÃO LINS,AV CONSELHEIRO AGUIAR,1472,TRADE CENTER JULIÃO LINS,BOA VIAGEM,,,COLISÃO,SEM VITIMAS,1,1,,,,,,,,0,,,,,,,,,,,,,,,,,,,,
2019-12-02,09:49:00,SEM VÍTIMA,FINALIZADA,IMBIRIBEIRA,AV MARECHAL MASCARENHAS DE MORAES,4561,,AUTO PARVICENTER,AV MARECHAL MASCARENHAS DE MORAES,4561,AUTO PARVICENTER,IMBIRIBEIRA,,SUBURBIO,ABALROAMENTO LONGITUDINAL,SEM VITIMAS/BATEDOR NO LOCAL,2,,,,,,,,,0,,Longo da via,Bom,Não existe,Perfeito estado,Seca,Perfeito estado,Não existe,Não há placas,,Dupla,Canteiro central,,,,,,,,
2019-12-02,10:24:00,SEM VÍTIMA,FINALIZADA,MADALENA,RUA BENFICA,411,,PRÓX AO CLUB INTERNACIONAL,RUA BENFICA,411,PRÓX AO CLUB INTERNACIONAL,MADALENA,,CIDADE,ABALROAMENTO LONGITUDINAL,DOIS AUTOS,2,,,,,,,,,0,,Longo da via,Bom,Não existe,Perfeito estado,Seca,Perfeito estado,Faixa de pedestre,Não há placas,,Única,Faixa seccionada,,,,,,,,
2019-12-02,10:43:00,SEM VÍTIMA,CANCELADA,BOA VIAGEM,AV CONSELHEIRO AGUIAR,,,EM FRENTE A PADARIA DIPLOMATA,AV CONSELHEIRO AGUIAR,,EM FRENTE A PADARIA DIPLOMATA,BOA VIAGEM,,,COLISÃO,COLISÃO SEM VITIMAS,2,,,,,,,,,0,,,,,,,,,,,,,,,,,,,,
2019-12-02,10:47:00,SEM VÍTIMA,CANCELADA,PARNAMIRIM,RUA JOAO TUDE DE MELO,,RUA VIRGINIA LORETO,AO LADO DO CERPE,RUA JOAO TUDE DE MELO,,AO LADO DO CERPE,PARNAMIRIM,,,COLISÃO,SEM VITIMAS,2,1,,,,,,,,0,,,,,,,,,,,,,,,,,,,,
2019-12-02,10:48:00,SEM VÍTIMA,FINALIZADA,ESPINHEIRO,RUA AMELIA,,RUA DR VICENTE MEIRA,EM FRENTE AO GALETO AMÉLIA,RUA AMELIA,,EM FRENTE AO GALETO AMÉLIA,ESPINHEIRO,,SUBURBIO,ABALROAMENTO LONGITUDINAL,COLISÃO SEM VITIMAS /GM NO LOCAL,2,,,,,,,,,0,,,Bom,Não existe,Perfeito estado,Seca,Perfeito estado,,R-6a,40 km/h,Única,Faixa seccionada,,,,,,,,
2019-12-02,10:56:00,SEM VÍTIMA,FINALIZADA,IMBIRIBEIRA,AV MARECHAL MASCARENHAS DE MORAES,1681,,EM FRENTE A LASER,AV MARECHAL MASCARENHAS DE MORAES,1681,EM FRENTE A LASER,IMBIRIBEIRA,,SUBURBIO,COLISÃO TRASEIRA,DOIS AUTOS E UMA MOTO,2,1,,,,,,,,0,,Longo da via,Bom,Não existe,Perfeito estado,Seca,Perfeito estado,Agente,Não há placas,60 km/h,Única,Faixa seccionada,,,,,,,,
2019-12-02,11:23:00,SEM VÍTIMA,FINALIZADA,APIPUCOS,RUA DE APIPUCOS,,,PARQUE DE APIPUCOS,RUA DE APIPUCOS,,PARQUE DE APIPUCOS,APIPUCOS,540,CIDADE,COLISÃO TRASEIRA,,3,,,,,,,,,0,,Longo da via,Bom,Sem defeito,Perfeito estado,Seca,Perfeito estado,Faixa de pedestre,,,Dupla,Faixa seccionada,,,,,,,,
2019-12-02,11:27:00,SEM VÍTIMA,FINALIZADA,BOA VISTA,RUA DO HOSPICIO,,,PRÓX. PRAÇA MACIEL PINHEIRO,RUA DO HOSPICIO,,PRÓX. PRAÇA MACIEL PINHEIRO,BOA VISTA,33,CIDADE,ABALROAMENTO LONGITUDINAL,DOIS AUTOS,2,,,,,,,,,0,,Longo da via,Bom,Sem defeito,Incompleta,Seca,Perfeito estado,Não existe,Outras,,Única,Não existe,,,,,,,,
2019-12-02,11:30:00,SEM VÍTIMA,FINALIZADA,BOA VIAGEM,RUA BRUNO VELOSO,,RUA VISCONDE DE JEQUITINHONHA,SHOPPING RECIFE,RUA BRUNO VELOSO,,SHOPPING RECIFE,BOA VIAGEM,,CIDADE,ABALROAMENTO LONGITUDINAL,COLISÃO SEM VITIMAS,1,,,,,,1,,,0,,Longo da via,Bom,Não existe,Incompleta,Seca,Perfeito estado,Não existe,Não há placas,30 km/h,Dupla,Não existe,,,,,,,,
2019-12-02,11:58:00,SEM VÍTIMA,FINALIZADA,BOA VISTA,RUA DO HOSPICIO,,,LADO OPOSTO DA PARADA DO BRT SENTIDO SUBÚRBIO CIDADE,RUA DO HOSPICIO,,LADO OPOSTO DA PARADA DO BRT SENTIDO SUBÚRBIO CIDADE,BOA VISTA,,CIDADE,ABALROAMENTO LONGITUDINAL,SEM VITIMAS/GM NO LOCAL,2,,,,,,,,,0,,Longo da via,Bom,Não existe,Perfeito estado,Seca,Perfeito estado,Não existe,Não há placas,,Dupla,Blocos,,,,,,,,
2019-12-02,12:09:00,SEM VÍTIMA,FINALIZADA,BOA VIAGEM,RUA FRANCISCO DA CUNHA,,RUA DR EDUARDO WANDERLEY,PRÓXIMO AO EDIFÍCIO PUERTO VALENÇA,RUA FRANCISCO DA CUNHA,,PRÓXIMO AO EDIFÍCIO PUERTO VALENÇA,BOA VIAGEM,,CIDADE,ABALROAMENTO TRANSVERSAL,COLISÃO SEM VÍTIMA,2,,,,,,,,,0,,Cruzamento,Bom,Não existe,Incompleta,Seca,Perfeito estado,Faixa de retenção,Placas Pare,30 km/h,Única,Não existe,,,,,,,,
2019-12-02,12:13:00,SEM VÍTIMA,FINALIZADA,BOA VISTA,AV MANOEL BORBA,237,,AO VAREJÃO DO ESTUDANTE,AV MANOEL BORBA,237,AO VAREJÃO DO ESTUDANTE,BOA VISTA,,SUBURBIO,COLISÃO TRASEIRA,COLISÃO S/VITIMAS ENTRE DOIS AUTOS,2,,,,,,,,,0,,Longo da via,Bom,Não existe,Perfeito estado,Seca,Perfeito estado,Outros,Outras,,Única,Faixa seccionada,,,,,,,,
2019-12-02,13:02:00,SEM VÍTIMA,FINALIZADA,BOA VIAGEM,RUA RIBEIRO DE BRITO,,RUA AMALIA BERNARDINO DE SOUZA,PRÓXIMO AO ANEXO DA UNINASSAU,RUA RIBEIRO DE BRITO,,PRÓXIMO AO ANEXO DA UNINASSAU,BOA VIAGEM,,SUBURBIO,ABALROAMENTO LONGITUDINAL,SEM VITIMAS/,2,,,,,,,,,0,,Longo da via,Bom,Não existe,Perfeito estado,Seca,Perfeito estado,Agente,Não há placas,40 km/h,,Faixa seccionada,,,,,,,,
2019-12-02,13:16:00,SEM VÍTIMA,FINALIZADA,GRAÇAS,AV GOVERNADOR AGAMENON MAGALHAES,,,POSTE B 025638,AV GOVERNADOR AGAMENON MAGALHAES,,POSTE B 025638,GRAÇAS,,,COLISÃO TRASEIRA,COLISAO ENTRE ONIBUS E AUTOS/V,1,,,,,1,,,,0,,Longo da via,Bom,Sem defeito,Perfeito estado,Seca,Perfeito estado,,,60 km/h,Dupla,Canal,,,,,,,,
2019-12-02,13:18:00,SEM VÍTIMA,FINALIZADA,IPSEP,RUA FRANCISCO BARRETO,467,RUA IRAPUA,,RUA FRANCISCO BARRETO,467,,IPSEP,,SUBURBIO,ABALROAMENTO TRANSVERSAL,COLISÃO COM VÍTIMA,1,1,,,,,,,,0,,Cruzamento,Bom,Não existe,Perfeito estado,Seca,Perfeito estado,Não existe,Não há placas,,Dupla,Não existe,,,,,,,,
2019-12-02,13:44:00,COM VÍTIMA,FINALIZADA,BAIRRO DO RECIFE,AV ALFREDO LISBOA,1168,,EM FRENTE AO MINISTERIO DA FAZENDA,AV ALFREDO LISBOA,1168,EM FRENTE AO MINISTERIO DA FAZENDA,BAIRRO DO RECIFE,,SUBURBIO,COLISÃO TRASEIRA,CONDUTOR DA MOTOCICLETA COLIDIU NA TRASEIRA DE UM SEGUNDO VEÍCULO QUE NÃO TEVE SUA PLACA IDENTIFICADA.,1,1,,,,,,,,1,,Longo da via,Bom,Não existe,Perfeito estado,Seca,Perfeito estado,,,,,,,,,,,,,
2019-12-02,13:53:00,SEM VÍTIMA,CANCELADA,IPSEP,RUA JEAN EMILE FAVRE,1200,RUA RIO AMAZONAS,E/F AO LABORATÓRIO GILSON CIDRIN,RUA JEAN EMILE FAVRE,1200,E/F AO LABORATÓRIO GILSON CIDRIN,IPSEP,527,,COLISÃO,COLISÃO S/ VITIMAS ENTR DOIS AUTOS,2,,,,,,,,,0,,,,,,,,,,,,,,,,,,,,
2019-12-02,13:59:00,SEM VÍTIMA,CANCELADA,IMBIRIBEIRA,AV SUL,,,NA SAIDA DO TERMINAL INTEGRADO TANCREDO NEVES,AV SUL,,NA SAIDA DO TERMINAL INTEGRADO TANCREDO NEVES,IMBIRIBEIRA,,,COLISÃO,COLISAO ENTRE ONIBUS E AUTO S/V,1,,,,,1,,,,0,,,,,,,,,,,,,,,,,,,,
2019-12-02,14:16:00,SEM VÍTIMA,CANCELADA,JIQUIÁ,RUA SAO MIGUEL,,,EM FRENTE AO ATACAREJO,RUA SAO MIGUEL,,EM FRENTE AO ATACAREJO,JIQUIÁ,425,,COLISÃO,COLISÃO SEM VÍTIMA,1,,,,,1,,,,0,,,,,,,,,,,,,,,,,,,,
2019-12-02,14:43:00,SEM VÍTIMA,CANCELADA,IMBIRIBEIRA,RUA ITAJUBA,156,,E/F A LOJA DE CONSTRUÇAO DISENSA,RUA ITAJUBA,156,E/F A LOJA DE CONSTRUÇAO DISENSA,IMBIRIBEIRA,,,COLISÃO,,2,,,,,,,,,0,,,,,,,,,,,,,,,,,,,,
2019-12-02,14:47:00,SEM VÍTIMA,FINALIZADA,ENCRUZILHADA,AV JOAO DE BARROS,,,EM FRENTE AO BRADESCO,AV JOAO DE BARROS,,EM FRENTE AO BRADESCO,ENCRUZILHADA,43,,COLISÃO,COLISÃO SEM VÍTIMA,2,,,,,,,,,0,,,,,,,,,,,,,,,,,,,,
2019-12-02,14:48:00,SEM VÍTIMA,FINALIZADA,BOA VIAGEM,RUA RIBEIRO DE BRITO,241,AV ENGENHEIRO DOMINGOS FERREIRA,AO LADO DO CENTRO EMPRESARIAL BOA VIAGEM,RUA RIBEIRO DE BRITO,241,AO LADO DO CENTRO EMPRESARIAL BOA VIAGEM,BOA VIAGEM,155,CIDADE,COLISÃO TRASEIRA,COLISAO ENVOLVENDO DOIS AUTOS SEM VITIMA,2,,,,,,,,,0,,Longo da via,Bom,Sem defeito,Perfeito estado,Seca,Perfeito estado,Agente,Não há placas,,Única,Faixa seccionada,,,,,,,,
2019-12-02,15:02:00,SEM VÍTIMA,FINALIZADA,BOA VIAGEM,RUA BARAO DE SOUZA LEAO,,,,RUA BARAO DE SOUZA LEAO,,,BOA VIAGEM,,SUBURBIO,ABALROAMENTO LONGITUDINAL,COLISÃO SEM VÍTIMA,,,,,,2,,,,0,,Longo da via,Bom,Sem defeito,Perfeito estado,Seca,Perfeito estado,Faixa de pedestre,Outras,,Única,Faixa seccionada,,,,,,,,
2019-12-02,15:09:00,COM VÍTIMA,FINALIZADA,BOA VIAGEM,AV ENGENHEIRO DOMINGOS FERREIRA,,,E/F AO EXTRA S/T PIEDADE,AV ENGENHEIRO DOMINGOS FERREIRA,,E/F AO EXTRA S/T PIEDADE,BOA VIAGEM,,SUBURBIO,COLISÃO TRASEIRA,ACIDENTE ENVOLVENDO TRÊS MOTOS E UM AUTO.,1,3,,,,,,,,2,,Longo da via,Bom,Não existe,Perfeito estado,Seca,Perfeito estado,Não existe,R-32,,Única,Faixa contínua,Faixa seccionada,Canteiro central,,,,,,
2019-12-02,15:11:00,SEM VÍTIMA,FINALIZADA,MANGUEIRA,RUA VINTE E UM DE ABRIL,,,NO SEMÁFORO 245,RUA VINTE E UM DE ABRIL,,NO SEMÁFORO 245,MANGUEIRA,245,,COLISÃO,COLISÃO SEM VÍTIMA,1,1,,,,,,,,0,,,,,,,,,,,,,,,,,,,,
2019-12-02,15:21:00,SEM VÍTIMA,FINALIZADA,AFOGADOS,RUA COSME VIANA,,EST DO BONGI,LADO OPOSTO AO POSTO SETTA,RUA COSME VIANA,,LADO OPOSTO AO POSTO SETTA,AFOGADOS,,CIDADE,COLISÃO TRASEIRA,COLISAO ENTRE TRES AUTOS S/V VT 14 NO LOCAL,3,,,,,,,,,0,,Longo da via,Bom,Sem defeito,Perfeito estado,Seca,Perfeito estado,Faixa de pedestre,Não há placas,,Única,Faixa seccionada,,,,,,,,
2019-12-02,15:23:00,COM VÍTIMA,FINALIZADA,MUSTARDINHA,AV ENGENHEIRO ABDIAS DE CARVALHO,1793,,E/F A FACULDADE ESTÁCIO (SENT. BR 232),AV ENGENHEIRO ABDIAS DE CARVALHO,1793,E/F A FACULDADE ESTÁCIO (SENT. BR 232),MUSTARDINHA,328,SUBURBIO,COLISÃO TRASEIRA,COLISÃO C/VITIMA UMA MOTO E UM AUTO,1,1,,,,,,,,1,,Longo da via,Bom,Sem defeito,Perfeito estado,Seca,Perfeito estado,Faixa de pedestre,Outras,,Dupla,Faixa seccionada,Canteiro central,,,,,,,
2019-12-02,15:25:00,SEM VÍTIMA,FINALIZADA,ENGENHO DO MEIO,RUA BOM PASTOR,,,EM FRENTE A COLÔNIA BOM PASTOR,RUA BOM PASTOR,,EM FRENTE A COLÔNIA BOM PASTOR,ENGENHO DO MEIO,,SUBURBIO,CAPOTAMENTO,VIATURA DA PM CAIU EM UM BURACO CAUSANDO DANOS A VT.,1,,,,,,,,,0,,Longo da via,Bom,Não existe,Não existente,Seca,Mal conservada,Não existe,Não há placas,,Única,Não existe,,,,,,,,
2019-12-02,15:34:00,SEM VÍTIMA,CANCELADA,IBURA,RUA DR OTAVIO DE MORAES VASCONCELOS,,,E/F AO SUPERMERCADO TREVO,RUA DR OTAVIO DE MORAES VASCONCELOS,,E/F AO SUPERMERCADO TREVO,IBURA,,,COLISÃO,COLISAO ENTRE AUTO E MOTO S/V,1,1,,,,,,,,0,,,,,,,,,,,,,,,,,,,,
2019-12-02,15:50:00,SEM VÍTIMA,FINALIZADA,AREIAS,AV RECIFE,,,AO LADO DO BIG BOMPREÇO,AV RECIFE,,AO LADO DO BIG BOMPREÇO,AREIAS,494,CIDADE,COLISÃO TRASEIRA,COLISÃO SEM VÍTIMA,3,,,,,,,,,0,,Longo da via,Bom,Sem defeito,Perfeito estado,Seca,Perfeito estado,,Não há placas,60 km/h,Única,Faixa seccionada,,,,,,,,
2019-12-02,15:54:00,SEM VÍTIMA,FINALIZADA,BOA VIAGEM,RUA ERNESTO DE PAULA SANTOS,561,AV HELIO FALCAO,ED. MONT BLANC,RUA ERNESTO DE PAULA SANTOS,561,ED. MONT BLANC,BOA VIAGEM,,SUBURBIO,ABALROAMENTO LONGITUDINAL,COLISÃO S/ VITIMAS ENTRE DOIS AUTOS,2,,,,,,,,,0,,Longo da via,Bom,Não existe,Perfeito estado,Seca,Perfeito estado,Faixa de retenção,Placas Pare,,Única,Faixa seccionada,,,,,,,,
2019-12-02,15:55:00,SEM VÍTIMA,FINALIZADA,SANCHO,AV LIBERDADE,20,AV TEMPO FELIZ,EM FRENTE AO CEMITÉRIO PARQUE DAS FLORES,AV LIBERDADE,20,EM FRENTE AO CEMITÉRIO PARQUE DAS FLORES,SANCHO,,,ABALROAMENTO LONGITUDINAL,COLISÃO SEM VÍTIMA,2,,,,,,,,,0,,Longo da via,Bom,Não existe,Perfeito estado,Seca,Perfeito estado,Faixa de pedestre,R-6c,40 km/h,Dupla,Faixa contínua,,,,,,,,