data,hora,natureza_acidente,situacao,bairro,endereco,numero,detalhe_endereco_acidente,complemento,endereco_cruzamento,numero_cruzamento,referencia_cruzamento,bairro_cruzamento,num_semaforo,sentido_via,tipo,descricao,auto,moto,ciclom,ciclista,pedestre,onibus,caminhao,viatura,outros,vitimas,vitimasfatais,acidente_verificado,tempo_clima,situacao_semaforo,sinalizacao,condicao_via,conservacao_via,ponto_controle,situacao_placa,velocidade_max_via,mao_direcao,divisao_via1,divisao_via2,divisao_via3,,,,,,
2019-12-03,20:02:00,COM VÍTIMA,FINALIZADA,JAQUEIRA,RUA SIMAO MENDES,200,,PROXIMO AO PARQUE DA JAQUEIRA,RUA SIMAO MENDES,200,PROXIMO AO PARQUE DA JAQUEIRA,JAQUEIRA,,SUBURBIO,ABALROAMENTO LONGITUDINAL,COLISÃO AUTO X MOTO C/VITIMA,1,1,,,,,,,,1,,Longo da via,Bom,Não existe,Ilegível,Seca,Mal iluminada,Não existe,R-6a,40 km/h,Dupla,Não existe,,,,,,,,
2019-12-03,20:27:00,COM VÍTIMA,CANCELADA,BAIRRO DO RECIFE,PTE BUARQUE DE MACEDO,,,SOBRE A PONTE,PTE BUARQUE DE MACEDO,,SOBRE A PONTE,BAIRRO DO RECIFE,,,COLISÃO,ONIBUS RODOTUR X MOTO,,1,,,,1,,,,1,,,,,,,,,,,,,,,,,,,,
2019-12-03,20:32:00,COM VÍTIMA,FINALIZADA,BOA VIAGEM,AV ENGENHEIRO DOMINGOS FERREIRA,,RUA ANTONIO FALCAO,E/F AO CARREFOUR,AV ENGENHEIRO DOMINGOS FERREIRA,,E/F AO CARREFOUR,BOA VIAGEM,145,SUBURBIO,ABALROAMENTO LONGITUDINAL,DOIS ONIBUS X AUTO PASSEIO X MOTO COM VÍTIMA,1,1,,,,2,,,,7,,Cruzamento,Bom,Sem defeito,Perfeito estado,Seca,Perfeito estado,Faixa de pedestre,R-25d,,Única,Faixa seccionada,,,,,,,,
2019-12-03,21:39:00,SEM VÍTIMA,FINALIZADA,SANTO AMARO,AV CRUZ CABUGA,,,,AV CRUZ CABUGA,,,SANTO AMARO,455,CIDADE,ABALROAMENTO LONGITUDINAL,ENTRE AUTO PASSEIO X MOTO S/V,1,1,,,,,,,,0,,Longo da via,Bom,Sem defeito,Perfeito estado,Seca,Perfeito estado,Faixa de pedestre,R-6a,,Única,Faixa contínua,Faixa seccionada,,,,,,,
2019-12-03,21:58:00,SEM VÍTIMA,CANCELADA,BOA VIAGEM,RUA ANTONIO FALCAO,472,RUA FRANCISCO DA CUNHA,ENF A COMERCIAL LOSAN HIDROCOR,RUA ANTONIO FALCAO,472,ENF A COMERCIAL LOSAN HIDROCOR,BOA VIAGEM,,,COLISÃO,ONIBUS VITAL ENGENHARIA X HILUX,1,,,,,1,,,,0,,,,,,,,,,,,,,,,,,,,
2019-12-03,22:32:00,SEM VÍTIMA,FINALIZADA,IMBIRIBEIRA,RUA SARGENTO SILVINO DE MACEDO,,RUA JOSE DA SILVA LUCENA,,RUA SARGENTO SILVINO DE MACEDO,,,IMBIRIBEIRA,,SUBURBIO,ABALROAMENTO TRANSVERSAL,SANDERO X PALIO,2,,,,,,,,,0,,Cruzamento,Bom,,,,,Não existe,Não há placas,,Dupla,Não existe,,,,,,,,
2019-12-03,22:36:00,COM VÍTIMA,FINALIZADA,DOIS IRMÃOS,RUA MANUEL DE MEDEIROS,1360,,E/F AO CENTRO DE ZOOTECNIA,RUA MANUEL DE MEDEIROS,1360,E/F AO CENTRO DE ZOOTECNIA,DOIS IRMÃOS,,SUBURBIO,COLISÃO FRONTAL,DOIS AUTOS COM VÍTIMA,2,1,,,,,,,,2,,Longo da via,Bom,Não existe,Não existente,Seca,Perfeito estado,Não existe,Não há placas,,Dupla,Faixa seccionada,,,,,,,,
2019-12-03,22:57:00,SEM VÍTIMA,FINALIZADA,ILHA DO RETIRO,RUA SPORT CLUBE DO RECIFE,,AV JOSE GONCALVES DE MEDEIROS,LOJAS JURANDIR PIRES,RUA SPORT CLUBE DO RECIFE,,LOJAS JURANDIR PIRES,ILHA DO RETIRO,,SUBURBIO,ABALROAMENTO LONGITUDINAL,ENTRE DOIS AUTOS S/V,2,,,,,,,,,0,,Longo da via,Bom,Não existe,Perfeito estado,Seca,Perfeito estado,Não existe,Não há placas,,Dupla,Canteiro central,,,,,,,,
2019-12-04,01:40:00,SEM VÍTIMA,FINALIZADA,BOA VIAGEM,AV BOA VIAGEM,3296,,,AV BOA VIAGEM,3296,,BOA VIAGEM,547,CIDADE,COLISÃO TRASEIRA,COLISÃO ENTRE DOIS AUTOS, SEM VÍTIMAS,2,,,,,,,,,0,,Longo da via,Bom,Sem defeito,Perfeito estado,Seca,Perfeito estado,Faixa de pedestre,,,Única,Faixa contínua,Faixa seccionada,,,,,,
2019-12-04,05:50:00,COM VÍTIMA,FINALIZADA,ÁGUA FRIA,RUA ALEGRE,355,,PROX DA J E C MOTO PEÇAS SERVIÇOS,RUA ALEGRE,355,PROX DA J E C MOTO PEÇAS SERVIÇOS,ÁGUA FRIA,,SUBURBIO,CHOQUE OBJETO FIXO,AUTO CHOCOU-SE EM MURO DA RESIDÊNCIA,1,,,,,,,,,1,,Longo da via,Bom,,Perfeito estado,Seca,Perfeito estado,,,,Única,Faixa seccionada,,,,,,,,
2019-12-04,06:33:00,COM VÍTIMA,FINALIZADA,ESPINHEIRO,VDO INDEPENDENCIA,,,SOBRE O VIADUTO INDEPENDENCIA ,SENTIDO BOA VIAGEM,VDO INDEPENDENCIA,,SOBRE O VIADUTO INDEPENDENCIA ,SENTIDO BOA VIAGEM,ESPINHEIRO,,CIDADE,ACID. DE PERCURSO,OLÉO NA VIA,,2,,,,,,,,2,,Longo da via,Bom,Não existe,Perfeito estado,Oleosa,Perfeito estado,Não existe,Não há placas,,Única,Faixa contínua,,,,,,
2019-12-04,07:06:00,SEM VÍTIMA,FINALIZADA,CASA AMARELA,AV NORTE,5953,,EM FRENTE A HONDA MOTOS E A IGREJA BATISTA DO ARRAIAL,AV NORTE,5953,EM FRENTE A HONDA MOTOS E A IGREJA BATISTA DO ARRAIAL,CASA AMARELA,,CIDADE,COLISÃO,COLISÃO SEM VITIMAS,,,,,,,2,,,0,,,,,,,,,,,,,,,,,,,,
2019-12-04,07:06:00,SEM VÍTIMA,FINALIZADA,MADALENA,EST DOS REMEDIOS,2226,,EM FRENTE AO PONTO DE ÔNIBUS,EST DOS REMEDIOS,2226,EM FRENTE AO PONTO DE ÔNIBUS,MADALENA,,,ABALROAMENTO LONGITUDINAL,ONIBUS E AUTO,1,,,,,1,,,,0,,Longo da via,Bom,Não existe,Perfeito estado,Seca,Perfeito estado,Não existe,Outras,60 km/h,Única,Faixa seccionada,,,,,,,,
2019-12-04,07:41:00,SEM VÍTIMA,FINALIZADA,AFOGADOS,AV SUL,,,POR TRÁS DA LOJA LUMIAÇO,AV SUL,,POR TRÁS DA LOJA LUMIAÇO,AFOGADOS,,CIDADE,ABALROAMENTO LONGITUDINAL,COLISÃO SEM VITIMAS,1,,,,,,1,,,0,,Longo da via,Bom,Não existe,Perfeito estado,Seca,Perfeito estado,Não existe,Não há placas,,Única,Faixa contínua,Faixa seccionada,,,,,,,
2019-12-04,07:51:00,SEM VÍTIMA,FINALIZADA,MADALENA,RUA GALVAO RAPOSO,,RUA ERNANI BRAGA,AO LADO DO Nº 377,RUA GALVAO RAPOSO,,AO LADO DO Nº 377,MADALENA,,,ABALROAMENTO TRANSVERSAL,COLISÃO SEM VITIMAS,2,,,,,,,,,0,,Cruzamento,Bom,Não existe,Perfeito estado,Seca,Perfeito estado,Faixa de retenção,Placas Pare,,Dupla,Faixa contínua,Faixa seccionada,,,,,,,
2019-12-04,07:52:00,SEM VÍTIMA,FINALIZADA,SANTO AMARO,AV CRUZ CABUGA,347,RUA DR JOAO VIEIRA DE MENEZES,FACULDADE FAMA,AV CRUZ CABUGA,347,FACULDADE FAMA,SANTO AMARO,,CIDADE,COLISÃO TRASEIRA,SEM VITIMAS,2,,,,,,,,,0,,Cruzamento,Bom,Não existe,Perfeito estado,Seca,Perfeito estado,Faixa de pedestre,Outras,,Dupla,Faixa contínua,,,,,,,,
2019-12-04,07:59:00,COM VÍTIMA,FINALIZADA,MADALENA,RUA NOBRE DE LACERDA,176,RUA MONSENHOR JULIO MARIA,RUA EM FRENTE A NAGEM,RUA NOBRE DE LACERDA,176,RUA EM FRENTE A NAGEM,MADALENA,,,ABALROAMENTO TRANSVERSAL,AUTO E MOTO,1,1,,,,,,,,1,,Cruzamento,Bom,Não existe,Perfeito estado,Seca,Perfeito estado,Não existe,Placas Pare,,,Não existe,,,,,,,,
2019-12-04,08:13:00,SEM VÍTIMA,EM ABERTO,IMBIRIBEIRA,AV MARECHAL MASCARENHAS DE MORAES,5777,,EM FRENTE A CAIXA ECONÔMICA FEDERAL,AV MARECHAL MASCARENHAS DE MORAES,5777,EM FRENTE A CAIXA ECONÔMICA FEDERAL,IMBIRIBEIRA,,SUBURBIO,ABALROAMENTO LONGITUDINAL,,1,,,,,,1,,,0,,Longo da via,Bom,Não existe,Perfeito estado,Seca,Perfeito estado,Não existe,R-6c,60 km/h,Dupla,Canteiro central,,,,,,,,
2019-12-04,08:32:00,SEM VÍTIMA,FINALIZADA,AFOGADOS,RUA TURIACU,180,,RESIDENCIAL TORRES GÊMEAS,RUA TURIACU,180,RESIDENCIAL TORRES GÊMEAS,AFOGADOS,,CIDADE,ABALROAMENTO LONGITUDINAL,SEM VITIMAS,1,,,,,,1,,,0,,Longo da via,Bom,Não existe,Não existente,Seca,Mal conservada,Não existe,Não há placas,,Dupla,Não existe,,,,,,,,
2019-12-04,08:33:00,SEM VÍTIMA,FINALIZADA,SANTO ANTÔNIO,AV MARTINS DE BARROS,593,RUA NOSSA SRA DO CARMO,AV N S DO CARMO, DIGO FORÚM THOMAZ DE AQUINO C. W,AV MARTINS DE BARROS,593,AV N S DO CARMO, DIGO FORÚM THOMAZ DE AQUINO C. W,SANTO ANTÔNIO,204,CIDADE,ABALROAMENTO TRANSVERSAL,COLISÃO SEM VITIMAS,2,,,,,,,,,0,,Cruzamento,Bom,Sem defeito,Perfeito estado,Seca,Perfeito estado,Faixa de pedestre,R-6b,,Dupla,Canteiro central,,,,,,
2019-12-04,08:43:00,COM VÍTIMA,FINALIZADA,ÁGUA FRIA,AV BEBERIBE,,RUA ALEGRE,CRUZAMENTO COM A RUA ALEGRE,AV BEBERIBE,,CRUZAMENTO COM A RUA ALEGRE,ÁGUA FRIA,64,CIDADE,ABALROAMENTO TRANSVERSAL,COLISÃO COM VITIMA SOCORRIDO PELOS BOMBEIROS,1,1,,,,,,,,1,,Cruzamento,Bom,Sem defeito,Perfeito estado,Seca,Perfeito estado,Faixa de pedestre,,,Dupla,,,,,,,,,
2019-12-04,08:46:00,SEM VÍTIMA,FINALIZADA,VÁRZEA,RUA ABATIA,116,RUA PADRE CHAMPAGNAT,EM FRENTE AO EDF. JULIO NOBREGA,RUA ABATIA,116,EM FRENTE AO EDF. JULIO NOBREGA,VÁRZEA,,,ABALROAMENTO LONGITUDINAL,AUTO E 2 MOTOS,1,2,,,,,,,,0,,Longo da via,Bom,Não existe,Não existente,Seca,Mal conservada,Não existe,Não há placas,,Dupla,Não existe,,,,,,,,
2019-12-04,09:34:00,SEM VÍTIMA,FINALIZADA,MACAXEIRA,AV NORTE,7750,,ESCOLA ESTADUAL MARIA AMÁLIA,AV NORTE,7750,ESCOLA ESTADUAL MARIA AMÁLIA,MACAXEIRA,451,,COLISÃO TRASEIRA,SEM VITIMAS,2,,,,,,,,,0,,Longo da via,Bom,Sem defeito,Perfeito estado,Seca,Perfeito estado,Faixa de pedestre,,60 km/h,Dupla,Canteiro central,,,,,,,,
2019-12-04,09:39:00,SEM VÍTIMA,FINALIZADA,BAIRRO DO RECIFE,AV MILITAR,,,PRÓXIMO A ENTRADA DO PORTO DO RECIFE,AV MILITAR,,PRÓXIMO A ENTRADA DO PORTO DO RECIFE,BAIRRO DO RECIFE,,SUBURBIO,ABALROAMENTO LONGITUDINAL,COLISÃO S/VITIMAS ENTRE DOIS AUTOS,2,,,,,,,,,0,,Longo da via,Bom,Não existe,Perfeito estado,Seca,Perfeito estado,Não existe,,,Dupla,Canteiro central,,,,,,,,
2019-12-04,09:54:00,SEM VÍTIMA,FINALIZADA,IMBIRIBEIRA,AV MARECHAL MASCARENHAS DE MORAES,201,,LOJAS FLOR ARTE,AV MARECHAL MASCARENHAS DE MORAES,201,LOJAS FLOR ARTE,IMBIRIBEIRA,,CIDADE,COLISÃO TRASEIRA,COLISÃO SEM VITIMAS,2,,,,,,,,,0,,Longo da via,Bom,Não existe,Perfeito estado,Seca,Perfeito estado,Não existe,Não há placas,60 km/h,Dupla,Canteiro central,,,,,,,,
2019-12-04,09:55:00,SEM VÍTIMA,DUPLICIDADE,BAIRRO DO RECIFE,CAIS DO APOLO,,,APOS A ANTIGA FABRICA DA PILAR, PROX. AO POSTO DE GASOLINA SHELL SENT. OLINDA,CAIS DO APOLO,,APOS A ANTIGA FABRICA DA PILAR, PROX. AO POSTO DE GASOLINA SHELL SENT. OLINDA,BAIRRO DO RECIFE,,,COLISÃO,DOIS AUTOS,2,,,,,,,,,0,,,,,,,,,,,,,,,,,,
2019-12-04,09:59:00,SEM VÍTIMA,FINALIZADA,CORDEIRO,AV MAURICIO DE NASSAU,,,FRENTE AO CONJ HABITACIONAL DO CORDEIRO,AV MAURICIO DE NASSAU,,FRENTE AO CONJ HABITACIONAL DO CORDEIRO,CORDEIRO,597,,COLISÃO TRASEIRA,COLISÃO SEM VITIMAS,2,,,,,,,,,0,,Longo da via,Bom,Sem defeito,Perfeito estado,Seca,,Faixa de pedestre,Outras,,Dupla,Não existe,,,,,,,,
2019-12-04,11:13:00,COM VÍTIMA,FINALIZADA,SAN MARTIN,AV GENERAL SAN MARTIN,,,LADO OPOSTO A CAVALARIA DIAS CARDOSO,AV GENERAL SAN MARTIN,,LADO OPOSTO A CAVALARIA DIAS CARDOSO,SAN MARTIN,,,COLISÃO COM CICLISTA,COLISÃO COM VÍTIMA/ O VEÍCULO EVADIU-SE DO LOCAL,1,,,1,,,,,,1,,Longo da via,Bom,Não existe,Perfeito estado,Seca,Perfeito estado,Não existe,R-6a,,Dupla,Faixa contínua,Faixa seccionada,,,,,,,
2019-12-04,11:29:00,SEM VÍTIMA,FINALIZADA,BOA VIAGEM,RUA ERNESTO DE PAULA SANTOS,,RUA AMALIA BERNARDINO DE SOUZA,EM FRENTE A FACULDADE MAURICIODE NASSAU,RUA ERNESTO DE PAULA SANTOS,,EM FRENTE A FACULDADE MAURICIODE NASSAU,BOA VIAGEM,,,COLISÃO,SEM VITIMAS,1,1,,,,,,,,0,,,,,,,,,,,,,,,,,,,,
2019-12-04,11:40:00,SEM VÍTIMA,FINALIZADA,SÃO JOSÉ,RUA IMPERIAL,738,RUA BOA ESPERANCA,EM FRENTE AO MARTELINHO DE OURO,RUA IMPERIAL,738,EM FRENTE AO MARTELINHO DE OURO,SÃO JOSÉ,,SUBURBIO,ABALROAMENTO LONGITUDINAL,COLISÃO SEM VITIMAS,,1,,,,,1,,,0,,Cruzamento,Bom,Não existe,Não existente,Seca,Perfeito estado,Não existe,R-4a,,Única,Não existe,,,,,,,,
2019-12-04,12:04:00,SEM VÍTIMA,CANCELADA,VASCO DA GAMA,RUA ITABORA,885,,NA RUA DO BAR CABEÇA DE GALO,RUA ITABORA,885,NA RUA DO BAR CABEÇA DE GALO,VASCO DA GAMA,,,COLISÃO,COLISAO S/ VITIMAS ENTRE UMA MOTO A UM AUTO,1,1,,,,,,,,0,,,,,,,,,,,,,,,,,,,,
2019-12-04,12:18:00,SEM VÍTIMA,FINALIZADA,CASA AMARELA,AV NORTE,,AV PEDRO ALLAIN,RETIFICA PADRÃO,AV NORTE,,RETIFICA PADRÃO,CASA AMARELA,95,CIDADE,COLISÃO TRASEIRA,COLISÃO S/VITIMAS ENTRE DOIS AUTOS,2,,,,,,,,,0,,Cruzamento,Bom,Sem defeito,Incompleta,Seca,Perfeito estado,Não existe,Não há placas,60 km/h,Única,Canteiro central,,,,,,,,
2019-12-04,12:23:00,SEM VÍTIMA,CANCELADA,GUABIRABA,RUA DAS FLORES,6420,,PROX A UPINHA,RUA DAS FLORES,6420,PROX A UPINHA,GUABIRABA,,,COLISÃO,COLISAO ENTRE DOIS AUTOS S/V,2,,,,,,,,,0,,,,,,,,,,,,,,,,,,,,
2019-12-04,12:30:00,COM VÍTIMA,FINALIZADA,ENCRUZILHADA,AV NORTE,2383,,E/F AO EDF. SÃO PEDRO,AV NORTE,2383,E/F AO EDF. SÃO PEDRO,ENCRUZILHADA,,CIDADE,ABALROAMENTO LONGITUDINAL,COLISÃO C/VITIMA ENTRE UM AUTO E UMA MOTO,1,1,,,,,,,,1,,Longo da via,Bom,Sem defeito,Perfeito estado,Seca,Perfeito estado,,,,Dupla,,,,,,,,,
2019-12-04,12:53:00,SEM VÍTIMA,CANCELADA,PINA,AV ENCANTA MOCA,540A,,EM FRENTE AO GEMA GRUPO ESPIRITA,AV ENCANTA MOCA,540A,EM FRENTE AO GEMA GRUPO ESPIRITA,PINA,,,COLISÃO,COLISÃO SEM VÍTIMA,1,,,,,1,,,,0,,,,,,,,,,,,,,,,,,,,
2019-12-04,13:04:00,SEM VÍTIMA,FINALIZADA,MADALENA,RUA JOSE OSORIO,651,AV BEIRA RIO,SOB O SEMÁFORO 387,RUA JOSE OSORIO,651,SOB O SEMÁFORO 387,MADALENA,387,SUBURBIO,ABALROAMENTO LONGITUDINAL,COLISAO ENTRE DOIS AUTOS S/V,2,,,,,,,,,0,,Cruzamento,Bom,Sem defeito,Perfeito estado,Seca,Perfeito estado,Agente,Outras,,Única,Faixa contínua,,,,,,,,
2019-12-04,13:16:00,SEM VÍTIMA,FINALIZADA,SAN MARTIN,AV GENERAL SAN MARTIN,2442,,FRENTE AO COLEGIO ADVENTISTA,AV GENERAL SAN MARTIN,2442,FRENTE AO COLEGIO ADVENTISTA,SAN MARTIN,371,,CHOQUE VEÍCULO PARADO,COLISAO ENTRE TRES AUTOS S/V,3,,,,,,,,,0,,Longo da via,Bom,Sem defeito,Perfeito estado,Seca,Perfeito estado,Faixa de pedestre,Outras,,Dupla,,,,,,,,,
2019-12-04,13:18:00,SEM VÍTIMA,FINALIZADA,DERBY,AV GOVERNADOR AGAMENON MAGALHAES,,,EM FRENTE HOSPITAL PORTUGUÊS,AV GOVERNADOR AGAMENON MAGALHAES,,EM FRENTE HOSPITAL PORTUGUÊS,DERBY,,SUBURBIO,ABALROAMENTO LONGITUDINAL,COLISÃO S/VITIMAS ENTRE DOIS AUTOS,2,,,,,,,,,0,,Longo da via,Bom,Não existe,Perfeito estado,Seca,Perfeito estado,,Não há placas,60 km/h,Dupla,Faixa seccionada,Canteiro central,,,,,,,
2019-12-04,13:21:00,SEM VÍTIMA,FINALIZADA,SAN MARTIN,RUA SENADOR ALBERTO PASQUALINI,2003,AV RECIFE,,RUA SENADOR ALBERTO PASQUALINI,2003,,SAN MARTIN,259,CIDADE,COLISÃO FRONTAL,COLISÃO SEM VÍTIMA,3,,,,,,,,,0,,Longo da via,Bom,Sem defeito,Perfeito estado,Seca,Perfeito estado,Não existe,Não há placas,,Única,Faixa seccionada,,,,,,,,
2019-12-04,13:22:00,SEM VÍTIMA,FINALIZADA,GRAÇAS,RUA AMELIA,,AV RUI BARBOSA,E/F AO POSTO SHELL,RUA AMELIA,,E/F AO POSTO SHELL,GRAÇAS,,,COLISÃO,COLISAO ENTRE DOIS AUTOS E UMA MOTO S/V,2,1,,,,,,,,0,,,,,,,,,,,,,,,,,,,,
2019-12-04,13:55:00,SEM VÍTIMA,FINALIZADA,BOA VIAGEM,RUA VISCONDE DE JEQUITINHONHA,1144,,,RUA VISCONDE DE JEQUITINHONHA,1144,,BOA VIAGEM,129,SUBURBIO,COLISÃO TRASEIRA,COLISÃO S/VITIMAS ENTRE DOIS AUTOS,2,,,,,,,,,0,,Longo da via,Bom,Sem defeito,Perfeito estado,Seca,Perfeito estado,Outros,Outras,,Única,Faixa seccionada,,,,,,,,
2019-12-04,14:04:00,SEM VÍTIMA,FINALIZADA,IMBIRIBEIRA,AV MARECHAL MASCARENHAS DE MORAES,841,RUA DR VALDIR PESSOA,CONCESSIONÁRIA FORD GRANVIA,AV MARECHAL MASCARENHAS DE MORAES,841,CONCESSIONÁRIA FORD GRANVIA,IMBIRIBEIRA,532,CIDADE,ABALROAMENTO LONGITUDINAL,COLISAO ENTRE VT DO DETRAN E AUTOS S/V,2,,,,,,,,,0,,Cruzamento,Bom,Sem defeito,Perfeito estado,Seca,Perfeito estado,Faixa de pedestre,R-6a,,Dupla,Faixa contínua,Canteiro central,,,,,,,
2019-12-04,14:06:00,SEM VÍTIMA,FINALIZADA,DERBY,PTE ESTACIO COIMBRA,,,REFERENCIA POSTE DE ILUMINAÇÃO PÚBLICA B 054604,PTE ESTACIO COIMBRA,,REFERENCIA POSTE DE ILUMINAÇÃO PÚBLICA B 054604,DERBY,,CIDADE,COLISÃO TRASEIRA,COLISÃO S/VITIMAS ENTRE UM AUTO E UMA MOTO,1,1,,,,,,,,0,,Longo da via,Bom,Não existe,Perfeito estado,Seca,Perfeito estado,Não existe,Não há placas,,Dupla,Faixa contínua,Blocos,,,,,,,
2019-12-04,14:16:00,SEM VÍTIMA,FINALIZADA,BOA VIAGEM,AV BOA VIAGEM,178,,,AV BOA VIAGEM,178,,BOA VIAGEM,,CIDADE,COLISÃO TRASEIRA,COLISÃO SEM VÍTIMA,1,1,,,,,,,,0,,Longo da via,Bom,Sem defeito,Perfeito estado,Seca,Perfeito estado,Outros,Outras,60 km/h,Única,Faixa seccionada,,,,,,,,
2019-12-04,14:21:00,SEM VÍTIMA,FINALIZADA,SANTO AMARO,AV NORTE,68,,EM FRENTE AO NÚCLEO DE TELEVISÃO E RÁDIOS UNIVERSITÁRIOS,AV NORTE,68,EM FRENTE AO NÚCLEO DE TELEVISÃO E RÁDIOS UNIVERSITÁRIOS,SANTO AMARO,243,CIDADE,ABALROAMENTO LONGITUDINAL,COLISÃO S/VITIMAS ENTRE UM AUTO E UMA MOTO,1,1,,,,,,,,0,,Longo da via,Bom,Sem defeito,Perfeito estado,Seca,Perfeito estado,Faixa de pedestre,Outras,,Dupla,Faixa seccionada,Canteiro central,,,,,,,
2019-12-04,14:27:00,SEM VÍTIMA,CANCELADA,GRAÇAS,RUA DO FUTURO,,,E/F A LIVRARIA JAQUEIRA,RUA DO FUTURO,,E/F A LIVRARIA JAQUEIRA,GRAÇAS,,,COLISÃO,COLISAO ENTRE DOIS AUTOS S/V,2,,,,,,,,,0,,,,,,,,,,,,,,,,,,,,
2019-12-04,15:02:00,SEM VÍTIMA,FINALIZADA,AFOGADOS,RUA COSME VIANA,,,,RUA COSME VIANA,,,AFOGADOS,430,,ABALROAMENTO LONGITUDINAL,COLISÃO SEM VÍTIMA,1,,,,,,,,1,0,,Cruzamento,Bom,Sem defeito,Perfeito estado,Seca,Perfeito estado,Faixa de pedestre,,,Única,Não existe,,,,,,,,
2019-12-04,16:00:00,SEM VÍTIMA,FINALIZADA,ROSARINHO,AV NORTE,,RUA GENERAL ABREU E LIMA,,AV NORTE,,,ROSARINHO,456,CIDADE,COLISÃO TRASEIRA,COLISAO ENTRE DOIS AUTOS S/V,2,,,,,,,,,0,,Cruzamento,Bom,Sem defeito,Perfeito estado,Seca,Perfeito estado,Faixa de pedestre,Outras,,Dupla,Canteiro central,,,,,,,,
2019-12-04,16:03:00,SEM VÍTIMA,FINALIZADA,CASA FORTE,AV DEZESSETE DE AGOSTO,,RUA LAURINDO COELHO,ESQUINA DA CAOA CHERY,AV DEZESSETE DE AGOSTO,,ESQUINA DA CAOA CHERY,CASA FORTE,,SUBURBIO,ABALROAMENTO TRANSVERSAL,COLISAO ENTRE DOIS AUTOS S/V,2,,,,,,,,,0,,,Bom,Não existe,Ilegível,Seca,Perfeito estado,Não existe,Placas Pare,,Dupla,Faixa seccionada,,,,,,,,
2019-12-04,16:39:00,SEM VÍTIMA,FINALIZADA,CASA FORTE,AV DEZESSETE DE AGOSTO,,,ESTRADA DO ARRAIAL,AV DEZESSETE DE AGOSTO,,ESTRADA DO ARRAIAL,CASA FORTE,107,,ABALROAMENTO LONGITUDINAL,COLISAO ENTRE DOIS AUTOS S/V,2,,,,,,,,,0,,,Bom,Sem defeito,Perfeito estado,Seca,Perfeito estado,Faixa de pedestre,Outras,40 km/h,Dupla,Faixa contínua,,,,,,,,
2019-12-04,16:42:00,SEM VÍTIMA,FINALIZADA,SOLEDADE,RUA BISPO CARDOSO AYRES,65,,EM FRENTE AO Nº 65,RUA BISPO CARDOSO AYRES,65,EM FRENTE AO Nº 65,SOLEDADE,,SUBURBIO,COLISÃO TRASEIRA,COLISÃO SEM VÍTIMA,2,,,,,,,,,0,,Longo da via,Bom,Não existe,Perfeito estado,Seca,Perfeito estado,Não existe,Outras,30 km/h,Única,Não existe,,,,,,,,
2019-12-04,16:44:00,SEM VÍTIMA,FINALIZADA,BAIRRO DO RECIFE,TRV DO AMORIM,,RUA MADRE DEUS,LADO OPOSTO AO SHOPPING PAÇO ALFÂNDEGA,TRV DO AMORIM,,LADO OPOSTO AO SHOPPING PAÇO ALFÂNDEGA,BAIRRO DO RECIFE,,CIDADE,ABALROAMENTO TRANSVERSAL,COLISÃO S/VITIMAS ENTRE DOIS AUTOS,2,,,,,,,,,0,,,Bom,Não existe,Perfeito estado,Seca,Perfeito estado,Não existe,Placas Pare,30 km/h,Dupla,Não existe,,,,,,,,
2019-12-04,17:15:00,SEM VÍTIMA,FINALIZADA,BEBERIBE,PRC DA CONVENCAO,,,EM FRENTE AO MERCADO PÚBLICO DE BEBERIBE,PRC DA CONVENCAO,,EM FRENTE AO MERCADO PÚBLICO DE BEBERIBE,BEBERIBE,,SUBURBIO,ABALROAMENTO LONGITUDINAL,COLISÃO SEM VÍTIMA,,,,,,1,,,,0,,,Bom,Não existe,,,,Não existe,Não há placas,,Dupla,,,,,,,,,
2019-12-04,17:17:00,SEM VÍTIMA,FINALIZADA,PINA,AV ANTONIO DE GOES,,,,AV ANTONIO DE GOES,,,PINA,103,CIDADE,ABALROAMENTO LONGITUDINAL,COLISAO ENTRE ONIBUS E AUTO S/V,1,,,,,1,,,,0,,Longo da via,Bom,Sem defeito,Perfeito estado,Seca,Perfeito estado,Agente,,60 km/h,Única,Faixa contínua,Faixa seccionada,Canteiro central,,,,,,
2019-12-04,17:20:00,SEM VÍTIMA,FINALIZADA,GRAÇAS,RUA ALBERTO PAIVA,,AV RUI BARBOSA,FRENTE DO MUSEU DO ESTADO DE PERNAMBUCO,RUA ALBERTO PAIVA,,FRENTE DO MUSEU DO ESTADO DE PERNAMBUCO,GRAÇAS,305,,ABALROAMENTO TRANSVERSAL,COLISÃO SEM VÍTIMA,2,,,,,,,,,0,,Cruzamento,Bom,Sem defeito,Perfeito estado,Seca,Perfeito estado,Não existe,R-6a,,Única,Faixa contínua,,,,,,,,
2019-12-04,17:25:00,SEM VÍTIMA,FINALIZADA,ROSARINHO,AV DR MALAQUIAS,,AV CONS ROSA E SILVA,E/F AO POSTO SHELL,AV DR MALAQUIAS,,E/F AO POSTO SHELL,ROSARINHO,214,,COLISÃO,COLISÃO S/VITIMAS ENTRE DOIS AUTOS,2,,,,,,,,,0,,,,,,,,,,,,,,,,,,,,