data,hora,natureza_acidente,situacao,bairro,endereco,numero,detalhe_endereco_acidente,complemento,endereco_cruzamento,numero_cruzamento,referencia_cruzamento,bairro_cruzamento,num_semaforo,sentido_via,tipo,descricao,auto,moto,ciclom,ciclista,pedestre,onibus,caminhao,viatura,outros,vitimas,vitimasfatais,acidente_verificado,tempo_clima,situacao_semaforo,sinalizacao,condicao_via,conservacao_via,ponto_controle,situacao_placa,velocidade_max_via,mao_direcao,divisao_via1,divisao_via2,divisao_via3,,,,,,
2019-12-04,17:41:00,COM VÍTIMA,FINALIZADA,DERBY,AV GOVERNADOR AGAMENON MAGALHAES,2291,,EM FRENTE AO MEMORIAL SÃO JOSÉ, COLISÃO ENTRE DUAS MOTOCICLETAS, O ORIENTADOR INFORMOU QUE UMA DAS MOTOCOCLETAS EVADIU-SE DO LOCAL,PERMANECENDO A DE PLACA: ---, NOME DA VÍTIMA NÃO INFORMADO.,AV GOVERNADOR AGAMENON MAGALHAES,2291,EM FRENTE AO MEMORIAL SÃO JOSÉ, COLISÃO ENTRE DUAS MOTOCICLETAS, O ORIENTADOR INFORMOU QUE UMA DAS MOTOCOCLETAS EVADIU-SE DO LOCAL,PERMANECENDO A DE PLACA: -, NOME DA VÍTIMA NÃO INFORMADO.,DERBY,,CIDADE,COLISÃO,,,1,,,,,,,,1,,Longo da via,Bom,,Perfeito estado,Seca,Perfeito estado,,Não há placas,60 km/h,Única,Faixa seccionada
2019-12-04,17:57:00,SEM VÍTIMA,FINALIZADA,MADALENA,RUA JOSE OSORIO,,AV BEIRA RIO,PONTE DA CAPUNGA,RUA JOSE OSORIO,,PONTE DA CAPUNGA,MADALENA,387,SUBURBIO,COLISÃO TRASEIRA,COLISÃO SEM VÍTIMA,1,,,,,1,,,,0,,Ponte,Bom,Sem defeito,Perfeito estado,Seca,Perfeito estado,Faixa de retenção,,50 km/h,Única,Faixa contínua,,,,,,,,
2019-12-04,18:08:00,SEM VÍTIMA,CANCELADA,ESPINHEIRO,PRC DO ENTRONCAMENTO,,,ENF. AO BANCO ITAU SENTIDO AFLITOS,PRC DO ENTRONCAMENTO,,ENF. AO BANCO ITAU SENTIDO AFLITOS,ESPINHEIRO,,,COLISÃO,NISSAN X SANDERO,2,,,,,,,,,0,,,,,,,,,,,,,,,,,,,,
2019-12-04,18:41:00,SEM VÍTIMA,FINALIZADA,MACAXEIRA,AV NORTE,7136,,,AV NORTE,7136,,MACAXEIRA,424,SUBURBIO,COLISÃO TRASEIRA,VIATURA DA PM X AUTO PASSEIO S/V,2,,,,,,,,1,0,,Longo da via,Bom,Sem defeito,Perfeito estado,Seca,Perfeito estado,Faixa de pedestre,Não há placas,,Dupla,Canal,,,,,,,,
2019-12-04,18:50:00,SEM VÍTIMA,CANCELADA,BOA VIAGEM,AV ENGENHEIRO DOMINGOS FERREIRA,,RUA TOME GIBSON,ENF A ESCOLA MUNICIPAL OSVALDO LIMA FILHO,AV ENGENHEIRO DOMINGOS FERREIRA,,ENF A ESCOLA MUNICIPAL OSVALDO LIMA FILHO,BOA VIAGEM,,,COLISÃO,MOTO X CITROEN C 3,1,1,,,,,,,,0,,,,,,,,,,,,,,,,,,,,
2019-12-04,19:45:00,SEM VÍTIMA,CANCELADA,CASA AMARELA,AV DR EURICO CHAVES,510,,E/F AO BREGOSO BURGUER,AV DR EURICO CHAVES,510,E/F AO BREGOSO BURGUER,CASA AMARELA,,,COLISÃO,ENTRE DOIS AUTOS S/V,2,,,,,,,,,0,,,,,,,,,,,,,,,,,,,,
2019-12-04,19:46:00,SEM VÍTIMA,CANCELADA,AREIAS,AV RECIFE,,AV TENENTE FELIPE BANDEIRA DE MELO,SENTIDO AEROPORTO / ENF HM VEICULOS,AV RECIFE,,SENTIDO AEROPORTO / ENF HM VEICULOS,AREIAS,494,,COLISÃO,ECOSPORT X MOTO,1,1,,,,,,,,0,,,,,,,,,,,,,,,,,,,,
2019-12-04,19:48:00,SEM VÍTIMA,CANCELADA,AFOGADOS,RUA DA PAZ,,,E/F A ASA,RUA DA PAZ,,E/F A ASA,AFOGADOS,73,,COLISÃO,ENTRE DOIS AUTOS S/V,2,,,,,,,,,0,,,,,,,,,,,,,,,,,,,,
2019-12-04,21:05:00,SEM VÍTIMA,FINALIZADA,SÃO JOSÉ,RUA IMPERIAL,,AV DANTAS BARRETO,EM FRENTE AO Nº 249,RUA IMPERIAL,,EM FRENTE AO Nº 249,SÃO JOSÉ,35,SUBURBIO,ABALROAMENTO LONGITUDINAL,PRISMA X SANDERO,2,,,,,,,,,0,,Cruzamento,Bom,Sem defeito,Ilegível,Seca,Perfeito estado,Faixa de pedestre,Não há placas,,Única,Canteiro central,,,,,,,,
2019-12-04,21:09:00,SEM VÍTIMA,FINALIZADA,MUSTARDINHA,AV MUSTARDINHA,282,,,AV MUSTARDINHA,282,,MUSTARDINHA,,,ABALROAMENTO TRANSVERSAL,ENTRE AUTO PASSEIO X CAMINHÃO,1,,,,,,1,,,0,,Longo da via,Bom,Não existe,,Seca,,,,,Dupla,,,,,,,,,
2019-12-04,21:40:00,SEM VÍTIMA,FINALIZADA,BOA VIAGEM,RUA SETUBAL,,,AO LADO DO PARQUE DONA LINDU,RUA SETUBAL,,AO LADO DO PARQUE DONA LINDU,BOA VIAGEM,,CIDADE,CHOQUE VEÍCULO PARADO,MOTO X PRISMA,1,1,,,,,,,,0,,,Bom,Não existe,Não existente,Seca,Perfeito estado,Não existe,Não há placas,,Dupla,Não existe,,,,,,,,
2019-12-05,07:40:00,SEM VÍTIMA,FINALIZADA,MADALENA,RUA ARLINDO GOUVEIA,,,,RUA ARLINDO GOUVEIA,,,MADALENA,629,SUBURBIO,COLISÃO TRASEIRA,DOIS AUTOS,2,,,,,,,,,0,,Cruzamento,Bom,Sem defeito,Perfeito estado,Seca,Perfeito estado,,,60 km/h,Única,Faixa seccionada,,,,,,,,
2019-12-05,08:00:00,SEM VÍTIMA,FINALIZADA,MADALENA,AV ENGENHEIRO ABDIAS DE CARVALHO,,RUA SANTA EDWIRGES,,AV ENGENHEIRO ABDIAS DE CARVALHO,,,MADALENA,354,CIDADE,ABALROAMENTO LONGITUDINAL,MOTO E AUTO,1,,1,,,,,,,0,,,Bom,Sem defeito,Perfeito estado,Seca,Perfeito estado,Faixa de pedestre,R-6a,,Dupla,Não existe,,,,,,,,
2019-12-05,08:03:00,SEM VÍTIMA,FINALIZADA,PINA,AV ANTONIO DE GOES,109,,EM FRENTE A SUL AMÉRICA,AV ANTONIO DE GOES,109,EM FRENTE A SUL AMÉRICA,PINA,538,CIDADE,ABALROAMENTO TRANSVERSAL,ONIBUS E AUTO PASSEIO,1,,,,,1,,,,0,,Longo da via,Bom,Sem defeito,Perfeito estado,Seca,Perfeito estado,Agente,,60 km/h,Única,Faixa seccionada,,,,,,,,
2019-12-05,08:06:00,SEM VÍTIMA,FINALIZADA,FUNDÃO,AV BEBERIBE,2969,,ASSEMBLEIA DE DEUS,AV BEBERIBE,2969,ASSEMBLEIA DE DEUS,FUNDÃO,,SUBURBIO,ABALROAMENTO LONGITUDINAL,SEM VITIMAS,1,,,,,1,,,,0,,Longo da via,Bom,Não existe,Perfeito estado,Seca,Perfeito estado,Não existe,Outras,,Dupla,Canteiro central,,,,,,,,
2019-12-05,08:08:00,SEM VÍTIMA,FINALIZADA,IPSEP,,,RUA HELIO BRANDAO,,,,,IPSEP,505,SUBURBIO,ABALROAMENTO TRANSVERSAL,ONIBUS E AUTO PASSEIO,1,,,,,1,,,,0,,Cruzamento,Bom,Sem defeito,Perfeito estado,Seca,Perfeito estado,Faixa de pedestre,,40 km/h,Única,Não existe,,,,,,,,
2019-12-05,08:12:00,SEM VÍTIMA,FINALIZADA,MANGABEIRA,AV NORTE,4664,,,AV NORTE,4664,,MANGABEIRA,,SUBURBIO,COLISÃO TRASEIRA,SEM VITIMAS,4,,,,,,,,,0,,Longo da via,Bom,Não existe,Perfeito estado,Seca,Perfeito estado,Outros,Outras,60 km/h,Dupla,Faixa seccionada,,,,,,,,
2019-12-05,08:22:00,SEM VÍTIMA,CANCELADA,TORRE,RUA JOSE BONIFACIO,664,,EM FRENTE A CARLITOS BURGUER,RUA JOSE BONIFACIO,664,EM FRENTE A CARLITOS BURGUER,TORRE,,,COLISÃO,SEM VITIMAS,2,,,,,,,,,0,,,,,,,,,,,,,,,,,,,,
2019-12-05,08:56:00,SEM VÍTIMA,FINALIZADA,SANTO AMARO,RUA ALVARES DE AZEVEDO,180,,LADO OPOSTO DIRETÓRIO DO PARTIDO DOS TRABALHADORES,RUA ALVARES DE AZEVEDO,180,LADO OPOSTO DIRETÓRIO DO PARTIDO DOS TRABALHADORES,SANTO AMARO,93,CIDADE,ABALROAMENTO LONGITUDINAL,SEM VITIMAS,2,,,,,,,,,0,,Longo da via,Bom,Sem defeito,Perfeito estado,Seca,Perfeito estado,Não existe,Não há placas,,Única,Não existe,,,,,,,,
2019-12-05,09:00:00,SEM VÍTIMA,FINALIZADA,SANTO AMARO,AV GOVERNADOR AGAMENON MAGALHAES,151,,EM SOB O SEMÁFORO Nº 379,AV GOVERNADOR AGAMENON MAGALHAES,151,EM SOB O SEMÁFORO Nº 379,SANTO AMARO,379,,ABALROAMENTO LONGITUDINAL,DOIS AUTOS,2,,,,,,,,,0,,,Bom,Não existe,Perfeito estado,Seca,Perfeito estado,Não existe,,,Dupla,Canal,,,,,,,,
2019-12-05,09:18:00,SEM VÍTIMA,FINALIZADA,BOA VISTA,RUA DO HOSPICIO,,,PRÓX. AO HMAR,RUA DO HOSPICIO,,PRÓX. AO HMAR,BOA VISTA,31,CIDADE,ABALROAMENTO LONGITUDINAL,AUTO E MOTO BATEDORES NO LOCAL,1,1,,,,,,,,0,,Longo da via,Bom,Sem defeito,Perfeito estado,Seca,Perfeito estado,Faixa de pedestre,Outras,,Única,Faixa contínua,,,,,,,,
2019-12-05,09:29:00,SEM VÍTIMA,FINALIZADA,BOA VIAGEM,AV BOA VIAGEM,6599,,,AV BOA VIAGEM,6599,,BOA VIAGEM,,CIDADE,COLISÃO TRASEIRA,TRES AUTOS,3,,,,,,,,,0,,Longo da via,Bom,Sem defeito,Perfeito estado,Seca,Mal iluminada,Não existe,Não há placas,,Única,Faixa contínua,,,,,,,,
2019-12-05,09:47:00,SEM VÍTIMA,FINALIZADA,FUNDÃO,AV BEBERIBE,2693,,,AV BEBERIBE,2693,,FUNDÃO,,CIDADE,COLISÃO TRASEIRA,COLISÃO SEM VITIMAS,1,1,,,,,,,,0,,Longo da via,Bom,Não existe,Incompleta,Seca,Perfeito estado,Não existe,Outras,60 km/h,Dupla,Faixa contínua,,,,,,,,
2019-12-05,09:50:00,SEM VÍTIMA,FINALIZADA,IMBIRIBEIRA,AV MARECHAL MASCARENHAS DE MORAES,2931,,HONDA MARAVILHA MOTOS,AV MARECHAL MASCARENHAS DE MORAES,2931,HONDA MARAVILHA MOTOS,IMBIRIBEIRA,631,CIDADE,COLISÃO TRASEIRA,SEM VITIMAS,3,,,,,,,,,0,,Longo da via,Bom,Sem defeito,Perfeito estado,Seca,Perfeito estado,Faixa de retenção,Não há placas,60 km/h,Dupla,Canteiro central,,,,,,,,
2019-12-05,10:00:00,SEM VÍTIMA,FINALIZADA,GRAÇAS,RUA CARDEAL ARCOVERDE,357,,,RUA CARDEAL ARCOVERDE,357,,GRAÇAS,,CIDADE,COLISÃO TRASEIRA,CAMINHÃO E AUTO,1,,,,,,1,,,0,,Longo da via,Bom,Sem defeito,Perfeito estado,Seca,Perfeito estado,Faixa de pedestre,R-6a,,Única,Não existe,,,,,,,,
2019-12-05,10:29:00,SEM VÍTIMA,FINALIZADA,MONTEIRO,AV DEZESSETE DE AGOSTO,,,EM FRENTE AO COLEGIO SILVA JARDIM,AV DEZESSETE DE AGOSTO,,EM FRENTE AO COLEGIO SILVA JARDIM,MONTEIRO,,,COLISÃO,COLISÃO SEM VITIMAS,2,,,,,,,,,0,,,,,,,,,,,,,,,,,,,,
2019-12-05,10:42:00,SEM VÍTIMA,FINALIZADA,BOA VIAGEM,RUA ERNESTO DE PAULA SANTOS,,RUA DOS NAVEGANTES,,RUA ERNESTO DE PAULA SANTOS,,,BOA VIAGEM,,SUBURBIO,ABALROAMENTO LONGITUDINAL,MOTO E AUTO,1,1,,,,,,,,0,,Cruzamento,Bom,Não existe,Perfeito estado,Seca,Perfeito estado,Não existe,Placas Pare,,Única,,,,,,,,,
2019-12-05,10:47:00,SEM VÍTIMA,FINALIZADA,MADALENA,RUA BENFICA,352,,,RUA BENFICA,352,,MADALENA,,,ABALROAMENTO LONGITUDINAL,SEM VITIMAS,1,,,,,1,,,,0,,,Bom,,Perfeito estado,Seca,Perfeito estado,Faixa de retenção,,,Única,,,,,,,,,
2019-12-05,10:57:00,SEM VÍTIMA,FINALIZADA,BOA VISTA,RUA DR JOSE MARIANO,,,MADE CENTER,RUA DR JOSE MARIANO,,MADE CENTER,BOA VISTA,,CIDADE,COLISÃO TRASEIRA,COLISÃO SEM VITIMAS,2,,,,,,,,,0,,Longo da via,Bom,,,Seca,Perfeito estado,,,,Única,,,,,,,,,
2019-12-05,11:24:00,SEM VÍTIMA,CANCELADA,IPUTINGA,RUA SAO MATEUS,950,,RUA DA ASSEMBLEIA DE DEUS,RUA SAO MATEUS,950,RUA DA ASSEMBLEIA DE DEUS,IPUTINGA,,,COLISÃO,DOIS AUTOS,,,,,,,,,,0,,,,,,,,,,,,,,,,,,,,
2019-12-05,11:36:00,SEM VÍTIMA,FINALIZADA,ILHA DO LEITE,AV GOVERNADOR AGAMENON MAGALHAES,,,LADO OPOSTO AO HOSPITAL PORTUGUÊS,AV GOVERNADOR AGAMENON MAGALHAES,,LADO OPOSTO AO HOSPITAL PORTUGUÊS,ILHA DO LEITE,672,CIDADE,COLISÃO TRASEIRA,DOIS AUTOS,2,,,,,,,,,0,,Longo da via,Bom,Sem defeito,Perfeito estado,Seca,Perfeito estado,Agente,Outras,60 km/h,Dupla,Faixa seccionada,Canteiro central,,,,,,,
2019-12-05,11:46:00,SEM VÍTIMA,FINALIZADA,ESPINHEIRO,AV JOAO DE BARROS,,,AMERICA FORD,AV JOAO DE BARROS,,AMERICA FORD,ESPINHEIRO,,SUBURBIO,COLISÃO TRASEIRA,SEM VITIMAS,1,1,,,,,,,,0,,Longo da via,Bom,Não existe,Perfeito estado,Seca,Perfeito estado,Faixa de pedestre,Outras,40 km/h,Única,Não existe,,,,,,,,
2019-12-05,12:27:00,SEM VÍTIMA,FINALIZADA,GRAÇAS,RUA AMELIA,879,AV RUI BARBOSA,EM FRENTE AO POSTO SHELL Nº 879,RUA AMELIA,879,EM FRENTE AO POSTO SHELL Nº 879,GRAÇAS,48,SUBURBIO,COLISÃO TRASEIRA,DOIS AUTOS E MOTO PONTO,2,1,,,,,,,,0,,Longo da via,Bom,Sem defeito,Perfeito estado,Seca,Perfeito estado,Agente,,,Única,Faixa contínua,,,,,,,,
2019-12-05,12:40:00,SEM VÍTIMA,FINALIZADA,SANTO ANTÔNIO,RUA FLORIANO PEIXOTO,,RUA TOBIAS BARRETO,CASA DA CULTURA,RUA FLORIANO PEIXOTO,,CASA DA CULTURA,SANTO ANTÔNIO,,SUBURBIO,ABALROAMENTO TRANSVERSAL,COLISÃO SEM VÍTIMA,1,1,,,,,,,,0,,Cruzamento,Bom,Não existe,Perfeito estado,Seca,Perfeito estado,Outros,Outras,,Única,Outros,,,,,,,,
2019-12-05,12:55:00,SEM VÍTIMA,FINALIZADA,BOA VIAGEM,AV ENGENHEIRO DOMINGOS FERREIRA,,,E/F AO BIG BOMPREÇO,AV ENGENHEIRO DOMINGOS FERREIRA,,E/F AO BIG BOMPREÇO,BOA VIAGEM,,,COLISÃO,ENTRES DOIS AUTOS S/V,2,,,,,,,,,0,,,,,,,,,,,,,,,,,,,,
2019-12-05,13:27:00,SEM VÍTIMA,FINALIZADA,CASA AMARELA,AV NORTE,6629,,EM FRENTE AO PALACIO ATACADO,AV NORTE,6629,EM FRENTE AO PALACIO ATACADO,CASA AMARELA,,CIDADE,COLISÃO TRASEIRA,COLISAO ENTRE AUTO E CAMINHAO S/V,1,,,,,,,,2,0,,Longo da via,Bom,Não existe,Perfeito estado,Seca,Perfeito estado,Outros,R-6a,,Dupla,Faixa seccionada,Canteiro central,,,,,,,
2019-12-05,13:36:00,SEM VÍTIMA,FINALIZADA,BOA VIAGEM,RUA VISCONDE DE JEQUITINHONHA,,,,RUA VISCONDE DE JEQUITINHONHA,,,BOA VIAGEM,154,SUBURBIO,COLISÃO TRASEIRA,CHOQUE ENTRE TRES AUTOS S/V,3,,,,,,,,,0,,Longo da via,Bom,Sem defeito,Perfeito estado,Seca,Perfeito estado,Faixa de pedestre,Não há placas,,Única,Faixa contínua,,,,,,,,
2019-12-05,13:58:00,COM VÍTIMA,FINALIZADA,BOA VIAGEM,RUA VISCONDE DE JEQUITINHONHA,138,RUA DONA MAGINA PONTUAL,EM FRENTE AO PONTEIO E SO CALDISSIMO,RUA VISCONDE DE JEQUITINHONHA,138,EM FRENTE AO PONTEIO E SO CALDISSIMO,BOA VIAGEM,,SUBURBIO,ATROPELAMENTO,AUTO E PEDESTRE.,1,,,,1,,,,,1,,Cruzamento,Bom,Não existe,Perfeito estado,Seca,Perfeito estado,,Não há placas,60 km/h,Única,Canteiro central,,,,,,,,
2019-12-05,14:03:00,SEM VÍTIMA,FINALIZADA,PRADO,RUA GOMES TABORDA,,,AO LADO DO BAILE PERFUMADO,RUA GOMES TABORDA,,AO LADO DO BAILE PERFUMADO,PRADO,,CIDADE,COLISÃO TRASEIRA,COLISÃO SEM VÍTIMA,3,,,,,,,,,0,,Longo da via,Bom,Não existe,Incompleta,Seca,Outros,Não existe,R-6a,,Dupla,Faixa seccionada,,,,,,,,
2019-12-05,14:05:00,SEM VÍTIMA,FINALIZADA,PARNAMIRIM,AV PARNAMIRIM,196,RUA TITO ROSAS,POSTO SHELL 196,AV PARNAMIRIM,196,POSTO SHELL 196,PARNAMIRIM,10,CIDADE,COLISÃO TRASEIRA,COLISAO ENTRE DOIS AIUTOS S/V,2,,,,,,,,,0,,Longo da via,Bom,Sem defeito,Perfeito estado,Seca,Perfeito estado,Agente,Não há placas,,Única,Faixa contínua,,,,,,,,
2019-12-05,14:16:00,SEM VÍTIMA,FINALIZADA,MADALENA,RUA DEMOCRITO DE SOUZA FILHO,452,RUA PROFESSOR JOSE TORRES PIRES,,RUA DEMOCRITO DE SOUZA FILHO,452,,MADALENA,,,ABALROAMENTO TRANSVERSAL,COLISÃO SEM VÍTIMA,2,,,,,,,,,0,,Cruzamento,Bom,Não existe,Perfeito estado,Seca,Perfeito estado,Faixa de retenção,Placas Pare,,Única,Não existe,,,,,,,,
2019-12-05,14:21:00,SEM VÍTIMA,FINALIZADA,CASA AMARELA,RUA DA HARMONIA,,,,RUA DA HARMONIA,,,CASA AMARELA,598,SUBURBIO,CHOQUE VEÍCULO PARADO,COLISAO ENTRE DOIS AIUTOS S/V,2,,,,,,,,,0,,Longo da via,Bom,Sem defeito,Perfeito estado,Seca,Perfeito estado,Faixa de pedestre,Outras,,Dupla,Faixa seccionada,,,,,,,,
2019-12-05,14:38:00,SEM VÍTIMA,FINALIZADA,MORRO DA CONCEIÇÃO,PRC DA CONCEICAO,,,EM FRENTE AO MERCADO PREÇO BOM,PRC DA CONCEICAO,,EM FRENTE AO MERCADO PREÇO BOM,MORRO DA CONCEIÇÃO,,SUBURBIO,ABALROAMENTO LONGITUDINAL,COLISÃO SEM VÍTIMA,2,,,,,,,,,0,,,Bom,Não existe,Incompleta,Seca,Perfeito estado,Não existe,Não há placas,,Dupla,Não existe,,,,,,,,
2019-12-05,14:41:00,SEM VÍTIMA,FINALIZADA,BOA VISTA,RUA DO HOSPICIO,250,AV CONDE DA BOA VISTA,EM FRENTE A CATTAN / SEMÁFORO 023,RUA DO HOSPICIO,250,EM FRENTE A CATTAN / SEMÁFORO 023,BOA VISTA,23,SUBURBIO,COLISÃO TRASEIRA,,2,1,,,,,,,,0,,Cruzamento,Bom,Sem defeito,Perfeito estado,Seca,Perfeito estado,Agente,Outras,40 km/h,Única,Faixa contínua,Faixa seccionada,,,,,,,
2019-12-05,15:31:00,SEM VÍTIMA,FINALIZADA,GRAÇAS,AV RUI BARBOSA,635,RUA DAS GRACAS,EM FRENTE A DROGASIL,AV RUI BARBOSA,635,EM FRENTE A DROGASIL,GRAÇAS,562,CIDADE,ABALROAMENTO LONGITUDINAL,COLISÃO SEM VÍTIMA,1,1,,,,,,,,0,,,Bom,Sem defeito,Perfeito estado,Seca,Perfeito estado,Faixa de pedestre,R-6a,,Única,Faixa seccionada,,,,,,,,
2019-12-05,15:31:00,SEM VÍTIMA,FINALIZADA,TORRE,PRC PROFESSOR BARRETO CAMPELLO,,RUA ZILDA S DE SANTANA,,PRC PROFESSOR BARRETO CAMPELLO,,,TORRE,,,CHOQUE VEÍCULO PARADO,COLISÃO SEM VÍTIMA,2,,,,,,,,,0,,,Bom,Não existe,Não existente,Seca,Perfeito estado,Não existe,Não há placas,,Dupla,Não existe,,,,,,,,
2019-12-05,15:35:00,SEM VÍTIMA,FINALIZADA,BOA VIAGEM,RUA WALDEMAR NERY CARNEIRO MONTEIRO,,RUA JOAO CARDOSO AIRES,,RUA WALDEMAR NERY CARNEIRO MONTEIRO,,,BOA VIAGEM,,SUBURBIO,ABALROAMENTO TRANSVERSAL,COLISAO ENTRE AUTO E MOTO S/V,1,1,,,,,,,,0,,Cruzamento,Bom,Não existe,Perfeito estado,Seca,Perfeito estado,Não existe,Placas Pare,,Dupla,Faixa seccionada,,,,,,,,
2019-12-05,15:49:00,SEM VÍTIMA,FINALIZADA,ESTÂNCIA,AV DR JOSE RUFINO,12,,,AV DR JOSE RUFINO,12,,ESTÂNCIA,,SUBURBIO,ABALROAMENTO LONGITUDINAL,COLISÃO SEM VÍTIMA,2,,,,,,,,,0,,Longo da via,Bom,,Perfeito estado,Seca,Perfeito estado,,,,Dupla,,,,,,,,,
2019-12-05,16:19:00,SEM VÍTIMA,FINALIZADA,BOA VIAGEM,AV ENGENHEIRO DOMINGOS FERREIRA,2200,,PAULO MIRANDA,AV ENGENHEIRO DOMINGOS FERREIRA,2200,PAULO MIRANDA,BOA VIAGEM,484,SUBURBIO,COLISÃO TRASEIRA,,2,,,,,,,,,0,,Longo da via,Bom,Sem defeito,Perfeito estado,Seca,Perfeito estado,Faixa de pedestre,Não há placas,60 km/h,Única,Canteiro central,,,,,,,,
2019-12-05,16:20:00,COM VÍTIMA,FINALIZADA,MADALENA,RUA BENFICA,1150,,EM FRENTE AO MUSEU DA ABOLIÇÃO,RUA BENFICA,1150,EM FRENTE AO MUSEU DA ABOLIÇÃO,MADALENA,257,CIDADE,COLISÃO TRASEIRA,COLISÃO COM VÍTIMA ENTRE DOIS AUTOS.,2,,,,,,,,,1,,Longo da via,Bom,Sem defeito,Perfeito estado,Seca,Perfeito estado,Faixa de pedestre,Outras,,Dupla,Faixa contínua,Faixa seccionada,,,,,,,
2019-12-05,16:23:00,SEM VÍTIMA,FINALIZADA,ESTÂNCIA,AV TAPAJOS,89,,ENTRADA PARA CONJUNTO RESIDENCIAL IGNÊS ANDREAZZA,AV TAPAJOS,89,ENTRADA PARA CONJUNTO RESIDENCIAL IGNÊS ANDREAZZA,ESTÂNCIA,,,ABALROAMENTO TRANSVERSAL,COLISAO ENTRE CAMINHAO E MOTO S/V,,1,,,,,1,,,0,,Longo da via,Bom,Não existe,Não existente,Seca,Perfeito estado,Não existe,Não há placas,,Dupla,Faixa seccionada,,,,,,,,
2019-12-05,16:54:00,SEM VÍTIMA,FINALIZADA,TEJIPIÓ,AV DR JOSE RUFINO,360,,E/F IGREJA DE TEJIPIO,AV DR JOSE RUFINO,360,E/F IGREJA DE TEJIPIO,TEJIPIÓ,91,,COLISÃO,COLISAO ENTRE CAMINHAO E AUTO S/V,1,,,,,,1,,,0,,,,,,,,,,,,,,,,,,,,
2019-12-05,17:05:00,SEM VÍTIMA,FINALIZADA,IPUTINGA,AV MAURICIO DE NASSAU,434,,PRÓXIMO AO CRUZAMENTO COM A ESTRADA DO BARBALHO,AV MAURICIO DE NASSAU,434,PRÓXIMO AO CRUZAMENTO COM A ESTRADA DO BARBALHO,IPUTINGA,246,CIDADE,ABALROAMENTO LONGITUDINAL,COLISÃO SEM VÍTIMA,1,1,,,,,,,,0,,Longo da via,Bom,Sem defeito,Perfeito estado,Seca,Perfeito estado,Faixa de pedestre,Outras,,Dupla,Faixa contínua,Faixa seccionada,,,,,,,
2019-12-05,17:42:00,SEM VÍTIMA,FINALIZADA,DERBY,RUA JOAO FERNANDES VIEIRA,,AV GOVERNADOR AGAMENON MAGALHAES,AO LADO DO COLEGIO AMERICANO BATISTA,RUA JOAO FERNANDES VIEIRA,,AO LADO DO COLEGIO AMERICANO BATISTA,DERBY,37,,ABALROAMENTO LONGITUDINAL,COLISAO ENTRE DOIS AUTOS S/V,2,,,,,,,,,0,,Longo da via,Bom,Sem defeito,Perfeito estado,Seca,Perfeito estado,,Outras,40 km/h,Única,Não existe,,,,,,,,
2019-12-05,17:49:00,SEM VÍTIMA,CANCELADA,VÁRZEA,AV RECIFE,,,PROX. A POLICIA FEDERAL,AV RECIFE,,PROX. A POLICIA FEDERAL,VÁRZEA,,,COLISÃO,COLISÃO SEM VÍTIMA,3,,,,,,,,,0,,,,,,,,,,,,,,,,,,,,
2019-12-05,17:53:00,SEM VÍTIMA,CANCELADA,SÃO JOSÉ,RUA IMPERIAL,1898,,E/F A EMPRESA PREVENÇAO INDÚSTRIA E COMERCIO,RUA IMPERIAL,1898,E/F A EMPRESA PREVENÇAO INDÚSTRIA E COMERCIO,SÃO JOSÉ,,,COLISÃO,COLISAO ENTRE AUTO E CAMINHAO S/V,1,,,,,,1,,,0,,,,,,,,,,,,,,,,,,,,
2019-12-05,17:56:00,SEM VÍTIMA,FINALIZADA,GRAÇAS,AV RUI BARBOSA,141 C,,EM FRENTE PATIO CAFE,AV RUI BARBOSA,141 C,EM FRENTE PATIO CAFE,GRAÇAS,,CIDADE,COLISÃO TRASEIRA,COLISÃO SEM VÍTIMA,2,,,,,,,,,0,,Longo da via,Bom,Não existe,Perfeito estado,Seca,Perfeito estado,Outros,R-6a,,Única,Faixa seccionada,,,,,,,,
2019-12-05,18:17:00,SEM VÍTIMA,CANCELADA,JORDÃO,RUA DES EVANDRO NETTO,,AV GOVERNADOR ROBERTO SILVEIRA,PROX AO COLEGIO DESENVOLVER //JORDAO BAIXO,RUA DES EVANDRO NETTO,,PROX AO COLEGIO DESENVOLVER //JORDAO BAIXO,JORDÃO,,,COLISÃO,PALIO X SIENA,2,,,,,,,,,0,,,,,,,,,,,,,,,,,,,,
2019-12-05,18:28:00,SEM VÍTIMA,FINALIZADA,BOA VISTA,AV MANOEL BORBA,584,,PRAÇA MACIEL PINHEIRO,AV MANOEL BORBA,584,PRAÇA MACIEL PINHEIRO,BOA VISTA,,SUBURBIO,ABALROAMENTO LONGITUDINAL,CAMINHAO DO LIXO X CELTA,1,,,,,,1,,,0,,Longo da via,Bom,Não existe,Perfeito estado,Seca,Perfeito estado,Não existe,Não há placas,,Única,Faixa seccionada,,,,,,,,
2019-12-05,18:43:00,SEM VÍTIMA,FINALIZADA,SANTO AMARO,RUA DOIS DE JULHO,,,EM FRENTE AO EDF JARDINS DA AURORA,RUA DOIS DE JULHO,,EM FRENTE AO EDF JARDINS DA AURORA,SANTO AMARO,,,ABALROAMENTO LONGITUDINAL,CAMINHAO X VT CARACTERIZADA (POLICIA CIVIL ),1,,,,,,1,,,0,,Longo da via,Bom,Não existe,Não existente,Seca,Mal iluminada,Não existe,Não há placas,,Dupla,Não existe,,,,,,,,
2019-12-05,18:49:00,SEM VÍTIMA,CANCELADA,IPSEP,RUA BLUMENAU,510,RUA ITANAGE,LOCAL DE RESIDENCIA,RUA BLUMENAU,510,LOCAL DE RESIDENCIA,IPSEP,111,,COLISÃO,PRISMA X VOYAGE,2,,,,,,,,,0,,,,,,,,,,,,,,,,,,,,
2019-12-05,19:05:00,SEM VÍTIMA,CANCELADA,TOTÓ,RUA ONZE DE AGOSTO,S/N,,ENF AO CENTRO SOCIAL URBANO BIDO KRAUSE,RUA ONZE DE AGOSTO,S/N,ENF AO CENTRO SOCIAL URBANO BIDO KRAUSE,TOTÓ,,,COLISÃO,ONIBUS BORBOREMA X FOX,1,,,,,1,,,,0,,,,,,,,,,,,,,,,,,,,