data,hora,natureza_acidente,situacao,bairro,endereco,numero,detalhe_endereco_acidente,complemento,endereco_cruzamento,numero_cruzamento,referencia_cruzamento,bairro_cruzamento,num_semaforo,sentido_via,tipo,descricao,auto,moto,ciclom,ciclista,pedestre,onibus,caminhao,viatura,outros,vitimas,vitimasfatais,acidente_verificado,tempo_clima,situacao_semaforo,sinalizacao,condicao_via,conservacao_via,ponto_controle,situacao_placa,velocidade_max_via,mao_direcao,divisao_via1,divisao_via2,divisao_via3,,,,,,
2019-12-05,20:57:00,SEM VÍTIMA,CANCELADA,TAMARINEIRA,RUA DES GOIS CAVALCANTE,,EST DO ENCANAMENTO,NA ROTATORIA DA PRC DO PARNAMIRIM,RUA DES GOIS CAVALCANTE,,NA ROTATORIA DA PRC DO PARNAMIRIM,TAMARINEIRA,,,COLISÃO,PRISMA X HB 20,2,,,,,,,,,0,,,,,,,,,,,,,,,,,,,,
2019-12-05,21:13:00,COM VÍTIMA,FINALIZADA,PORTO DA MADEIRA,AV BEBERIBE,,,AO LADO DO SEST SENAT E PIZZARIA PASSIRA.,AV BEBERIBE,,AO LADO DO SEST SENAT E PIZZARIA PASSIRA.,PORTO DA MADEIRA,575,SUBURBIO,COLISÃO FRONTAL,COLISAO COM VITIMAS ENTRE DUAS MOTOS.,,2,,,,,,,,1,,Longo da via,Bom,Sem defeito,Ilegível,Seca,Perfeito estado,Faixa de pedestre,R-6a,,Dupla,Faixa contínua,,,,,,,,
2019-12-05,21:23:00,SEM VÍTIMA,FINALIZADA,DERBY,AV GOVERNADOR AGAMENON MAGALHAES,,RUA DOM BOSCO,AO LADO DO HR,AV GOVERNADOR AGAMENON MAGALHAES,,AO LADO DO HR,DERBY,174,,ABALROAMENTO LONGITUDINAL,COLISAO SEM VITIMAS,2,,,,,,,,,0,,Cruzamento,Bom,Sem defeito,Perfeito estado,Seca,Perfeito estado,Faixa de pedestre,Outras,,Única,,,,,,,,,
2019-12-05,22:04:00,SEM VÍTIMA,FINALIZADA,BOA VIAGEM,RUA MARQUES DE VALENCA,85,,E/F AO BAR DO BODE,RUA MARQUES DE VALENCA,85,E/F AO BAR DO BODE,BOA VIAGEM,,,CHOQUE OBJETO FIXO,AUTO PASSEIO COLIDE COM UMA RESIDENCIA (MOTORISTA SE EVADIU E DEIXOU O AUTO PASSEIO),1,,,,,,,,,0,,,,,,,,,,,,,,,,,,,,
2019-12-05,22:23:00,SEM VÍTIMA,CANCELADA,JARDIM SÃO PAULO,RUA LORENA,455,RUA ALVENOPOLIS,SO TEM RESIDENCIA NO LOCAL,RUA LORENA,455,SO TEM RESIDENCIA NO LOCAL,JARDIM SÃO PAULO,,,COLISÃO,MICRO-ONIBUS X CLASSIC,1,,,,,1,,,,0,,,,,,,,,,,,,,,,,,,,
2019-12-05,22:40:00,SEM VÍTIMA,FINALIZADA,IPUTINGA,AV CAXANGA,3917,,ROMINHO PNEUS,AV CAXANGA,3917,ROMINHO PNEUS,IPUTINGA,,CIDADE,ABALROAMENTO LONGITUDINAL,ONIBUS X AUTO PASSEIO S/V,1,,,,,1,,,,0,,Longo da via,Bom,Não existe,Perfeito estado,Seca,Perfeito estado,Não existe,,,Única,Faixa seccionada,,,,,,,,
2019-12-05,22:44:00,SEM VÍTIMA,FINALIZADA,BOA VIAGEM,RUA RIBEIRO DE BRITO,1111,,,RUA RIBEIRO DE BRITO,1111,,BOA VIAGEM,,SUBURBIO,COLISÃO TRASEIRA,TRES AUTO,3,,,,,,,,,0,,Longo da via,Bom,Não existe,Perfeito estado,Seca,Perfeito estado,Não existe,R-6a,,Única,Faixa seccionada,,,,,,,,
2019-12-05,23:02:00,COM VÍTIMA,FINALIZADA,IMBIRIBEIRA,AV MARECHAL MASCARENHAS DE MORAES,,RUA JORNALISTA CLEOFHAS DE OLIVEIRA,E/F AO GERALDÃO,AV MARECHAL MASCARENHAS DE MORAES,,E/F AO GERALDÃO,IMBIRIBEIRA,290,CIDADE,COLISÃO TRASEIRA,ACIDENTE COM TRÊS AUTOS.,3,,,,,,,,,1,,Cruzamento,Bom,Sem defeito,Perfeito estado,Seca,Perfeito estado,Faixa de pedestre,Outras,,Dupla,Canteiro central,,,,,,,,
2019-12-06,00:35:00,SEM VÍTIMA,FINALIZADA,GRAÇAS,RUA AMELIA,422,,BAR TRADIÇÃO,RUA AMELIA,422,BAR TRADIÇÃO,GRAÇAS,,CIDADE,ABALROAMENTO LONGITUDINAL,COLISÃO ENTRE DOIS AUTOS, S/V,2,,,,,,,,,0,,Longo da via,Bom,Não existe,Perfeito estado,Seca,Perfeito estado,Não existe,Não há placas,,Única,Faixa seccionada,,,,,,,
2019-12-06,08:09:00,SEM VÍTIMA,FINALIZADA,COELHOS,RUA DOS COELHOS,,,EM FRENTE AO HOSPITAL IMIP,RUA DOS COELHOS,,EM FRENTE AO HOSPITAL IMIP,COELHOS,359,SUBURBIO,COLISÃO TRASEIRA,DOIS AUTOS,2,,,,,,,,,0,,Longo da via,Bom,Sem defeito,Perfeito estado,Seca,Perfeito estado,Faixa de pedestre,Não há placas,,Dupla,Faixa contínua,,,,,,,,
2019-12-06,08:16:00,SEM VÍTIMA,FINALIZADA,IMBIRIBEIRA,RUA DUQUE ESTRADA,,RUA BARAO DE AGUA BRANCA,POUSADA SOL E MAR,RUA DUQUE ESTRADA,,POUSADA SOL E MAR,IMBIRIBEIRA,,,ABALROAMENTO TRANSVERSAL,COLISÃO S/VITIMAS ENTRE DOIS AUTOS,2,,,,,,,,,0,,Cruzamento,Bom,Não existe,Incompleta,Seca,Perfeito estado,Não existe,Placas Pare,30 km/h,Dupla,Não existe,,,,,,,,
2019-12-06,08:43:00,SEM VÍTIMA,FINALIZADA,CASA FORTE,RUA MARQUES DE TAMANDARE,,,EDIFÍCIO PLÁTANO Nº 62 ( LADO OPOSTO ),RUA MARQUES DE TAMANDARE,,EDIFÍCIO PLÁTANO Nº 62 ( LADO OPOSTO ),CASA FORTE,,SUBURBIO,CHOQUE OBJETO FIXO,CONDUTOR BATEU CONTRA POSTE SEM VITIMAS,1,,,,,,,,,0,,Longo da via,Bom,Não existe,Não existente,Seca,Perfeito estado,Não existe,Não há placas,,Única,Não existe,,,,,,,,
2019-12-06,08:44:00,SEM VÍTIMA,FINALIZADA,CORDEIRO,RUA PAES CABRAL,1691,,AO LADO DA ESCOLA TALETINHO DA AV. GOMES TABORDA,RUA PAES CABRAL,1691,AO LADO DA ESCOLA TALETINHO DA AV. GOMES TABORDA,CORDEIRO,,,ABALROAMENTO LONGITUDINAL,SEM VITIMAS,2,,,,,,,,,0,,Longo da via,Bom,Não existe,Não existente,Seca,Perfeito estado,Não existe,Não há placas,20 km/h,Dupla,Não existe,,,,,,,,
2019-12-06,08:51:00,SEM VÍTIMA,FINALIZADA,GRAÇAS,AV RUI BARBOSA,1489,,CLINOPE,AV RUI BARBOSA,1489,CLINOPE,GRAÇAS,,CIDADE,ABALROAMENTO TRANSVERSAL,COLISÃO S/VITIMAS ENTRE UM ONIBUS E UMA MOTO,,1,,,,1,,,,0,,Longo da via,Bom,Não existe,Perfeito estado,Seca,Perfeito estado,Não existe,R-6a,60 km/h,Única,Faixa seccionada,,,,,,,,
2019-12-06,09:24:00,SEM VÍTIMA,FINALIZADA,CASA FORTE,EST DAS UBAIAS,,52,RUA CASA FORTE,AO LADO DO COLÉGIO NAPS,EST DAS UBAIAS,,52,AO LADO DO COLÉGIO NAPS,CASA FORTE,,CIDADE,ABALROAMENTO LONGITUDINAL,ONIBUS E AUTO,1,,,,,1,,,,0,,Cruzamento,Bom,Não existe,Perfeito estado,Seca,Perfeito estado,Faixa de pedestre,Placas Pare,,Dupla,Faixa seccionada,,,,,,
2019-12-06,09:29:00,SEM VÍTIMA,FINALIZADA,IBURA,AV RECIFE,3021,,,AV RECIFE,3021,,IBURA,,CIDADE,COLISÃO TRASEIRA,COLISÃO SEM VITIMAS,2,,,,,,,,,0,,Longo da via,Bom,Sem defeito,Perfeito estado,Seca,Perfeito estado,Não existe,Não há placas,,Única,Faixa seccionada,,,,,,,,
2019-12-06,10:24:00,SEM VÍTIMA,FINALIZADA,DERBY,RUA BETANIA,11,RUA ENGENHEIRO TEOFILO DE FREITAS,EM FRENTE MEDICINA INTERNA,RUA BETANIA,11,EM FRENTE MEDICINA INTERNA,DERBY,,CIDADE,CHOQUE VEÍCULO PARADO,CHOQUE ENTRE CAMINHÃO E AUTO ESTACIONADO,1,,,,,,1,,,0,,Longo da via,Bom,Não existe,Perfeito estado,Seca,Perfeito estado,Outros,Placas Pare,,Única,Não existe,,,,,,,,
2019-12-06,10:38:00,SEM VÍTIMA,FINALIZADA,SAN MARTIN,AV GENERAL SAN MARTIN,,,CAVALARIA DUARTE COELHO,AV GENERAL SAN MARTIN,,CAVALARIA DUARTE COELHO,SAN MARTIN,,,ABALROAMENTO LONGITUDINAL,COLISÃO SEM VITIMAS,1,,,,,,1,,,0,,Longo da via,Bom,Não existe,Perfeito estado,Seca,Perfeito estado,Não existe,Outras,,Dupla,Faixa contínua,Faixa seccionada,,,,,,,
2019-12-06,10:39:00,SEM VÍTIMA,FINALIZADA,VÁRZEA,RUA GASTAO VIDIGAL,,,CALDINHO DO MARROM,RUA GASTAO VIDIGAL,,CALDINHO DO MARROM,VÁRZEA,281,,ABALROAMENTO LONGITUDINAL,AUTO E MOTO,1,1,,,,,,,,0,,Longo da via,Bom,Sem defeito,Perfeito estado,Seca,,Agente,Outras,,Dupla,Não existe,,,,,,,,
2019-12-06,10:39:00,SEM VÍTIMA,CANCELADA,BONGI,RUA SANTA EDWIRGES,295,RUA PADRE TEOFILO TWORZ,RUA DA IGREJA PRESBITERIANA DO PRADO,RUA SANTA EDWIRGES,295,RUA DA IGREJA PRESBITERIANA DO PRADO,BONGI,,,COLISÃO,SEM VITIMAS,1,1,,,,,,,,0,,,,,,,,,,,,,,,,,,,,
2019-12-06,10:48:00,SEM VÍTIMA,FINALIZADA,IMBIRIBEIRA,AV MARECHAL MASCARENHAS DE MORAES,1571,,PRÓXIMO A NETUNO,AV MARECHAL MASCARENHAS DE MORAES,1571,PRÓXIMO A NETUNO,IMBIRIBEIRA,287,SUBURBIO,COLISÃO TRASEIRA,SEM VITIMAS,1,,,,,,1,,,0,,Longo da via,Bom,Sem defeito,Perfeito estado,Seca,Perfeito estado,Agente,Não há placas,60 km/h,,Faixa contínua,,,,,,,,
2019-12-06,10:57:00,SEM VÍTIMA,FINALIZADA,CORDEIRO,AV GENERAL SAN MARTIN,,,EM FRENTE AOS CORREIOS,AV GENERAL SAN MARTIN,,EM FRENTE AOS CORREIOS,CORDEIRO,,,ABALROAMENTO LONGITUDINAL,COLISÃO S/ VITIMAS ENTRE UM AUTO E UM CAMINHÃO,1,,,,,,,,2,0,,Longo da via,Bom,Não existe,Perfeito estado,Seca,Perfeito estado,Não existe,Não há placas,,Dupla,Faixa contínua,,,,,,,,
2019-12-06,10:59:00,SEM VÍTIMA,FINALIZADA,AFOGADOS,RUA SAO MIGUEL,116,RUA JOAQUIM DE VASCONCELOS PEREIRA,CARTÓRIO DE AFOGADOS,RUA SAO MIGUEL,116,CARTÓRIO DE AFOGADOS,AFOGADOS,,SUBURBIO,COLISÃO TRASEIRA,DOIS AUTOS,2,,,,,,,,,0,,Cruzamento,Bom,Não existe,Perfeito estado,Seca,Perfeito estado,Não existe,Não há placas,40 km/h,Dupla,Faixa seccionada,,,,,,,,
2019-12-06,11:04:00,SEM VÍTIMA,CANCELADA,BOA VIAGEM,AV FERNANDO SIMOES BARBOSA,,,AO LADO DO CANAL NA ENTRADA DO SHOPPING CENTER RECIFE,AV FERNANDO SIMOES BARBOSA,,AO LADO DO CANAL NA ENTRADA DO SHOPPING CENTER RECIFE,BOA VIAGEM,,,COLISÃO,COLISÃO SEM VITIMAS,2,,,,,,,,,0,,,,,,,,,,,,,,,,,,,,
2019-12-06,11:10:00,SEM VÍTIMA,FINALIZADA,BOA VIAGEM,RUA TENENTE JOAO CICERO,,RUA MINISTRO NELSON HUNGRIA,,RUA TENENTE JOAO CICERO,,,BOA VIAGEM,,,ABALROAMENTO TRANSVERSAL,COLISÃO SEM VITIMAS,2,,,,,,,,,0,,Cruzamento,Bom,Não existe,Perfeito estado,Seca,Perfeito estado,Faixa de pedestre,Placas Pare,,Única,Faixa contínua,,,,,,,,
2019-12-06,11:17:00,SEM VÍTIMA,FINALIZADA,ÁGUA FRIA,EST VELHA DE AGUA FRIA,,,EM FRENTE A LOJA CATTAN,EST VELHA DE AGUA FRIA,,EM FRENTE A LOJA CATTAN,ÁGUA FRIA,405,,COLISÃO TRASEIRA,SEM VITIMAS,1,,,,,,1,,,0,,Longo da via,Bom,Sem defeito,Perfeito estado,Seca,Perfeito estado,Faixa de pedestre,Outras,40 km/h,Única,Faixa seccionada,,,,,,,,
2019-12-06,11:46:00,COM VÍTIMA,FINALIZADA,JORDÃO,AV CENTENARIO ALBERTO SANTOS DUMONT,S/N,,PISTA DE ACESSO BASE AÉREA DO JORDÃO,AV CENTENARIO ALBERTO SANTOS DUMONT,S/N,PISTA DE ACESSO BASE AÉREA DO JORDÃO,JORDÃO,,SUBURBIO,ABALROAMENTO LONGITUDINAL,COM UMA VITIMA AGUARDANDO SAMU,1,1,,,,,,,,1,,Longo da via,Bom,Não existe,Perfeito estado,Seca,Perfeito estado,Outros,Outras,,Única,Faixa seccionada,,,,,,,,
2019-12-06,11:57:00,SEM VÍTIMA,FINALIZADA,SÃO JOSÉ,AV SUL,1247,,VIADUTO / SOB,AV SUL,1247,VIADUTO / SOB,SÃO JOSÉ,,CIDADE,ABALROAMENTO LONGITUDINAL,COLISÃO SEM VITIMAS,1,,,,,,1,,1,0,,Longo da via,Bom,Não existe,Perfeito estado,Seca,Perfeito estado,Não existe,Não há placas,60 km/h,Única,Faixa seccionada,,,,,,,,
2019-12-06,12:16:00,SEM VÍTIMA,CANCELADA,AFOGADOS,RUA A B C,,,ANTIGA SOUZA LUNA , RUA EM FRENTE AOA BANCO DO BRASIL,RUA A B C,,ANTIGA SOUZA LUNA , RUA EM FRENTE AOA BANCO DO BRASIL,AFOGADOS,,,COLISÃO,COLISÃO SEM VITIMAS,2,,,,,,,,,0,,,,,,,,,,,,,,,,,,
2019-12-06,12:18:00,SEM VÍTIMA,FINALIZADA,CORDEIRO,AV CAXANGA,2368,,AUTOSPORT,AV CAXANGA,2368,AUTOSPORT,CORDEIRO,275,SUBURBIO,COLISÃO TRASEIRA,COLISÃO SEM VÍTIMA,2,,,,,,,,,0,,Longo da via,Bom,Sem defeito,Perfeito estado,Seca,Perfeito estado,Faixa de pedestre,Outras,,Dupla,Canteiro central,,,,,,,,
2019-12-06,12:20:00,SEM VÍTIMA,FINALIZADA,JORDÃO,AV MARIA IRENE,666,,,AV MARIA IRENE,666,,JORDÃO,,SUBURBIO,ABALROAMENTO TRANSVERSAL,COLISÃO SEM VITIMA,1,1,,,,,,,,0,,Longo da via,Bom,Não existe,Perfeito estado,Seca,Perfeito estado,Outros,Outras,60 km/h,Dupla,Faixa contínua,,,,,,,,
2019-12-06,12:32:00,COM VÍTIMA,FINALIZADA,MANGABEIRA,AV NORTE,,,ARMAZEM CORAL,AV NORTE,,ARMAZEM CORAL,MANGABEIRA,,CIDADE,TOMBAMENTO,COM VÍTIMA,,1,,,,,,,,1,,Longo da via,Bom,Não existe,Perfeito estado,Seca,Perfeito estado,Não existe,Outras,,Dupla,Canteiro central,,,,,,,,
2019-12-06,12:57:00,COM VÍTIMA,FINALIZADA,AREIAS,AV DR JOSE RUFINO,1122,,LADO OPOSTO AO SENAI.,AV DR JOSE RUFINO,1122,LADO OPOSTO AO SENAI.,AREIAS,,SUBURBIO,COLISÃO TRASEIRA,AUTO E MOTO.,1,1,,,,,,,,1,,Longo da via,Bom,Sem defeito,Perfeito estado,Seca,Perfeito estado,Não existe,Não há placas,40 km/h,Dupla,Faixa seccionada,,,,,,,,
2019-12-06,13:07:00,SEM VÍTIMA,CANCELADA,SÃO JOSÉ,RUA IMPERIAL,,,PROX. A PONTE , DEPOSITO DE GAS SUPER GAS BRAZ,RUA IMPERIAL,,PROX. A PONTE , DEPOSITO DE GAS SUPER GAS BRAZ,SÃO JOSÉ,,SUBURBIO,COLISÃO,COLISÃO SEM VITIMA,2,,,,,,,,,0,,,,,,,,,,,,,,,,,,
2019-12-06,13:26:00,SEM VÍTIMA,FINALIZADA,CÓRREGO DO JENIPAPO,RUA DA DEMOCRACIA,35,,MAZINHO CELULAR,RUA DA DEMOCRACIA,35,MAZINHO CELULAR,CÓRREGO DO JENIPAPO,,SUBURBIO,ABALROAMENTO TRANSVERSAL,COLISÃO SEM VÍTIMA,1,,,,,1,,,,0,,Longo da via,Bom,Não existe,Não existente,Seca,,Não existe,Não há placas,,Dupla,Não existe,,,,,,,,
2019-12-06,13:30:00,SEM VÍTIMA,FINALIZADA,BOA VIAGEM,AV BOA VIAGEM,4000,,EDF. VANIA,AV BOA VIAGEM,4000,EDF. VANIA,BOA VIAGEM,,CIDADE,ABALROAMENTO LONGITUDINAL,COLISAO ENTRE DOIS AUTOS S/V,2,,,,,,,,,0,,Longo da via,Bom,Não existe,Perfeito estado,Seca,Perfeito estado,Não existe,Não há placas,60 km/h,Única,Faixa seccionada,,,,,,,,
2019-12-06,13:47:00,SEM VÍTIMA,FINALIZADA,FUNDÃO,AV BEBERIBE,3060,,,AV BEBERIBE,3060,,FUNDÃO,,SUBURBIO,COLISÃO TRASEIRA,COLISÃO SEM VÍTIMA,2,,,,,,,,,0,,Longo da via,Bom,Não existe,Perfeito estado,Seca,Perfeito estado,Não existe,Não há placas,,Dupla,Canteiro central,,,,,,,,
2019-12-06,14:00:00,SEM VÍTIMA,FINALIZADA,ENGENHO DO MEIO,RUA GOVERNADOR LOPO GARRO,,RUA ANTONIO BORGES UCHOA,AO LADO DO Nº 374,RUA GOVERNADOR LOPO GARRO,,AO LADO DO Nº 374,ENGENHO DO MEIO,,,ABALROAMENTO TRANSVERSAL,COLISAO ENTRE DOIS AUTOS S/V,2,,,,,,,,,0,,Cruzamento,Bom,Não existe,Não existente,Seca,Perfeito estado,Não existe,Não há placas,,Dupla,Não existe,,,,,,,,
2019-12-06,14:47:00,SEM VÍTIMA,FINALIZADA,SÃO JOSÉ,C SANTA RITA,,,TERMINAL CAIS SANTA RITA,C SANTA RITA,,TERMINAL CAIS SANTA RITA,SÃO JOSÉ,571,SUBURBIO,COLISÃO TRASEIRA,COLISÃO SEM VITIMA,1,1,,,,,,,,0,,Longo da via,Bom,Sem defeito,Perfeito estado,Seca,Perfeito estado,Não existe,Não há placas,40 km/h,Única,Faixa seccionada,,,,,,,,
2019-12-06,14:50:00,COM VÍTIMA,FINALIZADA,TORRE,RUA PROFESSOR TRAJANO DE MENDONCA,,RUA VERMELHA,POR TRAS DO ATACADO DOS PRESENTES,RUA PROFESSOR TRAJANO DE MENDONCA,,POR TRAS DO ATACADO DOS PRESENTES,TORRE,,CIDADE,ABALROAMENTO TRANSVERSAL,COLISAO ENTRE DUAS MOTO COM UMA VITIMA. HOUVE EVASÃO DE UM VEÍCULO FIAT UNO DE PLACA -,1,2,,,,,,,,1,,Longo da via,Bom,Não existe,Incompleta,Seca,Perfeito estado,Não existe,Não há placas,,Única,,,,,,,,,
2019-12-06,14:51:00,SEM VÍTIMA,FINALIZADA,ILHA DO RETIRO,RUA SPORT CLUBE DO RECIFE,,,EM FRENTE AO SPORT CLUBE DO RECIFE,RUA SPORT CLUBE DO RECIFE,,EM FRENTE AO SPORT CLUBE DO RECIFE,ILHA DO RETIRO,387,SUBURBIO,ABALROAMENTO LONGITUDINAL,COLISÃO SEM VITIMA,2,,,,,,,,,0,,Longo da via,Bom,Sem defeito,Perfeito estado,Seca,Perfeito estado,Faixa de pedestre,,,Única,Canteiro central,,,,,,,,
2019-12-06,14:53:00,SEM VÍTIMA,FINALIZADA,BOA VISTA,AV MANOEL BORBA,545,,SOB O SEMÁFORO Nº 220,AV MANOEL BORBA,545,SOB O SEMÁFORO Nº 220,BOA VISTA,,,ABALROAMENTO LONGITUDINAL,COLISAO ENTRE CAMINHAO E AUTOS S/V,1,,,,,,1,,,0,,Cruzamento,Bom,Sem defeito,Perfeito estado,Seca,Perfeito estado,Faixa de pedestre,,,Única,Faixa contínua,,,,,,,,
2019-12-06,15:18:00,SEM VÍTIMA,FINALIZADA,AFOGADOS,RUA DA PAZ,396,,EM FRENTE AO ITAÚ,RUA DA PAZ,396,EM FRENTE AO ITAÚ,AFOGADOS,,,ABALROAMENTO LONGITUDINAL,COLISÃO SEM VÍTIMA,2,,,,,,,,,0,,Longo da via,Bom,Não existe,Perfeito estado,Seca,Perfeito estado,Não existe,R-6a,,Única,Faixa seccionada,,,,,,,,
2019-12-06,15:55:00,COM VÍTIMA,FINALIZADA,BOA VISTA,AV CONDE DA BOA VISTA,,,EM FRENTE A MICROLINS/ SENTIDO CENTRO,AV CONDE DA BOA VISTA,,EM FRENTE A MICROLINS/ SENTIDO CENTRO,BOA VISTA,,CIDADE,ATROPELAMENTO,MOTO E PEDESTRES.,,1,,,2,,,,,2,,Longo da via,Bom,Não existe,Ilegível,Seca,Perfeito estado,Faixa de pedestre,Não há placas,,Dupla,Faixa contínua,,,,,,,,
2019-12-06,16:39:00,SEM VÍTIMA,FINALIZADA,AFOGADOS,RUA DA PAZ,243,RUA ANTONIO MACARIO,IGREJA UNIVERSAL DO REINO DE DEUS,RUA DA PAZ,243,IGREJA UNIVERSAL DO REINO DE DEUS,AFOGADOS,528,SUBURBIO,ABALROAMENTO LONGITUDINAL,COLISÃO SEM VÍTIMA,2,,,,,,,,,0,,Longo da via,Bom,Sem defeito,Perfeito estado,Seca,Perfeito estado,Faixa de pedestre,Outras,,Única,Faixa seccionada,,,,,,,,
2019-12-06,17:01:00,COM VÍTIMA,FINALIZADA,BOA VISTA,PRC OSWALDO CRUZ,,,EM FRENTE A FUSAN.,PRC OSWALDO CRUZ,,EM FRENTE A FUSAN.,BOA VISTA,,,ABALROAMENTO LONGITUDINAL,AUTO E MOTO.,1,1,,,,,,,,1,,Longo da via,Bom,Não existe,Não existente,Seca,Perfeito estado,Não existe,Outras,,Única,Não existe,,,,,,,,
2019-12-06,17:13:00,COM VÍTIMA,FINALIZADA,SANTANA,RUA AFONSO DE ALBUQUERQUE MELO,420,RUA AGRESTINA,PROX AO COLEGIO EXIMIUS POR TRAS DO BOMPREÇO DE CASA FORTE. EDF BARONEZA GURJAHÚ.,RUA AFONSO DE ALBUQUERQUE MELO,420,PROX AO COLEGIO EXIMIUS POR TRAS DO BOMPREÇO DE CASA FORTE. EDF BARONEZA GURJAHÚ.,SANTANA,,SUBURBIO,COLISÃO FRONTAL,COLISAO ENTRE AUTO E MOTO COM UMA VITIMA,1,1,,,,,,,,1,,Cruzamento,Bom,Não existe,Não existente,Seca,Perfeito estado,Não existe,R-25d,30 km/h,Dupla,Não existe,,,,,,,,
2019-12-06,17:44:00,COM VÍTIMA,FINALIZADA,IPSEP,AV RECIFE,,AV DOM HELDER CAMARA,EM FRENTE AO NUCLEO DA PM. AO LADO DA CASA DA BETERIA.,AV RECIFE,,EM FRENTE AO NUCLEO DA PM. AO LADO DA CASA DA BETERIA.,IPSEP,16,CIDADE,ABALROAMENTO LONGITUDINAL,AUTO E MOTO.,1,1,,,,,,,,1,,Cruzamento,Bom,Sem defeito,Perfeito estado,Seca,Perfeito estado,Faixa de pedestre,Não há placas,,Dupla,Canteiro central,,,,,,,,
2019-12-06,17:59:00,SEM VÍTIMA,FINALIZADA,PRADO,AV ENGENHEIRO ABDIAS DE CARVALHO,,RUA JOAO IVO DA SILVA,AO LADO DA AUTOLINE HONDA / AFOGADOS,AV ENGENHEIRO ABDIAS DE CARVALHO,,AO LADO DA AUTOLINE HONDA / AFOGADOS,PRADO,132,CIDADE,COLISÃO TRASEIRA,COLISAO ENVOLVENDO AUTO E ONIBUS SEM VITIMA,1,,,,,1,,,,0,,Cruzamento,Bom,Sem defeito,Perfeito estado,Seca,Perfeito estado,Faixa de pedestre,Não há placas,60 km/h,Dupla,Canteiro central,,,,,,,,
2019-12-06,18:25:00,SEM VÍTIMA,FINALIZADA,JIQUIÁ,RUA SAO MIGUEL,1428,RUA VEREADOR FRANCISCO DE PAULA SANTANA CHICO DA MANOLA,,RUA SAO MIGUEL,1428,,JIQUIÁ,,SUBURBIO,COLISÃO FRONTAL,ONIBUS METROPOLITANA X ONIX,1,,,,,1,,,,0,,,Bom,Não existe,Perfeito estado,Seca,Perfeito estado,Não existe,Não há placas,,Dupla,Faixa contínua,,,,,,,,
2019-12-06,18:32:00,SEM VÍTIMA,FINALIZADA,BOA VIAGEM,RUA SETUBAL,20,RUA DR VICENTE GOMES,PROX A DANDARA FLORES,RUA SETUBAL,20,PROX A DANDARA FLORES,BOA VIAGEM,60,,COLISÃO,FIAT X TAXI,2,,,,,,,,,0,,,,,,,,,,,,,,,,,,,,
2019-12-06,19:21:00,SEM VÍTIMA,FINALIZADA,BOA VIAGEM,RUA CAPITAO ZUZINHA,,,EM FRENTE A AUTO ESCOLA PILOTO,RUA CAPITAO ZUZINHA,,EM FRENTE A AUTO ESCOLA PILOTO,BOA VIAGEM,,,ABALROAMENTO LONGITUDINAL,COLISAO SEM VITIMAS,1,,,,,1,,,,0,,Longo da via,Bom,Sem defeito,Perfeito estado,Seca,Perfeito estado,Não existe,Não há placas,,Única,Faixa seccionada,,,,,,,,
2019-12-06,19:35:00,SEM VÍTIMA,FINALIZADA,,RUA MAJOR ARMANDO DE SOUZA MELLO,207,,EDF VIA MARZONI,RUA MAJOR ARMANDO DE SOUZA MELLO,207,EDF VIA MARZONI,,,CIDADE,ABALROAMENTO TRANSVERSAL,COLISAO SEM VITIMAS,2,,,,,,,,,0,,Longo da via,Bom,Não existe,Incompleta,Seca,Perfeito estado,Não existe,Não há placas,,Dupla,Não existe,,,,,,,,
2019-12-06,19:42:00,COM VÍTIMA,FINALIZADA,IMBIRIBEIRA,AV MARECHAL MASCARENHAS DE MORAES,7935,,ENF ANAC AGENCIA NACIONAL DE AVIAÇAO CIVIL //SENTIDO AEROPORTO,AV MARECHAL MASCARENHAS DE MORAES,7935,ENF ANAC AGENCIA NACIONAL DE AVIAÇAO CIVIL //SENTIDO AEROPORTO,IMBIRIBEIRA,,CIDADE,ABALROAMENTO LONGITUDINAL,AUTO E MOTO.,1,1,,,,,,,,1,,Longo da via,Bom,Não existe,Perfeito estado,Seca,Perfeito estado,,,,,,,,,,,,,
2019-12-06,19:55:00,COM VÍTIMA,CANCELADA,IMBIRIBEIRA,RUA JOAQUIM BANDEIRA,,,EMBAIXO DO PONTILHAO,RUA JOAQUIM BANDEIRA,,EMBAIXO DO PONTILHAO,IMBIRIBEIRA,,,ATROPELAMENTO,ATROPELAMENTO COM VITIMAS,,1,,,1,,,,,1,,,,,,,,,,,,,,,,,,,,
2019-12-06,20:52:00,SEM VÍTIMA,FINALIZADA,ESTÂNCIA,AV DR JOSE RUFINO,43,RUA MORAIS E SILVA,,AV DR JOSE RUFINO,43,,ESTÂNCIA,,SUBURBIO,ABALROAMENTO LONGITUDINAL,COLISAO SEM VITIMAS,2,,,,,,,,,0,,Longo da via,Bom,Não existe,Não existente,Seca,Perfeito estado,Não existe,Não há placas,,Dupla,Faixa contínua,,,,,,,,
2019-12-06,21:31:00,COM VÍTIMA,FINALIZADA,SANTO AMARO,AV JOAO DE BARROS,,,POR BAIXO DO VIADUTO JOAO DE BARROS,AV JOAO DE BARROS,,POR BAIXO DO VIADUTO JOAO DE BARROS,SANTO AMARO,,,COLISÃO,AUTO X MOTO OBS VEICULO SE EVADIU,,1,,,,,,,,1,,,,,,,,,,,,,,,,,,,,