data,hora,natureza_acidente,situacao,bairro,endereco,numero,detalhe_endereco_acidente,complemento,endereco_cruzamento,numero_cruzamento,referencia_cruzamento,bairro_cruzamento,num_semaforo,sentido_via,tipo,descricao,auto,moto,ciclom,ciclista,pedestre,onibus,caminhao,viatura,outros,vitimas,vitimasfatais,acidente_verificado,tempo_clima,situacao_semaforo,sinalizacao,condicao_via,conservacao_via,ponto_controle,situacao_placa,velocidade_max_via,mao_direcao,divisao_via1,divisao_via2,divisao_via3,,,,,,
2019-12-06,21:38:00,COM VÍTIMA,FINALIZADA,IPSEP,RUA ITACARI,,RUA ITAMARACA,ESQUINA Nº 369,RUA ITACARI,,ESQUINA Nº 369,IPSEP,,SUBURBIO,ABALROAMENTO TRANSVERSAL,DOIS AUTOS,2,,,,,,,,,1,,Cruzamento,Bom,Não existe,Perfeito estado,Seca,Perfeito estado,Não existe,Não há placas,,Única,Não existe,,,,,,,,
2019-12-06,22:10:00,SEM VÍTIMA,FINALIZADA,BOA VIAGEM,AV CONSELHEIRO AGUIAR,,RUA JORNALISTA ADETH LEITE,EM FRENTE A GALERIA CENTRO SUL,AV CONSELHEIRO AGUIAR,,EM FRENTE A GALERIA CENTRO SUL,BOA VIAGEM,,CIDADE,ABALROAMENTO LONGITUDINAL,COLISAO SEM VITIMAS,1,1,,,,,,,,0,,Longo da via,Bom,Sem defeito,Perfeito estado,Seca,Perfeito estado,Faixa de pedestre,Não há placas,60 km/h,Única,Faixa seccionada,,,,,,,,
2019-12-06,22:14:00,COM VÍTIMA,FINALIZADA,AFOGADOS,RUA SAO MIGUEL,113C,RUA PEDRO CABRAL DE OLIVEIRA,PROX AO DEPATRI,RUA SAO MIGUEL,113C,PROX AO DEPATRI,AFOGADOS,,CIDADE,ABALROAMENTO TRANSVERSAL,AUTO E MOTO.,,1,,,,1,,,,1,,Cruzamento,Bom,Não existe,Perfeito estado,Seca,Perfeito estado,Outros,Não há placas,,Dupla,Faixa contínua,,,,,,,,
2019-12-06,22:43:00,SEM VÍTIMA,CANCELADA,BOA VIAGEM,AV ENGENHEIRO DOMINGOS FERREIRA,3704,RUA JOSE TRAJANO,PROX AO LAÇA BURGUER,AV ENGENHEIRO DOMINGOS FERREIRA,3704,PROX AO LAÇA BURGUER,BOA VIAGEM,,,COLISÃO,DOIS ONIBUS DA BORBOREMA,,,,,,2,,,,0,,,,,,,,,,,,,,,,,,,,
2019-12-06,23:34:00,SEM VÍTIMA,FINALIZADA,BOA VIAGEM,RUA SETUBAL,156,RUA BARAO DE SOUZA LEAO,OPOSTO A PRAÇA DE BOA VIAGEM,RUA SETUBAL,156,OPOSTO A PRAÇA DE BOA VIAGEM,BOA VIAGEM,414,CIDADE,ABALROAMENTO LONGITUDINAL,ARGO X ETIOS,2,,,,,,,,,0,,Longo da via,Bom,Sem defeito,Perfeito estado,Seca,Perfeito estado,,Não há placas,,Única,Faixa seccionada,,,,,,,,
2019-12-07,02:16:00,SEM VÍTIMA,FINALIZADA,BOA VISTA,RUA DOM BOSCO,908,RUA HENRIQUE DIAS,MERCADO EXTRA,RUA DOM BOSCO,908,MERCADO EXTRA,BOA VISTA,294,SUBURBIO,ABALROAMENTO LONGITUDINAL,ENTRE DOIS AUTOS S/V,2,,,,,,,,,0,,,Bom,Sem defeito,Perfeito estado,Seca,Perfeito estado,Faixa de pedestre,Outras,,Única,Faixa seccionada,,,,,,,,
2019-12-07,04:29:00,SEM VÍTIMA,FINALIZADA,BOA VIAGEM,AV DOM JOAO VI,,RUA ANTONIO FALCAO,AO LADO DO EDF MARIA EMÍLIA,AV DOM JOAO VI,,AO LADO DO EDF MARIA EMÍLIA,BOA VIAGEM,,SUBURBIO,CHOQUE OBJETO FIXO,VEICULO CAI EM UM BURRACO NA VIA,1,,,,,,,,,0,,,Bom,Não existe,Incompleta,Seca,,Não existe,Outras,,Única,Não existe,,,,,,,,
2019-12-07,07:51:00,COM VÍTIMA,FINALIZADA,BOA VIAGEM,RUA BALTAZAR PASSOS,,RUA VISCONDE DE JEQUITINHONHA,APOS O LINDU,RUA BALTAZAR PASSOS,,APOS O LINDU,BOA VIAGEM,154,ORLA BV,ABALROAMENTO TRANSVERSAL,AUTO E MOTO.,1,1,,,,,,,,1,,Cruzamento,Bom,Sem defeito,Perfeito estado,Seca,Perfeito estado,Faixa de pedestre,,,Dupla,Faixa contínua,,,,,,,,
2019-12-07,07:54:00,COM VÍTIMA,FINALIZADA,CAMPO GRANDE,EST DE BELEM,516,,PROX DO ARMAZEM DA STAMPA. EDF. AQUILES.,EST DE BELEM,516,PROX DO ARMAZEM DA STAMPA. EDF. AQUILES.,CAMPO GRANDE,,SUBURBIO,COLISÃO COM CICLISTA,AUTO E BICICLETA.,1,,,1,,,,,,1,,Longo da via,Bom,Não existe,Perfeito estado,Seca,Perfeito estado,Não existe,R-6a,,Dupla,Faixa contínua,,,,,,,,
2019-12-07,08:56:00,SEM VÍTIMA,FINALIZADA,MANGABEIRA,RUA GUIMARAES PEIXOTO,,AV NORTE,,RUA GUIMARAES PEIXOTO,,,MANGABEIRA,96,CIDADE,ABALROAMENTO LONGITUDINAL,CAMINHAO E AUTO,1,,,,,,1,,,0,,Cruzamento,Bom,Sem defeito,Perfeito estado,Seca,Perfeito estado,Faixa de pedestre,Outras,,Única,Não existe,,,,,,,,
2019-12-07,10:33:00,SEM VÍTIMA,FINALIZADA,CASA AMARELA,EST DO ARRAIAL,3574,,EM FRENTE AO EDIFÍCIO BARÃO DE VERA CRUZ,EST DO ARRAIAL,3574,EM FRENTE AO EDIFÍCIO BARÃO DE VERA CRUZ,CASA AMARELA,,SUBURBIO,ABALROAMENTO LONGITUDINAL,COLISÃO SEM VITIMA,1,1,,,,,,,,0,,Longo da via,Bom,Não existe,Perfeito estado,Seca,Perfeito estado,Não existe,R-6a,40 km/h,Única,Faixa seccionada,,,,,,,,
2019-12-07,10:41:00,COM VÍTIMA,FINALIZADA,PASSARINHO,EST DO PASSARINHO,1238,,PROX AO TRMINAL,EST DO PASSARINHO,1238,PROX AO TRMINAL,PASSARINHO,,SUBURBIO,ABALROAMENTO LONGITUDINAL,DUAS MOTOS,,2,,,,,,,,2,,Longo da via,Bom,Não existe,Incompleta,Seca,Perfeito estado,Não existe,Não há placas,,Dupla,Não existe,,,,,,,,
2019-12-07,11:17:00,SEM VÍTIMA,FINALIZADA,PINA,AV ENGENHEIRO DOMINGOS FERREIRA,,RUA TOME GIBSON,ESCOLA OSVALDO LIMA FILHO,AV ENGENHEIRO DOMINGOS FERREIRA,,ESCOLA OSVALDO LIMA FILHO,PINA,200,,ABALROAMENTO TRANSVERSAL,SEM VITIMAS,1,,,,,1,,,,0,,Cruzamento,Bom,Sem defeito,Perfeito estado,Seca,Perfeito estado,Faixa de pedestre,Não há placas,60 km/h,Única,Faixa contínua,,,,,,,,
2019-12-07,11:22:00,SEM VÍTIMA,FINALIZADA,AFLITOS,RUA CONS PORTELA,,RUA SANTO ELIAS,,RUA CONS PORTELA,,,AFLITOS,,SUBURBIO,ABALROAMENTO LONGITUDINAL,SEM VITIMAS,1,1,,,,,,,,0,,Cruzamento,Bom,Não existe,Perfeito estado,Seca,Perfeito estado,Não existe,Não há placas,,Única,Faixa seccionada,,,,,,,,
2019-12-07,11:33:00,SEM VÍTIMA,FINALIZADA,TORRE,RUA DIOGO ALVARES,68,,OPOSTO AO CONDOMÍNIO ARLINDO CUNHA,RUA DIOGO ALVARES,68,OPOSTO AO CONDOMÍNIO ARLINDO CUNHA,TORRE,,SUBURBIO,COLISÃO TRASEIRA,DOIS AUTOS,2,,,,,,,,,0,,Longo da via,Bom,Não existe,Não existente,Seca,Perfeito estado,Outros,Placas Pare,,Dupla,Não existe,,,,,,,,
2019-12-07,11:36:00,SEM VÍTIMA,DUPLICIDADE,TORRE,RUA DIOGO ALVARES,,,EM FERNTE AO EDUCANDARIO ANA RAQUEL,RUA DIOGO ALVARES,,EM FERNTE AO EDUCANDARIO ANA RAQUEL,TORRE,,,COLISÃO,COLISÃO SEM VITIMA,2,,,,,,,,,0,,,,,,,,,,,,,,,,,,,,
2019-12-07,11:41:00,SEM VÍTIMA,FINALIZADA,ILHA DO RETIRO,AV BEIRA RIO,240,,EDIFÍCIO ILHA DO RETIRO,AV BEIRA RIO,240,EDIFÍCIO ILHA DO RETIRO,ILHA DO RETIRO,,CIDADE,COLISÃO TRASEIRA,SEM VITIMAS,3,,,,,,,,,0,,Longo da via,Bom,Não existe,Perfeito estado,Seca,Perfeito estado,Faixa de pedestre,R-6a,,Dupla,Faixa contínua,,,,,,,,
2019-12-07,11:47:00,SEM VÍTIMA,PENDENTE,CASA FORTE,AV DEZESSETE DE AGOSTO,92,,EM FERNTE A FUNDAÇÃO JOAQUIM NABUCO,AV DEZESSETE DE AGOSTO,92,EM FERNTE A FUNDAÇÃO JOAQUIM NABUCO,CASA FORTE,,,COLISÃO,COLISÃO SEM VITIMA,1,1,,,,,,,,0,,,,,,,,,,,,,,,,,,,,
2019-12-07,11:52:00,SEM VÍTIMA,CANCELADA,TAMARINEIRA,AV NORTE,4011,,AO LADO DO AUTO POSTO NORTE,AV NORTE,4011,AO LADO DO AUTO POSTO NORTE,TAMARINEIRA,,CIDADE,COLISÃO,,2,,,,,,,,,0,,,,,,,,,,,,,,,,,,,,
2019-12-07,11:52:00,SEM VÍTIMA,FINALIZADA,,EST DOS REMEDIOS,,,POSTO SHELL / BIG BOMPREÇO,EST DOS REMEDIOS,,POSTO SHELL / BIG BOMPREÇO,,51,,COLISÃO TRASEIRA,COLISÃO SEM VITIMA,2,,,,,,,,,0,,Longo da via,Bom,Sem defeito,Perfeito estado,Seca,Perfeito estado,,,,Única,,,,,,,,,
2019-12-07,11:57:00,COM VÍTIMA,FINALIZADA,BOA VISTA,AV CONDE DA BOA VISTA,770,,EM FRENTE A LOJAS LEADER.,AV CONDE DA BOA VISTA,770,EM FRENTE A LOJAS LEADER.,BOA VISTA,,SUBURBIO,ABALROAMENTO LONGITUDINAL,ÔNIBUS E MOTONETA.,,1,,,,1,,,,1,,Longo da via,Bom,Não existe,Perfeito estado,Seca,Perfeito estado,Não existe,R-6c,,Dupla,Faixa contínua,,,,,,,,
2019-12-07,12:37:00,SEM VÍTIMA,FINALIZADA,BOA VIAGEM,RUA DHALIA,,,E/F AO LAVA JATO GUAIAMUM,RUA DHALIA,,E/F AO LAVA JATO GUAIAMUM,BOA VIAGEM,,,COLISÃO,ENTRE DOIS AUTOS S/V,2,,,,,,,,,0,,,,,,,,,,,,,,,,,,,,
2019-12-07,12:54:00,SEM VÍTIMA,FINALIZADA,BREJO DA GUABIRABA,AV VEREADOR OTACILIO AZEVEDO,4662,,GARAGEM DE ÔNIBUS DA GLOBO,AV VEREADOR OTACILIO AZEVEDO,4662,GARAGEM DE ÔNIBUS DA GLOBO,BREJO DA GUABIRABA,,SUBURBIO,ABALROAMENTO LONGITUDINAL,ENTRE TRÊS AUTOS S/V,3,,,,,,,,,0,,Longo da via,Bom,Não existe,Ilegível,Seca,Perfeito estado,Não existe,Não há placas,,Dupla,Não existe,,,,,,,,
2019-12-07,13:30:00,COM VÍTIMA,CANCELADA,PORTO DA MADEIRA,AV BEBERIBE,3433,,E/F AO CONJUNTO RESIDENCIAL INOCOP AO LADO DO POSTO SIVINI,AV BEBERIBE,3433,E/F AO CONJUNTO RESIDENCIAL INOCOP AO LADO DO POSTO SIVINI,PORTO DA MADEIRA,,,COLISÃO,COLISAO ENTRE AUTO E MOTO COM UMA VITIMA,1,1,,,,,,,,1,,,,,,,,,,,,,,,,,,,,
2019-12-07,13:52:00,SEM VÍTIMA,FINALIZADA,PAISSANDU,AV GOVERNADOR AGAMENON MAGALHAES,,,EM FRENTE AO HOSPITAL PORTUGUÊS,AV GOVERNADOR AGAMENON MAGALHAES,,EM FRENTE AO HOSPITAL PORTUGUÊS,PAISSANDU,,SUBURBIO,COLISÃO TRASEIRA,COLISÃO SEM VITIMA,1,1,,,,,,,,0,,Longo da via,Bom,Sem defeito,Perfeito estado,Seca,Perfeito estado,Não existe,R-6a,,Dupla,Canal,,,,,,,,
2019-12-07,14:27:00,SEM VÍTIMA,CANCELADA,AREIAS,AV DR JOSE RUFINO,,,E/F AO HOTEL MALIBU S/T AFOGADOS,AV DR JOSE RUFINO,,E/F AO HOTEL MALIBU S/T AFOGADOS,AREIAS,,,COLISÃO,COLISAO ENTRE AUTO E MOTO S/V,1,1,,,,,,,,0,,,,,,,,,,,,,,,,,,,,
2019-12-07,14:30:00,SEM VÍTIMA,FINALIZADA,TORRE,RUA CONDE DE IRAJA,195,AV BEIRA RIO,AO LADO PRAÇA JOSE SALES FILHO,RUA CONDE DE IRAJA,195,AO LADO PRAÇA JOSE SALES FILHO,TORRE,630,SUBURBIO,COLISÃO TRASEIRA,ENTRE DOIS AUTOS S/V,2,,,,,,,,,0,,Cruzamento,Bom,Sem defeito,Perfeito estado,Seca,Perfeito estado,,Placas Pare,,Dupla,Faixa contínua,,,,,,,,
2019-12-07,15:05:00,SEM VÍTIMA,FINALIZADA,IMBIRIBEIRA,AV MARECHAL MASCARENHAS DE MORAES,,,EM FRENTE A LOCALIZA,AV MARECHAL MASCARENHAS DE MORAES,,EM FRENTE A LOCALIZA,IMBIRIBEIRA,,,COLISÃO,EM FRENTE A LOCALIZA,0,,,,,,,,,0,,,,,,,,,,,,,,,,,,,,
2019-12-07,15:47:00,SEM VÍTIMA,FINALIZADA,MADALENA,AV BEIRA RIO,825,RUA DR VICENTE GOMES,EDIFÍCIO RIVER TOWER,AV BEIRA RIO,825,EDIFÍCIO RIVER TOWER,MADALENA,,,ABALROAMENTO TRANSVERSAL,ENTRE AUTO PASSEIO X ONIBUS S/V,2,,,,,,,,,0,,,Bom,Não existe,Perfeito estado,Seca,Perfeito estado,,Placas Pare,,Dupla,Faixa seccionada,,,,,,,,
2019-12-07,16:01:00,SEM VÍTIMA,FINALIZADA,VÁRZEA,AV PROFESSOR ARTUR DE SA,1953,,EM FRENTE AO CEMITÉRIO DA VÁRZEA,AV PROFESSOR ARTUR DE SA,1953,EM FRENTE AO CEMITÉRIO DA VÁRZEA,VÁRZEA,,SUBURBIO,ABALROAMENTO LONGITUDINAL,ENTRE DOIS AUTOS S/V,3,,,,,,,,,0,,Longo da via,Bom,Não existe,Não existente,Seca,Perfeito estado,Não existe,Não há placas,,Dupla,Não existe,,,,,,,,
2019-12-07,16:29:00,COM VÍTIMA,FINALIZADA,BOMBA DO HEMETÉRIO,AV PROFESSOR JOSE DOS ANJOS,,EST VELHA DE AGUA FRIA,,AV PROFESSOR JOSE DOS ANJOS,,,BOMBA DO HEMETÉRIO,306,SUBURBIO,ABALROAMENTO LONGITUDINAL,AUTO PASSEIO X MOTO COM VÍTIMA,1,1,,,,,,,,1,,Cruzamento,Bom,Sem defeito,Perfeito estado,Seca,Perfeito estado,Faixa de pedestre,R-4a,40 km/h,Dupla,Canal,,,,,,,,
2019-12-07,17:16:00,SEM VÍTIMA,FINALIZADA,IMBIRIBEIRA,RUA SARGENTO SILVINO DE MACEDO,273,RUA JOSE DA SILVA LUCENA,EM FRENTE A LACOMEX,RUA SARGENTO SILVINO DE MACEDO,273,EM FRENTE A LACOMEX,IMBIRIBEIRA,,,ABALROAMENTO TRANSVERSAL,COLISÃO SEM VITIMA,2,,,,,,,,,0,,Cruzamento,Bom,Sem defeito,Perfeito estado,Seca,Perfeito estado,Não existe,Não há placas,,Única,Não existe,,,,,,,,
2019-12-07,17:22:00,SEM VÍTIMA,FINALIZADA,CAXANGÁ,AV JOAQUIM RIBEIRO,,,OPOSTO A UPA,AV JOAQUIM RIBEIRO,,OPOSTO A UPA,CAXANGÁ,281,,COLISÃO,ONIBUS X AUTO PASSEIO S/V,1,,,,,1,,,,0,,Longo da via,Bom,Sem defeito,Perfeito estado,Seca,Perfeito estado,Não existe,Outras,60 km/h,Dupla,Canteiro central,,,,,,,,
2019-12-07,17:25:00,COM VÍTIMA,FINALIZADA,SÃO JOSÉ,AV SUL,,PRC SERGIO LORETO,PROX A SEDE DO GALO. PRAÇA SÉRGIO LORETO.,AV SUL,,PROX A SEDE DO GALO. PRAÇA SÉRGIO LORETO.,SÃO JOSÉ,311,CIDADE,ABALROAMENTO LONGITUDINAL,COLISAO ENTRE AUTO E MOTO.,1,1,,,,,,,,1,,Longo da via,Bom,Sem defeito,Perfeito estado,Seca,Perfeito estado,,Outras,,Dupla,Canteiro central,,,,,,,,
2019-12-07,17:37:00,SEM VÍTIMA,FINALIZADA,MADALENA,RUA BENFICA,,,SOB O SEMÁFORO Nº 257,RUA BENFICA,,SOB O SEMÁFORO Nº 257,MADALENA,257,CIDADE,ABALROAMENTO LONGITUDINAL,COLISÃO SEM VITIMA,1,,,,,1,,,,0,,Longo da via,Bom,Sem defeito,Perfeito estado,Seca,Perfeito estado,,Outras,,Única,Faixa contínua,,,,,,,,
2019-12-07,19:04:00,SEM VÍTIMA,FINALIZADA,IMBIRIBEIRA,RUA ARQUITETO LUIZ NUNES,517,,,RUA ARQUITETO LUIZ NUNES,517,,IMBIRIBEIRA,,SUBURBIO,ABALROAMENTO LONGITUDINAL,COLISAO SEM VITIMAS,2,,,,,,,,,0,,Longo da via,Bom,Não existe,Perfeito estado,Seca,Perfeito estado,Não existe,Outras,,Dupla,Faixa contínua,,,,,,,,
2019-12-07,20:22:00,SEM VÍTIMA,FINALIZADA,CAXANGÁ,AV CAXANGA,,,GOLF CLUB,AV CAXANGA,,GOLF CLUB,CAXANGÁ,,SUBURBIO,ABALROAMENTO LONGITUDINAL,COLISAO SEM VITIMAS,2,,,,,,,,,0,,Longo da via,Bom,Não existe,Perfeito estado,Seca,Perfeito estado,Não existe,R-6a,,Única,Faixa seccionada,,,,,,,,
2019-12-07,20:25:00,SEM VÍTIMA,FINALIZADA,JORDÃO,AV DONA CARENTINA,22,,,AV DONA CARENTINA,22,,JORDÃO,,SUBURBIO,CHOQUE VEÍCULO PARADO,COLISAO SEM VITIMAS,1,,,,,,1,,,0,,Longo da via,Bom,Não existe,Não existente,Seca,Mal conservada,Não existe,Não há placas,,Dupla,Não existe,,,,,,,,
2019-12-07,22:59:00,SEM VÍTIMA,CANCELADA,BOA VIAGEM,RUA VISCONDE DE JEQUITINHONHA,,,NA ENTRADA DO SHOPPING RECIFE,RUA VISCONDE DE JEQUITINHONHA,,NA ENTRADA DO SHOPPING RECIFE,BOA VIAGEM,,,COLISÃO,COLISAO SEM VITIMAS,1,,,,,1,,,,0,,,,,,,,,,,,,,,,,,,,
2019-12-08,00:39:00,SEM VÍTIMA,CANCELADA,IBURA,RUA DR PAULO DE BIASE,,RUA DR BENIGNO JORDAO DE VASCONCELOS,EM FRENTE AO EREM LAGOA ENCANTADA,RUA DR PAULO DE BIASE,,EM FRENTE AO EREM LAGOA ENCANTADA,IBURA,,,CHOQUE OBJETO FIXO,AUTO CHOCOU-SE COM UMA MURETA DE PROTEÇÃO DA VIA,1,,,,,,,,,0,,,,,,,,,,,,,,,,,,,,
2019-12-08,01:34:00,COM VÍTIMA,FINALIZADA,BOA VIAGEM,RUA PROFESSOR JULIO FERREIRA DE MELO,474,RUA FELIX DE BRITO E MELO,EDF. GAGO COUTINHO,RUA PROFESSOR JULIO FERREIRA DE MELO,474,EDF. GAGO COUTINHO,BOA VIAGEM,,,CHOQUE OBJETO FIXO,VEÍCULO CHOCOU-SE CONTRA UM POSTE, EM SEGUIDA COM UM SEGUNDO VEÍCULO.,2,,,,,,,,,1,,Longo da via,Bom,Não existe,Incompleta,Seca,Mal iluminada,Não existe,Outras,,Única,Não existe,,,,,,,
2019-12-08,01:46:00,SEM VÍTIMA,CANCELADA,BOA VIAGEM,RUA CORONEL BENEDITO CHAVES,,AV CONSELHEIRO AGUIAR,PONTO DO AÇAÍ,RUA CORONEL BENEDITO CHAVES,,PONTO DO AÇAÍ,BOA VIAGEM,114,,COLISÃO,COLISÃO ENTRE DOIS AUTOS, S/V,2,,,,,,,,,0,,,,,,,,,,,,,,,,,,,
2019-12-08,03:40:00,SEM VÍTIMA,FINALIZADA,BOA VISTA,RUA DO RIACHUELO,,RUA GERVASIO PIRES,,RUA DO RIACHUELO,,,BOA VISTA,175,CIDADE,ABALROAMENTO TRANSVERSAL,COLISÃO ENTRE DOIS AUTOS, UM DOS AUTOS VEIO A CAPOTAR C/V,2,,,,,,,,,0,,Cruzamento,Bom,Sem defeito,Perfeito estado,Seca,Perfeito estado,Não existe,Outras,,Única,Não existe,,,,,,,
2019-12-08,06:52:00,SEM VÍTIMA,FINALIZADA,CASA AMARELA,RUA ENGENHEIRO OSCAR FERREIRA,355,EST DO ARRAIAL,POSTE DE ILUMINAÇÃO CELPE Nº 032235,RUA ENGENHEIRO OSCAR FERREIRA,355,POSTE DE ILUMINAÇÃO CELPE Nº 032235,CASA AMARELA,,SUBURBIO,ABALROAMENTO LONGITUDINAL,COLISÃO SEM VITIMA,1,,,,,1,,,,0,,Cruzamento,Bom,Não existe,Perfeito estado,Seca,Perfeito estado,Não existe,R-3,40 km/h,Única,Faixa contínua,,,,,,,,
2019-12-08,08:53:00,SEM VÍTIMA,FINALIZADA,VÁRZEA,RUA MATA GRANDE,102,,,RUA MATA GRANDE,102,,VÁRZEA,,SUBURBIO,ABALROAMENTO LONGITUDINAL,SEM VITIMAS,2,,,,,,,,,0,,Longo da via,Bom,Não existe,Não existente,Seca,Mal conservada,Não existe,Não há placas,30 km/h,Dupla,Não existe,,,,,,,,
2019-12-08,09:10:00,SEM VÍTIMA,FINALIZADA,AFOGADOS,RUA DA PAZ,,RUA NICOLAU PEREIRA,,RUA DA PAZ,,,AFOGADOS,73,,ABALROAMENTO LONGITUDINAL,COLISÃO SEM VITIMAS,1,,,,,,1,,,0,,Longo da via,Bom,Sem defeito,Perfeito estado,Seca,Perfeito estado,Faixa de pedestre,R-6a,60 km/h,Única,Faixa contínua,,,,,,,,
2019-12-08,,COM VÍTIMA,FINALIZADA,BOA VIAGEM,AV BOA VIAGEM,3278,RUA FELIX DE BRITO E MELO,EM FRENTE AO EDIFICIO MARIA HILDA,AV BOA VIAGEM,3278,EM FRENTE AO EDIFICIO MARIA HILDA,BOA VIAGEM,547,CIDADE,ABALROAMENTO LONGITUDINAL,DOIS AUTOS E UMA MOTO.,2,1,,,,,,,,1,,Cruzamento,Bom,Sem defeito,Perfeito estado,Seca,Perfeito estado,Faixa de pedestre,Outras,40 km/h,Única,Faixa seccionada,,,,,,,,
2019-12-08,09:32:00,COM VÍTIMA,FINALIZADA,ALTO JOSÉ DO PINHO,COR DO BARTOLOMEU,170,,AO LADO DA PADARIA ANDREIA,E ENTRADA DO BECO DO PAVÃO,COR DO BARTOLOMEU,170,AO LADO DA PADARIA ANDREIA,E ENTRADA DO BECO DO PAVÃO,ALTO JOSÉ DO PINHO,,SUBURBIO,ABALROAMENTO LONGITUDINAL,COM UMA VITIMA,1,1,,,,,,,,1,,Longo da via,Bom,Não existe,Perfeito estado,Seca,Perfeito estado,,,,Dupla,,,,,,,
2019-12-08,10:27:00,SEM VÍTIMA,FINALIZADA,TOTÓ,RUA JUVENCIO MARQUES DA CUNHA,590,RUA PIO XII,,RUA JUVENCIO MARQUES DA CUNHA,590,,TOTÓ,,SUBURBIO,ABALROAMENTO TRANSVERSAL,COLISÃO SEM VÍTIMA,1,1,,,,,,,,0,,Cruzamento,Bom,Não existe,Incompleta,Seca,Perfeito estado,Outros,Outras,,Dupla,Não existe,,,,,,,,
2019-12-08,10:46:00,SEM VÍTIMA,FINALIZADA,CASA AMARELA,AV NORTE,5887,,,AV NORTE,5887,,CASA AMARELA,95,CIDADE,ABALROAMENTO LONGITUDINAL,COLISÃO SEM VÍTIMAS,1,1,,,,,,,,0,,Longo da via,Bom,Sem defeito,Perfeito estado,Seca,Perfeito estado,Faixa de pedestre,Não há placas,,Dupla,Canteiro central,,,,,,,,
2019-12-08,12:30:00,SEM VÍTIMA,CANCELADA,ESTÂNCIA,AV RECIFE,353,RUA MARQUES DE ITANHAEM,E/F A IGREJA BATISTA DA ESTÂNCIA (SENT. BR 232),AV RECIFE,353,E/F A IGREJA BATISTA DA ESTÂNCIA (SENT. BR 232),ESTÂNCIA,261,,COLISÃO,COLISÃO S/VITIMAS ENTRE DOIS AUTOS,2,,,,,,,,,0,,,,,,,,,,,,,,,,,,,,
2019-12-08,12:50:00,SEM VÍTIMA,FINALIZADA,BOA VIAGEM,RUA BARAO DE SOUZA LEAO,,,PRACINHA DE BOA VIAGEM,RUA BARAO DE SOUZA LEAO,,PRACINHA DE BOA VIAGEM,BOA VIAGEM,419,SUBURBIO,ABALROAMENTO LONGITUDINAL,COLISÃO SEM VITIMA,2,,,,,,,,,0,,Longo da via,Bom,Sem defeito,Perfeito estado,Seca,Mal conservada,Faixa de pedestre,Não há placas,,Única,Não existe,,,,,,,,
2019-12-08,12:59:00,SEM VÍTIMA,FINALIZADA,BOA VIAGEM,RUA DEZ DE JULHO,,AV VINTE E TRES DE OUTUBRO,EM FRENTE AO POSTE Nº H 018085,RUA DEZ DE JULHO,,EM FRENTE AO POSTE Nº H 018085,BOA VIAGEM,,,ABALROAMENTO LONGITUDINAL,COLISÃO S/VITIMAS ENTRE DOIS AUTOS,2,,,,,,,,,0,,Cruzamento,Bom,Não existe,Não existente,Seca,Perfeito estado,Não existe,Não há placas,60 km/h,Única,Não existe,,,,,,,,
2019-12-08,13:14:00,SEM VÍTIMA,FINALIZADA,SÃO JOSÉ,AV GUARARAPES,,,EM FRENTE AOS CORREIOS,AV GUARARAPES,,EM FRENTE AOS CORREIOS,SÃO JOSÉ,,SUBURBIO,ABALROAMENTO LONGITUDINAL,COLISÃO S/VITIMAS ENTRE UM AUTO E UM ONIBUS,1,,,,,1,,,,0,,Longo da via,Bom,Sem defeito,Perfeito estado,Seca,Perfeito estado,Não existe,Não há placas,,Dupla,Canteiro central,,,,,,,,
2019-12-08,13:29:00,COM VÍTIMA,FINALIZADA,IMBIRIBEIRA,AV MARECHAL MASCARENHAS DE MORAES,2716,RUA JORNALISTA CLEOFHAS DE OLIVEIRA,EM FRENTE A FARMACIA PAGUE MENOS. INTER HOTEL.,AV MARECHAL MASCARENHAS DE MORAES,2716,EM FRENTE A FARMACIA PAGUE MENOS. INTER HOTEL.,IMBIRIBEIRA,290,SUBURBIO,COLISÃO TRASEIRA,AUTO E MOTO.,1,1,,,,,,,,1,,Longo da via,Bom,Sem defeito,Perfeito estado,Seca,Perfeito estado,Faixa de pedestre,R-32,60 km/h,Dupla,Canteiro central,,,,,,,,
2019-12-08,13:40:00,SEM VÍTIMA,FINALIZADA,CORDEIRO,RUA DR GASTAO DA SILVEIRA,126,,PRÓXIMO AO PARQUE DE EXPOSIÇÃO DE ANIMAIS,RUA DR GASTAO DA SILVEIRA,126,PRÓXIMO AO PARQUE DE EXPOSIÇÃO DE ANIMAIS,CORDEIRO,,,CHOQUE VEÍCULO PARADO,COLISÃO SEM VITIMA,2,,,,,,,,,0,,Longo da via,Bom,Não existe,Perfeito estado,Seca,Perfeito estado,,Placas Pare,30 km/h,,Não existe,,,,,,,,
2019-12-08,14:08:00,SEM VÍTIMA,FINALIZADA,JARDIM SÃO PAULO,RUA LEANDRO BARRETO,7006B,,AUTO PEÇAS,RUA LEANDRO BARRETO,7006B,AUTO PEÇAS,JARDIM SÃO PAULO,,SUBURBIO,COLISÃO TRASEIRA,COLISÃO SEM VITIMA,1,,,,,1,,,,0,,Longo da via,Bom,Sem defeito,Não existente,Seca,Perfeito estado,Não existe,Não há placas,,Dupla,Não existe,,,,,,,,
2019-12-08,14:38:00,SEM VÍTIMA,CANCELADA,ENCRUZILHADA,RUA AFONSO BATISTA,2145,AV NORTE,AO LADO DO CHINA BAR,RUA AFONSO BATISTA,2145,AO LADO DO CHINA BAR,ENCRUZILHADA,,,COLISÃO,COLISÃO ENTRE UM ÔNIBUS E UM AUTO,1,,,,,1,,,,0,,,,,,,,,,,,,,,,,,,,