data,hora,natureza_acidente,situacao,bairro,endereco,numero,detalhe_endereco_acidente,complemento,endereco_cruzamento,numero_cruzamento,referencia_cruzamento,bairro_cruzamento,num_semaforo,sentido_via,tipo,descricao,auto,moto,ciclom,ciclista,pedestre,onibus,caminhao,viatura,outros,vitimas,vitimasfatais,acidente_verificado,tempo_clima,situacao_semaforo,sinalizacao,condicao_via,conservacao_via,ponto_controle,situacao_placa,velocidade_max_via,mao_direcao,divisao_via1,divisao_via2,divisao_via3,,,,,,
2019-12-14,18:29:00,COM VÍTIMA,FINALIZADA,BOA VISTA,AV VISCONDE DE SUASSUNA,196,RUA DO SOSSEGO,E/F A SAUDENTAL,AV VISCONDE DE SUASSUNA,196,E/F A SAUDENTAL,BOA VISTA,,SUBURBIO,ABALROAMENTO LONGITUDINAL,ENTRE DOIS AUTOS COM VITIMA,2,,,,,,,,,1,,Esquina,Bom,Não existe,Perfeito estado,Seca,Perfeito estado,,,,,,,,,,,,,
2019-12-14,18:40:00,SEM VÍTIMA,FINALIZADA,BOA VIAGEM,RUA RIBEIRO DE BRITO,1326,RUA AMALIA BERNARDINO DE SOUZA,NA BASE DA PONTE,RUA RIBEIRO DE BRITO,1326,NA BASE DA PONTE,BOA VIAGEM,,SUBURBIO,ABALROAMENTO TRANSVERSAL,COLISAO SEM VITIMAS,2,,,,,,,,,0,,Longo da via,Bom,Não existe,Perfeito estado,Seca,Perfeito estado,Não existe,Não há placas,,Única,Faixa seccionada,,,,,,,,
2019-12-14,19:46:00,COM VÍTIMA,FINALIZADA,BOA VISTA,AV CONDE DA BOA VISTA,,RUA GERVASIO PIRES,PRÓXIMO AO SHOPPING BOA VISTA,AV CONDE DA BOA VISTA,,PRÓXIMO AO SHOPPING BOA VISTA,BOA VISTA,24,CIDADE,ATROPELAMENTO,ATROPELAMENTO ENTRE ÔNIBUS E PEDESTRE.,,,,,1,1,,,,1,,Cruzamento,Bom,Sem defeito,Perfeito estado,Seca,Perfeito estado,Não existe,Não há placas,,Dupla,Faixa contínua,,,,,,,,
2019-12-14,20:36:00,COM VÍTIMA,FINALIZADA,SANTO AMARO,RUA DOS PALMARES,,,EM FRENTE AO RM EXPRESS.,RUA DOS PALMARES,,EM FRENTE AO RM EXPRESS.,SANTO AMARO,,CIDADE,COLISÃO TRASEIRA,ENTRE DOIS AUTOS COM VÍTIMA,2,,,,,,,,,2,,Longo da via,Bom,Não existe,Perfeito estado,Seca,Perfeito estado,Não existe,Não há placas,40 km/h,Dupla,Canteiro central,,,,,,,,
2019-12-14,21:35:00,SEM VÍTIMA,FINALIZADA,BOA VIAGEM,AV CONSELHEIRO AGUIAR,3595,,AMERICANAS EXPRESS,AV CONSELHEIRO AGUIAR,3595,AMERICANAS EXPRESS,BOA VIAGEM,,CIDADE,COLISÃO TRASEIRA,ENTRE DOIS AUTOS S/V,2,,,,,,,,,0,,Longo da via,Bom,Não existe,Perfeito estado,Seca,Perfeito estado,Não existe,R-6a,60 km/h,Única,Faixa seccionada,,,,,,,,
2019-12-14,23:34:00,SEM VÍTIMA,FINALIZADA,MACAXEIRA,AV JOSE AMERICO DE ALMEIDA,,,AO LADO OPOSTO 161,AV JOSE AMERICO DE ALMEIDA,,AO LADO OPOSTO 161,MACAXEIRA,,SUBURBIO,COLISÃO FRONTAL,ENTRE AUTO PASSEIO X MOTO COM VÍTIMA,1,1,,,,,,,,0,,Longo da via,Bom,Não existe,Perfeito estado,Seca,Perfeito estado,Não existe,Não há placas,,Dupla,Canteiro central,,,,,,,,
2019-12-15,08:42:00,COM VÍTIMA,FINALIZADA,MONTEIRO,AV DEZESSETE DE AGOSTO,50,,EM FRENTE AO CONDOMINIO ALAMEDA IMPERIAL,AV DEZESSETE DE AGOSTO,50,EM FRENTE AO CONDOMINIO ALAMEDA IMPERIAL,MONTEIRO,,SUBURBIO,TOMBAMENTO,VEÍCULO, APÓS O CONDUTOR PERDER O CONTROLE NA VIA, TOMBOU, ATINGINDO UM PEDESTRE.,1,,,,1,,,,,1,,Longo da via,Bom,Não existe,Perfeito estado,Seca,Perfeito estado,Não existe,Outras,,Dupla,Faixa seccionada,,,,,
2019-12-15,09:14:00,SEM VÍTIMA,FINALIZADA,IMBIRIBEIRA,VIADUTO TANCREDO NEVES,,,AO LADO DO TI GOV. CARLOS WILSON CAMPOS,VIADUTO TANCREDO NEVES,,AO LADO DO TI GOV. CARLOS WILSON CAMPOS,IMBIRIBEIRA,,SUBURBIO,CHOQUE OBJETO FIXO,VEICULO CHOCOU-SE COM O PRISMA,1,,,,,,,,,0,,Viaduto,Bom,Não existe,Incompleta,Seca,Mal conservada,Não existe,R-24b,,Única,Blocos,,,,,,,,
2019-12-15,09:24:00,SEM VÍTIMA,FINALIZADA,BOA VISTA,RUA PRINCESA IZABEL,83,,LOTÉRICA PRINCESA IZABEL,RUA PRINCESA IZABEL,83,LOTÉRICA PRINCESA IZABEL,BOA VISTA,167,CIDADE,COLISÃO TRASEIRA,COLISÃO SEM VITIMAS,2,1,,,,,,,,0,,Cruzamento,Chuvoso,Sem defeito,Perfeito estado,Seca,Perfeito estado,Faixa de pedestre,Outras,,Única,Faixa seccionada,,,,,,,,
2019-12-15,09:27:00,SEM VÍTIMA,FINALIZADA,IBURA,RUA JOAO CORDEIRO DE SOUZA,627,,,RUA JOAO CORDEIRO DE SOUZA,627,,IBURA,,,CHOQUE VEÍCULO PARADO,COLISÃO S/VITIMAS ENTRE DOIS AUTOS,2,,,,,,,,,0,,Longo da via,Bom,Não existe,Não existente,Seca,Perfeito estado,,,,Dupla,Não existe,,,,,,,,
2019-12-15,11:04:00,SEM VÍTIMA,FINALIZADA,IMBIRIBEIRA,AV MARECHAL MASCARENHAS DE MORAES,,,AO LADO DO SUPERMERCADO ASSAÍ,AV MARECHAL MASCARENHAS DE MORAES,,AO LADO DO SUPERMERCADO ASSAÍ,IMBIRIBEIRA,,SUBURBIO,ABALROAMENTO LONGITUDINAL,COLISÃO SEM VITIMAS,1,,,,,1,,,,0,,Longo da via,Bom,Não existe,Perfeito estado,Seca,Perfeito estado,Não existe,R-6a,,Dupla,Canteiro central,,,,,,,,
2019-12-15,12:10:00,COM VÍTIMA,FINALIZADA,DERBY,RUA JENER DE SOUZA,,RUA DA BAIXA VERDE,E/F AO QUARTEL DO DERBY/ PROX A PRC DO DERBY,RUA JENER DE SOUZA,,E/F AO QUARTEL DO DERBY/ PROX A PRC DO DERBY,DERBY,,,ABALROAMENTO TRANSVERSAL,AUTO PASSEIO X MOTO COM VÍTIMA,1,1,,,,,,,,1,,Cruzamento,Bom,Não existe,Perfeito estado,Seca,Perfeito estado,Faixa de pedestre,Não há placas,,Dupla,Faixa seccionada,,,,,,,,
2019-12-15,12:56:00,COM VÍTIMA,FINALIZADA,PINA,RUA MANOEL DE BRITO,,,SOB TÚNEL DO PINA.,RUA MANOEL DE BRITO,,SOB TÚNEL DO PINA.,PINA,,CIDADE,COLISÃO TRASEIRA,AUTO E MOTO.,1,1,,,,,,,,1,,Outros,Bom,Não existe,Perfeito estado,Seca,Perfeito estado,,Não há placas,,Única,Faixa,,,,,,,,
2019-12-15,12:58:00,SEM VÍTIMA,FINALIZADA,SAN MARTIN,RUA DUARTE FILHO,105,RUA COMENDADOR FRANCO FERREIRA,,RUA DUARTE FILHO,105,,SAN MARTIN,,SUBURBIO,ABALROAMENTO LONGITUDINAL,ENTRE DOIS AUTOS S/V,2,,,,,,,,,0,,Cruzamento,Bom,Não existe,Incompleta,Seca,Perfeito estado,Outros,Placas Pare,30 km/h,Dupla,Não existe,,,,,,,,
2019-12-15,13:16:00,SEM VÍTIMA,FINALIZADA,ILHA DO RETIRO,AV ENGENHEIRO ABDIAS DE CARVALHO,,,MC DONALD'S,AV ENGENHEIRO ABDIAS DE CARVALHO,,MC DONALD'S,ILHA DO RETIRO,355,SUBURBIO,COLISÃO TRASEIRA,ENTRE DOIS AUTOS S/V,2,,,,,,,,,0,,Longo da via,Bom,Sem defeito,Perfeito estado,Seca,Perfeito estado,Faixa de pedestre,Outras,,Dupla,Faixa contínua,Faixa seccionada,Canteiro central,,,,,,
2019-12-15,13:21:00,SEM VÍTIMA,FINALIZADA,PONTO DE PARADA,AV BEBERIBE,825,RUA COUTO MAGALHAES,,AV BEBERIBE,825,,PONTO DE PARADA,63,CIDADE,ABALROAMENTO LONGITUDINAL,AUTO E VEICULO DO SAMU OFICIAL,1,,,,,,1,,,0,,Cruzamento,Bom,Sem defeito,Perfeito estado,Seca,Perfeito estado,Não existe,Outras,,Dupla,Faixa contínua,,,,,,,,
2019-12-15,13:22:00,SEM VÍTIMA,CANCELADA,ZUMBI,RUA PARAGUASSU,,,PROX AO COLEGIO LUBIENSKA,RUA PARAGUASSU,,PROX AO COLEGIO LUBIENSKA,ZUMBI,,,ENGAVETAMENTO,TRES AUTOS S/V,3,,,,,,,,,0,,,,,,,,,,,,,,,,,,,,
2019-12-15,13:30:00,SEM VÍTIMA,FINALIZADA,ILHA DO RETIRO,AV ENGENHEIRO ABDIAS DE CARVALHO,,,MC DONALD'S,AV ENGENHEIRO ABDIAS DE CARVALHO,,MC DONALD'S,ILHA DO RETIRO,355,SUBURBIO,COLISÃO TRASEIRA,DOIS AUTOS,2,,,,,,,,,0,,Longo da via,Bom,Sem defeito,Perfeito estado,Seca,Perfeito estado,Faixa de pedestre,Outras,,Dupla,Faixa contínua,Faixa seccionada,Canteiro central,,,,,,
2019-12-15,13:33:00,SEM VÍTIMA,FINALIZADA,BEBERIBE,PRC DA CONVENCAO,4665,,,PRC DA CONVENCAO,4665,,BEBERIBE,,CIDADE,ABALROAMENTO LONGITUDINAL,ONIBUS E AUTO,1,,,,,1,,,,0,,,Bom,Não existe,Perfeito estado,Seca,Perfeito estado,,,,Dupla,,,,,,,,,
2019-12-15,15:20:00,COM VÍTIMA,FINALIZADA,ENCRUZILHADA,AV NORTE,,,EM FRENTE AO EXTRABOM, SENT. RECIFE,AV NORTE,,EM FRENTE AO EXTRABOM, SENT. RECIFE,ENCRUZILHADA,45,CIDADE,CHOQUE OBJETO FIXO,VEICULO CHOCOU-SE COM PRISMA E MOTO,1,1,,,,,,,,1,,Longo da via,Bom,Sem defeito,Perfeito estado,Seca,Perfeito estado,Faixa de pedestre,R-6a,,Dupla,Faixa contínua,Faixa seccionada,Canteiro central,,,,
2019-12-15,15:55:00,SEM VÍTIMA,FINALIZADA,BOA VIAGEM,RUA PADRE CARAPUCEIRO,,RUA FRANCISCO DA CUNHA,,RUA PADRE CARAPUCEIRO,,,BOA VIAGEM,,SUBURBIO,ABALROAMENTO TRANSVERSAL,MOTO E AUTO,1,1,,,,,,,,0,,Cruzamento,Bom,Não existe,Incompleta,Seca,Perfeito estado,Não existe,,40 km/h,Única,Não existe,,,,,,,,
2019-12-15,17:24:00,SEM VÍTIMA,FINALIZADA,ESPINHEIRO,RUA DO ESPINHEIRO,,RUA SANTO ELIAS,POSTO IPIRANGA,RUA DO ESPINHEIRO,,POSTO IPIRANGA,ESPINHEIRO,,CIDADE,ABALROAMENTO TRANSVERSAL,ENTRE DOIS AUTOS S/V,2,,,,,,,,,0,,Cruzamento,Bom,Não existe,Perfeito estado,Seca,Perfeito estado,Faixa de pedestre,,,Única,,,,,,,,,
2019-12-15,18:46:00,SEM VÍTIMA,FINALIZADA,ESTÂNCIA,AV RECIFE,,,,AV RECIFE,,,ESTÂNCIA,261,SUBURBIO,COLISÃO TRASEIRA,COISÃO ENTRE DOIS AUTOS S/V,2,,,,,,,,,0,,Longo da via,Bom,Sem defeito,Perfeito estado,Seca,Perfeito estado,Faixa de pedestre,Não há placas,60 km/h,Única,Faixa contínua,,,,,,,,
2019-12-15,19:45:00,SEM VÍTIMA,FINALIZADA,CASA FORTE,RUA LEONARDO BEZERRA CAVALCANTE,855,,EM FRENTE AO Nº 855 AO LADO DA PRAÇA JORNAL DO COMERCIO,RUA LEONARDO BEZERRA CAVALCANTE,855,EM FRENTE AO Nº 855 AO LADO DA PRAÇA JORNAL DO COMERCIO,CASA FORTE,346,SUBURBIO,COLISÃO TRASEIRA,PRISMA X FIAT ARGO,2,,,,,,,,,0,,Longo da via,Bom,Sem defeito,Perfeito estado,Seca,Perfeito estado,Faixa de pedestre,,40 km/h,Dupla,Faixa contínua,,,,,,,,
2019-12-15,21:08:00,SEM VÍTIMA,CANCELADA,IBURA,AV DOIS RIOS,,RUA RIO XINGU,EM FRENTE AO POSTO DE GASOLINA BR,AV DOIS RIOS,,EM FRENTE AO POSTO DE GASOLINA BR,IBURA,,,COLISÃO,COLISÃO ENTRE DOIS AUTOS S/V,2,,,,,,,,,0,,,,,,,,,,,,,,,,,,,,
2019-12-15,21:36:00,COM VÍTIMA,FINALIZADA,ARRUDA,RUA PROFESSOR JERONIMO GUEIROS,,RUA MEM DE SA,CRUZAMENTO COM A RUA MEN DE SÁ / PROX AO CANAL DO ARRUDA,RUA PROFESSOR JERONIMO GUEIROS,,CRUZAMENTO COM A RUA MEN DE SÁ / PROX AO CANAL DO ARRUDA,ARRUDA,495,SUBURBIO,COLISÃO FRONTAL,GOL X PALIO,2,,,,,,,,,1,,Longo da via,Bom,Sem defeito,Não existente,Seca,Mal iluminada,Não existe,Não há placas,,Dupla,Não existe,,,,,,,,
2019-12-16,00:36:00,SEM VÍTIMA,CANCELADA,IPUTINGA,AV HISTORIAD JORDAO EMERENCIANO,,,PRÓX AO ATACADÃO // EM FRENTE A DIUNOR,AV HISTORIAD JORDAO EMERENCIANO,,PRÓX AO ATACADÃO // EM FRENTE A DIUNOR,IPUTINGA,,,COLISÃO,COLISÃO ENTRE AUTO E MOTO, SEM VÍTIMAS,1,1,,,,,,,,0,,,,,,,,,,,,,,,,,,,
2019-12-16,05:50:00,SEM VÍTIMA,FINALIZADA,IMBIRIBEIRA,AV MARECHAL MASCARENHAS DE MORAES,,,EM FRENTE AO GERALDÃO,AV MARECHAL MASCARENHAS DE MORAES,,EM FRENTE AO GERALDÃO,IMBIRIBEIRA,,CIDADE,COLISÃO TRASEIRA,COLISÃO ENTRE DOIS AUTOS S/V,2,,,,,,,,,0,,Longo da via,Bom,Sem defeito,Perfeito estado,Seca,Perfeito estado,Faixa de pedestre,Não há placas,,Dupla,Canteiro central,,,,,,,,
2019-12-16,05:53:00,SEM VÍTIMA,FINALIZADA,TORRE,,,,ESCOLA ESTADUAL MACIEL PINHEIRO,,,ESCOLA ESTADUAL MACIEL PINHEIRO,TORRE,409,SUBURBIO,ABALROAMENTO TRANSVERSAL,COLISÃO ENTRE DOIS AUTOS, SEM VÍTIMAS,2,,,,,,,,,0,,Longo da via,Chuvoso,Sem defeito,Perfeito estado,Molhada,Perfeito estado,Faixa de pedestre,Não há placas,,Única,Faixa contínua,,,,,,,
2019-12-16,06:18:00,SEM VÍTIMA,FINALIZADA,CAXANGÁ,AV PROFESSOR ESTEVAO FRANCISCO DA COSTA,,,LADO OPOSTO GETÚLIO VARGAS,AV PROFESSOR ESTEVAO FRANCISCO DA COSTA,,LADO OPOSTO GETÚLIO VARGAS,CAXANGÁ,,CIDADE,COLISÃO TRASEIRA,DOIS AUTOS,2,,,,,,,,,0,,Longo da via,Chuvoso,Sem defeito,Perfeito estado,Molhada,Perfeito estado,Faixa de pedestre,Outras,,Única,Não existe,,,,,,,,
2019-12-16,06:18:00,SEM VÍTIMA,FINALIZADA,SANTO AMARO,AV CRUZ CABUGA,859,,CEMITERIO DOS INGLESES,AV CRUZ CABUGA,859,CEMITERIO DOS INGLESES,SANTO AMARO,34,CIDADE,ABALROAMENTO LONGITUDINAL,COLISÃO SEM VITIMAS,1,,,,,1,,,,0,,Longo da via,Chuvoso,Sem defeito,Perfeito estado,Molhada,Perfeito estado,Agente,Não há placas,60 km/h,Dupla,Faixa contínua,,,,,,,,
2019-12-16,06:54:00,VÍTIMA FATAL,FINALIZADA,IPSEP,AV RECIFE,3021,,LADO OPOSTO AO POSTO FEDERAL - PROXIMO AO ANTIGO BOMPREÇO,AV RECIFE,3021,LADO OPOSTO AO POSTO FEDERAL - PROXIMO AO ANTIGO BOMPREÇO,IPSEP,,SUBURBIO,COLISÃO COM CICLISTA,COLISÃO 2 AUTOS + BICICLETA - C/VITIMA,2,,,1,,,,,,3,1,Longo da via,Bom,Não existe,Perfeito estado,Seca,Perfeito estado,Não existe,Não há placas,,Dupla,Canteiro central,,,,,,,,
2019-12-16,07:17:00,COM VÍTIMA,FINALIZADA,BOA VIAGEM,AV ENGENHEIRO DOMINGOS FERREIRA,,RUA PADRE CARAPUCEIRO,EM FRENTE A FAMARCIA DO TRABALHADOR E SORVETES FRI-SABOR,AV ENGENHEIRO DOMINGOS FERREIRA,,EM FRENTE A FAMARCIA DO TRABALHADOR E SORVETES FRI-SABOR,BOA VIAGEM,216,SUBURBIO,ABALROAMENTO TRANSVERSAL,VÍTIMA SOCORRIDO POR FAMILIARES PARA A UPA,1,1,,,,,,,,1,,Cruzamento,Chuvoso,Sem defeito,Perfeito estado,Molhada,Perfeito estado,Faixa de pedestre,Não há placas,60 km/h,Única,Canteiro central,,,,,,,,
2019-12-16,07:22:00,COM VÍTIMA,CANCELADA,SAN MARTIN,AV GENERAL SAN MARTIN,2456,,AO LADO DO COLEGIO ADVENTISTA,AV GENERAL SAN MARTIN,2456,AO LADO DO COLEGIO ADVENTISTA,SAN MARTIN,,AV RECIFE,COLISÃO,COM UMA VITIMA AGUARDANDO,1,1,,,,,,,,1,,,,,,,,,,,,,,,,,,,,
2019-12-16,07:33:00,SEM VÍTIMA,FINALIZADA,SANTO AMARO,AV GOVERNADOR AGAMENON MAGALHAES,,,EM FRENTE AO ECO ESTAÇÃO,AV GOVERNADOR AGAMENON MAGALHAES,,EM FRENTE AO ECO ESTAÇÃO,SANTO AMARO,49,CIDADE,ABALROAMENTO LONGITUDINAL,SEM VITIMAS,2,2,,,,,,,,0,,Longo da via,Bom,Sem defeito,Perfeito estado,Seca,Perfeito estado,Faixa de pedestre,Não há placas,60 km/h,Única,Faixa seccionada,,,,,,,,
2019-12-16,07:44:00,SEM VÍTIMA,FINALIZADA,TORRE,RUA REAL DA TORRE,,RUA VISCONDE DE ITAPARICA,AO LADO DA ESCOLA DESPERTAR,RUA REAL DA TORRE,,AO LADO DA ESCOLA DESPERTAR,TORRE,,,ABALROAMENTO LONGITUDINAL,COLISÃO S/VITIMAS ENTRE DOIS AUTOS,2,,,,,,,,,0,,Cruzamento,Chuvoso,Não existe,Não existente,Molhada,Mal conservada,Não existe,Não há placas,,Única,Não existe,,,,,,,,
2019-12-16,07:44:00,SEM VÍTIMA,FINALIZADA,ROSARINHO,AV NORTE,,RUA TREZE DE JUNHO,,AV NORTE,,,ROSARINHO,456,SUBURBIO,ABALROAMENTO LONGITUDINAL,SEM VITIMAS,1,,,,,1,,,,0,,Cruzamento,Chuvoso,Sem defeito,Perfeito estado,Molhada,Perfeito estado,Faixa de pedestre,R-6a,60 km/h,Única,Faixa contínua,,,,,,,,
2019-12-16,07:57:00,SEM VÍTIMA,FINALIZADA,GRAÇAS,RUA ALBERTO PAIVA,,,POR TRÁS DO NÚMERO 965 - CONCESSIONÁRIA PEDRAGON,RUA ALBERTO PAIVA,,POR TRÁS DO NÚMERO 965 - CONCESSIONÁRIA PEDRAGON,GRAÇAS,,,CHOQUE OBJETO FIXO,CONDUTORA CHOCOU SE CONTRA ARVORE,1,,,,,,,,,0,,,Chuvoso,Não existe,Perfeito estado,Molhada,Perfeito estado,Não existe,R-6a,40 km/h,Única,Faixa contínua,,,,,,,,
2019-12-16,07:58:00,COM VÍTIMA,FINALIZADA,ILHA DO LEITE,AV FREI MATIAS TEVES,,,AO LADO DO HOSPITAL ALBERTO SABIN,AV FREI MATIAS TEVES,,AO LADO DO HOSPITAL ALBERTO SABIN,ILHA DO LEITE,,,CHOQUE OBJETO FIXO,MOTORISTA CHOCOU-SE COM UM POSTE,1,,,,,,,,,1,,Longo da via,Bom,Não existe,Perfeito estado,Seca,Perfeito estado,Faixa de pedestre,R-6a,30 km/h,Única,Faixa seccionada,,,,,,,,
2019-12-16,08:50:00,SEM VÍTIMA,FINALIZADA,IMBIRIBEIRA,RUA PRESIDENTE NILO PECANHA,,,,RUA PRESIDENTE NILO PECANHA,,,IMBIRIBEIRA,,,ABALROAMENTO LONGITUDINAL,COLISÃO S/VITIMAS ENTRE UM AUTO E UMA MOTO,1,1,,,,,,,,0,,Cruzamento,Chuvoso,Não existe,,Molhada,Mal conservada,Outros,Outras,30 km/h,Única,Não existe,,,,,,,,
2019-12-16,09:00:00,COM VÍTIMA,FINALIZADA,ESPINHEIRO,RUA SANTO ELIAS,38,,PROX. AO POSTO DE GASOLINA PORTELA. EM FRENTE A ORTTA SALADERIA.,RUA SANTO ELIAS,38,PROX. AO POSTO DE GASOLINA PORTELA. EM FRENTE A ORTTA SALADERIA.,ESPINHEIRO,,SUBURBIO,COLISÃO FRONTAL,MOTO E AUTO,1,1,,,,,,,,2,,Longo da via,Chuvoso,Não existe,Incompleta,Molhada,Mal conservada,Não existe,R-6a,30 km/h,Dupla,Não existe,,,,,,,,
2019-12-16,09:01:00,SEM VÍTIMA,FINALIZADA,BOA VIAGEM,AV FERNANDO SIMOES BARBOSA,,RUA RIBEIRO DE BRITO,,AV FERNANDO SIMOES BARBOSA,,,BOA VIAGEM,332,SUBURBIO,ABALROAMENTO LONGITUDINAL,COLISÃO S/VITIMAS ENTRE UM CAMINHAO E UM AUTO,1,,,,,,1,,,0,,Longo da via,Bom,Sem defeito,Perfeito estado,Seca,Perfeito estado,Faixa de pedestre,R-6a,,Única,Faixa contínua,,,,,,,,
2019-12-16,09:25:00,COM VÍTIMA,DUPLICIDADE,IPSEP,AV RECIFE,,,EM FRENTE AO POSTO DE GASOLINA FEDERAL,AV RECIFE,,EM FRENTE AO POSTO DE GASOLINA FEDERAL,IPSEP,,,COLISÃO COM CICLISTA,COLISÃO COM VITIMAS SOCORRIDAS PELO SAMU,,,,,,,,,,,,,,,,,,,,,,,,,,,,,,
2019-12-16,09:40:00,SEM VÍTIMA,FINALIZADA,BOA VIAGEM,RUA RIBEIRO DE BRITO,465,RUA AMALIA BERNARDINO DE SOUZA,POSTO PETROBRAS,RUA RIBEIRO DE BRITO,465,POSTO PETROBRAS,BOA VIAGEM,,CIDADE,ABALROAMENTO TRANSVERSAL,COLISÃO SEM VITIMAS,2,,,,,,,,,0,,Cruzamento,Bom,Não existe,Não existente,Seca,Perfeito estado,Não existe,Não há placas,,Única,Faixa seccionada,,,,,,,,
2019-12-16,09:50:00,SEM VÍTIMA,FINALIZADA,CASA FORTE,AV DEZESSETE DE AGOSTO,,,PRAÇA DE CASA FORTE,AV DEZESSETE DE AGOSTO,,PRAÇA DE CASA FORTE,CASA FORTE,,CIDADE,ABALROAMENTO LONGITUDINAL,COLISÃO SEM VITIMAS,1,,,,,1,,,,0,,Longo da via,Bom,Sem defeito,Perfeito estado,Seca,Perfeito estado,,,,Dupla,Faixa contínua,,,,,,,,
2019-12-16,10:06:00,SEM VÍTIMA,FINALIZADA,DOIS IRMÃOS,RUA DOIS IRMAOS,,,E/F AO LAFEPE,RUA DOIS IRMAOS,,E/F AO LAFEPE,DOIS IRMÃOS,,,COLISÃO TRASEIRA,COLISÃO S/VITIMAS ENTRE DOIS AUTOS,2,,,,,,,,,0,,Longo da via,Bom,Sem defeito,Perfeito estado,Seca,Perfeito estado,Faixa de pedestre,Não há placas,,Dupla,Faixa contínua,,,,,,,,
2019-12-16,11:19:00,SEM VÍTIMA,CANCELADA,SÃO JOSÉ,RUA IMPERIAL,1600,,EM FRENTE A JUCEPE,RUA IMPERIAL,1600,EM FRENTE A JUCEPE,SÃO JOSÉ,,,COLISÃO,SEM VITIMAS,2,,,,,,,,,0,,,,,,,,,,,,,,,,,,,,
2019-12-16,11:28:00,SEM VÍTIMA,FINALIZADA,BOA VIAGEM,RUA RIO AZUL,,RUA DEZ DE JULHO,AO LADO DO VAREJÃO DO CÔCO,RUA RIO AZUL,,AO LADO DO VAREJÃO DO CÔCO,BOA VIAGEM,437,CIDADE,COLISÃO TRASEIRA,SEM VITIMAS,2,,,,,,,,,0,,Longo da via,Bom,Sem defeito,Perfeito estado,Seca,Perfeito estado,Agente,Não há placas,40 km/h,Única,Faixa contínua,,,,,,,,
2019-12-16,11:34:00,SEM VÍTIMA,CANCELADA,PINA,AV ANTONIO DE GOES,534,,E/F A SULAMÉRICA,AV ANTONIO DE GOES,534,E/F A SULAMÉRICA,PINA,,,COLISÃO,COLISÃO S/VITIMAS ENTRE UMA MOTO E UM AUTO,1,1,,,,,,,,0,,,,,,,,,,,,,,,,,,,,
2019-12-16,12:39:00,SEM VÍTIMA,FINALIZADA,BOA VIAGEM,AV ENGENHEIRO DOMINGOS FERREIRA,,,LADO OPOSTO AO Nº 1967,AV ENGENHEIRO DOMINGOS FERREIRA,,LADO OPOSTO AO Nº 1967,BOA VIAGEM,,SUBURBIO,ABALROAMENTO LONGITUDINAL,COLISAO ENTRE ONIBUS E AUTOS S/V,1,,,,,1,,,,0,,Longo da via,Bom,,Perfeito estado,Seca,Perfeito estado,Não existe,,,Única,Canteiro central,,,,,,,,
2019-12-16,12:42:00,COM VÍTIMA,FINALIZADA,TAMARINEIRA,RUA CONEGO BARATA,,,EM FRENTE A FERREIRA COSTA,RUA CONEGO BARATA,,EM FRENTE A FERREIRA COSTA,TAMARINEIRA,,SUBURBIO,ATROPELAMENTO,GM INFORMOU QUE: O CONDUTOR DO VEICULO PASSOU POR CIMA DA SENHORA E SE EVADIU DO LOCAL ...,1,,,,1,,,,,1,,Longo da via,Bom,Não existe,Perfeito estado,Seca,Perfeito estado,Não existe,R-6a,50 km/h,Dupla,Canteiro central,,,,,,,,
2019-12-16,13:03:00,SEM VÍTIMA,FINALIZADA,ESPINHEIRO,AV JOAO DE BARROS,,RUA DA HORA,POSTO SHELL,AV JOAO DE BARROS,,POSTO SHELL,ESPINHEIRO,656,SUBURBIO,COLISÃO TRASEIRA,COLISÃOS SEM VITIMA,2,,,,,,,,,0,,Cruzamento,Bom,Sem defeito,Incompleta,Seca,Perfeito estado,Faixa de pedestre,R-6a,,Única,Não existe,,,,,,,,
2019-12-16,14:16:00,SEM VÍTIMA,FINALIZADA,BOA VISTA,RUA DA AURORA,,,EM FRENTE AO Nº 101,RUA DA AURORA,,EM FRENTE AO Nº 101,BOA VISTA,,CIDADE,ABALROAMENTO LONGITUDINAL,COLISÃO SEM VITIMA,2,1,,,,,,,,0,,Longo da via,Bom,Não existe,Incompleta,Seca,Mal conservada,Agente,Outras,,Única,Faixa contínua,Faixa seccionada,,,,,,,
2019-12-16,14:32:00,SEM VÍTIMA,FINALIZADA,AFOGADOS,EST DOS REMEDIOS,1955,,L.O CHURRASCARIA PONTO DO GAÚCHO,EST DOS REMEDIOS,1955,L.O CHURRASCARIA PONTO DO GAÚCHO,AFOGADOS,,CIDADE,ABALROAMENTO LONGITUDINAL,COLISAO ENTRE ONIBUS E DOIS AUTOS S?V,1,,,,,1,,,,0,,Longo da via,Bom,Não existe,Perfeito estado,Seca,,Não existe,R-6a,,Única,Faixa contínua,,,,,,,,
2019-12-16,14:46:00,SEM VÍTIMA,FINALIZADA,TORRÕES,EST DO FORTE DO ARRAIAL N. DO B. JESUS,1668,,EM FRENTE AO SEMÁFORO Nº 375,EST DO FORTE DO ARRAIAL N. DO B. JESUS,1668,EM FRENTE AO SEMÁFORO Nº 375,TORRÕES,375,,COLISÃO TRASEIRA,COLISÃO SEM VITIMA,2,,,,,,,,,0,,Longo da via,Bom,Sem defeito,Incompleta,Seca,Perfeito estado,Faixa de pedestre,Não há placas,,Única,Não existe,,,,,,,,