data,hora,natureza_acidente,situacao,bairro,endereco,numero,detalhe_endereco_acidente,complemento,endereco_cruzamento,numero_cruzamento,referencia_cruzamento,bairro_cruzamento,num_semaforo,sentido_via,tipo,descricao,auto,moto,ciclom,ciclista,pedestre,onibus,caminhao,viatura,outros,vitimas,vitimasfatais,acidente_verificado,tempo_clima,situacao_semaforo,sinalizacao,condicao_via,conservacao_via,ponto_controle,situacao_placa,velocidade_max_via,mao_direcao,divisao_via1,divisao_via2,divisao_via3,,,,,,
2019-12-16,14:48:00,SEM VÍTIMA,FINALIZADA,AFOGADOS,RUA SAO MIGUEL,,RUA MANOEL DE ALBUQUERQUE FERNANDES,BAR DO BODE,RUA SAO MIGUEL,,BAR DO BODE,AFOGADOS,392,,ABALROAMENTO TRANSVERSAL,COLISAO ENTRE AUTO E MOTO S/V,1,1,,,,,,,,0,,Cruzamento,Bom,Sem defeito,Perfeito estado,Seca,Perfeito estado,Não existe,Outras,,Dupla,Faixa contínua,Faixa seccionada,,,,,,,
2019-12-16,15:19:00,SEM VÍTIMA,FINALIZADA,BAIRRO DO RECIFE,RUA JOAQUIM FELIPE,,,CELPE,RUA JOAQUIM FELIPE,,CELPE,BAIRRO DO RECIFE,365,CIDADE,COLISÃO TRASEIRA,COLISAO ENTRE DOIS AUTOS S/V,2,,,,,,,,,0,,Longo da via,Bom,Sem defeito,Perfeito estado,Seca,Perfeito estado,Não existe,Não há placas,,Única,Faixa seccionada,,,,,,,,
2019-12-16,15:41:00,SEM VÍTIMA,CANCELADA,VÁRZEA,AV PROFESSOR ARTUR DE SA,,,E/F AO CEMITERIO DA VARZEA,AV PROFESSOR ARTUR DE SA,,E/F AO CEMITERIO DA VARZEA,VÁRZEA,,,COLISÃO COM CICLISTA,COLISAO ENTRE AUTO E CICLISTA,1,,,1,,,,,,0,,,,,,,,,,,,,,,,,,,,
2019-12-16,15:57:00,SEM VÍTIMA,FINALIZADA,ILHA DO RETIRO,AV GOVERNADOR AGAMENON MAGALHAES,,RUA PAISSANDU,,AV GOVERNADOR AGAMENON MAGALHAES,,,ILHA DO RETIRO,69,SUBURBIO,ABALROAMENTO LONGITUDINAL,COLISÃO SEM VITIMA,1,,,,,1,,,,0,,Cruzamento,Bom,Sem defeito,Perfeito estado,Seca,Perfeito estado,Faixa de pedestre,,60 km/h,Dupla,Faixa seccionada,,,,,,,,
2019-12-16,16:04:00,SEM VÍTIMA,FINALIZADA,SANTO AMARO,RUA DO HOSPICIO,,,EM FRENTE AO COLÉGIO SIGISMUNDO SILVEIRA,RUA DO HOSPICIO,,EM FRENTE AO COLÉGIO SIGISMUNDO SILVEIRA,SANTO AMARO,171,,COLISÃO TRASEIRA,COLISÃO SEM VITIMA,1,,,,,1,,,,0,,Longo da via,Bom,Sem defeito,Perfeito estado,Seca,Perfeito estado,Faixa de pedestre,Outras,,Dupla,Faixa seccionada,,,,,,,,
2019-12-16,16:35:00,SEM VÍTIMA,FINALIZADA,PARNAMIRIM,AV PARNAMIRIM,448,,EM FRENTE A GALERIA PARNAMIRIM CENTER,AV PARNAMIRIM,448,EM FRENTE A GALERIA PARNAMIRIM CENTER,PARNAMIRIM,,CIDADE,COLISÃO TRASEIRA,COLISÃO SEM VITIMA,2,,,,,,,,,0,,Longo da via,Bom,Não existe,Perfeito estado,Seca,Perfeito estado,,Outras,40 km/h,Única,Faixa seccionada,,,,,,,,
2019-12-16,16:53:00,SEM VÍTIMA,FINALIZADA,SANTO ANTÔNIO,C SANTA RITA,695,,CONDOMÍNIO MAURÍCIO DE NASSAU,C SANTA RITA,695,CONDOMÍNIO MAURÍCIO DE NASSAU,SANTO ANTÔNIO,,CIDADE,ABALROAMENTO LONGITUDINAL,COLISÃO SEM VITIMA,1,,,,,1,,,,0,,Longo da via,Bom,Não existe,Não existente,Seca,Perfeito estado,Não existe,Não há placas,60 km/h,Dupla,Canteiro central,,,,,,,,
2019-12-16,17:13:00,COM VÍTIMA,FINALIZADA,SÃO JOSÉ,AV SUL,783,,EM FRENTE A ACRI SUL E PROXIMO AO GALPÃO DO GALO. EM FRENTE A CRIS HOTEL.,AV SUL,783,EM FRENTE A ACRI SUL E PROXIMO AO GALPÃO DO GALO. EM FRENTE A CRIS HOTEL.,SÃO JOSÉ,,SUBURBIO,COLISÃO COM CICLISTA,COLISÃO ENTRE ÔNIBUS E BICICLETA.,,,,1,,1,,,,1,,Longo da via,Bom,Não existe,Perfeito estado,Seca,Perfeito estado,Não existe,Não há placas,,Dupla,Canteiro central,,,,,,,,
2019-12-16,17:23:00,SEM VÍTIMA,FINALIZADA,ILHA DO RETIRO,RUA ASTORGA,436,RUA COMENDADOR BENTO AGUIAR,CRUZAMENTO,RUA ASTORGA,436,CRUZAMENTO,ILHA DO RETIRO,,,ABALROAMENTO TRANSVERSAL,COLISAO ENTRE DOIS AUTOS S/V,2,,,,,,,,,0,,Cruzamento,Bom,Não existe,Não existente,Seca,Perfeito estado,Não existe,Não há placas,,Dupla,Não existe,,,,,,,,
2019-12-16,18:30:00,COM VÍTIMA,FINALIZADA,BOA VISTA,RUA DO HOSPICIO,,RUA PRINCESA IZABEL,CÂMARA MUNICIPAL DO RECIFE,RUA DO HOSPICIO,,CÂMARA MUNICIPAL DO RECIFE,BOA VISTA,31,CIDADE,ATROPELAMENTO,ATROPELAMENTO COM CHOQUE,1,1,,,1,,,,,1,,Cruzamento,Bom,Sem defeito,Incompleta,Seca,Perfeito estado,Agente,Não há placas,,Dupla,Faixa contínua,,,,,,,,
2019-12-16,18:43:00,COM VÍTIMA,FINALIZADA,IMBIRIBEIRA,RUA JACY,,RUA JOAQUIM BANDEIRA,PROX A UNIBLOCO ALINHAMENTO TÉCNICO. POR TRÁS DA MITSUBISHI.,RUA JACY,,PROX A UNIBLOCO ALINHAMENTO TÉCNICO. POR TRÁS DA MITSUBISHI.,IMBIRIBEIRA,,SUBURBIO,ABALROAMENTO LONGITUDINAL,MOTO X ONIBUS COM VÍTIMA,,1,,,,1,,,,1,,Longo da via,Bom,Não existe,Perfeito estado,Seca,Perfeito estado,Não existe,Não há placas,,Única,Não existe,,,,,,,,
2019-12-16,18:52:00,SEM VÍTIMA,FINALIZADA,ESPINHEIRO,AV GOVERNADOR AGAMENON MAGALHAES,,,EM FRENTE A DELEGACIA DA RECEITA FEDERAL DO BRASIL,AV GOVERNADOR AGAMENON MAGALHAES,,EM FRENTE A DELEGACIA DA RECEITA FEDERAL DO BRASIL,ESPINHEIRO,,,COLISÃO TRASEIRA,VIATURA DA PM X AUTO PASSEIO S/V,2,,,,,,,,,0,,Longo da via,Bom,Sem defeito,Perfeito estado,Seca,Perfeito estado,Não existe,Não há placas,60 km/h,Dupla,Faixa seccionada,,,,,,,,
2019-12-16,18:55:00,SEM VÍTIMA,CANCELADA,CABANGA,RUA COMANDANTE ANTONIO MANHAES DE MATTOS,,AV SATURNINO DE BRITO,E/F A COMPESA,RUA COMANDANTE ANTONIO MANHAES DE MATTOS,,E/F A COMPESA,CABANGA,,,COLISÃO,AUTO PASSEIO X CAMINHÃO,1,,,,,1,,,,0,,,,,,,,,,,,,,,,,,,,
2019-12-16,19:16:00,SEM VÍTIMA,FINALIZADA,BOA VISTA,RUA DOM BOSCO,,,SOB O SEMÁFORO Nº 027,RUA DOM BOSCO,,SOB O SEMÁFORO Nº 027,BOA VISTA,27,SUBURBIO,ABALROAMENTO LONGITUDINAL,ENTRE DOIS AUTOS S/V (OUTRA PARTE SE EVADIU, MAS GCM CONÇEIÇÃO PRESENCIOU A SITUAÇÃO),2,,,,,,,,,0,,Cruzamento,Bom,Sem defeito,Perfeito estado,Seca,Perfeito estado,,,40 km/h,Única,Faixa contínua,,,,,,,
2019-12-16,19:43:00,COM VÍTIMA,FINALIZADA,AFOGADOS,RUA SAO MIGUEL,1758,,LADO OPOSTO AO ATACAREJO SHOP.,RUA SAO MIGUEL,1758,LADO OPOSTO AO ATACAREJO SHOP.,AFOGADOS,,CIDADE,COLISÃO TRASEIRA,ENTRE AUTO PASSEIO X MOTO COM VÍTIMA,1,1,,,,,,,,1,,Longo da via,Bom,Não existe,Perfeito estado,Seca,Perfeito estado,Não existe,Não há placas,,Dupla,Faixa contínua,Faixa seccionada,,,,,,,
2019-12-16,20:00:00,COM VÍTIMA,FINALIZADA,SÃO JOSÉ,RUA DOS COELHOS,,,E/F AO IMIP,RUA DOS COELHOS,,E/F AO IMIP,SÃO JOSÉ,359,CIDADE,ABALROAMENTO LONGITUDINAL,ENTRE AUTO PASSEIO X MOTO COM VÍTIMA,1,1,,,,,,,,1,,Longo da via,Bom,Sem defeito,Perfeito estado,Seca,Perfeito estado,Faixa de pedestre,Não há placas,,Dupla,Faixa contínua,,,,,,,,
2019-12-16,20:12:00,SEM VÍTIMA,FINALIZADA,ILHA DO LEITE,AV GOVERNADOR AGAMENON MAGALHAES,,,CAIXA ECONÔMICA AG. ILHA DO LEITE,AV GOVERNADOR AGAMENON MAGALHAES,,CAIXA ECONÔMICA AG. ILHA DO LEITE,ILHA DO LEITE,,,COLISÃO FRONTAL,ENTRE DOIS AUTOS S/V,2,,,,,,,,,0,,Longo da via,Bom,Sem defeito,Perfeito estado,Seca,Perfeito estado,Não existe,Não há placas,60 km/h,Dupla,Faixa seccionada,,,,,,,,
2019-12-16,20:16:00,COM VÍTIMA,FINALIZADA,IPUTINGA,EST DO BARBALHO,,,AO LADO DO DETRAN,EST DO BARBALHO,,AO LADO DO DETRAN,IPUTINGA,,CIDADE,COLISÃO COM CICLISTA,MOTO X CICLISTA COM VÍTIMA,,1,,1,,,,,,3,,Longo da via,Bom,Não existe,Incompleta,Seca,Perfeito estado,Não existe,R-6a,,Dupla,Não existe,,,,,,,,
2019-12-16,21:38:00,SEM VÍTIMA,FINALIZADA,IMBIRIBEIRA,VIADUTO TANCREDO NEVES,,,TERMINAL INTEGRADO TANCREDO NEVES,VIADUTO TANCREDO NEVES,,TERMINAL INTEGRADO TANCREDO NEVES,IMBIRIBEIRA,,SUBURBIO,COLISÃO TRASEIRA,ENTRE DOIS AUTOS S/V,2,,,,,,,,,0,,Viaduto,Chuvoso,Não existe,Perfeito estado,Molhada,Perfeito estado,Não existe,Não há placas,,Dupla,,,,,,,,,
2019-12-17,03:36:00,SEM VÍTIMA,FINALIZADA,MADALENA,AV ENGENHEIRO ABDIAS DE CARVALHO,,RUA JOAO IVO DA SILVA,SEMÁFORO 132,AV ENGENHEIRO ABDIAS DE CARVALHO,,SEMÁFORO 132,MADALENA,132,SUBURBIO,ABALROAMENTO TRANSVERSAL,COLISÃO ENTRE DOIS AUTOS S/V,2,,,,,,,,,0,,Cruzamento,Bom,Sem defeito,Perfeito estado,Seca,Perfeito estado,Faixa de pedestre,Outras,,Dupla,Canteiro central,,,,,,,,
2019-12-17,06:57:00,SEM VÍTIMA,EM ABERTO,BOA VIAGEM,AV ENGENHEIRO DOMINGOS FERREIRA,,RUA PADRE CARAPUCEIRO,SORVETES FRI SABOR,AV ENGENHEIRO DOMINGOS FERREIRA,,SORVETES FRI SABOR,BOA VIAGEM,216,SUBURBIO,ABALROAMENTO LONGITUDINAL,,1,,,,,,,,1,0,,Cruzamento,Bom,Sem defeito,Perfeito estado,Seca,Perfeito estado,Faixa de pedestre,Não há placas,60 km/h,Única,Canteiro central,,,,,,,,
2019-12-17,07:28:00,COM VÍTIMA,FINALIZADA,IPSEP,RUA CACHOEIRA,10,RUA JAMAICA,EM FRENTE A FACULDADE DE BOA VIAGEM E A OFICINA CENTRO AUTOMOTIVO MECANICA E GERAL,RUA CACHOEIRA,10,EM FRENTE A FACULDADE DE BOA VIAGEM E A OFICINA CENTRO AUTOMOTIVO MECANICA E GERAL,IPSEP,,CIDADE,ABALROAMENTO TRANSVERSAL,AUTO E MOTO.,1,1,,,,,,,,1,,Cruzamento,Bom,Não existe,Perfeito estado,Seca,Perfeito estado,Não existe,Não há placas,,Única,Faixa seccionada,,,,,,,,
2019-12-17,09:12:00,SEM VÍTIMA,FINALIZADA,SANTO AMARO,AV GOVERNADOR AGAMENON MAGALHAES,,,AO LADO DO EDF. GARAGEM DO SHOPPING TACARUNA,AV GOVERNADOR AGAMENON MAGALHAES,,AO LADO DO EDF. GARAGEM DO SHOPPING TACARUNA,SANTO AMARO,,SUBURBIO,COLISÃO TRASEIRA,COLISÃO SEM VITIMAS,2,,,,,,1,,,0,,Longo da via,Bom,Não existe,Perfeito estado,Seca,Perfeito estado,Não existe,Outras,60 km/h,Dupla,Canteiro central,,,,,,,,
2019-12-17,09:22:00,SEM VÍTIMA,FINALIZADA,MADALENA,RUA BENFICA,,AV JOSE GONCALVES DE MEDEIROS,LADO OPOSTO A OFICINA MAX TROC,RUA BENFICA,,LADO OPOSTO A OFICINA MAX TROC,MADALENA,,,ABALROAMENTO LONGITUDINAL,COLISAO S/VITIMA DOIS AUTOS,2,,,,,,,,,0,,Longo da via,Bom,Não existe,Não existente,Seca,Perfeito estado,Não existe,Não há placas,60 km/h,Dupla,,,,,,,,,
2019-12-17,09:35:00,SEM VÍTIMA,CANCELADA,BOA VIAGEM,RUA VISCONDE DE JEQUITINHONHA,,RUA BARAO DE SOUZA LEAO,EM FRENTE AO HOSPITAL NOSSA SENHORA DAS GRAÇAS,RUA VISCONDE DE JEQUITINHONHA,,EM FRENTE AO HOSPITAL NOSSA SENHORA DAS GRAÇAS,BOA VIAGEM,129,,COLISÃO,ONIBUS E MOTO,,1,,,,1,,,,0,,,,,,,,,,,,,,,,,,,,
2019-12-17,09:37:00,SEM VÍTIMA,FINALIZADA,IMBIRIBEIRA,AV MARECHAL MASCARENHAS DE MORAES,,,SOB O SEMÁFORO 386,AV MARECHAL MASCARENHAS DE MORAES,,SOB O SEMÁFORO 386,IMBIRIBEIRA,386,SUBURBIO,COLISÃO TRASEIRA,COLISÃO SEM VITIMAS,2,,,,,,,,,0,,Longo da via,Bom,Sem defeito,Perfeito estado,Seca,Perfeito estado,,,60 km/h,Dupla,Canteiro central,,,,,,,,
2019-12-17,09:53:00,SEM VÍTIMA,CANCELADA,ÁGUA FRIA,RUA SAO BENTO,195,,PROX A IGREJA DE PEDRA/ NA RUA DO POSTO QUEIMADO,RUA SAO BENTO,195,PROX A IGREJA DE PEDRA/ NA RUA DO POSTO QUEIMADO,ÁGUA FRIA,,,COLISÃO,COLISÃO S/ VITIMA. ENTRE UM AUTO E UMA MOTO,1,1,,,,,,,,0,,,,,,,,,,,,,,,,,,,,
2019-12-17,09:53:00,COM VÍTIMA,FINALIZADA,IMBIRIBEIRA,AV ENGENHEIRO ALVES DE SOUZA,,RUA ARQUITETO LUIZ NUNES,FARMÁCIA DROGASIL,AV ENGENHEIRO ALVES DE SOUZA,,FARMÁCIA DROGASIL,IMBIRIBEIRA,634,SUBURBIO,ABALROAMENTO TRANSVERSAL,COLISÃO COM VITIMA A ESPERA DO SAMU,1,1,,,,,,,,1,,Cruzamento,Bom,Sem defeito,Perfeito estado,Seca,Perfeito estado,Faixa de pedestre,Não há placas,,Dupla,Faixa contínua,,,,,,,,
2019-12-17,09:56:00,SEM VÍTIMA,FINALIZADA,CORDEIRO,AV ENGENHEIRO ABDIAS DE CARVALHO,,AV GENERAL SAN MARTIN,,AV ENGENHEIRO ABDIAS DE CARVALHO,,,CORDEIRO,58,SUBURBIO,ABALROAMENTO LONGITUDINAL,CAMINHÃO E AUTO,1,,,,,,1,,,0,,Cruzamento,Bom,Sem defeito,Perfeito estado,Seca,Perfeito estado,Faixa de pedestre,,60 km/h,Dupla,Canteiro central,,,,,,,,
2019-12-17,10:21:00,SEM VÍTIMA,FINALIZADA,CAXANGÁ,AV CAXANGA,,RUA PAUL HARRIS,,AV CAXANGA,,,CAXANGÁ,230,SUBURBIO,ABALROAMENTO LONGITUDINAL,COLISÃO SEM VITIMAS,2,,,,,,,,,0,,Cruzamento,Bom,Sem defeito,Perfeito estado,Seca,Perfeito estado,Faixa de pedestre,R-6a,,Dupla,Não existe,,,,,,,,
2019-12-17,10:52:00,SEM VÍTIMA,FINALIZADA,GRAÇAS,AV GOVERNADOR AGAMENON MAGALHAES,,RUA DR BANDEIRA FILHO,MC DONALDS,AV GOVERNADOR AGAMENON MAGALHAES,,MC DONALDS,GRAÇAS,173,,COLISÃO TRASEIRA,DOIS AUTOS,1,,,,,,,,1,0,,Longo da via,Bom,Sem defeito,Perfeito estado,Seca,Perfeito estado,Faixa de pedestre,,60 km/h,Dupla,Canal,,,,,,,,
2019-12-17,10:56:00,COM VÍTIMA,FINALIZADA,IMBIRIBEIRA,AV MARECHAL MASCARENHAS DE MORAES,1818,AV ENGENHEIRO ALVES DE SOUZA,EM FRENTE A CONCESSIONARIA AUTOLINE E JUIZADOS ESPECIAIS DO RECIFE.,AV MARECHAL MASCARENHAS DE MORAES,1818,EM FRENTE A CONCESSIONARIA AUTOLINE E JUIZADOS ESPECIAIS DO RECIFE.,IMBIRIBEIRA,288,CIDADE,ATROPELAMENTO,AUTO E PEDESTRE.,1,,,,1,,,,,1,,Longo da via,Bom,Sem defeito,Perfeito estado,Seca,Perfeito estado,Faixa de pedestre,Não há placas,60 km/h,Dupla,Canteiro central,,,,,,,,
2019-12-17,11:01:00,SEM VÍTIMA,FINALIZADA,BOA VIAGEM,RUA DOS NAVEGANTES,1979,,EM FRENTE AO EDIFICIO LUIZ DE CAMÕES,RUA DOS NAVEGANTES,1979,EM FRENTE AO EDIFICIO LUIZ DE CAMÕES,BOA VIAGEM,,SUBURBIO,ABALROAMENTO LONGITUDINAL,COLISÃO SEM VITIMAS,2,,,,,,,,,0,,Longo da via,Bom,Não existe,Não existente,Seca,Perfeito estado,Não existe,Não há placas,30 km/h,Única,Não existe,,,,,,,,
2019-12-17,11:10:00,SEM VÍTIMA,FINALIZADA,DERBY,AV GOVERNADOR AGAMENON MAGALHAES,,,VIA PRINCIPAL LADO OPOSTO A PARADA DE ÔNIBUS Nº 180162,AV GOVERNADOR AGAMENON MAGALHAES,,VIA PRINCIPAL LADO OPOSTO A PARADA DE ÔNIBUS Nº 180162,DERBY,,,COLISÃO TRASEIRA,COLISÃO S/ VITIMA. DOIS CARROS,2,,,,,,,,,0,,Longo da via,Bom,Sem defeito,Perfeito estado,Seca,Perfeito estado,Não existe,Não há placas,60 km/h,Dupla,Faixa seccionada,,,,,,,,
2019-12-17,11:10:00,COM VÍTIMA,FINALIZADA,CAMPO GRANDE,RUA PROFESSOR FRANCISCO DA TRINDADE,,RUA CATULO DA PAIXAO CEARENSE,PROX. A IGREJA UNIVERSAL E A PRAÇA DE CAMPO GRANDE,RUA PROFESSOR FRANCISCO DA TRINDADE,,PROX. A IGREJA UNIVERSAL E A PRAÇA DE CAMPO GRANDE,CAMPO GRANDE,,SUBURBIO,ABALROAMENTO TRANSVERSAL,ONIBUS E AUTO,1,,,,,1,,,,2,,Cruzamento,Bom,Não existe,Perfeito estado,Seca,Perfeito estado,Faixa de pedestre,Placas Pare,,Dupla,Faixa seccionada,,,,,,,,
2019-12-17,11:20:00,COM VÍTIMA,FINALIZADA,MADALENA,EST DOS REMEDIOS,2464,RUA BENFICA,EM FRENTE AO POSTO EXTRA.,EST DOS REMEDIOS,2464,EM FRENTE AO POSTO EXTRA.,MADALENA,51,SUBURBIO,ABALROAMENTO LONGITUDINAL,COLISÃO COM VÍTIMA. A OUTRA PARTE SE EVADIU DO LOCAL SEGUNDO O GCM MARCILIO,,1,,,,,,,,1,,Esquina,Bom,Sem defeito,Perfeito estado,Seca,Perfeito estado,Agente,R-4a,60 km/h,Única,Faixa contínua,,,,,,,,
2019-12-17,11:26:00,SEM VÍTIMA,FINALIZADA,AREIAS,RUA IPOJUCA,618,,,RUA IPOJUCA,618,,AREIAS,,SUBURBIO,CHOQUE VEÍCULO PARADO,COLISAO S/ VITIMA. ENTRE UM CARRETA UM AUTO,1,,,,,,1,,1,0,,Longo da via,Bom,Não existe,Perfeito estado,Seca,Perfeito estado,Não existe,Outras,,Dupla,Não existe,,,,,,,,
2019-12-17,11:30:00,SEM VÍTIMA,FINALIZADA,AREIAS,AV DR JOSE RUFINO,757,,,AV DR JOSE RUFINO,757,,AREIAS,,CIDADE,COLISÃO TRASEIRA,TRES AUTOS,3,,,,,,,,,0,,Longo da via,Bom,Não existe,Perfeito estado,Seca,Perfeito estado,Não existe,Não há placas,,Dupla,Faixa contínua,,,,,,,,
2019-12-17,11:31:00,SEM VÍTIMA,FINALIZADA,ENCRUZILHADA,AV JOAO DE BARROS,1817,,APÓS O CRUZAMENTO DA AV NORTE,AV JOAO DE BARROS,1817,APÓS O CRUZAMENTO DA AV NORTE,ENCRUZILHADA,43,CIDADE,COLISÃO TRASEIRA,COLISÃO SEM VITIMAS,2,,,,,,,,,0,,Longo da via,Bom,Sem defeito,Perfeito estado,Seca,Perfeito estado,Faixa de pedestre,Não há placas,,Única,Não existe,,,,,,,,
2019-12-17,11:47:00,SEM VÍTIMA,EQUIPE EM DESLOCAMENTO,ILHA DO LEITE,RUA SENADOR JOSE HENRIQUE,,,,RUA SENADOR JOSE HENRIQUE,,,ILHA DO LEITE,,,COLISÃO,COLISÃO ENTRE DOIS AUTOS SEM VÍTIMA,2,,,,,,,,,0,,,,,,,,,,,,,,,,,,,,
2019-12-17,11:50:00,SEM VÍTIMA,FINALIZADA,,AV PROFESSOR JOSE DOS ANJOS,,,EM FRENTE A ACADEMIA DA CIDADE DE CHÃO DE ESTRELAS,AV PROFESSOR JOSE DOS ANJOS,,EM FRENTE A ACADEMIA DA CIDADE DE CHÃO DE ESTRELAS,,,CIDADE,COLISÃO TRASEIRA,COLISÃO SEM VITIMAS,2,,,,,,,,,0,,Longo da via,Bom,Não existe,Perfeito estado,Seca,Perfeito estado,Não existe,Outras,,Dupla,Faixa seccionada,,,,,,,,
2019-12-17,11:51:00,SEM VÍTIMA,FINALIZADA,IMBIRIBEIRA,AV MARECHAL MASCARENHAS DE MORAES,,,EM FRENTE AO EDIFÍCIO GARAGEM DO AEROPORTO,AV MARECHAL MASCARENHAS DE MORAES,,EM FRENTE AO EDIFÍCIO GARAGEM DO AEROPORTO,IMBIRIBEIRA,,SUBURBIO,COLISÃO TRASEIRA,DOIS AUTOS,2,,,,,,,,,0,,Longo da via,Bom,Não existe,Perfeito estado,Seca,Perfeito estado,Não existe,Outras,60 km/h,Dupla,Canteiro central,,,,,,,,
2019-12-17,12:18:00,SEM VÍTIMA,FINALIZADA,AREIAS,RUA RIO SOLIMOES,105,RUA SANTA JOANA D'ARC,,RUA RIO SOLIMOES,105,,AREIAS,,CIDADE,CHOQUE VEÍCULO PARADO,COLISÃO SEM VITIMA,1,,,,,,1,,1,0,,,Bom,Não existe,Perfeito estado,Seca,Perfeito estado,Não existe,Outras,,Dupla,Não existe,,,,,,,,
2019-12-17,12:32:00,SEM VÍTIMA,FINALIZADA,BONGI,RUA DELMIRO GOUVEIA,,,CHESF,RUA DELMIRO GOUVEIA,,CHESF,BONGI,586,,COLISÃO TRASEIRA,COLISAO ENTRE DOIS AUTOS S/V,2,,,,,,,,,0,,Longo da via,Bom,Sem defeito,Perfeito estado,Seca,Perfeito estado,Faixa de pedestre,,,Dupla,Faixa contínua,,,,,,,,
2019-12-17,12:35:00,SEM VÍTIMA,FINALIZADA,IBURA,LAD DA COHAB,,,AO LADO DO ANTIGO MOTEL GIRADOR,LAD DA COHAB,,AO LADO DO ANTIGO MOTEL GIRADOR,IBURA,,SUBURBIO,ABALROAMENTO TRANSVERSAL,COLISAO SEM VÍTIMA,1,,,,,,1,,,0,,Longo da via,Bom,Não existe,Perfeito estado,Seca,Perfeito estado,Não existe,Não há placas,,Dupla,Não existe,,,,,,,,
2019-12-17,12:39:00,SEM VÍTIMA,CANCELADA,BAIRRO DO RECIFE,CAIS DO APOLO,,,PROX A PREFEITURA NO GIRADOURO AO LADO DA FABRICA DA PILAR,CAIS DO APOLO,,PROX A PREFEITURA NO GIRADOURO AO LADO DA FABRICA DA PILAR,BAIRRO DO RECIFE,,,COLISÃO,COLISAO ENTRE CARRETA E AUTOS S/V,1,,,,,,1,,,0,,,,,,,,,,,,,,,,,,,,
2019-12-17,13:00:00,SEM VÍTIMA,FINALIZADA,JARDIM SÃO PAULO,AV SAO PAULO,400,,SUPERMERCADO RENDE MAIS,AV SAO PAULO,400,SUPERMERCADO RENDE MAIS,JARDIM SÃO PAULO,,SUBURBIO,ABALROAMENTO LONGITUDINAL,COLISÃO SEM VITIMA,2,,,,,,,,,0,,Longo da via,Bom,Não existe,Perfeito estado,Seca,Perfeito estado,Não existe,Outras,,Dupla,Faixa contínua,Faixa seccionada,,,,,,,
2019-12-17,13:04:00,SEM VÍTIMA,FINALIZADA,BOA VIAGEM,RUA PROFESSOR MARIO CASTRO,508,RUA SA E SOUZA,EM FRENTE A ESCOLA AMERICANA,RUA PROFESSOR MARIO CASTRO,508,EM FRENTE A ESCOLA AMERICANA,BOA VIAGEM,,,CHOQUE VEÍCULO PARADO,COLISAO ENTRE DOIS AUTOS S/V,2,,,,,,,,,0,,Longo da via,Bom,Não existe,Perfeito estado,Seca,Perfeito estado,Não existe,Placas Pare,30 km/h,Dupla,Faixa seccionada,,,,,,,,
2019-12-17,13:57:00,SEM VÍTIMA,FINALIZADA,BOA VIAGEM,AV BOA VIAGEM,3402,,,AV BOA VIAGEM,3402,,BOA VIAGEM,,,ABALROAMENTO LONGITUDINAL,COLISÃO SEM VITIMA,2,,,,,,,,,0,,Longo da via,Bom,Não existe,Perfeito estado,Seca,Perfeito estado,Não existe,Não há placas,60 km/h,Única,Faixa seccionada,,,,,,,,
2019-12-17,14:10:00,SEM VÍTIMA,FINALIZADA,TAMARINEIRA,RUA CONEGO BARATA,,,LADO OPOSTO AO SEMÁFORO DE Nº 347,RUA CONEGO BARATA,,LADO OPOSTO AO SEMÁFORO DE Nº 347,TAMARINEIRA,347,,COLISÃO TRASEIRA,COLISÃO SEM VÍTIMA,1,,,,,,1,,,0,,Longo da via,Bom,Sem defeito,Perfeito estado,Seca,Perfeito estado,Faixa de pedestre,R-6a,50 km/h,Dupla,Faixa contínua,Faixa seccionada,Canteiro central,,,,,,
2019-12-17,14:46:00,SEM VÍTIMA,FINALIZADA,PINA,RUA FREIRE DE ANDRADE,,,SHOPING RIO MAR,RUA FREIRE DE ANDRADE,,SHOPING RIO MAR,PINA,,,TOMBAMENTO,CAMINHÃO TOMBADO NA VIA,0,,,,,,,,,0,,,,,,,,,,,,,,,,,,,,
2019-12-17,15:07:00,SEM VÍTIMA,FINALIZADA,BOA VIAGEM,AV CONSELHEIRO AGUIAR,60,,,AV CONSELHEIRO AGUIAR,60,,BOA VIAGEM,,,ABALROAMENTO LONGITUDINAL,COLISÃO SEM VÍTIMA,2,,,,,,,,,0,,Longo da via,Bom,Não existe,Perfeito estado,Seca,Perfeito estado,,Placas Pare,60 km/h,Única,Faixa seccionada,,,,,,,,
2019-12-17,15:27:00,SEM VÍTIMA,FINALIZADA,ILHA DO RETIRO,AV BEIRA RIO,302,,EM FRENTE AO EDF VILLA BEIRA RIO,AV BEIRA RIO,302,EM FRENTE AO EDF VILLA BEIRA RIO,ILHA DO RETIRO,,,COLISÃO TRASEIRA,COLISÃO SEM VÍTIMA,2,,,,,,,,,0,,Longo da via,Bom,Não existe,Perfeito estado,Seca,Perfeito estado,Não existe,Não há placas,,Dupla,Faixa seccionada,,,,,,,,