data,hora,natureza_acidente,situacao,bairro,endereco,numero,detalhe_endereco_acidente,complemento,endereco_cruzamento,numero_cruzamento,referencia_cruzamento,bairro_cruzamento,num_semaforo,sentido_via,tipo,descricao,auto,moto,ciclom,ciclista,pedestre,onibus,caminhao,viatura,outros,vitimas,vitimasfatais,acidente_verificado,tempo_clima,situacao_semaforo,sinalizacao,condicao_via,conservacao_via,ponto_controle,situacao_placa,velocidade_max_via,mao_direcao,divisao_via1,divisao_via2,divisao_via3,,,,,,
2019-12-19,07:01:00,SEM VÍTIMA,FINALIZADA,MADALENA,EST DOS REMEDIOS,2162,,EM FRENTE AO EDF FLORENTINO MEDEIROS,EST DOS REMEDIOS,2162,EM FRENTE AO EDF FLORENTINO MEDEIROS,MADALENA,,CIDADE,ABALROAMENTO LONGITUDINAL,COLISÃO SEM VÍTIMA,1,,,,,,1,,,0,,Longo da via,Bom,Não existe,Perfeito estado,Seca,Perfeito estado,Não existe,,,Única,Faixa seccionada,,,,,,,,
2019-12-19,07:41:00,SEM VÍTIMA,FINALIZADA,AFOGADOS,RUA DA PAZ,91,,,RUA DA PAZ,91,,AFOGADOS,,,ABALROAMENTO LONGITUDINAL,ONIBUS E AUTO,1,,,,,1,,,,0,,Longo da via,Chuvoso,,Perfeito estado,Molhada,Perfeito estado,,,,Única,Faixa contínua,,,,,,,,
2019-12-19,08:20:00,SEM VÍTIMA,FINALIZADA,IMBIRIBEIRA,AV MARECHAL MASCARENHAS DE MORAES,820,RUA CONEGO JULIO CABRAL,,AV MARECHAL MASCARENHAS DE MORAES,820,,IMBIRIBEIRA,532,SUBURBIO,COLISÃO TRASEIRA,COLISAO S/VITIMA. CAMINHONETE E CAMINHAO,1,,,,,,1,,,0,,Longo da via,Bom,Sem defeito,Perfeito estado,Molhada,Perfeito estado,Faixa de retenção,Não há placas,,Dupla,Canteiro central,,,,,,,,
2019-12-19,08:36:00,SEM VÍTIMA,CANCELADA,BOA VISTA,AV CONDE DA BOA VISTA,918,,EM FRENTE A CAIXA ECONOMICA,AV CONDE DA BOA VISTA,918,EM FRENTE A CAIXA ECONOMICA,BOA VISTA,,,COLISÃO,COLISAO S/ VITIMA. MOTO E UM AUTO GM NO LOCAL,1,1,,,,,,,,0,,,,,,,,,,,,,,,,,,,,
2019-12-19,08:39:00,SEM VÍTIMA,FINALIZADA,BOA VISTA,RUA BARAO DE SAO BORJA,,RUA JOSE DE ALENCAR,,RUA BARAO DE SAO BORJA,,,BOA VISTA,,SUBURBIO,ABALROAMENTO TRANSVERSAL,COLISÃO SEM VÍTIMA,2,,,,,,,,,0,,Cruzamento,Chuvoso,Não existe,Perfeito estado,Molhada,Perfeito estado,Não existe,Placas Pare,,Única,Não existe,,,,,,,,
2019-12-19,08:39:00,SEM VÍTIMA,FINALIZADA,SANTO AMARO,AV CRUZ CABUGA,1419,,EM FRENTE AO SEFAZ,AV CRUZ CABUGA,1419,EM FRENTE AO SEFAZ,SANTO AMARO,,SUBURBIO,COLISÃO TRASEIRA,TRES AUTOS,3,,,,,,,,,0,,Longo da via,Chuvoso,Sem defeito,Não existente,Molhada,Perfeito estado,Outros,Não há placas,,Dupla,Faixa seccionada,,,,,,,,
2019-12-19,09:33:00,COM VÍTIMA,FINALIZADA,SANTO AMARO,AV GOVERNADOR AGAMENON MAGALHAES,,,APÓS O VIADUTO DA AV. NORTE,AV GOVERNADOR AGAMENON MAGALHAES,,APÓS O VIADUTO DA AV. NORTE,SANTO AMARO,,OLINDA,COLISÃO TRASEIRA,ÔNIBUS E MOTO,,1,,,,1,,,,1,,Longo da via,Bom,Não existe,Perfeito estado,Seca,Perfeito estado,Não existe,Não há placas,,Dupla,Canal,,,,,,,,
2019-12-19,09:46:00,SEM VÍTIMA,DUPLICIDADE,SANTO AMARO,RUA DO POMBAL,,RUA FREI CASSIMIRO,,RUA DO POMBAL,,,SANTO AMARO,,,COLISÃO,,,,,,,,,,,0,,,,,,,,,,,,,,,,,,,,
2019-12-19,09:47:00,SEM VÍTIMA,CANCELADA,IBURA,AV DOIS RIOS,,,PROX :POLICLINICA ARNADOL MARQUES,AV DOIS RIOS,,PROX :POLICLINICA ARNADOL MARQUES,IBURA,,,COLISÃO,COLISÃO S/ VITIMA. DOIS AUTOS,2,,,,,,,,,0,,,,,,,,,,,,,,,,,,,,
2019-12-19,09:56:00,SEM VÍTIMA,FINALIZADA,SANTO AMARO,RUA DO POMBAL,,RUA FREI CASSIMIRO,EM FRENTE AIGREJA VERBO DA VIDA,RUA DO POMBAL,,EM FRENTE AIGREJA VERBO DA VIDA,SANTO AMARO,,CIDADE,COLISÃO TRASEIRA,COLISAO S/VITMA. ONIBUS E MOTO,,1,,,,1,,,,0,,Cruzamento,Bom,Não existe,Perfeito estado,Seca,Perfeito estado,Faixa de retenção,Placas Pare,,Única,Não existe,,,,,,,,
2019-12-19,10:10:00,SEM VÍTIMA,FINALIZADA,CABANGA,AV ENGENHEIRO JOSE ESTELITA,,,EM FRENTE AO CABANGA IATE CLUBE DE PERNAMBUCO,AV ENGENHEIRO JOSE ESTELITA,,EM FRENTE AO CABANGA IATE CLUBE DE PERNAMBUCO,CABANGA,,CIDADE,COLISÃO TRASEIRA,COLISÃO SEM VÍTIMA,3,,,,,,,,,0,,Longo da via,Bom,Não existe,Perfeito estado,Seca,Perfeito estado,Não existe,Outras,60 km/h,Dupla,Faixa contínua,,,,,,,,
2019-12-19,10:44:00,SEM VÍTIMA,FINALIZADA,NOVA DESCOBERTA,RUA TEREZA CARNEIRO,23,,,RUA TEREZA CARNEIRO,23,,NOVA DESCOBERTA,,SUBURBIO,CHOQUE VEÍCULO PARADO,COLISAO S/ VITIMA. DOIS CARROS E UM ONIBUS,2,,,,,1,,,,0,,Longo da via,Bom,Não existe,Não existente,Seca,Perfeito estado,Não existe,Não há placas,20 km/h,Dupla,Não existe,,,,,,,,
2019-12-19,11:10:00,SEM VÍTIMA,FINALIZADA,JOANA BEZERRA,VIADUTO CAPITAO TEMUDO,,,NA ALÇA DE ACESSO AO CABANGA,VIADUTO CAPITAO TEMUDO,,NA ALÇA DE ACESSO AO CABANGA,JOANA BEZERRA,,SUBURBIO,COLISÃO TRASEIRA,COLISÃO S/VITIMAS ENTRE UM ONIBUS E UM AUTO,1,,,,,1,,,,0,,Longo da via,Bom,Não existe,Perfeito estado,Seca,Perfeito estado,Não existe,Não há placas,60 km/h,Dupla,Faixa seccionada,,,,,,,,
2019-12-19,11:20:00,SEM VÍTIMA,FINALIZADA,SÃO JOSÉ,AV SUL,,,AO LADO 1485,AV SUL,,AO LADO 1485,SÃO JOSÉ,,CIDADE,ABALROAMENTO LONGITUDINAL,COLISÃO S/VITIMAS ENTRE UM AUTO E UM CAMINHÃO,1,,,,,,1,,,0,,Longo da via,Bom,Não existe,Perfeito estado,Seca,Perfeito estado,Não existe,Não há placas,,Dupla,Canteiro central,,,,,,,,
2019-12-19,11:41:00,SEM VÍTIMA,FINALIZADA,IPUTINGA,AV CAXANGA,,RUA MANOEL JOAQUIM DE ALMEIDA,EM FRENTE AO POSTO PETROBRAS,AV CAXANGA,,EM FRENTE AO POSTO PETROBRAS,IPUTINGA,533,CIDADE,ABALROAMENTO LONGITUDINAL,COLISAO S/ VITIMA. DOIS CARROS. GM NO LOCAL.,2,,,,,,,,,0,,Longo da via,Bom,Sem defeito,Perfeito estado,Seca,Perfeito estado,Agente,Não há placas,,Dupla,Canteiro central,,,,,,,,
2019-12-19,11:45:00,SEM VÍTIMA,CANCELADA,BOA VIAGEM,AV BOA VIAGEM,4120,,EM FRENTE AO EDF. LA FONTAINE,AV BOA VIAGEM,4120,EM FRENTE AO EDF. LA FONTAINE,BOA VIAGEM,,,COLISÃO,DOIS AUTOS,2,,,,,,,,,0,,,,,,,,,,,,,,,,,,,,
2019-12-19,12:25:00,SEM VÍTIMA,FINALIZADA,SANTO AMARO,AV CRUZ CABUGA,,RUA VINTE E QUATRO DE AGOSTO,,AV CRUZ CABUGA,,,SANTO AMARO,,SUBURBIO,ABALROAMENTO TRANSVERSAL,COLISÃO ENTRE DOIS AUTOS, SENDO UM DELES VT CTTU,2,,,,,,,,,0,,Cruzamento,Bom,Não existe,,Seca,Perfeito estado,Não existe,Outras,,Dupla,Faixa seccionada,,,,,,,
2019-12-19,12:42:00,SEM VÍTIMA,CANCELADA,IMBIRIBEIRA,RUA CONDE PEREIRA CARNEIRO,,,EM FRENTE A CRECHE MUNICIPAL PADRE LOURENÇO,RUA CONDE PEREIRA CARNEIRO,,EM FRENTE A CRECHE MUNICIPAL PADRE LOURENÇO,IMBIRIBEIRA,,,COLISÃO,COLISÃO SEM VITIMA,2,,,,,,,,,0,,,,,,,,,,,,,,,,,,,,
2019-12-19,12:52:00,SEM VÍTIMA,FINALIZADA,APIPUCOS,RUA DOIS IRMAOS,165,,EM FRENTE AO Nº 165,RUA DOIS IRMAOS,165,EM FRENTE AO Nº 165,APIPUCOS,,CIDADE,ABALROAMENTO TRANSVERSAL,COLISÃO SEM VITIMA,2,,,,,,,,,0,,Longo da via,Bom,Não existe,Perfeito estado,Seca,Perfeito estado,Não existe,,,Dupla,Faixa contínua,,,,,,,,
2019-12-19,13:23:00,SEM VÍTIMA,FINALIZADA,JAQUEIRA,RUA DEPUTADO PEDRO PIRES FERREIRA,301,,EM FRENTE SAINT PAUL VENCE,RUA DEPUTADO PEDRO PIRES FERREIRA,301,EM FRENTE SAINT PAUL VENCE,JAQUEIRA,,,ABALROAMENTO LONGITUDINAL,COLISÃO S/VITIMAS ENTRE UM AUTO E UM CAMINHÃO,2,,,,,,1,,,0,,Longo da via,Bom,Não existe,Perfeito estado,Seca,Perfeito estado,Não existe,Outras,,Dupla,Não existe,,,,,,,,
2019-12-19,13:43:00,COM VÍTIMA,FINALIZADA,SANTO AMARO,AV GOVERNADOR AGAMENON MAGALHAES,,,E/F AO MINISTERIO DO TRABALHO S/T BOA VIAGEM,AV GOVERNADOR AGAMENON MAGALHAES,,E/F AO MINISTERIO DO TRABALHO S/T BOA VIAGEM,SANTO AMARO,108,CIDADE,ABALROAMENTO LONGITUDINAL,COLISAO ENTRE AUTO E MOTO COM DUAS VITIMAS,1,1,,,,,,,,2,,Longo da via,Bom,Sem defeito,Perfeito estado,Seca,Perfeito estado,Faixa de pedestre,Não há placas,60 km/h,Dupla,Canal,,,,,,,,
2019-12-19,13:48:00,SEM VÍTIMA,CANCELADA,PINA,AV HERCULANO BANDEIRA,,,EM FRENTE A MEIRA LINS,AV HERCULANO BANDEIRA,,EM FRENTE A MEIRA LINS,PINA,,,COLISÃO,COLISÃO SEM VITIMA,2,,,,,,,,,0,,,,,,,,,,,,,,,,,,,,
2019-12-19,13:59:00,SEM VÍTIMA,FINALIZADA,ESPINHEIRO,AV GOVERNADOR AGAMENON MAGALHAES,,,TRIBUNAL DO TRABALHO,AV GOVERNADOR AGAMENON MAGALHAES,,TRIBUNAL DO TRABALHO,ESPINHEIRO,,CIDADE,ABALROAMENTO LONGITUDINAL,COLISÃO S/VITIMAS ENTRE DOIS AUTOS,2,,,,,,,,,0,,Longo da via,Bom,Não existe,Perfeito estado,Seca,Perfeito estado,Não existe,Outras,60 km/h,Dupla,Canal,,,,,,,,
2019-12-19,14:08:00,SEM VÍTIMA,FINALIZADA,ROSARINHO,AV NORTE,3110,AV SANTOS DUMONT,AO LADO DO POSTO BR,AV NORTE,3110,AO LADO DO POSTO BR,ROSARINHO,81,SUBURBIO,ABALROAMENTO LONGITUDINAL,COLISÃO S/VITIMAS ENTRE UMA MOTO E UM AUTO,1,1,,,,,,,,0,,Cruzamento,Bom,Sem defeito,Perfeito estado,Seca,Perfeito estado,Faixa de pedestre,R-6a,,Dupla,Faixa seccionada,Canteiro central,,,,,,,
2019-12-19,14:14:00,COM VÍTIMA,CANCELADA,SÃO JOSÉ,C SANTA RITA,,,ENTRADA DO CAIS DE SANTA RITA,C SANTA RITA,,ENTRADA DO CAIS DE SANTA RITA,SÃO JOSÉ,76,,ACID. DE PERCURSO,MOTOCICLISTA CAIU DA DA MOTOCICLETA,,1,,,,,,,,1,,,,,,,,,,,,,,,,,,,,
2019-12-19,14:29:00,SEM VÍTIMA,FINALIZADA,SANTO AMARO,AV CRUZ CABUGA,141,,,AV CRUZ CABUGA,141,,SANTO AMARO,,CIDADE,ABALROAMENTO LONGITUDINAL,COLISÃO SEM VITIMA,1,1,1,,,1,,,,0,,Longo da via,Bom,Não existe,Perfeito estado,Seca,Perfeito estado,Não existe,R-6a,,Dupla,Faixa contínua,,,,,,,,
2019-12-19,14:45:00,COM VÍTIMA,FINALIZADA,CORDEIRO,AV CAXANGA,,RUA GREGORIO JUNIOR,E/F A DROGASIL,AV CAXANGA,,E/F A DROGASIL,CORDEIRO,236,CIDADE,CHOQUE VEÍCULO PARADO,CAMINHÃO X MOTO COM VÍTIMA,,1,,,,,1,,,1,,Cruzamento,Bom,Sem defeito,Perfeito estado,Seca,Perfeito estado,Faixa de pedestre,R-6a,,Única,Não existe,,,,,,,,
2019-12-19,14:49:00,COM VÍTIMA,FINALIZADA,VASCO DA GAMA,RUA VASCO DA GAMA,106,RUA DR AUGUSTO CHACON,AO LADO DO SESI. EM FRENTE A GD CELL,RUA VASCO DA GAMA,106,AO LADO DO SESI. EM FRENTE A GD CELL,VASCO DA GAMA,,CIDADE,ABALROAMENTO LONGITUDINAL,MOTO X AUTO PASSEIO COM VÍTIMA,1,1,,,,,,,,1,,Esquina,Bom,Não existe,Perfeito estado,Seca,Perfeito estado,Não existe,R-6a,,Dupla,Não existe,,,,,,,,
2019-12-19,14:59:00,SEM VÍTIMA,FINALIZADA,DOIS UNIDOS,RUA EXP TEODORO SATIVA,309,,EM FRENTE AO Nº 309,RUA EXP TEODORO SATIVA,309,EM FRENTE AO Nº 309,DOIS UNIDOS,,SUBURBIO,CHOQUE VEÍCULO PARADO,COLISÃO S/VITIMAS ENTRE UM ONIBUS E UMA MOTO,,1,,,,1,,,,0,,Longo da via,Bom,Não existe,Não existente,Seca,Perfeito estado,Não existe,Não há placas,,Dupla,Não existe,,,,,,,,
2019-12-19,15:20:00,SEM VÍTIMA,FINALIZADA,TORRE,RUA JOSE BONIFACIO,961,,EM FRENTE AO ATACADO DOS PRESENTES,RUA JOSE BONIFACIO,961,EM FRENTE AO ATACADO DOS PRESENTES,TORRE,,CIDADE,COLISÃO TRASEIRA,COLISÃO C/VITIMA ENTRE DOIS AUTOS E UMA MOTO,2,,,,,,,,,0,,Longo da via,Bom,Não existe,Perfeito estado,Seca,Perfeito estado,Não existe,R-6a,,Única,Faixa seccionada,,,,,,,,
2019-12-19,15:36:00,SEM VÍTIMA,CANCELADA,SANTO AMARO,AV MARIO MELO,,AV CRUZ CABUGA,E/F AO ESTACIONAMENTO DA IGREJA UNIVERSAL,AV MARIO MELO,,E/F AO ESTACIONAMENTO DA IGREJA UNIVERSAL,SANTO AMARO,,,COLISÃO,COLISÇÃO SEM VITIMA,2,,,,,,,,,0,,,,,,,,,,,,,,,,,,,,
2019-12-19,15:38:00,SEM VÍTIMA,CANCELADA,BOA VIAGEM,AV FERNANDO SIMOES BARBOSA,,,E/F A BODYTEC,AV FERNANDO SIMOES BARBOSA,,E/F A BODYTEC,BOA VIAGEM,,,COLISÃO,AUTO PASSEIO X MOTO S/V,1,1,,,,,,,,0,,,,,,,,,,,,,,,,,,,,
2019-12-19,17:26:00,SEM VÍTIMA,FINALIZADA,BOA VIAGEM,AV DOM JOAO VI,,,COLÉGIO GGE,AV DOM JOAO VI,,COLÉGIO GGE,BOA VIAGEM,669,SUBURBIO,ABALROAMENTO LONGITUDINAL,COLISÃO SEM VITIMA,2,1,,,,,,,,0,,Longo da via,Bom,Sem defeito,Perfeito estado,Seca,Perfeito estado,Faixa de pedestre,Não há placas,50 km/h,Única,Faixa seccionada,,,,,,,,
2019-12-19,17:31:00,SEM VÍTIMA,FINALIZADA,IMBIRIBEIRA,RUA BARAO DE AGUA BRANCA,160,RUA DUQUE ESTRADA,,RUA BARAO DE AGUA BRANCA,160,,IMBIRIBEIRA,,CIDADE,ABALROAMENTO TRANSVERSAL,VEICULO CHOCOU EM AUTOS,5,,,,,,,,1,0,,Cruzamento,Bom,Não existe,Incompleta,Seca,Mal conservada,Não existe,Placas Pare,,Dupla,Não existe,,,,,,,,
2019-12-19,17:43:00,SEM VÍTIMA,FINALIZADA,BOA VIAGEM,AV DOM JOAO VI,,,EM FRENTE A MC DONALDS, LADO OPOSTO COLÉGIO MOTIVO,AV DOM JOAO VI,,EM FRENTE A MC DONALDS, LADO OPOSTO COLÉGIO MOTIVO,BOA VIAGEM,,CIDADE,COLISÃO TRASEIRA,COLISÃO SEM VITIMA,2,,,,,,,,,0,,Longo da via,Bom,Não existe,Perfeito estado,Seca,Perfeito estado,Não existe,Outras,,Dupla,Faixa seccionada,,,,,,
2019-12-19,18:23:00,COM VÍTIMA,FINALIZADA,SANTO ANTÔNIO,AV MARTINS DE BARROS,,,E/ F AO FORUM THOMAZ DE AQUINO,AV MARTINS DE BARROS,,E/ F AO FORUM THOMAZ DE AQUINO,SANTO ANTÔNIO,,CIDADE,ATROPELAMENTO,AUTO E PEDESTRE.,1,,,,1,,,,,1,,Longo da via,Bom,Não existe,Perfeito estado,Seca,Perfeito estado,Não existe,Outras,40 km/h,Única,Faixa seccionada,,,,,,,,
2019-12-19,19:07:00,SEM VÍTIMA,FINALIZADA,PARNAMIRIM,RUA SEBASTIAO MALTA ARCOVERDE,173,,EM FRENTE AO Nº 173,RUA SEBASTIAO MALTA ARCOVERDE,173,EM FRENTE AO Nº 173,PARNAMIRIM,,CIDADE,ABALROAMENTO LONGITUDINAL,ENTRE AUTO E CAMINHÃO. S/V,1,,,,,,1,,,0,,Longo da via,Bom,Não existe,Não existente,Seca,Perfeito estado,Não existe,Não há placas,,Única,Faixa seccionada,,,,,,,,
2019-12-19,19:14:00,SEM VÍTIMA,FINALIZADA,AFLITOS,RUA CARNEIRO VILELA,611,,IGREJA EPISCOPAL,RUA CARNEIRO VILELA,611,IGREJA EPISCOPAL,AFLITOS,,SUBURBIO,ABALROAMENTO LONGITUDINAL,COLISAO SEM VITIMAS,2,,,,,,0,,,0,,Longo da via,Bom,Não existe,Incompleta,Seca,Perfeito estado,Não existe,Não há placas,,Única,Não existe,,,,,,,,
2019-12-19,19:45:00,COM VÍTIMA,FINALIZADA,BOA VIAGEM,AV CONSELHEIRO AGUIAR,4510,RUA DES JOAO PAES,SUPERMERCADO EXTRA,AV CONSELHEIRO AGUIAR,4510,SUPERMERCADO EXTRA,BOA VIAGEM,241,CIDADE,COLISÃO TRASEIRA,ENTRE 2 AUTOS. S/V,2,,,,,,,,,,,Cruzamento,Bom,Sem defeito,Perfeito estado,Seca,Perfeito estado,Não existe,,,Única,Faixa seccionada,,,,,,,,
2019-12-19,21:18:00,SEM VÍTIMA,CANCELADA,AREIAS,AV DR JOSE RUFINO,2626,,E/F AO OLIMPIKUS HOTEL,AV DR JOSE RUFINO,2626,E/F AO OLIMPIKUS HOTEL,AREIAS,,,COLISÃO,ENTRE 2 AUTOS. S/V,2,,,,,,,,,0,,,,,,,,,,,,,,,,,,,,
2019-12-19,21:39:00,SEM VÍTIMA,FINALIZADA,BAIRRO DO RECIFE,PTE GIRATORIA,,,,PTE GIRATORIA,,,BAIRRO DO RECIFE,,SUBURBIO,ABALROAMENTO LONGITUDINAL,COLISAO SEM VITIMAS,2,,,,,,,,,0,,Longo da via,Bom,Não existe,Perfeito estado,Seca,Perfeito estado,Não existe,Outras,,Dupla,Faixa seccionada,Canteiro central,,,,,,,
2019-12-19,22:17:00,SEM VÍTIMA,FINALIZADA,CÓRREGO DO JENIPAPO,RUA ERUNDINA NEGREIROS DE ARAUJO,72,,,RUA ERUNDINA NEGREIROS DE ARAUJO,72,,CÓRREGO DO JENIPAPO,,SUBURBIO,ABALROAMENTO LONGITUDINAL,ENTRE AUTO E MOTO. S/V,1,1,,,,,,,,0,,Longo da via,Bom,Não existe,Não existente,Seca,Perfeito estado,Não existe,Não há placas,,Dupla,Não existe,,,,,,,,
2019-12-19,22:29:00,SEM VÍTIMA,FINALIZADA,IBURA,RUA JORNALISTA EDSON REGIS,442,,EM FRENTE A ANTIGA FABRICA DA FREVO,RUA JORNALISTA EDSON REGIS,442,EM FRENTE A ANTIGA FABRICA DA FREVO,IBURA,,SUBURBIO,COLISÃO TRASEIRA,ENTRE ÔNIBUS E AUTO PASSEIO. S/V,1,,,,,1,,,,0,,Longo da via,Bom,Não existe,Perfeito estado,Seca,Perfeito estado,Não existe,,30 km/h,Dupla,Não existe,,,,,,,,
2019-12-19,23:33:00,SEM VÍTIMA,CANCELADA,PINA,RUA ARQUITETO AUGUSTO REINALDO,,,ENTRE A BMW E JBS VEÍCULOS,RUA ARQUITETO AUGUSTO REINALDO,,ENTRE A BMW E JBS VEÍCULOS,PINA,,,COLISÃO,ENTRE 2 AUTOS. S/V,2,,,,,,,,,0,,,,,,,,,,,,,,,,,,,,
2019-12-20,06:13:00,COM VÍTIMA,FINALIZADA,SANTO AMARO,AV GOVERNADOR AGAMENON MAGALHAES,,RUA ODORICO MENDES,INSTITUTO DE CRIMINALÍSTICA,AV GOVERNADOR AGAMENON MAGALHAES,,INSTITUTO DE CRIMINALÍSTICA,SANTO AMARO,49,CIDADE,ABALROAMENTO TRANSVERSAL,COLISÃO COM VITIMA. UM CARRO E MOTO. GM NO LOCAL,1,1,,,,,,,,1,,Cruzamento,Bom,Sem defeito,Perfeito estado,Seca,Perfeito estado,Faixa de pedestre,Outras,60 km/h,Dupla,Faixa contínua,,,,,,,,
2019-12-20,07:45:00,COM VÍTIMA,FINALIZADA,BONGI,AV ENGENHEIRO ABDIAS DE CARVALHO,2082,,PROX. TROCAO DO ÓLEO,AV ENGENHEIRO ABDIAS DE CARVALHO,2082,PROX. TROCAO DO ÓLEO,BONGI,,SUBURBIO,COLISÃO TRASEIRA,COLISAO COM VITIMA.E UMA DAS PARTE FOI EMBORA. GM NO LOCAL.,,1,,,,,,,,1,,Longo da via,Bom,Não existe,Perfeito estado,Seca,Perfeito estado,Não existe,Outras,60 km/h,Dupla,Canteiro central,,,,,,,,
2019-12-20,07:47:00,SEM VÍTIMA,FINALIZADA,BOA VIAGEM,RUA RIBEIRO DE BRITO,1250,,HOTEL NACIONAL INN,RUA RIBEIRO DE BRITO,1250,HOTEL NACIONAL INN,BOA VIAGEM,,,COLISÃO TRASEIRA,COLISÃO SEM VITIMAS,2,,,,,,,,,0,,Longo da via,Bom,Não existe,Perfeito estado,Seca,Perfeito estado,Não existe,Não há placas,60 km/h,Única,Faixa seccionada,,,,,,,,
2019-12-20,08:14:00,SEM VÍTIMA,CANCELADA,MADALENA,RUA LOPES DE CARVALHO,328,,DEPOIS DE MARCOS FILMES,RUA LOPES DE CARVALHO,328,DEPOIS DE MARCOS FILMES,MADALENA,,,COLISÃO,COLISÃO S/VITIMA. DOIS VEICULOS,2,,,,,,,,,0,,,,,,,,,,,,,,,,,,,,
2019-12-20,08:23:00,SEM VÍTIMA,FINALIZADA,BOA VIAGEM,RUA JOAO CARDOSO AIRES,647,RUA ALMIRANTE BATISTA LEAO,,RUA JOAO CARDOSO AIRES,647,,BOA VIAGEM,,SUBURBIO,ABALROAMENTO LONGITUDINAL,COLISÃO S/VITIMAS ENTRE DOIS AUTOS,2,,,,,,,,,0,,Cruzamento,Bom,Não existe,Perfeito estado,Seca,Perfeito estado,Faixa de pedestre,Placas Pare,,Única,Faixa seccionada,,,,,,,,
2019-12-20,08:41:00,COM VÍTIMA,FINALIZADA,MADALENA,AV CAXANGA,975,RUA JOSE OSORIO,PROX: AVS,AV CAXANGA,975,PROX: AVS,MADALENA,,,ABALROAMENTO TRANSVERSAL,COLISAO COM VITIMA. UMA CAMINHONETE E UMA MOTO.,1,1,,,,,,,,1,,Longo da via,Bom,Não existe,Perfeito estado,Seca,Perfeito estado,Não existe,Não há placas,,Dupla,Faixa contínua,Faixa seccionada,,,,,,,
2019-12-20,08:52:00,COM VÍTIMA,FINALIZADA,CORDEIRO,AV CAXANGA,2414,,APOS O PARUQE DO CORDEIRO, SENT. CAMARAGIBE. EM FRENTE A AUTO FUTURA.,AV CAXANGA,2414,APOS O PARUQE DO CORDEIRO, SENT. CAMARAGIBE. EM FRENTE A AUTO FUTURA.,CORDEIRO,275,SUBURBIO,COLISÃO TRASEIRA,AUTO E MOTO NO LOCAL GM,1,1,,,,,,,,1,,Longo da via,Chuvoso,Sem defeito,Perfeito estado,Seca,Mal conservada,Faixa de pedestre,Outras,,Única,Faixa contínua,Canteiro central,,,,,
2019-12-20,09:19:00,SEM VÍTIMA,FINALIZADA,ESTÂNCIA,AV RECIFE,,,APÓS A ENTRADA DO MAKRO,AV RECIFE,,APÓS A ENTRADA DO MAKRO,ESTÂNCIA,,SUBURBIO,ABALROAMENTO LONGITUDINAL,COLISÃO SEM VITIMAS,2,,,,,,,,,0,,Longo da via,Bom,Sem defeito,Perfeito estado,Seca,Perfeito estado,Outros,Outras,60 km/h,Única,Canteiro central,,,,,,,,
2019-12-20,09:25:00,SEM VÍTIMA,FINALIZADA,BOA VIAGEM,RUA CAPITAO ZUZINHA,22,RUA VISCONDE DE JEQUITINHONHA,SOB O SEMÁFORO Nº 433,RUA CAPITAO ZUZINHA,22,SOB O SEMÁFORO Nº 433,BOA VIAGEM,433,,ABALROAMENTO LONGITUDINAL,COLISÃO ENTRE CAMINHÃO E AUTO PASSEIO,1,,,,,,1,,,0,,Cruzamento,Nublado,Sem defeito,Perfeito estado,Seca,Perfeito estado,Agente,Não há placas,,Única,Não existe,,,,,,,,
2019-12-20,09:38:00,SEM VÍTIMA,FINALIZADA,ARRUDA,RUA DO MACHADO,,RUA ZEFERINO AGRA,PRÓXIMO A PARÓQUIA SANTO ANTÔNIO,RUA DO MACHADO,,PRÓXIMO A PARÓQUIA SANTO ANTÔNIO,ARRUDA,,SUBURBIO,ABALROAMENTO LONGITUDINAL,AUTO E CAMINHÃO,1,,,,,,1,,,0,,Cruzamento,Bom,Não existe,Perfeito estado,Seca,Perfeito estado,Faixa de pedestre,Placas Pare,,Dupla,Faixa contínua,,,,,,,,
2019-12-20,09:51:00,SEM VÍTIMA,CANCELADA,CORDEIRO,EST DO FORTE DO ARRAIAL N. DO B. JESUS,1486,,APOS A IGREJA CATOLICA,EST DO FORTE DO ARRAIAL N. DO B. JESUS,1486,APOS A IGREJA CATOLICA,CORDEIRO,,,ENGAVETAMENTO,TRES AUTOS,3,,,,,,,,,0,,,,,,,,,,,,,,,,,,,,
2019-12-20,09:59:00,SEM VÍTIMA,FINALIZADA,CASA AMARELA,RUA CONS NABUCO,639 C,,,RUA CONS NABUCO,639 C,,CASA AMARELA,,,CHOQUE,COLISÃO S/VITIMAS ENTRE UM MICROONIBUS E UM AUTO,1,,,,,1,,,,0,,Longo da via,Bom,Não existe,Perfeito estado,Seca,Perfeito estado,Não existe,,30 km/h,Dupla,Não existe,,,,,,,,
2019-12-20,10:25:00,SEM VÍTIMA,FINALIZADA,MADALENA,AV VISCONDE DE ALBUQUERQUE,,,ESQUINA COM A RUA DR. ARTHUR GONÇALVES ( AO LADO DO HOSPITAL D' ÁVILA),AV VISCONDE DE ALBUQUERQUE,,ESQUINA COM A RUA DR. ARTHUR GONÇALVES ( AO LADO DO HOSPITAL D' ÁVILA),MADALENA,,,ABALROAMENTO LONGITUDINAL,COLISÃO SEM VITIMAS,2,,,,,,,,,0,,,Bom,Não existe,Perfeito estado,Seca,Perfeito estado,Não existe,Placas Pare,,Única,Faixa seccionada,,,,,,,,