data,hora,natureza_acidente,situacao,bairro,endereco,numero,detalhe_endereco_acidente,complemento,endereco_cruzamento,numero_cruzamento,referencia_cruzamento,bairro_cruzamento,num_semaforo,sentido_via,tipo,descricao,auto,moto,ciclom,ciclista,pedestre,onibus,caminhao,viatura,outros,vitimas,vitimasfatais,acidente_verificado,tempo_clima,situacao_semaforo,sinalizacao,condicao_via,conservacao_via,ponto_controle,situacao_placa,velocidade_max_via,mao_direcao,divisao_via1,divisao_via2,divisao_via3,,,,,,
2019-12-21,15:08:00,SEM VÍTIMA,FINALIZADA,COELHOS,RUA DOS COELHOS,441,,EM FRENTE AO IMIP,RUA DOS COELHOS,441,EM FRENTE AO IMIP,COELHOS,,SUBURBIO,ABALROAMENTO LONGITUDINAL,COLISÃO SEM VÍTIMA,1,,,,,1,,,,0,,Longo da via,Bom,Não existe,Perfeito estado,Seca,Perfeito estado,Não existe,R-6c,,Dupla,Faixa contínua,,,,,,,,
2019-12-21,15:33:00,COM VÍTIMA,FINALIZADA,TEJIPIÓ,AV DR JOSE RUFINO,,,EM CIMA DO VIADUTO DA AV DR JOSE RUFINO QUE CRUZA A BR 101,AV DR JOSE RUFINO,,EM CIMA DO VIADUTO DA AV DR JOSE RUFINO QUE CRUZA A BR 101,TEJIPIÓ,,SUBURBIO,ABALROAMENTO TRANSVERSAL,COLISÃO ENTRE ATO E MOTO C/V,1,1,,,,,,,,1,,Longo da via,Bom,Não existe,Perfeito estado,Seca,Perfeito estado,Não existe,Não há placas,,Dupla,Faixa seccionada,,,,,,,,
2019-12-21,15:45:00,COM VÍTIMA,FINALIZADA,JAQUEIRA,RUA DEPUTADO PEDRO PIRES FERREIRA,95,,EM FRENTE AO EDIFICIO STUDIO PARQUE PRINCE, AO LADO DO AÇAI NO PONTO,RUA DEPUTADO PEDRO PIRES FERREIRA,95,EM FRENTE AO EDIFICIO STUDIO PARQUE PRINCE, AO LADO DO AÇAI NO PONTO,JAQUEIRA,,SUBURBIO,COLISÃO COM CICLISTA,COLISÃO ENTRE AUTO E CICLISTA C/V. NO Q11857BOLETIM FÍSICO CONSTA COMO NATUREZA: COLISÃO TRASEIRA E NÃO HOUVE IDENTIFICAÇÃO DA VÍTIMA NEM DO OUTRO VEÍCULO ENVOLVIDO.,1,,,1,,,,,,1,,Longo da via,Bom,Não existe,Perfeito estado,Seca,Perfeito estado,Não existe,Não há placas,40 km/h,Dupla,Faixa seccionada,,,,,,
2019-12-21,16:18:00,SEM VÍTIMA,CANCELADA,GUABIRABA,EST DA MUMBECA,20,,PROX DA COMPORTA MÓVEIS PLANEJADOS, PROX DO SABOR DA CASA BOLO DE ROLO,EST DA MUMBECA,20,PROX DA COMPORTA MÓVEIS PLANEJADOS, PROX DO SABOR DA CASA BOLO DE ROLO,GUABIRABA,,,COLISÃO,COLISÃO ENTRE DOIS AUTOS S/V,2,,,,,,,,,0,,,,,,,,,,,,,,,,,,
2019-12-21,17:27:00,COM VÍTIMA,FINALIZADA,JIQUIÁ,AV JOAO CABRAL DE MELO NETO,271,,PROX DA PIZZARIA JARDIM DO ÉDEN,AV JOAO CABRAL DE MELO NETO,271,PROX DA PIZZARIA JARDIM DO ÉDEN,JIQUIÁ,,CIDADE,ATROPELAMENTO,ATROPELAMENTO ENVOLVENDO MOTO E PEDESTRE,,1,,,1,,,,,1,,Longo da via,Bom,Não existe,Perfeito estado,Seca,Perfeito estado,Não existe,,,Dupla,Canteiro central,,,,,,,,
2019-12-21,17:43:00,SEM VÍTIMA,CANCELADA,JARDIM SÃO PAULO,RUA LEOBINA PEREIRA,347,,RUA RESIDENCIAL,RUA LEOBINA PEREIRA,347,RUA RESIDENCIAL,JARDIM SÃO PAULO,,,COLISÃO,COLISÃO SEM VÍTIMA,2,,,,,,,,,0,,,,,,,,,,,,,,,,,,,,
2019-12-21,19:26:00,SEM VÍTIMA,FINALIZADA,CASA AMARELA,RUA PADRE LEMOS,391,AV PEDRO ALLAIN,,RUA PADRE LEMOS,391,,CASA AMARELA,,SUBURBIO,ABALROAMENTO TRANSVERSAL,COLISAO SEM VITIMAS,1,,,,,1,,,,0,,Cruzamento,Bom,Não existe,Incompleta,Seca,Perfeito estado,Faixa de pedestre,Outras,,Dupla,Não existe,,,,,,,,
2019-12-21,20:00:00,SEM VÍTIMA,FINALIZADA,IPSEP,RUA ADERBAL DE MELO,,RUA HELIO BRANDAO,,RUA ADERBAL DE MELO,,,IPSEP,,SUBURBIO,ABALROAMENTO TRANSVERSAL,ENTRE 3 AUTOS. S/V,3,,,,,,,,,0,,Cruzamento,Bom,Não existe,Perfeito estado,Seca,Perfeito estado,Não existe,Placas Pare,,Dupla,Não existe,,,,,,,,
2019-12-21,21:01:00,SEM VÍTIMA,FINALIZADA,ARRUDA,AV PROFESSOR JOSE DOS ANJOS,,RUA JERONIMO VILELA,,AV PROFESSOR JOSE DOS ANJOS,,,ARRUDA,642,,ABALROAMENTO LONGITUDINAL,COLISAO SEM VITIMAS,1,,,,,,1,,,0,,Cruzamento,Bom,Sem defeito,Perfeito estado,Seca,Perfeito estado,Faixa de pedestre,Outras,,Dupla,Não existe,,,,,,,,
2019-12-21,21:58:00,SEM VÍTIMA,FINALIZADA,MADALENA,AV BEIRA RIO,825,RUA DOM JOAO DE SOUZA,RESIDENCE RIVER TOWER,AV BEIRA RIO,825,RESIDENCE RIVER TOWER,MADALENA,,SUBURBIO,COLISÃO TRASEIRA,COLISAO SEM VITIMAS,3,,,,,,,,,0,,Longo da via,Bom,Não existe,Perfeito estado,Seca,Perfeito estado,Faixa de pedestre,Não há placas,40 km/h,Dupla,Faixa seccionada,,,,,,,,
2019-12-21,22:24:00,SEM VÍTIMA,FINALIZADA,BOA VIAGEM,AV ENGENHEIRO DOMINGOS FERREIRA,,RUA JOSE TRAJANO,,AV ENGENHEIRO DOMINGOS FERREIRA,,,BOA VIAGEM,,,ABALROAMENTO TRANSVERSAL,ENTRE 2 AUTOS. S/V,2,,,,,,,,,0,,,Bom,Não existe,Perfeito estado,Seca,Perfeito estado,,Outras,,Única,Faixa seccionada,Canteiro central,,,,,,,
2019-12-21,22:27:00,SEM VÍTIMA,CANCELADA,BOA VISTA,RUA DAS NINFAS,,,E/F A BOATE METROPOLE,RUA DAS NINFAS,,E/F A BOATE METROPOLE,BOA VISTA,,,COLISÃO,COLISAO SEM VITIMAS,2,,,,,,,,,0,,,,,,,,,,,,,,,,,,,,
2019-12-21,23:10:00,COM VÍTIMA,FINALIZADA,IMBIRIBEIRA,AV MARECHAL MASCARENHAS DE MORAES,,,E/F AO GERALDÃO,AV MARECHAL MASCARENHAS DE MORAES,,E/F AO GERALDÃO,IMBIRIBEIRA,,SUBURBIO,ABALROAMENTO LONGITUDINAL,ENTRE 2 AUTOS. C/V,2,,,,,,,,,2,,Longo da via,Bom,Não existe,Perfeito estado,Seca,Perfeito estado,Não existe,R-6a,60 km/h,Única,Faixa seccionada,,,,,,,,
2019-12-21,23:13:00,SEM VÍTIMA,FINALIZADA,SANTO AMARO,AV CRUZ CABUGA,,,EM FRENTE AO SEMÁFORO 344,AV CRUZ CABUGA,,EM FRENTE AO SEMÁFORO 344,SANTO AMARO,344,SUBURBIO,COLISÃO TRASEIRA,ENTRE ÕNIBUS E AUTO PASSEIO. S/V,1,,,,,1,,,,0,,Longo da via,Bom,Sem defeito,Perfeito estado,Seca,Perfeito estado,Não existe,Não há placas,,Dupla,Faixa contínua,,,,,,,,
2019-12-21,23:37:00,SEM VÍTIMA,FINALIZADA,SAN MARTIN,AV ENGENHEIRO ABDIAS DE CARVALHO,,AV GENERAL SAN MARTIN,,AV ENGENHEIRO ABDIAS DE CARVALHO,,,SAN MARTIN,58,,ABALROAMENTO TRANSVERSAL,ENTRE AUTO PASSEIO E VT DA POLICIA. S/V,2,,,,,,,,,0,,Cruzamento,Bom,Sem defeito,Perfeito estado,Seca,Perfeito estado,Faixa de pedestre,Outras,,Dupla,Faixa seccionada,Canteiro central,,,,,,,
2019-12-22,07:18:00,SEM VÍTIMA,FINALIZADA,,AV ARMINDO MOURA,,RUA VISCONDE DE JEQUITINHONHA,POSTO IPIRANGA,AV ARMINDO MOURA,,POSTO IPIRANGA,,258,SUBURBIO,ABALROAMENTO TRANSVERSAL,COLISAO S/ VITIMA. VEICULO E ONIBUS,1,,,,,1,,,,0,,Cruzamento,Bom,Sem defeito,Perfeito estado,Seca,Perfeito estado,Faixa de pedestre,Não há placas,,Única,Faixa contínua,,,,,,,,
2019-12-22,07:36:00,SEM VÍTIMA,FINALIZADA,PINA,RUA MANOEL DE BRITO,,,PRÓXIMO AO CRUZAMENTO COM AV. CONSUL JOSEPH NOUJAIM,RUA MANOEL DE BRITO,,PRÓXIMO AO CRUZAMENTO COM AV. CONSUL JOSEPH NOUJAIM,PINA,659,,ABALROAMENTO TRANSVERSAL,COLISÃO SEM VITIMAS,2,,,,,,,,,0,,Longo da via,Bom,Sem defeito,Perfeito estado,,Perfeito estado,Faixa de pedestre,Outras,60 km/h,Única,Faixa seccionada,,,,,,,,
2019-12-22,08:31:00,COM VÍTIMA,FINALIZADA,IPSEP,AV RECIFE,2586,RUA PINTOR ANTONIO ALBUQUERQUE,EM FRENTE AO POSTO SHELL,AV RECIFE,2586,EM FRENTE AO POSTO SHELL,IPSEP,55,,COLISÃO TRASEIRA,DUAS MOTOS,,2,,,,,,,,1,,Cruzamento,Bom,Sem defeito,Perfeito estado,Seca,Perfeito estado,Faixa de pedestre,Não há placas,,Dupla,Canteiro central,,,,,,,,
2019-12-22,11:09:00,COM VÍTIMA,FINALIZADA,COHAB,RUA VALE DO ITAJAI,115,,E/F AO DEPÓSITO DE BEBIBAS. BENTO CONSTRUÇÃO,RUA VALE DO ITAJAI,115,E/F AO DEPÓSITO DE BEBIBAS. BENTO CONSTRUÇÃO,COHAB,,SUBURBIO,ABALROAMENTO LONGITUDINAL,COLISÃO C/VITIMA ENTRE UMA MOTO E UM AUTO (CONDUTOR DO AUTO EVADIU-SE DO LOCAL). A EVASÃO NÃO É CONFIRMADA NA CONFERÊNCIA COM O BOLETIM FÍSICO, TAMBÉM NÃO É NEGADA. NO BOLETIM FÍSICO TAMBÉM CONSTAM APENAS DOIS VEÍCULOS, SENDO: PEM0873 E PCW0498.,2,1,,,,,,,,1,,Longo da via,Bom,Não existe,Ilegível,Seca,Perfeito estado,Não existe,R-19,,Dupla,Não existe,,,,,,
2019-12-22,11:51:00,SEM VÍTIMA,FINALIZADA,BOA VIAGEM,RUA MARQUES DE VALENCA,,RUA JOAO DIAS MARTINS,FRENTE A IGREJA NOSSA SENHORA DE FATIMA,RUA MARQUES DE VALENCA,,FRENTE A IGREJA NOSSA SENHORA DE FATIMA,BOA VIAGEM,,,ABALROAMENTO LONGITUDINAL,COLISAO S/ VITMA. VEICULO E MOTO,1,1,,,,,,,,0,,Cruzamento,Bom,Sem defeito,Perfeito estado,Seca,Perfeito estado,Não existe,Placas Pare,,Dupla,Não existe,,,,,,,,
2019-12-22,12:03:00,SEM VÍTIMA,FINALIZADA,ROSARINHO,RUA ANDRE REBOUCAS,45,AV NORTE,FRENTE AO EDIFÍCIO DAVID BECKER,RUA ANDRE REBOUCAS,45,FRENTE AO EDIFÍCIO DAVID BECKER,ROSARINHO,,CIDADE,ABALROAMENTO LONGITUDINAL,COLISÃO SEM VÍTIMA,2,,,,,,,,,0,,Longo da via,Bom,Não existe,Incompleta,Seca,,Não existe,Outras,,Dupla,Não existe,,,,,,,,
2019-12-22,12:25:00,SEM VÍTIMA,CANCELADA,IPSEP,AV RECIFE,1311,,EM FRENTE A BOSCH SERVICE/ SENTIDO AEROPORTO,AV RECIFE,1311,EM FRENTE A BOSCH SERVICE/ SENTIDO AEROPORTO,IPSEP,,,COLISÃO,COLISÃO SEM VÍTIMA,2,,,,,,,,,0,,,,,,,,,,,,,,,,,,,,
2019-12-22,14:17:00,SEM VÍTIMA,FINALIZADA,CORDEIRO,AV ENGENHEIRO ABDIAS DE CARVALHO,2930,,EM FRENTE AO Nº 2930 ( AO LADO DO CAMARÃO DO LÉO),AV ENGENHEIRO ABDIAS DE CARVALHO,2930,EM FRENTE AO Nº 2930 ( AO LADO DO CAMARÃO DO LÉO),CORDEIRO,,,CHOQUE VEÍCULO PARADO,COLISAO SEM VITIMAS,2,,,,,,,,,0,,Longo da via,Bom,Não existe,Perfeito estado,Seca,Perfeito estado,Não existe,Não há placas,,Dupla,Faixa seccionada,,,,,,,,
2019-12-22,15:52:00,COM VÍTIMA,FINALIZADA,PINA,AV HERCULANO BANDEIRA,399,AV ENGENHEIRO DOMINGOS FERREIRA,,AV HERCULANO BANDEIRA,399,,PINA,,SUBURBIO,ATROPELAMENTO,SEGUNDO O INSP O VEÍCULO SE EVADIU DO LOCAL - SEM IDENTIFICAÇÃO,1,,,,1,,,,,1,,Longo da via,Bom,Não existe,Perfeito estado,Seca,Perfeito estado,Não existe,Não há placas,,Única,Faixa contínua,,,,,,,,
2019-12-22,16:14:00,COM VÍTIMA,FINALIZADA,TAMARINEIRA,EST DO ARRAIAL,,RUA CONEGO BARATA,EM FRENTE A CASAS JOSE ARAUJO,EST DO ARRAIAL,,EM FRENTE A CASAS JOSE ARAUJO,TAMARINEIRA,61,ÁGUA FRIA,COLISÃO TRASEIRA,COLISÃO COM VÍTIMA,2,,,,,,,,,1,,Cruzamento,Bom,Sem defeito,Perfeito estado,Seca,Outros,Faixa de pedestre,Outras,,Única,Faixa seccionada,Canteiro central,,,,,,,
2019-12-22,17:16:00,COM VÍTIMA,FINALIZADA,IBURA,AV ENGENHO SERRA VERDE,660,RUA ENGENHO BOM DESTINO,PROX A PADARIA MARAJO E IDEAL RAÇÕES.,AV ENGENHO SERRA VERDE,660,PROX A PADARIA MARAJO E IDEAL RAÇÕES.,IBURA,,SUBURBIO,ABALROAMENTO LONGITUDINAL,COLISAO COM VITIMAS,1,1,,,,,,,,1,,Cruzamento,Bom,Não existe,Não existente,Seca,Perfeito estado,Não existe,Não há placas,,Única,Não existe,,,,,,,,
2019-12-22,18:16:00,SEM VÍTIMA,FINALIZADA,ÁGUA FRIA,RUA LADEIRA DE PEDRA,185,,BARBEARIA ADILIO,RUA LADEIRA DE PEDRA,185,BARBEARIA ADILIO,ÁGUA FRIA,,SUBURBIO,ABALROAMENTO LONGITUDINAL,COLISAO SEM VITIMAS,2,,,,,,,,,0,,Longo da via,Bom,Não existe,Não existente,Seca,Perfeito estado,Não existe,Não há placas,,Única,Não existe,,,,,,,,
2019-12-22,18:44:00,COM VÍTIMA,FINALIZADA,AREIAS,AV RECIFE,,,E/F AO BIG BROMPREÇO E BLOCO 3968, MÓDULO 1 DO CONJUNTO IGNÊS ANDREAZZA.,AV RECIFE,,E/F AO BIG BROMPREÇO E BLOCO 3968, MÓDULO 1 DO CONJUNTO IGNÊS ANDREAZZA.,AREIAS,,BR101,COLISÃO TRASEIRA,DOIS AUTOS.,2,,,,,,,,,1,,Longo da via,Bom,Sem defeito,Perfeito estado,Seca,Perfeito estado,,,60 km/h,Dupla,Canteiro central,,,,,,
2019-12-22,18:46:00,SEM VÍTIMA,FINALIZADA,BOA VIAGEM,AV FERNANDO SIMOES BARBOSA,,RUA BRUNO VELOSO,EM FRENTE AO POSTO BR / OPOSTO A R2,AV FERNANDO SIMOES BARBOSA,,EM FRENTE AO POSTO BR / OPOSTO A R2,BOA VIAGEM,335,SUBURBIO,ABALROAMENTO TRANSVERSAL,ENTRE DOIS AUTOS S/V,2,,,,,,,,,0,,Longo da via,Bom,Sem defeito,Perfeito estado,Seca,Perfeito estado,,Não há placas,,Única,Faixa contínua,,,,,,,,
2019-12-22,18:54:00,SEM VÍTIMA,CANCELADA,BOA VIAGEM,RUA VISCONDE DE JEQUITINHONHA,850,,APOIS O POSTO SHEEL,RUA VISCONDE DE JEQUITINHONHA,850,APOIS O POSTO SHEEL,BOA VIAGEM,,,COLISÃO,COLISAO SEM VITIMAS,1,1,,,,,,,,0,,,,,,,,,,,,,,,,,,,,
2019-12-22,19:38:00,SEM VÍTIMA,DUPLICIDADE,BOA VIAGEM,RUA BRUNO VELOSO,,AV FERNANDO SIMOES BARBOSA,NO CRUZAMENTO MESMO,RUA BRUNO VELOSO,,NO CRUZAMENTO MESMO,BOA VIAGEM,335,,COLISÃO,COLISAO SEM VITIMAS,2,,,,,,,,,0,,,,,,,,,,,,,,,,,,,,
2019-12-22,19:39:00,SEM VÍTIMA,FINALIZADA,SANTO AMARO,AV GOVERNADOR AGAMENON MAGALHAES,,,DESCIDA DO VIADURO JOÃO DE BARROS EM FRENTE A ACADEMIA DA CIDADE,AV GOVERNADOR AGAMENON MAGALHAES,,DESCIDA DO VIADURO JOÃO DE BARROS EM FRENTE A ACADEMIA DA CIDADE,SANTO AMARO,,,COLISÃO TRASEIRA,ENTRE DOIS AUTOS S/V,2,,,,,,,,,0,,Viaduto,Bom,Não existe,Perfeito estado,Seca,Perfeito estado,Não existe,Não há placas,,Única,Faixa contínua,Canteiro central,,,,,,,
2019-12-22,20:10:00,SEM VÍTIMA,FINALIZADA,AFLITOS,AV CONS ROSA E SILVA,1305,,PARLA DELI,AV CONS ROSA E SILVA,1305,PARLA DELI,AFLITOS,47,SUBURBIO,COLISÃO TRASEIRA,ONIBUS X MOTO X AUTO PASSEIO S/V,1,1,,,,1,,,,0,,Longo da via,Bom,Sem defeito,Perfeito estado,Seca,Perfeito estado,Faixa de pedestre,R-6a,60 km/h,Única,Faixa seccionada,,,,,,,,
2019-12-22,21:14:00,COM VÍTIMA,FINALIZADA,PRADO,RUA GERVASIO CAMPELO,136,RUA SANTA EDWIRGES,POR TRAS DO HABIBS,RUA GERVASIO CAMPELO,136,POR TRAS DO HABIBS,PRADO,,CIDADE,ABALROAMENTO TRANSVERSAL,COLISAO COM VITIMAS,1,1,,,,,,,,1,,Cruzamento,Bom,Não existe,Perfeito estado,Seca,Perfeito estado,Faixa de pedestre,Outras,,Única,Faixa seccionada,,,,,,,,
2019-12-22,22:36:00,SEM VÍTIMA,FINALIZADA,TORRE,RUA CONDE DE IRAJA,,RUA JOSE BONIFACIO,PADARIA NOVA ARMADA,RUA CONDE DE IRAJA,,PADARIA NOVA ARMADA,TORRE,191,SUBURBIO,ABALROAMENTO TRANSVERSAL,COLISAO SEM VITIMAS,2,,,,,,,,,0,,Cruzamento,Bom,Sem defeito,Perfeito estado,Seca,Perfeito estado,Faixa de pedestre,Não há placas,,Única,Faixa contínua,,,,,,,,
2019-12-22,23:32:00,SEM VÍTIMA,FINALIZADA,TAMARINEIRA,RUA PADRE ROMA,,RUA GILDO NETO,EM FRENTE A COMEDORIA DA PIZZA,RUA PADRE ROMA,,EM FRENTE A COMEDORIA DA PIZZA,TAMARINEIRA,61,SUBURBIO,COLISÃO TRASEIRA,ENTRE DOIS AUTOS S/V,2,,,,,,,,,0,,Longo da via,Bom,Sem defeito,Perfeito estado,Seca,Perfeito estado,,Não há placas,,Única,Faixa seccionada,,,,,,,,
2019-12-23,00:17:00,COM VÍTIMA,FINALIZADA,AFOGADOS,RUA PROFESSOR AUGUSTO WANDERLEY FILHO,,RUA MOTOCOLOMBO,EM FRENTE A JUCA MÓVEIS,RUA PROFESSOR AUGUSTO WANDERLEY FILHO,,EM FRENTE A JUCA MÓVEIS,AFOGADOS,39,SUBURBIO,COLISÃO FRONTAL,COLISÃO ENTRE AUTO E MOTO C/V,1,1,,,,,,,,1,,Cruzamento,Bom,Sem defeito,Perfeito estado,Seca,Perfeito estado,Faixa de pedestre,,,Única,Faixa seccionada,,,,,,,,
2019-12-23,06:14:00,SEM VÍTIMA,FINALIZADA,CORDEIRO,AV INACIO MONTEIRO,,RUA RIO JIQUIA,AO LADO DA ACADEMIA GYM FIT,AV INACIO MONTEIRO,,AO LADO DA ACADEMIA GYM FIT,CORDEIRO,,SUBURBIO,ABALROAMENTO TRANSVERSAL,DOIS AUTOS,2,,,,,,,,,0,,Cruzamento,Bom,Não existe,Incompleta,Seca,Perfeito estado,Não existe,R-1,,Dupla,Faixa contínua,,,,,,,,
2019-12-23,06:38:00,SEM VÍTIMA,FINALIZADA,APIPUCOS,RUA DE APIPUCOS,316,,,RUA DE APIPUCOS,316,,APIPUCOS,,CIDADE,ABALROAMENTO LONGITUDINAL,SEM VITIMAS,1,,,,,,1,,,0,,Longo da via,Bom,Não existe,Perfeito estado,Seca,Perfeito estado,Outros,Outras,,Dupla,Faixa seccionada,,,,,,,,
2019-12-23,07:02:00,SEM VÍTIMA,FINALIZADA,IMBIRIBEIRA,AV MARECHAL MASCARENHAS DE MORAES,,RUA ITALIA,ASSAÍ ATACADISTA,AV MARECHAL MASCARENHAS DE MORAES,,ASSAÍ ATACADISTA,IMBIRIBEIRA,,SUBURBIO,ABALROAMENTO TRANSVERSAL,ONIBUS E CAMINHÃO,,,,,,1,1,,,0,,Longo da via,Bom,Não existe,Perfeito estado,Seca,Perfeito estado,,Não há placas,60 km/h,Dupla,Faixa seccionada,,,,,,,,
2019-12-23,07:18:00,SEM VÍTIMA,FINALIZADA,PINA,AV HERCULANO BANDEIRA,160,RUA CAPITAO REBELINHO,EM FRENTE AO NÚMERO 160,AV HERCULANO BANDEIRA,160,EM FRENTE AO NÚMERO 160,PINA,,SUBURBIO,ABALROAMENTO LONGITUDINAL,COLISÃO SEM VITIMAS,1,,,,,,1,,,0,,Longo da via,Bom,Não existe,Não existente,Seca,Perfeito estado,Não existe,,,Única,Não existe,,,,,,,,
2019-12-23,07:33:00,COM VÍTIMA,FINALIZADA,ARRUDA,RUA ZEFERINO AGRA,364,RUA BOM CONSELHO,EM FRENTE A PADARIA BOA ESPERANÇA,RUA ZEFERINO AGRA,364,EM FRENTE A PADARIA BOA ESPERANÇA,ARRUDA,,SUBURBIO,ABALROAMENTO LONGITUDINAL,COLISÃO ENVOLVENDO DUAS MOTOS,,2,,,,,,,,1,,Cruzamento,Bom,Não existe,Perfeito estado,Seca,Perfeito estado,Não existe,Outras,,Dupla,Faixa seccionada,,,,,,,,
2019-12-23,07:52:00,SEM VÍTIMA,FINALIZADA,BAIRRO DO RECIFE,AV GOVERNADOR AGAMENON MAGALHAES,73,RUA DR LUIS BARBALHO UCHOA CAVALCANTI,,AV GOVERNADOR AGAMENON MAGALHAES,73,,BAIRRO DO RECIFE,,,ABALROAMENTO TRANSVERSAL,SEM VITIMAS,1,,,,,,1,,,0,,Longo da via,Bom,Não existe,Não existente,Seca,Perfeito estado,Não existe,Não há placas,,Dupla,Não existe,,,,,,,,
2019-12-23,08:05:00,COM VÍTIMA,FINALIZADA,IMBIRIBEIRA,AV MARECHAL MASCARENHAS DE MORAES,,,LADO OPOSTO A ANAC,AV MARECHAL MASCARENHAS DE MORAES,,LADO OPOSTO A ANAC,IMBIRIBEIRA,625,SUBURBIO,COLISÃO TRASEIRA,AUTO E MOTO.,1,1,,,,,,,,1,,Longo da via,Bom,Sem defeito,Perfeito estado,Seca,Perfeito estado,Faixa de pedestre,Outras,60 km/h,Dupla,Canteiro central,,,,,,,,
2019-12-23,08:10:00,COM VÍTIMA,FINALIZADA,BOA VIAGEM,RUA VISCONDE DE JEQUITINHONHA,,AV ARMINDO MOURA,EM FRENTE AO LAVA JATO DAS MENINA/PISTA LESTE,RUA VISCONDE DE JEQUITINHONHA,,EM FRENTE AO LAVA JATO DAS MENINA/PISTA LESTE,BOA VIAGEM,258,SUBURBIO,ABALROAMENTO TRANSVERSAL,AUTO E MOTO.,1,1,,,,,,,,1,,Cruzamento,Bom,Sem defeito,Perfeito estado,Seca,Perfeito estado,Faixa de pedestre,Não há placas,,Dupla,Faixa contínua,,,,,,,,
2019-12-23,09:07:00,SEM VÍTIMA,FINALIZADA,DERBY,AV GOVERNADOR AGAMENON MAGALHAES,,PRC DO DERBY,SOB O SEMÁFORO 075,AV GOVERNADOR AGAMENON MAGALHAES,,SOB O SEMÁFORO 075,DERBY,75,,COLISÃO FRONTAL,SEM VITIMAS,1,1,,,,,,,,0,,Cruzamento,Bom,Sem defeito,Perfeito estado,Seca,Perfeito estado,Faixa de pedestre,Não há placas,60 km/h,Dupla,Canteiro central,,,,,,,,
2019-12-23,09:46:00,SEM VÍTIMA,CANCELADA,BONGI,AV ENGENHEIRO ABDIAS DE CARVALHO,,RUA CARLOS GOMES,EM FRENTE A FARMACIA PAGUE MENOS,AV ENGENHEIRO ABDIAS DE CARVALHO,,EM FRENTE A FARMACIA PAGUE MENOS,BONGI,,,COLISÃO,COLISÃO SEM VITIMAS,2,,,,,,,,,0,,,,,,,,,,,,,,,,,,,,
2019-12-23,09:56:00,SEM VÍTIMA,FINALIZADA,PRADO,AV CAXANGA,,,AO LADO DO COMPAZ DA CAXANGÁ,AV CAXANGA,,AO LADO DO COMPAZ DA CAXANGÁ,PRADO,,CIDADE,ABALROAMENTO LONGITUDINAL,COLISÃO S/VITIMAS ENTRE DOIS AUTOS,2,,,,,,,,,0,,Longo da via,Bom,Sem defeito,Perfeito estado,Seca,Perfeito estado,Outros,Outras,60 km/h,Única,Faixa contínua,,,,,,,,
2019-12-23,10:43:00,SEM VÍTIMA,CANCELADA,BOA VIAGEM,AV CONSELHEIRO AGUIAR,877,,EM FRENTE AO EDF PORTAL DE BOA VIAGEM,AV CONSELHEIRO AGUIAR,877,EM FRENTE AO EDF PORTAL DE BOA VIAGEM,BOA VIAGEM,,,COLISÃO,SEM VITIMAS,2,,,,,,,,,0,,,,,,,,,,,,,,,,,,,,
2019-12-23,11:12:00,SEM VÍTIMA,FINALIZADA,VÁRZEA,RUA ABATIA,255,,,RUA ABATIA,255,,VÁRZEA,,,COLISÃO TRASEIRA,COLISÃO S/VITIMAS ENTRE UM CAMINHÃO E UM AUTO,1,,,,,,1,,,0,,Longo da via,Bom,Não existe,Perfeito estado,Seca,Perfeito estado,Não existe,Não há placas,,Dupla,Não existe,,,,,,,,
2019-12-23,11:31:00,SEM VÍTIMA,FINALIZADA,,AV CONSELHEIRO AGUIAR,,,SOB O SEMÁFORO,AV CONSELHEIRO AGUIAR,,SOB O SEMÁFORO,,146,CIDADE,COLISÃO TRASEIRA,COLISÃO S/VITIMAS ENTRE UM ONIBUS E DOIS AUTOS,2,,,,,1,,,,0,,Longo da via,Bom,Sem defeito,Perfeito estado,Seca,Perfeito estado,,R-6a,,Única,Faixa seccionada,,,,,,,,
2019-12-23,11:55:00,COM VÍTIMA,CANCELADA,CAMPO GRANDE,RUA ODORICO MENDES,379,RUA PEDRO CELSO,EM FRENTE A MARMOARIA CRISTAL PEDRA,RUA ODORICO MENDES,379,EM FRENTE A MARMOARIA CRISTAL PEDRA,CAMPO GRANDE,357,,COLISÃO,COM UMA VITIMA AGUARDANDO SAMU,1,1,,,,,,,,1,,,,,,,,,,,,,,,,,,,,
2019-12-23,11:59:00,COM VÍTIMA,FINALIZADA,CASA AMARELA,RUA BELA VISTA,152,RUA OSCAR PINTO,EM FRENTE A BELA VISTA PADARIA E PASTELARIA,RUA BELA VISTA,152,EM FRENTE A BELA VISTA PADARIA E PASTELARIA,CASA AMARELA,,,ABALROAMENTO TRANSVERSAL,COLISÃO COM VÍTIMA,2,,,,,,,,,2,,Cruzamento,Bom,Não existe,Não existente,Seca,Perfeito estado,Não existe,Não há placas,40 km/h,Dupla,Não existe,,,,,,,,
2019-12-23,12:04:00,SEM VÍTIMA,FINALIZADA,BOA VIAGEM,RUA RIBEIRO DE BRITO,1326,RUA AMALIA BERNARDINO DE SOUZA,,RUA RIBEIRO DE BRITO,1326,,BOA VIAGEM,,CIDADE,ABALROAMENTO TRANSVERSAL,COLISÃO SEM VÍTIMA,1,1,,,,,,,,0,,Cruzamento,Bom,Não existe,Perfeito estado,Seca,Perfeito estado,Não existe,Outras,,Única,Faixa seccionada,,,,,,,,